address	unit	current_name	proposed	source	ref_file	ref_line	ref_signature	our_signature	codes	confidence	score	margin	gap	round
80005884	LLMem_Gc	fn_80005884	Mem_move	TW07 PS3	LLMem_PS3.c	33	void* Mem_move(void* dst, const void* src, size_t n)	void*(void* pDst, const void* pSrc, u32 uLen)	E2b,sig,size!,pos=one	C	2.25	0.25	3:3	
80005AE8	LLMem_Gc	fn_80005AE8	Mem_set	TW07 PS3	LLMem_PS3.c	50	void* Mem_set(void* s, int c, size_t n)	void*(void* pDst, int nValue, u32 uLen)	E2b,sig,size~,pos=one	C	4.75	0.00	3:3	
80005C90	LLFileIO_Gc	fn_80005C90	LLFileIO_Printf	TW07 PS3	LLRealFileIO.cpp	57	void LLFileIO_Printf(const char* txt)	void(FileReq* pReq)	E2b,sig,size~,pos=one,weak	C	3.25	2.75	4:3	
80005EC0	LLFileIO_Gc	fn_80005EC0	File_InitOnce	TW07 PS3	LLRealFileIO.cpp	265	int32 File_InitOnce()	int()	E2b,sig,size,pos=one	B	3.50	3.00	9:13	1
8000633C	LLFileIO_Gc	fn_8000633C	File_Close	TW07 PS3	LLRealFileIO.cpp	500	int32 File_Close(int32 fileID)	int(int hFile)	E2b,sig,size?,E1,pos=one	A	10.25	3.00	9:13	1
80006444	LLFileIO_Gc	fn_80006444	File_ReadAsync	TW07 PS3	LLRealFileIO.cpp	745	int32 File_ReadAsync(int32 fileID, char* destAdr, uint32 bytesToRead, uint32 offsetFromStart, CallbackPtr callbackFuncPtr)	int(int hFile, void* pDst, u32 uLen, u32 uOffset, void (*pfnDone)(int nBytes, int nError))	E2b,sig,size!,pos=both	C	3.00	3.00	1:5	
800065B0	LLFileIO_Gc	fn_800065B0	File_ClosePCFileForWrite	TW07 PS3	LLRealFileIO.cpp	863	int32 File_ClosePCFileForWrite(int32 fileID)	u32(int hFile)	E2b,sig,size!,pos=one	C	0.75	0.75	2:18	
800065C8	LLFileIO_Gc	fn_800065C8	File_WriteToOpenedPCFile	TW07 PS3	LLRealFileIO.cpp	868	int32 File_WriteToOpenedPCFile(int32 fileID, void* dataPtr, int32 dataSize)	void*(const char* szPath, u32* puSize, int nAlign)	E2b,sig~,size,pos=one	C	2.25	1.00	2:18	
800082F8	unsorted/code_800082F8	fn_800082F8	Physics_BallIsStopped	TW07 PS3	Physics.c	841	bool Physics_BallIsStopped(struct PhysicsBall_t* pBall)	Sphere*(RenderObj* obj)	E2b,sig,size~,pos=none	C	2.50	0.00	16:91	
80008320	unsorted/code_800082F8	fn_80008320	Physics_SetRoughLength	TW07 PS3	Physics.c	5515	void Physics_SetRoughLength(float value)	float(Camera* cam)	E2b,sig~,size~,pos=none	C	0.50	0.00	16:91	
80008328	unsorted/code_800082F8	fn_80008328	Physics_SetTreeDensity	TW07 PS3	Physics.c	5566	void Physics_SetTreeDensity(float whatValue)	float(Camera* cam)	E2b,sig~,size~,pos=none,dup	C	0.50	0.00	16:91	
80008330	unsorted/code_800082F8	fn_80008330	Physics_SetSandSpeed	TW07 PS3	Physics.c	5602	void Physics_SetSandSpeed(float whatValue)	float(Camera* cam)	E2b,sig~,size~,pos=none	C	0.50	0.00	16:91	
80008370	unsorted/code_800082F8	fn_80008370	CameraScript_GetSmoothTimeParam	TW07 PS3	GoCamScripts.c	110	float CameraScript_GetSmoothTimeParam(struct CameraScriptSettings_t* settings)	CamLens*(Camera* cam)	E2b,sig,inl-only,nbr,pos=none	C	2.75	0.50	16:24	
80008378	unsorted/code_800082F8	fn_80008378	GolfCamera_ResetFECamera	TW07 PS3	GoGolfCam.c	9904	void GolfCamera_ResetFECamera(CameraController_t* pCameraController)	int(CamLens* sub)	E2b,sig,size,pos=none	C	2.75	0.00	16:69	
80008380	unsorted/code_800082F8	fn_80008380	Physics_InitOnce	TW07 PS3	Physics.c	5648	void Physics_InitOnce()	void()	E2b,sig,size?,pos=none	C	1.50	1.00	16:91	
800083A0	unsorted/code_800082F8	fn_800083A0	Physics_CloseModule	TW07 PS3	Physics.c	5904	void Physics_CloseModule()	void()	E2b,sig,size~,pos=none	C	2.50	1.50	16:91	
800083A4	GoEntry	fn_800083A4	GameState_RegisterGameStates	TW07 PS3	GOentry.c	120	void GameState::RegisterGameStates(this)	void()	E2b,sig,size?,pos=both,weak	C	1.50	1.50	4:26	
80008820	GoEntry	fn_80008820	GameState_GetState	TW07 PS3	GOentry.c	179	enum GAME_MODE_e GameState::GetState(this)	u8()	E2b,sig,size,pos=both	C	3.50	0.50	4:26	
8000882C	GoEntry	fn_8000882C	GameState_Reset	TW07 PS3	GOentry.c	1160	void GameState::Reset(struct GameState* pGState)	void()	E2b,sig!,size,pos=both	C	0.50	0.00	4:26	
8000977C	StaticMemory	fn_8000977C	StaticCam_RegisterStreamClients	TW07 PS3	GoStaticCam.c	81	void StaticCam_RegisterStreamClients()	void()	E2b,sig,size~,pos=none,dup	C	2.50	1.00	18:25	
800097CC	StaticMemory	fn_800097CC	TSkeletonState_Init	TW07 PS3	skeleton_shared.c	1282	void TSkeletonState::Init(this)	void()	E2b,sig,size,pos=none	C	3.50	0.25	18:12	
8000989C	StaticMemory	fn_8000989C	DynamicCam_ParseNextSeqs	TW07 PS3	GoDynamicCam.c	1415	void DynamicCam_ParseNextSeqs()	void()	E2b,sig,size,pos=none	C	3.50	0.25	18:53	
8000991C	StaticMemory	fn_8000991C	DynamicCam_ParseCameraNames	TW07 PS3	GoDynamicCam.c	1497	void DynamicCam_ParseCameraNames(int size)	int(int nSize)	E2b,sig,size,pos=none	C	2.75	0.25	18:53	
800099BC	StaticMemory	fn_800099BC	DynamicCam_GetNextScript	TW07 PS3	GoDynamicCam.c	2096	CameraChainLink* DynamicCam_GetNextScript(CameraChainLink* link)	int(int nSize)	E2b,sig~,size,pos=none	C	2.25	0.25	18:53	
80009A60	StaticMemory	fn_80009A60	StaticCam_ChooseClubHouseDestination	TW07 PS3	GoStaticCam.c	1153	CameraChainLink* StaticCam_ChooseClubHouseDestination(enum StaticCam_EventType_e currentEvent)	int(int nSize)	E2b,sig,size~,pos=none	C	2.50	0.75	18:25	
80009E04	StaticMemory	fn_80009E04	DynamicCam_GetScriptNum	TW07 PS3	GoDynamicCam.c	2172	int32 DynamicCam_GetScriptNum(CameraChainLink* link)	int(s32 nAddr)	E2b,sig~,size,pos=none	C	3.00	0.25	18:53	
80009E70	StaticMemory	fn_80009E70	StaticCam_OverrideValues	TW07 PS3	GoStaticCam.c	1893	void StaticCam_OverrideValues(int i)	void(void* p)	E2b,sig~,inl-only,nbr,pos=none	C	3.00	0.00	18:25	
8000A0B4	StaticMemory	fn_8000A0B4	DynamicCam_GetNumberOfScripts	TW07 PS3	GoDynamicCam.c	2185	int32 DynamicCam_GetNumberOfScripts()	s32()	E2b,sig,size?,pos=none	C	1.50	0.50	18:53	
8000A0E0	StaticMemory	fn_8000A0E0	DynamicCam_GetNumberOfSequences	TW07 PS3	GoDynamicCam.c	2190	int32 DynamicCam_GetNumberOfSequences()	s32()	E2b,sig,size?,pos=none	C	1.50	0.50	18:53	
8000B46C	ObjList	fn_8000B46C	DynObj_CloseModule	TW07 PS3	GoDynObj.c	221	void DynObj_CloseModule()	void()	E2b,sig,size,pos=none	C	3.50	3.50	12:44	
8000B4B0	ObjList	fn_8000B4B0	GolfBall_LoadGeom	TW07 PS3	GoDynObj.c	290	void GolfBall_LoadGeom(TStreamDataPtr pStream)	void(int nEnd)	E2b,sig,inl-only,pos=none	C	2.25	0.25	12:44	
8000B4B8	ObjList	fn_8000B4B8	DynObj_SetActiveFlagActor	TW07 PS3	GoDynObj.c	443	void DynObj_SetActiveFlagActor(struct GenericActor* pFlagActor)	void(UStreamObject* pObject)	E2b,sig,size,pos=none	C	4.25	0.25	12:44	
8000B508	ObjList	fn_8000B508	DynObj_IsTeeAlive	TW07 PS3	GoDynObj.c	1676	bool DynObj_IsTeeAlive(enum PlayerNumber_t PlayerID)	u8(UStreamObject* pObject)	E2b,sig~,size,pos=none	C	3.00	0.00	12:44	
8000B54C	ObjList	fn_8000B54C	Stream_RegisterGlobalChunkChecker	TW07 PS3	UStream.c	696	void Stream_RegisterGlobalChunkChecker(LoadChunkCheckCallbackPtr chunkCheckCallback, LoadChunkDataCallbackPtr dataCallbackPtr)	u8(u32 uType, u32 uId)	E2b,sig,size?,pos=none,dup	C	1.50	0.25	12:36	
8000B588	ObjList	fn_8000B588	Stream_OpenFileForStreaming	TW07 PS3	UStream.c	1719	void Stream_OpenFileForStreaming(StrmCB* gs)	void(UStreamObject* pObject)	E2b,sig,size~,pos=none,dup	C	3.25	0.25	12:36	
8000B63C	ObjList	fn_8000B63C	DynObj_InitBallForFE	TW07 PS3	GoDynObj.c	1912	void DynObj_InitBallForFE()	void()	E2b,sig,size,pos=none	C	3.50	0.00	12:44	
8000B68C	ObjList	fn_8000B68C	DynObj_SetPinDisplay	TW07 PS3	GoDynObj.c	1924	void DynObj_SetPinDisplay(bool display)	void(int nEnd)	E2b,sig,size?,pos=none	C	2.25	0.00	12:44	
8000B70C	ObjList	fn_8000B70C	Stream_LoadResource	TW07 PS3	UStream.c	2260	bool Stream_LoadResource(uint32 offset, uint32 size)	UStreamObject*(u32 uType, u32 uId)	E2b,sig,size!,pos=none	C	0.75	0.50	12:36	
8000B830	ObjList	fn_8000B830	Stream_ClearFileCallbacks	TW07 PS3	UStream.c	2847	void Stream_ClearFileCallbacks(struct StreamFileList* streamFileList)	void(UStreamObject* pObject)	E2b,sig,size?,pos=none,dup	C	2.25	0.50	12:36	
8000B884	LoadData	fn_8000B884	Gaud_AmbianceCompressorEndClamp	TW07 PS3	GameAudio.c	1134	void Gaud_AmbianceCompressorEndClamp()	void()	E2b,sig,size~,pos=none,dup	C	2.50	0.50	15:197	
8000B8F4	LoadData	fn_8000B8F4	Gaud_MusicVolumeResetAmbianceCompressorClamp	TW07 PS3	GameAudio.c	1150	void Gaud_MusicVolumeResetAmbianceCompressorClamp()	void()	E2b,sig,size,pos=none	C	3.50	1.00	15:197	
8000B984	LoadData	fn_8000B984	ExitCrowdBuildup	TW07 PS3	GameAudio.c	1370	void ExitCrowdBuildup()	void()	E2b,sig,size,pos=none	C	3.50	1.00	15:197	
8000B9E4	LoadData	fn_8000B9E4	Gaud_ExitFE	TW07 PS3	GameAudio.c	2467	void Gaud_ExitFE()	void()	E2b,sig,size,pos=none	C	3.50	1.00	15:197	
8000BA14	LoadData	fn_8000BA14	Gaud_EndHole	TW07 PS3	GameAudio.c	3126	void Gaud_EndHole()	void()	E2b,sig,size,pos=none	C	3.50	1.00	15:197	
8000BA3C	LoadData	fn_8000BA3C	Gaud_KillFlagSound	TW07 PS3	GameAudio.c	3133	void Gaud_KillFlagSound()	void()	E2b,sig,size,pos=none	C	3.50	1.00	15:197	
8000BA6C	LoadData	fn_8000BA6C	Gaud_ResetCrowdInterxn	TW07 PS3	GameAudio.c	3140	void Gaud_ResetCrowdInterxn()	void()	E2b,sig,size~,pos=none	C	2.50	1.00	15:197	
8000BA94	LoadData	fn_8000BA94	addToFreeList	TW07 PS3	UStream.c	455	void addToFreeList(CDBufPtr cdp)	void(UStreamObject* pObject)	E2b,sig,size~,pos=none,dup	C	3.25	3.25	15:36	
8000BAE0	LoadData	fn_8000BAE0	_readBufAsync	TW07 PS3	UStream.c	491	void _readBufAsync()	void()	E2b,sig,size,pos=none	C	3.50	3.50	15:36	
8000BCA0	LoadData	fn_8000BCA0	Stream_OpenFileForStreaming	TW07 PS3	UStream.c	1719	void Stream_OpenFileForStreaming(StrmCB* gs)	void(UStreamObject* pObject)	E2b,sig,size,pos=none	C	4.25	2.00	15:36	
8000BD80	LoadData	fn_8000BD80	Stream_LocalLoadVariableSize	TW07 PS3	UStream.c	2896	uint32 Stream_LocalLoadVariableSize(char* filename, void** ppFileData)	u8(char* pName, u8** ppPixels)	E2b,sig,size~,pos=none	C	4.00	3.50	15:36	
8000BDF8	LoadData	fn_8000BDF8	Stream_StreamLoadVariableSize	TW07 PS3	UStream.c	2956	uint32 Stream_StreamLoadVariableSize(char* filename, struct TStreamData* pStreamData, void** ppFileData)	int(char* pName, TexBank** ppBank, TexEntry** ppTex)	E2b,sig,size?,pos=none	C	3.75	3.75	15:36	
8000BEC8	LoadData	fn_8000BEC8	Gaud_StopOneShot	TW07 PS3	GameAudio.c	5326	void Gaud_StopOneShot()	void()	E2b,sig,size,pos=none	C	3.50	0.50	15:197	
8000BEE4	LoadData	fn_8000BEE4	SW_GetStickXAtTopFiget	TW07 PS3	Swing.c	7871	int SW_GetStickXAtTopFiget(enum PlayerNumber_t PlayerID)	u64(char* pName)	E2b,sig~,size?,pos=none,dup	C	1.00	1.00	15:70	
8000E708	UStream	fn_8000E708	Stream_ClearFileCallbacks	TW07 PS3	UStream.c	2847	void Stream_ClearFileCallbacks(struct StreamFileList* streamFileList)	void(UStreamParams* p)	E2b,sig,size!,pos=both,dup	C	0.75	0.75	1:3	
8000E830	LLTex	fn_8000E830	TX_STextureGroupHeader_SetNumTexturesInFile	TW07 PS3	LLTex.h	380	void TX_STextureGroupHeader::SetNumTexturesInFile(this, int16 nTextures)	void(DynObj* pObj)	E2b,sig~,inl-only,pos=both	C	1.00	0.00	12:10	
8000F0E8	LLTex	fn_8000F0E8	TX_vInitModule	TW07 PS3	LLTex.c	131	void TX_vInitModule()	void()	E2b,sig,size~,pos=both	C	2.50	1.00	10:7	
8000F0EC	LLTex	fn_8000F0EC	TX_STextureGroupHeader_IncrNumTexturesInFile	TW07 PS3	LLTex.h	381	void TX_STextureGroupHeader::IncrNumTexturesInFile(this, int16 nTexturesToAdd)	void(TexBank* pBank, TexEntry* pTex)	E2b,sig~,inl-only,pos=both	C	1.00	0.00	12:10	
8000FBAC	LLTex	fn_8000FBAC	TX_vCloseModule	TW07 PS3	LLTex.c	146	void TX_vCloseModule()	void()	E2b,sig,size~,pos=both	C	2.50	1.00	10:7	
8000FFAC	LLTex	fn_8000FFAC	TX_vFreeTextureDataInTextureGroup	TW07 PS3	LLTex.c	621	void TX_vFreeTextureDataInTextureGroup(struct TX_STextureGroup* spTextureGroup_p)	void(TexBank* pBank)	E2b,sig,size?,pos=both,run4	B	2.25	2.25	2:2	2
80010028	LLTex	fn_80010028	TX_vFreeTextureGroup	TW07 PS3	LLTex.c	682	void TX_vFreeTextureGroup(struct TX_STextureGroup* spTextureGroup_p)	void(TexBank* pBank)	E2b,sig,size,pos=both,run4	B	4.25	2.25	2:2	2
8001005C	LLTex	fn_8001005C	TX_uiFindTextureIndexFromID	TW07 PS3	LLTex.c	719	uint32 TX_uiFindTextureIndexFromID(struct TX_STextureGroup* spTextureGroup_p, const const struct HashString& uiTextureID_p)	int(TexBank* pBank, u64 uHash)	E2b,sig~,size,pos=both	B	3.00	3.00	5:9	1
80010114	LLTex	fn_80010114	TX_vInitEmptyDataTextureGroup	TW07 PS3	LLTex.c	796	void TX_vInitEmptyDataTextureGroup(struct TX_STextureGroup* spTextureGroup_p, struct TX_STextureGroupTexture* spTextureDesc_p, TX_STextureGroupTextureExtra* spTextureExtraInfo_p, int32 iNumTextures)	void(int nDst, int nFunc, int nSrc, int nMtx)	E2b,sig?,size~,pos=both	C	1.00	1.00	2:6	
8001013C	LLTexGrp	fn_8001013C	TG_vRegisterStreamClients	TW07 PS3	LLTexGrp.c	349	void TG_vRegisterStreamClients()	int()	E2b,sig,size,pos=both	C	2.00	0.50	9:17	
80010180	LLTexGrp	fn_80010180	TG_vCheckTextureGroupForDuplicatedTextures	TW07 PS3	LLTexGrp.c	412	void TG_vCheckTextureGroupForDuplicatedTextures(int32 iTextureGroupDesc_p)	void(UStreamObject* pObject)	E2b,sig~,size,pos=both	C	3.00	1.00	9:17	
80010284	LLTexGrp	fn_80010284	TG_vCheckTextureGroupsForDuplicatedTextures	TW07 PS3	LLTexGrp.c	611	void TG_vCheckTextureGroupsForDuplicatedTextures()	void()	E2b,sig,size?,pos=both	C	1.50	1.00	9:17	
800103C0	LLTexGrp	fn_800103C0	TG_vInitModule	TW07 PS3	LLTexGrp.c	855	void TG_vInitModule()	void()	E2b,sig,size,pos=both,weak	C	3.50	2.00	9:17	
8001049C	LLTexGrp	fn_8001049C	TG_vCloseModule	TW07 PS3	LLTexGrp.c	936	void TG_vCloseModule()	void()	E2b,sig,size,pos=both,weak	C	3.50	2.50	9:17	
80010544	LLTexGrp	fn_80010544	TG_vRemoveTextureGroupID	TW07 PS3	LLTexGrp.c	1057	void TG_vRemoveTextureGroupID(int32 iTextureGroupDesc_p)	void(int nSlot)	E2b,sig,size~,pos=both	C	3.25	0.25	9:17	
8001058C	LLTexGrp	fn_8001058C	TG_vFreeAllTextureGroups	TW07 PS3	LLTexGrp.c	1149	void TG_vFreeAllTextureGroups()	void()	E2b,sig,size,pos=both,run5	B	3.50	3.50	21:30	1
80010608	LLTexGrp	fn_80010608	TG_vFreeClassTextureGroups	TW07 PS3	LLTexGrp.c	1181	void TG_vFreeClassTextureGroups(enum TG_ETextureGroupClass eClass)	void(int n)	E2b,sig,size,pos=both,run5	B	4.25	3.50	21:30	1
800106A0	LLTexGrp	fn_800106A0	TG_vSetCurrentTextureGroupClass	TW07 PS3	LLTexGrp.c	1214	enum TG_ETextureGroupClass TG_vSetCurrentTextureGroupClass(enum TG_ETextureGroupClass eClass)	void(int n)	E2b,sig,size~,pos=both,run5	B	2.75	1.75	21:30	1
800106AC	LLTexGrp	fn_800106AC	TG_vSetCurrentReferenceID	TW07 PS3	LLTexGrp.c	1225	void TG_vSetCurrentReferenceID(int32 iCurrentReferenceID_p)	void(int n)	E2b,sig,size~,pos=both,run5	B	3.25	1.75	21:30	1
800106B8	LLTexGrp	fn_800106B8	TG_vEnableReferenceIDManagement	TW07 PS3	LLTexGrp.c	1250	void TG_vEnableReferenceIDManagement(bool boEnableReferenceIDMgt_p)	void(u8 b)	E2b,sig,size~,pos=both,run5	B	3.25	1.25	21:30	1
800106C4	LLTexGrp	fn_800106C4	TG_spGetTextureGroup	TW07 PS3	LLTexGrp.c	1264	struct TX_STextureGroup* TG_spGetTextureGroup(int32 iTextureGroupDesc_p)	TexBank*(int nSlot)	E2b,sig,size!,pos=both	C	0.75	0.75	3:4	
800106D8	LLTexGrp	fn_800106D8	TG_vSetTextureGroupReferenceID	TW07 PS3	LLTexGrp.c	1339	void TG_vSetTextureGroupReferenceID(int32 iTextureGroupDesc_p, int32 iReferenceID_p)	void(int nSlot, int n)	E2b,sig,size!,pos=both	C	1.50	0.75	3:4	
800106F0	LLTexGrp	fn_800106F0	TG_iAddTextureGroup	TW07 PS3	LLTexGrp.c	1376	int32 TG_iAddTextureGroup(struct TX_STextureGroup* spTextureGroup_p)	int(TexBank* pBank)	E2b,sig,size?,pos=both	C	2.25	0.75	3:4	
80010754	LLTexGrp	fn_80010754	TG_vEnableAssocChkRefTableManagement	TW07 PS3	LLTexGrp.c	1413	void TG_vEnableAssocChkRefTableManagement(bool boEnableAssocChkRefTableMgt_p)	void(u8 b)	E2b,sig,size~,pos=both	B	3.25	3.25	21:30	1
80010760	LLTexGrp	fn_80010760	TG_iFindAssocChkRefTableEntry	TW07 PS3	LLTexGrp.c	1428	int32 TG_iFindAssocChkRefTableEntry(uint32 uiAssocChkRef_p, int32 uiLastAssocChkRefTableEntry_p)	int(u32 uId, int nAfter)	E2b,sig,size,pos=both	A	5.00	5.00	21:30	1
80011034	LLFont	fn_80011034	FO_vSetCurrentColorRGB	TW07 PS3	UFont.c	555	void FO_vSetCurrentColorRGB(const float* xColorVector_p)	void(UFontState* pState)	E2b,sig,size?,pos=none,dup	C	2.25	0.75	23:14	
80011164	LLFont	fn_80011164	FO_fGetStringSize	TW07 PS3	UFont.c	848	float FO_fGetStringSize(char* chpString_p)	void(LLFont* pFont)	E2b,sig,size,pos=none,dup	C	2.75	0.50	23:14	
800111A4	LLFont	fn_800111A4	FO_vFreeFont	TW07 PS3	UFont.c	926	void FO_vFreeFont(struct FO_SFont* spFont_p)	void(LLFont* pFont)	E2b,sig,inl-only,nbr,pos=none	C	4.25	1.00	23:14	
8001144C	LLFont	fn_8001144C	FO_vAddPacketToFontSequence	TW07 PS3	UFont.c	939	void FO_vAddPacketToFontSequence(struct FO_SFont* spFont_p, FO_SFontPacket* spPacket_p, char* chpOverString_p)	void(LLFont* pFont, UFontContext* pCtx, char* sz)	E2b,sig,size~,pos=none	C	4.75	3.50	23:14	
80011C90	LLFont	fn_80011C90	FO_fComputeStringSize	TW07 PS3	UFont.c	1226	float FO_fComputeStringSize(struct FO_SFont* spFont_p, FO_SFontPacket* spPacket_p, char* chpString_p)	f32(LLFont* pFont, UFontContext* pCtx, char* sz)	E2b,sig,size,pos=none	C	5.75	5.75	23:14	
80012438	LLFont	fn_80012438	_FreeGlowStrip	TW07 PS3	GlowsRenderData.c	137	void _FreeGlowStrip(struct GlowStripT* pStrip)	void(LLFont* pFont)	E2b,sig,inl-only,pos=none	C	2.25	0.25	23:5	
80012444	LLFont	fn_80012444	FO_vFlushText	TW07 PS3	UFont.c	1479	void FO_vFlushText(struct FO_SFont* spFont)	void(const f32* pViewport)	E2b,sig,size?,pos=none,dup	C	2.25	1.50	23:14	
80012B6C	UFont	fn_80012B6C	FO_vSetCurrentSpacingScaleFactor	TW07 PS3	UFont.c	817	void FO_vSetCurrentSpacingScaleFactor(float fSpacingScaleFactor_p)	void(f32 x0)	E2b,sig,size~,pos=both	B	3.25	3.25	11:7	1
80012B9C	UFont	fn_80012B9C	FO_vSetCurrentScaleFactor	TW07 PS3	UFont.c	832	void FO_vSetCurrentScaleFactor(float fWidthScaleFactor_p, float fHeightScaleFactor_p)	void(f32 x0, f32 x1)	E2b,sig,size~,pos=both	B	4.00	3.25	11:7	1
80012C30	UFont	fn_80012C30	FO_fGetStringSize	TW07 PS3	UFont.c	848	float FO_fGetStringSize(char* chpString_p)	f32(char* sz)	E2b,sig,size~,pos=both,weak	C	3.25	1.75	6:2	
80012C84	UFont	fn_80012C84_SetFlags	FO_vSetCurrentTextMode	TW07 PS3	UFont.c	866	void FO_vSetCurrentTextMode(FO_FTextMode flTextMode_p)	void(s32 v)	E2b,sig,size~,pos=both,dup	C	3.25	0.00	6:2	
80012E00	UFont	fn_80012E00_CalcGradientScale	FO_vFreeFont	TW07 PS3	UFont.c	926	void FO_vFreeFont(struct FO_SFont* spFont_p)	void(UFontContext* pCtx)	E2b,sig,inl-only,pos=both,weak,dup	C	2.25	1.50	5:6	
80012EF8	Code80012ED0	fn_80012EF8	TARGET_Close	TW07 PS3	Target.c	205	void TARGET_Close()	void()	E2b,sig,size~,pos=none,dup	C	2.50	0.25	10:11	
80012F18	Code80012ED0	fn_80012F18	FO_vSetCurrentColor	TW07 PS3	UFont.c	545	void FO_vSetCurrentColor(FO_EColors eColorID_p)	void(int a)	E2b,sig,size,pos=none	C	4.25	2.75	10:14	
80012F34	Code80012ED0	fn_80012F34	FO_vSetCurrentTextMode	TW07 PS3	UFont.c	866	void FO_vSetCurrentTextMode(FO_FTextMode flTextMode_p)	void(int a)	E2b,sig,size,pos=none	C	4.25	2.75	10:14	
80012F50	Code80012ED0	fn_80012F50	FO_fComputeStringSize	TW07 PS3	UFont.c	1226	float FO_fComputeStringSize(struct FO_SFont* spFont_p, FO_SFontPacket* spPacket_p, char* chpString_p)	void(int a, int b, int c)	E2b,sig?,size,pos=none,dup	C	0.50	0.50	10:14	
80012FA4	Controller_Gc	fn_80012FA4	GM_InitModule_PreDataStream	TW07 PS3	GameMode.c	302	void GM_InitModule_PreDataStream()	int()	E2b,sig,size,pos=none,dup	C	2.00	1.00	15:38	
80013030	Controller_Gc	fn_80013030	GM_DeInitModule	TW07 PS3	GameMode.c	347	void GM_DeInitModule()	void()	E2b,sig,size~,pos=none,dup	C	2.50	0.00	15:38	
80013050	Controller_Gc	fn_80013050	SW_ClubChanged	TW07 PS3	Swing.c	2087	void SW_ClubChanged(enum PlayerNumber_t PlayerID)	u32(int nChan)	E2b,sig,size,pos=none	C	2.75	1.50	15:70	
80013070	Controller_Gc	fn_80013070	SW_vStateIdleSwing	TW07 PS3	Swing.c	2546	bool SW_vStateIdleSwing(enum PlayerNumber_t PlayerID)	u8(int nChan)	E2b,sig,size,pos=none	C	4.25	1.75	15:70	
800130EC	Controller_Gc	fn_800130EC	GM_SetFreeDrop	TW07 PS3	GameMode.c	2340	void GM_SetFreeDrop(bool flag)	void(u8 bOn)	E2b,sig,size,pos=none	C	4.25	2.50	15:38	
800130F8	Controller_Gc	fn_800130F8	SW_CopySuperSuckaFlags	TW07 PS3	Swing.c	4463	void SW_CopySuperSuckaFlags(struct PhysicsBall_t* dest, const struct PhysicsBall_t* src)	void(int nController, int bOn)	E2b,sig?,size,pos=none,dup	C	2.00	2.00	15:70	
80013130	Controller_Gc	fn_80013130	_statefunc_handleInputWhileWaiting	TW07 PS3	stateFunc.c	4384	void _statefunc_handleInputWhileWaiting(enum PlayerNumber_t PlayerID, bool bAllowReplayAndMulligan)	void(int nController, int nStrength)	E2b,sig,size?,pos=none,dup	C	3.00	1.50	15:46	
800131C4	Controller_Gc	fn_800131C4	STATEFUNC_CameraDebugExit	TW07 PS3	stateFunc.c	5882	void STATEFUNC_CameraDebugExit(enum PlayerNumber_t PlayerID)	void(int nController)	E2b,sig,size,pos=none	C	4.25	0.50	15:46	
80013200	Controller_Gc	fn_80013200	GM_IsValidDropSurface	TW07 PS3	GameMode.c	3948	bool GM_IsValidDropSurface(enum PlayerNumber_t PlayerID, uint32 lieID)	void(int nController, int bEnable)	E2b,sig,size,pos=none,dup	C	3.50	3.00	15:38	
80013268	Controller_Gc	fn_80013268	SW_GetAttribForStat	TW07 PS3	Swing.c	6811	float SW_GetAttribForStat(enum PlayerNumber_t playerId, SW_eAttributeType attrib, int32 stat)	int(int nValue, int nDeadZone, int nMax)	E2b,sig,size~,pos=none	C	3.25	1.75	15:70	
800132F8	Controller_Gc	fn_800132F8	SW_GetClubVariability	TW07 PS3	Swing.c	6842	float SW_GetClubVariability(enum PlayerNumber_t PlayerID, int32 currentClub, SW_eClubVariability eCV)	int(int nValue, int nDeadZone, int nMax)	E2b,sig,size!,pos=none	C	0.75	0.75	15:70	
8001333C	Controller_Gc	fn_8001333C	STATEFUNC_CupSelectInit	TW07 PS3	stateFunc.c	6335	void STATEFUNC_CupSelectInit(enum PlayerNumber_t PlayerID)	void(PadStatus* pStatus, PadAnalog* pAnalog)	E2b,sig!,size,pos=none,dup	C	0.50	0.50	15:46	
80013400	Controller_Gc	fn_80013400	SW_SaveRandomFadeDrawFrequencyTable	TW07 PS3	Swing.c	7751	void SW_SaveRandomFadeDrawFrequencyTable()	void()	E2b,sig,size,pos=none	C	3.50	0.00	15:70	
800136C4	Controller_Gc	fn_800136C4	_stickMoved	TW07 PS3	stateFunc.c	7008	bool _stickMoved(uint8 stickval)	u8*(int nController)	E2b,sigw,size,pos=none,dup	C	3.00	0.25	15:46	
800136DC	Controller_Gc	fn_800136DC	SW_GetStickXAtTopFiget	TW07 PS3	Swing.c	7871	int SW_GetStickXAtTopFiget(enum PlayerNumber_t PlayerID)	u32(int nController)	E2b,sig,size,pos=none	C	4.25	3.50	15:70	
8001371C	GoRenderCtx_Gc	fn_8001371C	RC_spCreateRenderCtx	TW07 PS3	GoRenderCtx.c	52	struct RC_SRenderCtx* RC_spCreateRenderCtx(struct CA_SCamera* spCamera_p, FB_SFrameBuffer* spFrameBuffer_p, VM_SViewport* spViewport_p)	void*(CamLens* pLens, GoFrameBuf* pBuf, f32* pRect)	E2b,sig,size~,pos=one	B	4.75	4.75	4:4	1
800137B0	GoRenderCtx_Gc	fn_800137B0	RC_vReleaseRenderCtx	TW07 PS3	GoRenderCtx.c	72	void RC_vReleaseRenderCtx(struct RC_SRenderCtx* spRenderCtx_p)	void(void* pCamera)	E2b,sig,size,pos=both	C	4.25	1.00	3:1	
80013CCC	GoRenderCtx_Gc	fn_80013CCC	RC_vUpdateRenderCtxTransformationMatrices	TW07 PS3	GoRenderCtx.c	191	void RC_vUpdateRenderCtxTransformationMatrices(struct RC_SRenderCtx* spRenderCtx_p)	void(void* pCamera)	E2b,sig,size~,pos=one	C	3.25	1.00	39:1	
8001491C	streammanagerhole	fn_8001491C	StreamManagerHole_RegisterStreamClients	TW07 PS3	StreamManagerHole.cpp	30	void StreamManagerHole::RegisterStreamClients(this)	void()	E2b,sig,size,pos=both	C	3.50	0.00	19:2	
8001494C	streammanagerhole	fn_8001494C	StreamManagerHole_UnregisterStreamClients	TW07 PS3	StreamManagerHole.cpp	57	void StreamManagerHole::UnregisterStreamClients(this)	void()	E2b,sig,size,pos=both	C	3.50	0.00	19:2	
80014E90	streammanagerhole	fn_80014E90	StreamManagerHole_BeginStreamCallback	TW07 PS3	StreamManagerHole.cpp	191	void StreamManagerHole::BeginStreamCallback(void* pData)	void(void* pArg)	E2b,sig,size!,pos=both	C	0.75	0.00	41:2	
80014E94	streammanagerhole	fn_80014E94	StreamManagerHole_EndStreamCallback	TW07 PS3	StreamManagerHole.cpp	228	void StreamManagerHole::EndStreamCallback(void* pData)	void(void* pArg)	E2b,sig,size~,pos=both	C	3.25	0.00	41:2	
80016CB8	ViewController	fn_80016CB8	GolfCamera_InitOnce	TW07 PS3	GoGolfCam.c	575	void GolfCamera_InitOnce()	void()	E2b,sig,size?,pos=none	C	1.50	1.50	26:69	
80016CD8	ViewController	fn_80016CD8	STATEFUNC_WaitForEpicTextUpdate	TW07 PS3	stateFunc.c	3969	void STATEFUNC_WaitForEpicTextUpdate(enum PlayerNumber_t PlayerID)	void(int nView)	E2b,sig,size?,pos=none	C	2.25	0.50	26:46	
80016E3C	ViewController	fn_80016E3C	STATEFUNC_FadeToInTheHoleInit	TW07 PS3	stateFunc.c	4073	void STATEFUNC_FadeToInTheHoleInit(enum PlayerNumber_t PlayerID)	void(int nView)	E2b,sig,size,pos=none	C	4.25	0.50	26:46	
80016E90	ViewController	fn_80016E90	STATEFUNC_FadeToInTheHoleUpdate	TW07 PS3	stateFunc.c	4083	void STATEFUNC_FadeToInTheHoleUpdate(enum PlayerNumber_t PlayerID)	void(int nView)	E2b,sig,size,pos=none	C	4.25	0.50	26:46	
80017004	ViewController	fn_80017004	STATEFUNC_FadeToEpicTextUpdate	TW07 PS3	stateFunc.c	4257	void STATEFUNC_FadeToEpicTextUpdate(enum PlayerNumber_t PlayerID)	void*(int nView)	E2b,sig,size?,pos=none	C	0.75	0.00	26:46	
80017028	ViewController	fn_80017028	STATEFUNC_FadeToShowYardageInit	TW07 PS3	stateFunc.c	4292	void STATEFUNC_FadeToShowYardageInit(enum PlayerNumber_t PlayerID)	View*(int nView)	E2b,sig,size?,pos=none	C	0.75	0.00	26:46	
8001704C	ViewController	fn_8001704C	GolfCamera_ProcessGreenCrowdCamera	TW07 PS3	GoGolfCam.c	3473	void GolfCamera_ProcessGreenCrowdCamera(CameraController_t* pCameraController, enum PlayerNumber_t ePlayerID)	void(int nView, int nPlayer)	E2b,sig~,size,pos=none	C	3.00	0.50	26:69	
8001707C	ViewController	fn_8001707C	STATEFUNC_CameraDebugExit	TW07 PS3	stateFunc.c	5882	void STATEFUNC_CameraDebugExit(enum PlayerNumber_t PlayerID)	int(int nView)	E2b,sig,size,pos=none,dup	C	2.75	0.50	26:46	
800170A0	ViewController	fn_800170A0	GolfCamera_IsGreenCrowdCameraDone	TW07 PS3	GoGolfCam.c	3478	bool GolfCamera_IsGreenCrowdCameraDone(CameraController_t* pCameraController)	u8(int nView)	E2b,sig~,size,pos=none,dup	C	3.00	0.00	26:69	
800170C4	ViewController	fn_800170C4	CameraController_ResetAimMarkerInSwingCamera	TW07 PS3	GoCamCont.c	1674	void CameraController_ResetAimMarkerInSwingCamera(CameraController_t* pCameraController, enum PlayerNumber_t ePlayerID)	void(int nView, u8 b)	E2b,sig~,size,pos=none	C	3.00	0.25	26:11	
800170F4	ViewController	fn_800170F4	STATEFUNC_EllipseOrbitExit	TW07 PS3	stateFunc.c	6608	void STATEFUNC_EllipseOrbitExit(enum PlayerNumber_t PlayerID)	void(int nView)	E2b,sig,size,pos=none	C	4.25	0.00	26:46	
80017158	ViewController	fn_80017158	STATEFUNC_InactivityExit	TW07 PS3	stateFunc.c	7045	void STATEFUNC_InactivityExit(enum PlayerNumber_t PlayerID)	void(int nView)	E2b,sig,size,pos=none	C	4.25	0.50	26:46	
800171B0	ViewController	fn_800171B0	STATEFUNC_InFlyBy	TW07 PS3	stateFunc.c	7203	bool STATEFUNC_InFlyBy()	s32()	E2b,sig,size?,pos=none,dup	C	1.50	0.50	26:46	
80017208	ViewController	fn_80017208	CameraController_FreezeCurrentCamera	TW07 PS3	GoCamCont.c	1689	void CameraController_FreezeCurrentCamera(CameraController_t* pCameraController, enum PlayerNumber_t ePlayerID)	void(CamLens* pLens, f32* pPos, f32* pAngles)	E2b,sig!,size,pos=none,dup	C	0.50	0.00	26:11	
8001728C	ViewController	fn_8001728C	GolfCamera_ExitGreenCrowdCamera	TW07 PS3	GoGolfCam.c	3487	void GolfCamera_ExitGreenCrowdCamera(CameraController_t* pCameraController)	void(CamLens* pLens)	E2b,sig,size,pos=none	C	4.25	2.50	26:69	
800172C4	ViewController	fn_800172C4	GolfCamera_GreenRollInitialPause	TW07 PS3	GoGolfCam.c	4341	int GolfCamera_GreenRollInitialPause(CameraController_t* pCameraController)	u8(View* pView)	E2b,sig,size,pos=none	C	4.25	2.50	26:69	
80017314	ViewController	fn_80017314	GolfCamera_ResetFECamera	TW07 PS3	GoGolfCam.c	9904	void GolfCamera_ResetFECamera(CameraController_t* pCameraController)	f32*(View* pView)	E2b,sig,size,pos=none,dup	C	2.75	1.00	26:69	
80017410	char	fn_80017410	Character_GetBoneMatrixSwapIfLefty	TW07 PS3	char.c	190	mat44flt* Character_GetBoneMatrixSwapIfLefty(struct TCharacter* pCharacter, enum ReferencedBoneID boneID)	s16*(u64 uHash, SkinChoices* pChoices)	E2b,sig~,inl-only,pos=both	C	1.00	0.00	4:6	
8001744C	char	fn_8001744C	Character_GetBonePosSwapIfLefty	TW07 PS3	char.c	195	void Character_GetBonePosSwapIfLefty(struct TCharacter* pCharacter, enum ReferencedBoneID boneID, float* pos)	void(void* pChar, void* pModel, SkinChoices* pChoices)	E2b,sig,inl-only,pos=both,weak	C	3.75	3.75	4:6	
80017508	char	fn_80017508	Character_ResetSKATags	TW07 PS3	char.c	295	void Character_ResetSKATags(struct TCharacter* pCharacter)	void(Character* pChar)	E2b,sig,size!,pos=both	C	0.75	0.75	4:6	
800175B0	char	fn_800175B0	Character_InitSKATags	TW07 PS3	char.c	307	void Character_InitSKATags(struct TCharacter* pCharacter, const struct TSkeletonAnimation* pSKA, float T0)	void(Character* pChar, Clip* pBlend, f32 fStart)	E2b,sig,size,pos=both	A	5.75	5.75	9:8	1
800177A0	char	fn_800177A0	Character_InitBoneState	TW07 PS3	char.c	327	void Character_InitBoneState(struct TCharacter* pCharacter, struct TSkeletonState* pState)	void(Character* pChar, SkelPose* pPose)	E2b,sig,size~,pos=both	C	4.00	1.00	4:1	
80017DDC	char	fn_80017DDC	CopyCompositedTextures	TW07 PS3	char_tex_manager.c	262	void CopyCompositedTextures(struct TCharacter* pCharacter)	void(Character* pChar)	E2b,sig,size,pos=both	C	4.25	1.00	20:4	
80018484	char	fn_80018484	Character_SetSkeleton	TW07 PS3	char.c	1138	void Character_SetSkeleton(struct TCharacter* pCharacter, struct TSkeleton* pSkeleton)	void(Character* pChar, CharModel* pModel)	E2b,sig,size?,pos=both	B	3.00	3.00	3:4	1
800184E4	char	fn_800184E4	Character_SetSkin	TW07 PS3	char.c	1151	void Character_SetSkin(struct TCharacter* pCharacter, struct TSkin* pSkin)	void(Character* pChar, Skin* pSkin)	E2b,sig,size!,pos=1:1	C	1.50	1.50	1:2	
80018710	char	fn_80018710	Character_SetPreferedPos	TW07 PS3	char.c	1223	void Character_SetPreferedPos(struct TCharacter* pCharacter)	void(Character* pChar)	E2b,sig,size~,p07l,pos=both	B	3.75	1.50	3:4	1
800192D4	char	fn_800192D4	Character_SetOrientation	TW07 PS3	char.c	1384	void Character_SetOrientation(struct TCharacter* pCharacter, float yaw)	void(Character* pChar, f32 fAngle)	E2b,sig,size~,pos=both	B	4.00	4.00	61:45	1
80019358	char	fn_80019358	Character_SetOrientationVec	TW07 PS3	char.c	1409	void Character_SetOrientationVec(struct TCharacter* pCharacter, float* dir, float extraYaw)	void(Character* pChar, f32* pDir, f32 fAngle)	E2b,sig,size~,pos=both	B	4.75	4.75	61:45	1
80019648	char	fn_80019648	Character_Create	TW07 PS3	char.c	1451	struct TCharacter* Character_Create()	void()	E2b,sig,size~,pos=both	C	1.00	1.00	37:17	
80019CEC	char	fn_80019CEC	CharacterTex_FreeTextureInfo	TW07 PS3	char_tex_manager.c	287	void CharacterTex_FreeTextureInfo(struct TCharacter* pCharacter)	void(Character* pChar)	E2b,sig,size!,pos=both	C	0.75	0.00	20:4	
80019D64	char	fn_80019D64	Character_AddTextureLoadRequest	TW07 PS3	char_tex_manager.c	301	void Character_AddTextureLoadRequest(struct TCharacter* pCharacter, LLDynTex_fnLoadCallbackT pBeginCallbackFunc, LLDynTex_fnLoadCallbackT pEndCallbackFunc)	void(Character* pChar, void (*pfnA)(Character* pChar), void (*pfnB)(Character* pChar))	E2b,sig,size,pos=one	B	5.75	3.25	132:18	2
80019EF4	char	fn_80019EF4	TCharacter_Init	TW07 PS3	char.c	1463	void TCharacter::Init(this)	void(Character* pArg)	E2b,sig,size,pos=both	C	4.25	1.00	37:17	
8001A0FC	char	fn_8001A0FC	Character_AlignCharacterForShotImpact	TW07 PS3	char.c	1636	void Character_AlignCharacterForShotImpact(struct TCharacter* pCharacter)	void(Character* pChar)	E2b,sig,size~,pos=both	C	3.25	1.00	37:17	
8001A288	char	fn_8001A288	Character_PostInit	TW07 PS3	char.c	1712	void Character_PostInit()	void()	E2b,sig,size,pos=both	C	3.50	1.25	37:17	
8001A33C	char	fn_8001A33C	Character_SetupUCAP	TW07 PS3	char.c	1757	void Character_SetupUCAP()	void()	E2b,sig,size~,pos=both	C	2.50	0.00	37:17	
8001A3B0	char	fn_8001A3B0	Character_LoadCrMAFromStream	TW07 PS3	char.c	1776	void Character_LoadCrMAFromStream(struct TStreamData* streamPtr)	void(Character* pChar)	E2b,sig,size,pos=both	C	4.25	1.25	37:17	
8001A418	char	fn_8001A418	Character_LoadShaderDefsFromStream	TW07 PS3	char.c	1797	void Character_LoadShaderDefsFromStream(struct TStreamData* streamPtr)	void(Character* pChar)	E2b,sig,size?,pos=both	C	2.25	0.75	37:17	
8001A484	char	fn_8001A484	Character_ExecuteTextureSwapFE	TW07 PS3	char_tex_manager.c	335	void Character_ExecuteTextureSwapFE(struct TCharacter* pCharacter)	void(Character* pChar)	E2b,sig,size~,pos=one	C	3.25	1.75	106:13	
8001A58C	char	fn_8001A58C	Character_BindMaterialPresets	TW07 PS3	char.c	1825	void Character_BindMaterialPresets(struct TCharacter* pCharacter)	void(int nPlayer)	E2b,sig~,size,pos=both	C	3.00	0.50	37:17	
8001A81C	char	fn_8001A81C	Character_BindAllMaterialPresets	TW07 PS3	char.c	1847	void Character_BindAllMaterialPresets()	void()	E2b,sig,size,pos=both	C	3.50	1.00	37:17	
8001B1DC	char	fn_8001B1DC	OL_eTestBoundingSphere	TW07 PS3	char.h	156	OL_EBoundingVolumeResult OL_eTestBoundingSphere(OL_SSphere* spSphereInCamSpace_p, struct RC_SRenderCtx* spRenderCtx_p, OL_EBoundingVolumeTestRatio eBoundingVolumeTestRatio_p)	void(Skin* pSkin, CharSkinRef* pRef, s32 n)	E2b,sig,inl-only,pos=both	C	3.25	0.00	107:8	
8001B208	char	fn_8001B208	TCharacter_IsAsleep	TW07 PS3	char.h	404	bool TCharacter::IsAsleep(this)	CharSkinSet*(u8* pData)	E2b,sig,inl-only,pos=both	C	1.50	0.00	107:8	
8001B58C	char	fn_8001B58C	Character_BeginLoadTexturesCallbackIG	TW07 PS3	char_tex_manager.c	384	bool Character_BeginLoadTexturesCallbackIG(struct TCharacter* pCharacter)	void(CharSkinSet* pSet)	E2b,sig,size,pos=one	C	2.75	1.25	106:13	
8001B644	char	fn_8001B644	Character_CalculateClipPoints	TW07 PS3	char.c	1912	void Character_CalculateClipPoints(struct TCharacter* pCharacter)	void(Character* pChar)	E2b,sig,inl-only,nbr,pos=both,weak	C	4.25	2.00	37:17	
8001B878	char	fn_8001B878	Character_ClipTest	TW07 PS3	char.c	1956	void Character_ClipTest(struct TCharacter* pCharacter, int32 PlayerID)	void(Character* pChar, int nPlayer)	E2b,sig,size~,pos=both	B	4.00	4.00	61:45	1
8001BA74	char	fn_8001BA74	Character_PreRenderAllMainThread	TW07 PS3	char.c	2094	void Character_PreRenderAllMainThread()	void()	E2b,sig,size,pos=both	C	3.50	1.00	1:4	
8001BBD8	char	fn_8001BBD8	Character_RenderAll	TW07 PS3	char.c	2248	void Character_RenderAll(uint32 flags)	void(u32 uFlags)	E2b,sig,size,pos=both	B	4.25	3.75	61:45	1
8001BC8C	char	fn_8001BC8C	Character_UpdateAll	TW07 PS3	char.c	2407	void Character_UpdateAll(float dt)	void(f32 fTime)	E2b,sig,size,pos=both	B	4.25	4.25	61:45	1
8001BD18	char	fn_8001BD18	Character_GetPosition	TW07 PS3	char.h	644	void Character_GetPosition(struct TCharacter* pCharacter, float* pos)	int(Character* pChar, Clip* pClip)	E2b,sig,inl-only,pos=both	C	1.50	0.00	107:8	
8001C0E0	char	fn_8001C0E0	Character_Free	TW07 PS3	char.c	2468	void Character_Free(struct TCharacter* pCharacter)	void(Character* pChar)	E2b,sig,size~,pos=both	B	3.25	3.25	61:45	1
8001C21C	char	fn_8001C21C	Character_Add	TW07 PS3	char.c	2517	struct TCharacter* Character_Add(struct TCharacter* pCharacter)	Character*(Character* pChar)	E2b,sig,size,pos=both	B	4.25	4.25	61:45	1
8001C254	char	fn_8001C254	Character_InitIG	TW07 PS3	char.c	2538	void Character_InitIG()	void()	E2b,sig,size,pos=both	C	3.50	1.00	10:10	
8001C2B4	char	fn_8001C2B4	Character_InitFE	TW07 PS3	char.c	2813	void Character_InitFE()	void()	E2b,sig,size,pos=both	C	3.50	1.00	10:10	
8001C304	char	fn_8001C304	Character_CloseFE	TW07 PS3	char.c	2832	void Character_CloseFE()	void()	E2b,sig,size,pos=both	C	3.50	1.00	10:10	
8001C37C	char	fn_8001C37C	Legacy_Character_InitModule	TW07 PS3	char.c	2867	void Legacy_Character_InitModule()	void()	E2b,sig,size,pos=both,weak	C	3.50	2.00	10:10	
8001C468	char	fn_8001C468	Legacy_Character_CloseModule	TW07 PS3	char.c	2898	void Legacy_Character_CloseModule()	void()	E2b,sig,size,pos=both,weak	C	3.50	2.00	10:10	
8001C584	char	fn_8001C584	Character_EndLoadTexturesCallbackIG	TW07 PS3	char_tex_manager.c	419	bool Character_EndLoadTexturesCallbackIG(struct TCharacter* pCharacter)	int(int nPlayer)	E2b,sig~,size,pos=one	C	3.00	0.00	106:13	
8001C5B4	char	fn_8001C5B4	Character_SelectClub	TW07 PS3	char.c	2936	void Character_SelectClub(struct TCharacter* pCharacter, int32 club)	void(Character* pChar, int n)	E2b,sig,size~,pos=both	B	4.00	4.00	61:45	1
8001C650	char	fn_8001C650	Character_SelectShotType	TW07 PS3	char.c	2969	void Character_SelectShotType(struct TCharacter* pCharacter, int32 shotType)	void(void* arg0, s32 arg1)	E2b,sig,size!,pos=1:1	C	1.50	1.50	1:1	
8001C680	char	fn_8001C680	Character_InitNewClubAndShotType	TW07 PS3	char.c	2995	void Character_InitNewClubAndShotType(int32 PlayerID)	void(int nPlayer)	E2b,sig,size,pos=both,run4	B	4.25	4.25	61:45	1
8001C7FC	char	fn_8001C7FC	Character_SetEmotion	TW07 PS3	char.c	3097	void Character_SetEmotion(struct TCharacter* pCharacter, enum eSkaEmotionState Emotion)	void(Character* pChar, int nStyle)	E2b,sig,size~,p07l,pos=both,run4	B	4.50	4.50	2:3	1
8001C804	char	fn_8001C804	Character_AlignShotWithTarget	TW07 PS3	char.c	3123	void Character_AlignShotWithTarget(int32 PlayerID, bool resetPos, bool initIK, struct TCharacter* pCharacter)	void(int nPlayer, u8 a, u8 b)	E2b,sig!,size,p07m,pos=both	C	2.00	2.00	1:2	
8001D020	char	fn_8001D020	Character_PostProcessTextureAfterLoading	TW07 PS3	char_tex_manager.c	442	bool Character_PostProcessTextureAfterLoading(struct TCharacter* pCharacter)	void(UStreamObject* pObject)	E2b,sig,size,pos=one	C	2.75	0.00	106:13	
8001D324	char	fn_8001D324	SkeletalObject_FindObject	TW07 PS3	char.c	3429	struct TCharacter* SkeletalObject_FindObject(uint32 iObjectID)	Character*(int nId)	E2b,sig,size,pos=both,weak	C	4.25	2.25	23:11	
8001D384	char	fn_8001D384	SkeletalObject_ClipTestAll	TW07 PS3	char.c	3445	void SkeletalObject_ClipTestAll()	void()	E2b,sig,size,pos=both,weak	C	3.50	2.25	23:11	
8001D3EC	char	fn_8001D3EC	Character_AskForGolferTextureBind	TW07 PS3	char.c	3460	void Character_AskForGolferTextureBind(struct TCharacter* pCharacter)	void(UStreamObject* pObject)	E2b,sig,size,pos=both,weak	C	4.25	1.50	23:11	
8001D44C	char	fn_8001D44C	Character_Sleep	TW07 PS3	char.c	3486	void Character_Sleep(struct TCharacter* pCharacter)	void()	E2b,sig!,size,pos=both	C	0.50	0.50	23:11	
8001D624	char	fn_8001D624	Character_ReleaseBlenders	TW07 PS3	char.c	3501	void Character_ReleaseBlenders(struct TCharacter* pCharacter)	void(int n)	E2b,sig~,inl-only,pos=both	C	1.00	0.50	23:11	
8001D6D8	char	fn_8001D6D8	Character_AreBlendersInitialized	TW07 PS3	char.c	3510	bool Character_AreBlendersInitialized(struct TCharacter* pCharacter)	void(int n)	E2b,sig~,size,pos=both	C	1.50	1.00	23:11	
8001D7A4	char	fn_8001D7A4	Character_ResetBlenders	TW07 PS3	char.c	3515	void Character_ResetBlenders(struct TCharacter* pCharacter)	void(Character* pChar)	E2b,sig,size,pos=both,weak	C	4.25	1.75	23:11	
8001D7EC	char	fn_8001D7EC	Character_PrepareForRendering	TW07 PS3	char.c	3527	void Character_PrepareForRendering(enum PlayerNumber_t whichPlayer)	void(Character* pChar)	E2b,sig~,size~,pos=both,weak	C	2.00	1.75	23:11	
8001D8DC	char	fn_8001D8DC	Character_SetGolfGloveState	TW07 PS3	char.c	3570	void Character_SetGolfGloveState(enum PlayerNumber_t PlayerID)	void(int nPlayer)	E2b,sig,size,pos=both,run5	B	4.25	1.25	24:12	1
8001DA04	char	fn_8001DA04	Character_GetTeeInHandPositionAndRot	TW07 PS3	char.c	3606	void Character_GetTeeInHandPositionAndRot(struct TCharacter* pCharacter, float* pos, float* rot)	void(Character* pChar, f32* pPos, f32* pAngles)	E2b,sig,size,pos=both,run5	A	5.75	5.75	47:29	1
8001DB04	char	fn_8001DB04	Character_GetEndOfAnimationPosition	TW07 PS3	char.c	3645	void Character_GetEndOfAnimationPosition(struct TCharacter* pCharacter, float* pos)	void(Character* pChar, f32* pOut)	E2b,sig,size~,pos=both,run5	B	4.00	4.00	47:29	1
8001DB98	char	fn_8001DB98	Character_FreeTXRInfo	TW07 PS3	char.c	3656	void Character_FreeTXRInfo(struct TCharacter* pCharacter)	void(Character* pChar)	E2b,sig,size?,pos=both,run5	B	2.25	1.50	47:29	1
8001DBF4	char	fn_8001DBF4	Character_BeginLoadCompositeTexturesCallbackIG	TW07 PS3	char_tex_manager.c	531	bool Character_BeginLoadCompositeTexturesCallbackIG(struct TCharacter* pCharacter)	u8(Character* pChar)	E2b,sig,size~,pos=one	C	3.25	0.50	106:13	
8001DC64	char	fn_8001DC64	TCharacter_GetTXRSliderValue	TW07 PS3	char.c	3693	bool TCharacter::GetTXRSliderValue(this, const char* sliderName, const float& val)	void(Character* pChar, SkinChoices* pChoices)	E2b,sig,size,pos=both	B	3.50	3.00	40:26	3
8001DD18	char	fn_8001DD18	Character_SaveTXRSettings	TW07 PS3	char.c	3714	void Character_SaveTXRSettings(struct TCharacter* pCharacter, struct CrAPInfo_t* pCrapInfo)	void(u8* pData, int nBytes)	E2b,sig~,size~,pos=both,weak	C	2.00	1.50	38:25	
8001E85C	char	fn_8001E85C	Character_LoadTXRSettings	TW07 PS3	char.c	3826	void Character_LoadTXRSettings(struct TCharacter* pCharacter, struct CrAPInfo_t* pCrapInfo)	void(f32* pSrc, f32* pDst)	E2b,sig,size!,pos=both	C	1.50	0.50	38:25	
8001E880	char	fn_8001E880	Character_LoadCrAPSettings	TW07 PS3	char.c	3910	void Character_LoadCrAPSettings(struct TCharacter* pCharacter, struct CrAPInfo_t* pCrapInfo)	void(f32* pSrc, f32* pDst)	E2b,sig,inl-only,pos=both	C	3.00	0.50	38:25	
8001E9CC	char	fn_8001E9CC	Character_GetBoneMatrix_FromIndex	TW07 PS3	char.h	662	mat44flt* Character_GetBoneMatrix_FromIndex(struct TCharacter* pCharacter, int32 boneIndex)	u8(u32* aBits, u32 n)	E2b,sig,inl-only,pos=both	C	2.25	0.75	107:8	
8001EB8C	char	fn_8001EB8C	Character_GetBonePos_FromIndex	TW07 PS3	char.h	670	void Character_GetBonePos_FromIndex(struct TCharacter* pCharacter, int32 boneIndex, float* pos)	void(Character* pChar, int nBone, f32* pPos)	E2b,sig,inl-only,nbr,pos=both,weak	C	5.75	2.00	107:8	
8001EC6C	char	fn_8001EC6C	Character_GetFlagCharacter	TW07 PS3	char.c	3933	struct TCharacter* Character_GetFlagCharacter()	?(?)	E2b,size,pos=both	C	1.50	1.00	38:25	
8001ECA8	char	fn_8001ECA8	Character_RegisterStreamClientsForLoadOnce	TW07 PS3	char.c	3995	void Character_RegisterStreamClientsForLoadOnce()	?(?)	E2b,size,pos=both	C	1.50	0.00	38:25	
8001ED08	char	fn_8001ED08	Character_CloseOnce	TW07 PS3	char.c	4032	void Character_CloseOnce()	?(?)	E2b,size,pos=both	C	1.50	0.00	38:25	
8001ED44	char	fn_8001ED44	Character_GetBoneMatrix	TW07 PS3	char.h	679	mat44flt* Character_GetBoneMatrix(struct TCharacter* pCharacter, enum ReferencedBoneID boneID)	f32(Character* pChar, int b)	E2b,sig,inl-only,nbr,pos=both,run4	B	3.50	2.00	132:19	2
8001EDA8	char	fn_8001EDA8	Character_GetBonePos	TW07 PS3	char.h	684	void Character_GetBonePos(struct TCharacter* pCharacter, enum ReferencedBoneID boneID, float* pos)	void(Character* pChar, int nBone, f32* pPos)	E2b,sig,inl-only,pos=both,run4	B	3.75	2.00	132:19	2
8001EDF4	char	fn_8001EDF4	Character_IsLeftHanded	TW07 PS3	char.h	689	bool Character_IsLeftHanded(struct TCharacter* pCharacter)	u8(Character* pChar)	E2b,sig,inl-only,pos=both,run4	B	2.25	2.00	132:19	2
8001EE00	char	fn_8001EE00	Character_GetTagTime	TW07 PS3	char.h	713	float Character_GetTagTime(struct TCharacter* pCharacter, uint64 tag)	f32(Character* pChar, int b)	E2b,sig,inl-only,pos=both,run4	B	3.00	2.00	132:19	2
8001EE64	char	fn_8001EE64	TWChar_Mesh_StreamCallback	TW07 PS3	char.c	4573	void TWChar_Mesh_StreamCallback(struct TStreamData* spStreamData_p)	?(?)	E2b,size~,pos=both	C	0.50	0.00	38:25	
8001EE88	char	fn_8001EE88	Character_EndLoadCompositeTexturesCallbackIG	TW07 PS3	char_tex_manager.c	562	bool Character_EndLoadCompositeTexturesCallbackIG(struct TCharacter* pCharacter)	int(Character* pChar)	E2b,sig,size~,pos=one	C	3.25	0.00	106:13	
8001EE90	char	fn_8001EE90	IsCrAPGolfer	TW07 PS3	char.c	4974	bool IsCrAPGolfer(int32 golferHandle)	int(Character* pChar)	E2b,sig~,size~,pos=both	C	2.00	0.75	38:25	
8001EED8	char	fn_8001EED8	Character_CheckTag	TW07 PS3	char.h	719	bool Character_CheckTag(const struct TCharacter* pCharacter, uint64 tag)	int(CharModel* pModel, int nBone)	E2b,sig,inl-only,pos=both	C	3.00	0.50	19:7	
8001EEE4	char	fn_8001EEE4	Character_IsTagValid	TW07 PS3	char.h	725	bool Character_IsTagValid(const struct TCharacter* pCharacter, uint64 tag)	int(CharModel* pModel, int nBone)	E2b,sig,inl-only,pos=both	C	3.00	0.50	19:7	
8001EFFC	char	fn_8001EFFC	Character_GetAnimationTimeLeft	TW07 PS3	char.h	755	float Character_GetAnimationTimeLeft(struct TCharacter* pCharacter)	f32(CamLens* pLens)	E2b,sig,inl-only,pos=both	C	2.25	0.00	19:7	
8001F004	char	fn_8001F004	CharacterTex_WaitEndOfTextureLoader	TW07 PS3	char_tex_manager.c	616	void CharacterTex_WaitEndOfTextureLoader()	CamLens*()	E2b,sig,size,pos=one	C	2.00	0.00	106:13	
80020BC8	ska_shared	fn_80020BC8	SKA_DistributePointers	TW07 PS3	SKA_Base.c	37	void SKA_DistributePointers(TSkeletonAnimation* pSKA)	void(u8* p)	E2b,sig,size,pos=one	C	4.25	1.75	16:1	
80020F60	ska_shared	fn_80020F60	_GetAxisMask	TW07 PS3	SKA_Util.c	159	uint64_t _GetAxisMask(uint64_t* fullMask, int32_t fullIndex)	Clip*(Clip* pClip, u32 uAram)	E2b,sig,inl-only,pos=one	C	2.25	0.75	19:2	
80021980	ska_shared	fn_80021980	SKAUtil_Expand16BitScale	TW07 PS3	SKA_Util.c	784	void SKAUtil_Expand16BitScale(TAnimDataCursor* pCursor, vec3flt* pDest, int32_t iBegin, int32_t iEnd)	void(u32* aA, u32* aB, u32* aOut, u32 nBits)	E2b,sig~,size,pos=one	C	3.00	0.00	3:22	
80026B34	skalib	fn_80026B34	SKA_GetBogus	TW07 PS3	skalib.c	139	struct TSkeletonAnimation* SKA_GetBogus(int32 shotType)	AnimLib*(Character* pChar)	E2b,sig~,size,pos=both	C	3.00	0.50	57:6	
80026B4C	Skeleton	fn_80026B4C	GetBoneHashId	TW07 PS3	Skeleton.cpp	9	BoneHashId GetBoneHashId(this, BoneIndex idx)	void(Skeleton* pSkel, IKChain* pChain)	E2b,sig,size?,pos=both	C	2.50	0.00	28:5	
80026BF4	Skeleton	fn_80026BF4	SKEL_twHash2HashString	TW07 PS3	skeleton_shared.c	219	void SKEL_twHash2HashString(struct HashString* lhs, const twHash* rhs)	void(CharModel* pModel, IKChain* pChain)	E2b,sig,inl-only,pos=one	C	3.00	0.00	4:1	
80026F90	Skeleton	fn_80026F90	GetBoneIndex	TW07 PS3	Skeleton.cpp	19	BoneIndex GetBoneIndex(this, const char* name, bool warn)	void(Skeleton* pSkel, IKChain* pChain, u8 bAll)	E2b,sig,size!,pos=both	C	1.75	0.00	28:5	
80027108	Skeleton	fn_80027108	SKEL_GetBoneRefID	TW07 PS3	skeleton_shared.c	448	enum ReferencedBoneID SKEL_GetBoneRefID(const char* nameID)	void(Skeleton* pSkel)	E2b,sig,size,pos=one	B	3.75	3.00	17:6	1
800275F4	Skeleton	fn_800275F4	SKEL_TransformHalfJoint	TW07 PS3	skeleton_shared.c	537	bool SKEL_TransformHalfJoint(const enum ReferencedBoneID boneNum, struct TSkeleton* pSkeleton, T_QT* pQT)	f32(CharModel* pModel, IKChain* pChain, f32* pTarget)	E2b,sig,size~,pos=one	B	3.25	3.25	17:6	1
80027740	Skeleton	fn_80027740	GetBoneParent	TW07 PS3	Skeleton.cpp	29	BoneIndex GetBoneParent(this, BoneIndex idx)	void(Skeleton* pSkel, f32 fWeight)	E2b,sig,size,pos=both	C	4.50	0.00	28:5	
80027808	Skeleton	fn_80027808	SKEL_SetExtraRightShoulderRotation	TW07 PS3	Skeleton.c	39	void SKEL_SetExtraRightShoulderRotation(struct TSkeleton* pSkeleton, float* rot)	void(CharModel* pModel, f32* pRot)	E2b,sig,size,pos=both,run4	B	5.00	4.00	3:2	1
8002787C	Skeleton	fn_8002787C	SKEL_PreTransformIKSkeleton	TW07 PS3	Skeleton.c	53	void SKEL_PreTransformIKSkeleton(struct TSkeleton* pSkeleton)	void(CharModel* pModel)	E2b,sig,size,pos=both,run4	B	4.25	4.25	3:2	1
80027D14	Skeleton	fn_80027D14	SKEL_GetBoneIDIndex	TW07 PS3	Skeleton.h	402	int SKEL_GetBoneIDIndex(enum ReferencedBoneID refID)	void(Character* pChar)	E2b,sig,inl-only,pos=both	C	0.75	0.00	28:2	
80028A3C	Skeleton	fn_80028A3C	SKEL_ResetAnimTraits	TW07 PS3	Skeleton.c	96	void SKEL_ResetAnimTraits(struct TSkeleton* pSkeleton)	void(CharModel* pModel)	E2b,sig,size,pos=both	B	4.25	3.50	8:5	1
80029A74	Skeleton	fn_80029A74	SKEL_GetBoneIDSwapIfLefty	TW07 PS3	Skeleton.h	409	int32 SKEL_GetBoneIDSwapIfLefty(struct TSkeleton* pSkeleton, enum ReferencedBoneID refID)	void(CharModel* pModel, void* p)	E2b,sig,inl-only,pos=both	C	1.50	0.00	28:2	
80029AF8	Skeleton	fn_80029AF8	TSkeletonState_Init	TW07 PS3	skeleton_shared.c	1282	void TSkeletonState::Init(this)	void(CharModel* pModel)	E2b,sig,size~,pos=one,dup	C	3.25	1.75	13:3	
80029BC8	Skeleton	fn_80029BC8	TSkeleton_SetActorName	TW07 PS3	skeleton_shared.c	1309	void TSkeleton::SetActorName(this, const char* name)	void(f32* pVec)	E2b,sig,size~,pos=one	C	3.25	1.75	13:3	
80029FC8	GxUtil	fn_80029FC8	GO_vRenderDarknessForMCSystemUI	TW07 PS3	GoMainLoop.c	2702	void GO_vRenderDarknessForMCSystemUI()	void()	E2b,sig,size,pos=none	C	3.50	0.00	10:28	
8002A020	GxUtil	fn_8002A020	GO_vRenderClubHouse	TW07 PS3	GoMainLoop.c	3883	void GO_vRenderClubHouse()	void()	E2b,sig,inl-only,pos=none	C	1.50	0.00	10:28	
8002A164	GxUtil	fn_8002A164	GO_vRenderFE	TW07 PS3	GoMainLoop.c	3956	void GO_vRenderFE()	void(int nMode)	E2b,sig!,size,pos=none	C	0.50	0.25	10:28	
8002A2FC	GxUtil	fn_8002A2FC	SetDPadAnalogEmulationFlag	TW07 PS3	GoMainLoop.c	4053	void SetDPadAnalogEmulationFlag()	void()	E2b,sig,size~,pos=none,dup	C	2.50	0.25	10:28	
8002A3AC	GxUtil	fn_8002A3AC	GO_vPreHackTheTimer	TW07 PS3	GoMainLoop.c	4471	void GO_vPreHackTheTimer()	void(u8 b)	E2b,sig!,size,pos=none	C	0.50	0.25	10:28	
8002B020	ai_brain	fn_8002B020_OnTargetChosen	AIBrain_SetInUse	TW07 PS3	AI_Brain.h	148	void AIBrain::SetInUse(this, bool inUse)	void(int nPlayer)	E2b,sig,inl-only,pos=none	C	2.25	1.25	9:4	
8002D544	Code8002C984	fn_8002D544_StraightDir	PlaceBall_SetDrawTargetOn	TW07 PS3	Target.c	2307	void PlaceBall_SetDrawTargetOn(enum PlayerNumber_t PlayerID, bool onoff)	void(int nPlayer, f32* pOut)	E2b,sig~,size,pos=none	C	3.00	0.75	18:11	
8002D680	Code8002C984	fn_8002D680_CpuShapeDir	Physics_GetRoughLengthPercent	TW07 PS3	Physics.c	5528	void Physics_GetRoughLengthPercent(float* length)	void(int nPlayer, f32* pOut)	E2b,sig!,size,pos=none	C	0.50	0.00	18:91	
8002E25C	Code8002DB80	fn_8002E25C	SW_CloseOnce	TW07 PS3	Swing.c	1412	void SW_CloseOnce()	void()	E2b,sig,size~,pos=none	C	2.50	0.00	40:70	
8002E868	Code8002DB80	fn_8002E868_HasPad	GM_SetGolferConceding	TW07 PS3	GameMode.c	2380	void GM_SetGolferConceding(bool val)	u8(int nPlayer)	E2b,sig,size,pos=none,dup	C	2.75	0.50	40:38	
8002E898	Code8002DB80	fn_8002E898_IsPad	SW_IsSecondAnalogStickActive	TW07 PS3	Swing.c	3582	bool SW_IsSecondAnalogStickActive(enum PlayerNumber_t PlayerID)	u8(int nController)	E2b,sig,size,pos=none	C	4.25	0.25	40:70	
8002E8B4	Code8002DB80	fn_8002E8B4	SW_vResetSecondAnalogStick	TW07 PS3	Swing.c	6082	void SW_vResetSecondAnalogStick(enum PlayerNumber_t PlayerID)	u8(int nPlayer)	E2b,sig,size~,pos=none	C	1.75	0.25	40:70	
8002E8E4	Code8002DB80	fn_8002E8E4	STATEFUNC_FacilityIdleExit	TW07 PS3	stateFunc.c	7459	void STATEFUNC_FacilityIdleExit(enum PlayerNumber_t PlayerID)	u8(int nController)	E2b,sig,size,pos=none,dup	C	2.75	0.25	40:46	
80030254	GoTerrain	fn_80030254	FE_CharMgrInit	TW07 PS3	FEgolferanim.c	304	void FE_CharMgrInit()	void()	E2b,sig,inl-only,pos=none	C	1.50	0.50	97:80	
800306B8	GoTerrain	fn_800306B8	FE_CharMgrClose	TW07 PS3	FEgolferanim.c	328	void FE_CharMgrClose()	void()	E2b,sig,inl-only,pos=none	C	1.50	0.50	97:80	
800307C0	GoTerrain	fn_800307C0	FE_StreamFunc_SkinUpdate	TW07 PS3	FEgolferanim.c	518	void FE_StreamFunc_SkinUpdate(void* pData)	void()	E2b,sig!,size,pos=none	C	0.50	0.00	97:80	
80030818	GoTerrain	fn_80030818	FE_StreamFunc_ChannelDataUpdate	TW07 PS3	FEgolferanim.c	580	void FE_StreamFunc_ChannelDataUpdate(void* pData)	void()	E2b,sig!,size,pos=none	C	0.50	0.00	97:80	
8003084C	GoTerrain	fn_8003084C	FE_StreamFunc_TexturesUpdate	TW07 PS3	FEgolferanim.c	643	void FE_StreamFunc_TexturesUpdate(void* pData)	void()	E2b,sig!,size,pos=none	C	0.50	0.00	97:80	
80030CC8	GoTerrain	fn_80030CC8	FE_StreamFunc_TexturesInterrupt	TW07 PS3	FEgolferanim.c	670	void FE_StreamFunc_TexturesInterrupt(void* pData)	void(void* pHoleData)	E2b,sig,size!,pos=none	C	0.75	0.00	97:80	
8003185C	GoTerrain	fn_8003185C	FE_SetupCamera	TW07 PS3	FEgolferanim.c	830	void FE_SetupCamera()	void()	E2b,sig,size,pos=none	C	3.50	0.50	97:80	
800318D8	GoTerrain	fn_800318D8	sFE_ChangeLightDirection	TW07 PS3	FEgolferanim.c	875	void sFE_ChangeLightDirection()	void()	E2b,sig,inl-only,pos=none	C	1.50	0.50	97:80	
80031AB4	GoTerrain	fn_80031AB4	sFE_vUpdateCrapGolferCameraControls	TW07 PS3	FEgolferanim.c	903	void sFE_vUpdateCrapGolferCameraControls()	void()	E2b,sig,size,pos=none	C	3.50	0.50	97:80	
80032518	GoTerrain	fn_80032518	SetTWCharRenderState	TW07 PS3	FEgolferanim.c	1093	void SetTWCharRenderState(enum FE_eCrapRenderState renderState)	void(int nRenderPass)	E2b,sig,size,pos=none	C	4.25	3.50	97:80	
80032770	GoTerrain	fn_80032770	FE_vUpdateGolferAll	TW07 PS3	FEgolferanim.c	1219	void FE_vUpdateGolferAll()	void()	E2b,sig,size,pos=none	C	3.50	3.50	97:80	
80032954	GoTerrain	fn_80032954	FE_vRenderGolferAllPhase1	TW07 PS3	FEgolferanim.c	1289	void FE_vRenderGolferAllPhase1()	void()	E2b,sig,size,pos=none	C	3.50	3.50	97:80	
800329CC	GoTerrain	fn_800329CC	FE_vRenderGolferAllPhase2	TW07 PS3	FEgolferanim.c	1311	void FE_vRenderGolferAllPhase2()	void()	E2b,sig,size,pos=none	C	3.50	1.50	97:80	
80032AEC	GoTerrain	fn_80032AEC	FE_CharPositionOverwrite	TW07 PS3	FEgolferanim.c	1434	void FE_CharPositionOverwrite()	void()	E2b,sig,size?,pos=none,dup	C	1.50	0.00	97:80	
80032F88	GoTerrain	fn_80032F88	SF_vAddSaturationPolys	TW07 PS3	SunFlr.c	2005	void SF_vAddSaturationPolys(float* xSunColor_p, float fSaturationLevel_p, float fPositionX_p, float fPositionY_p)	void(Ter_ObjectDrawData* pList, s32 nCount, s32 eFilterMin, s32 eFilterMag)	E2b,sig?,size,pos=none	C	2.00	1.50	97:7	
800332F4	GoTerrain	fn_800332F4	FE_ShowGolfer	TW07 PS3	FEgolferanim.c	1503	void FE_ShowGolfer()	void()	E2b,sig,size,pos=none	C	3.50	2.00	97:80	
800336E4	GoTerrain	fn_800336E4	FE_HideGolfer	TW07 PS3	FEgolferanim.c	1511	void FE_HideGolfer()	f32()	E2b,sig,size,pos=none	C	2.00	2.00	97:80	
800336F4	GoTerrain	fn_800336F4	FE_isGolferVisible	TW07 PS3	FEgolferanim.c	1520	bool FE_isGolferVisible()	f32()	E2b,sig,size,pos=none	C	2.00	2.00	97:80	
80033704	GoTerrain	fn_80033704	FE_vLoadNextCrAPAnim	TW07 PS3	FEgolferanim.c	1681	void FE_vLoadNextCrAPAnim(bool blend, bool doFade)	void(u16 nPatch, u16 nObject)	E2b,sig,size,pos=none	C	5.00	2.00	97:80	
80033F94	GoTerrain	fn_80033F94	FE_CrapGetIdleAnimName	TW07 PS3	FEgolferanim.c	1695	const char* FE_CrapGetIdleAnimName(enum FE_eCrapRenderState renderState, enum FE_eCrAPCameraState cameraState)	void(void* pHoleData, u32 nList)	E2b,sig,size?,pos=none	C	1.50	1.50	97:80	
800341A4	GoTerrain	fn_800341A4	FE_SetCrAPCameraIdleState	TW07 PS3	FEgolferanim.c	1867	void FE_SetCrAPCameraIdleState(enum FE_eCrAPCameraState state)	void(UStreamObject* pObject)	E2b,sig,size~,pos=none,dup	C	3.25	2.00	97:80	
800342B4	GoTerrain	fn_800342B4	FE_SetCrapClub	TW07 PS3	FEgolferanim.c	1888	void FE_SetCrapClub(int32 club)	void(UStreamObject* pObject)	E2b,sig~,size,pos=none,dup	C	3.00	2.00	97:80	
800342F0	GoTerrain	fn_800342F0	SF_vLocalAddSunFlareToDisplayList	TW07 PS3	SunFlr.c	2152	void SF_vLocalAddSunFlareToDisplayList(int32 iViewportID)	void(UStreamObject* pObject)	E2b,sig~,size?,pos=none,dup	C	1.00	0.25	97:7	
80034648	GoTerrain	fn_80034648	FE_SetTempCrapClub	TW07 PS3	FEgolferanim.c	1898	void FE_SetTempCrapClub(int32 club)	void(int n)	E2b,sig,size,pos=none	C	4.25	2.00	97:80	
80034720	GoTerrain	fn_80034720	FE_SetCrapRenderState	TW07 PS3	FEgolferanim.c	2047	void FE_SetCrapRenderState(enum FE_eCrapRenderState eState)	void(UStreamObject* pObject)	E2b,sig,size~,pos=none	C	3.25	0.50	97:80	
800349CC	GoTerrain	fn_800349CC	FE_SetTempCrapRenderState	TW07 PS3	FEgolferanim.c	2063	void FE_SetTempCrapRenderState(enum FE_eCrapRenderState eState)	void(int n)	E2b,sig,size,pos=none	C	4.25	0.50	97:80	
80034DE4	GoTerrain	fn_80034DE4	SF_vInitSunFlareHole	TW07 PS3	SunFlr.c	5340	void SF_vInitSunFlareHole()	void()	E2b,sig,size,pos=none	C	3.50	0.00	97:7	
80035138	GoTerrain	fn_80035138	UI_Obj_ResetBoostRings	TW07 PS3	uiObject.c	240	void UI_Obj_ResetBoostRings(enum PlayerNumber_t PlayerID)	void(int a)	E2b,sig,size,pos=none	C	4.25	0.50	97:3	
80035240	GoTerrain	fn_80035240	FE_QueueBallChange	TW07 PS3	FEgolferanim.c	2108	void FE_QueueBallChange(const char* texName)	void(f32 (*pMtx)[4])	E2b,sig,size,pos=none	C	4.25	2.25	97:80	
8003526C	GoTerrain	fn_8003526C	FE_IsGolferRenderAllowed	TW07 PS3	FEgolferanim.c	2147	bool FE_IsGolferRenderAllowed()	f32*()	E2b,sig,size,pos=none	C	2.75	0.75	97:80	
80035294	GoTerrain	fn_80035294	FE_ResetCrAPGolferFromPreview	TW07 PS3	FEgolferanim.c	2161	void FE_ResetCrAPGolferFromPreview()	void()	E2b,sig,size,pos=none	C	3.50	0.00	97:80	
80035440	GoTerrain	fn_80035440	FE_sCharRenderMgr_SetDisplayBallLogoName	TW07 PS3	FEgolferanim.c	2246	void FE_sCharRenderMgr::SetDisplayBallLogoName(this, const char* name)	void(TerSettings* pSettings)	E2b,sig,size,pos=none	C	4.25	0.75	97:80	
8003546C	GoTerrain	fn_8003546C	UI_Obj_ComputePrimitiveCoordinateToWorld	TW07 PS3	uiObject.c	257	void UI_Obj_ComputePrimitiveCoordinateToWorld(float[4]* screenToWorldMatrix, float* primitiveCoordinate, float* worldVec)	void(register f32* pA, register f32* pB, register f32* pOut)	E2b,sig,size?,pos=none	C	3.75	0.00	97:3	
800354BC	GoTerrain	fn_800354BC	FE_sCharRenderMgr_IsPlayingBallAnimation	TW07 PS3	FEgolferanim.c	2254	bool FE_sCharRenderMgr::IsPlayingBallAnimation(this)	UObjMesh*(UObjMesh* pNode)	E2b,sig,size~,pos=none	C	2.50	0.75	97:80	
800354F4	GoTerrain	fn_800354F4	FEAnimManager_Init	TW07 PS3	FEgolferanim.c	2285	void FEAnimManager::Init(this)	s32(UObjMesh* pNode)	E2b,sig,size~,pos=none	C	1.75	0.00	97:80	
80035500	GoTerrain	fn_80035500	FEAnimManager_Shutdown	TW07 PS3	FEgolferanim.c	2292	void FEAnimManager::Shutdown(this)	UObjMesh*(u8* pHoleData)	E2b,sig,size?,pos=none	C	0.75	0.75	97:80	
80035514	GoTerrain	fn_80035514	FEAnimManager_Update	TW07 PS3	FEgolferanim.c	2296	void FEAnimManager::Update(this)	void(u8* pObject)	E2b,sig,size?,pos=none	C	2.25	0.75	97:80	
8003556C	GoTerrain	fn_8003556C	FEAnimManager_ClearQueue	TW07 PS3	FEgolferanim.c	2355	void FEAnimManager::ClearQueue(this)	UObjMesh*(UObjMesh* pGround)	E2b,sig,size,pos=none	C	2.75	0.75	97:80	
80035590	GoTerrain	fn_80035590	Event_Clear	TW07 PS3	FEgolferanim.c	2420	void Event::Clear(this)	void(f32* p0)	E2b,sig,size~,pos=none	C	3.25	0.75	97:80	
800355B8	GoTerrain	fn_800355B8	EventQueue_Clear	TW07 PS3	FEgolferanim.c	2497	void EventQueue::Clear(this)	void(f32* p0)	E2b,sig,size?,pos=none	C	2.25	0.50	97:80	
80035604	GoTerrain	fn_80035604	FE_CleanupGameface	TW07 PS3	FEgolferanim.c	2510	void FE_CleanupGameface()	void()	E2b,sig,size~,pos=none	C	2.50	2.50	97:80	
8003614C	Skin	fn_8003614C	SKN_Free	TW07 PS3	Skin.c	230	void SKN_Free(struct TSkin* pSKN, struct TCharacter* pChar)	void(Character* pChar, f32* pOut)	E2b,sig,size,pos=both	C	5.00	1.00	39:3	
80036894	Skin	fn_80036894	SKN_ResetBoundingInfo	TW07 PS3	Skin.c	244	void SKN_ResetBoundingInfo(struct TSkin* pSkin)	void(SkinDesc* pDesc)	E2b,sig,size,pos=both	C	4.25	0.00	39:3	
800368FC	Skin	fn_800368FC	TGeomBV_Seed	TW07 PS3	Skin.h	145	void TGeomBV::Seed(this)	void(SkinDesc* pDesc)	E2b,sig,inl-only,pos=both	C	2.25	0.00	39:2	
80037708	Skin	fn_80037708	SKN_NextGeomBounds	TW07 PS3	Skin.h	181	TGeomBV* SKN_NextGeomBounds(struct TSkin* pSkin)	s32(Skin* pSkin)	E2b,sig,inl-only,pos=both	C	1.50	0.75	39:2	
80037AB8	Code80037AB8	fn_80037AB8	Quat_EulerAnglesRPY	TW07 PS3	MathQuat.c	645	void Quat_EulerAnglesRPY(float fRoll_p, float fPitch_p, float fYaw_p, float* Q)	void(Skin* pSkin, CharModel* pCharModel, int nSkip, int nFirst)	E2b,sig?,size~,pos=none	C	1.00	1.00	4:6	
80037C48	Code80037AB8	fn_80037C48	Character_AnimateBallInStanceMovement	TW07 PS3	char.c	558	void Character_AnimateBallInStanceMovement(struct TCharacter* pCharacter, float dt)	void(Skin* pSkin, SkelPose* pPose)	E2b,sig~,inl-only,nbr,pos=none	C	3.00	0.00	4:90	
80037CD8	Code80037AB8	fn_80037CD8	Character_LoadCrMAFromStream	TW07 PS3	char.c	1776	void Character_LoadCrMAFromStream(struct TStreamData* streamPtr)	void(Skin* pSkin)	E2b,sig,size,pos=none,dup	C	4.25	1.00	4:90	
80037D5C	Code80037AB8	fn_80037D5C	TWChar_Skeleton_StreamCallback	TW07 PS3	char.c	4550	void TWChar_Skeleton_StreamCallback(struct TStreamData* spStreamData_p)	void(SkinDesc* pDesc)	E2b,sig,size,pos=none	C	4.25	1.00	4:90	
80038010	GoPostFx	fn_80038010	PostFx_SetFade	TW07 PS3	GoPostFx.h.2	172	void PostFx_SetFade(bool on, int32 viewController, vec4flt* color)	void(u8 b, int nView, f32* pColour)	E2b,sig,inl-only,pos=both,weak	C	3.75	3.75	25:6	
800383A8	GoPostFx	fn_800383A8	PostFx_SetUpViewsForBlurring	TW07 PS3	GoPostFx.h	169	void PostFx_SetUpViewsForBlurring()	void()	E2b,sig,inl-only,pos=both	C	1.50	0.00	25:9	
80038438	GoPostFx	fn_80038438	PostFx_RestoreViewsForBlurring	TW07 PS3	GoPostFx.h	170	void PostFx_RestoreViewsForBlurring()	void()	E2b,sig,inl-only,pos=both	C	1.50	0.00	25:9	
80038624	GoPostFx	fn_80038624	PostFx_AddTintToFullScreenNow	TW07 PS3	GoPostFx.h.2	180	void PostFx_AddTintToFullScreenNow(float* color)	void(f32* pColour)	E2b,sig,inl-only,pos=both,weak	C	2.25	2.25	25:6	
80038968	GoPostFx	fn_80038968	PostFx_DrawPostFx	TW07 PS3	GoPostFx.h	176	void PostFx_DrawPostFx()	void()	E2b,sig,inl-only,pos=both	C	1.50	0.00	25:9	
800389C0	GoPostFx	fn_800389C0	PostFx_Init	TW07 PS3	GoPostFx.h	177	void PostFx_Init()	void()	E2b,sig,inl-only,pos=both	C	1.50	0.00	25:9	
800392D0	GoPostFx	fn_800392D0	PostFx_DeInit	TW07 PS3	GoPostFx.h	181	void PostFx_DeInit()	void()	E2b,sig,inl-only,pos=both	C	1.50	0.00	25:9	
80039344	GoPostFx	fn_80039344	PostFx_SetScreenDimmingPercentage	TW07 PS3	GoPostFx.h	182	void PostFx_SetScreenDimmingPercentage(int32 viewController, float fPercent)	void(int nView, f32 f)	E2b,sig,inl-only,pos=both	C	3.00	0.75	25:9	
80039358	GoPostFx	fn_80039358	PostFx_EnableScreenTint	TW07 PS3	GoPostFx.h	187	void PostFx_EnableScreenTint(bool bEnable)	void(int nView)	E2b,sig,inl-only,pos=both	C	2.25	0.00	25:9	
80039454	GoDynamicCam	fn_80039454	DynamicCam_RegisterStreamClients	TW07 PS3	GoDynamicCam.c	259	void DynamicCam_RegisterStreamClients()	void()	E2b,sig,size~,pos=both,run4	B	2.50	1.50	18:30	1
800394AC	GoDynamicCam	fn_800394AC	DynamicCam_UnRegisterStreamClients	TW07 PS3	GoDynamicCam.c	294	void DynamicCam_UnRegisterStreamClients()	void()	E2b,sig,size,pos=both,run4	B	3.50	1.50	18:30	1
800394F0	GoDynamicCam	fn_800394F0	DynamicCam_RegisterStreamClientsFE	TW07 PS3	GoDynamicCam.c	332	void DynamicCam_RegisterStreamClientsFE()	void()	E2b,sig,size~,pos=both,run4	B	2.50	1.50	18:30	1
80039520	GoDynamicCam	fn_80039520	DynamicCam_UnRegisterStreamClientsFE	TW07 PS3	GoDynamicCam.c	354	void DynamicCam_UnRegisterStreamClientsFE()	void()	E2b,sig,size~,pos=both,run4	B	2.50	1.50	18:30	1
80039554	GoDynamicCam	fn_80039554	DynamicCam_LoadCAMSfromStream	TW07 PS3	GoDynamicCam.c	660	void DynamicCam_LoadCAMSfromStream(struct TStreamData* pStreamData)	void(UStreamObject* pObject)	E2b,sig,size,pos=both	C	4.25	1.00	3:6	
80039690	GoDynamicCam	fn_80039690	DynamicCam_LoadCAMLfromStream	TW07 PS3	GoDynamicCam.c	824	void DynamicCam_LoadCAMLfromStream(struct TStreamData* pStreamData)	void(UStreamObject* pObject)	E2b,sig,size,pos=both,run4	B	4.25	0.00	18:30	1
80039754	GoDynamicCam	fn_80039754	DynamicCam_LoadCAMNfromStream	TW07 PS3	GoDynamicCam.c	857	void DynamicCam_LoadCAMNfromStream(struct TStreamData* pStreamData)	void(UStreamObject* pObject)	E2b,sig,size,pos=both,run4	B	4.25	0.00	18:30	1
800397EC	GoDynamicCam	fn_800397EC	DynamicCam_LoadCAMNfromStreamFE	TW07 PS3	GoDynamicCam.c	886	void DynamicCam_LoadCAMNfromStreamFE(struct TStreamData* pStreamData)	void(UStreamObject* pObject)	E2b,sig,size,pos=both,run4	B	4.25	0.00	18:30	1
80039884	GoDynamicCam	fn_80039884	DynamicCam_CopySequenceData	TW07 PS3	GoDynamicCam.c	921	void DynamicCam_CopySequenceData(char* src, char* dest, int numSeqs)	void(u8* pSrc, u8* pDst, int nCount)	E2b,sig,size,pos=both,run4	B	5.75	2.00	18:30	1
800399E0	GoDynamicCam	fn_800399E0	DynamicCam_CopyChainData	TW07 PS3	GoDynamicCam.c	1032	void DynamicCam_CopyChainData(char* src, char* dest, int numScripts)	void(u8* pSrc, CamShot* pDst, u32 nCount)	E2b,sig,size,pos=both	C	5.75	0.00	7:13	
80039A48	GoDynamicCam	fn_80039A48	DynamicCam_CopyAnimPairData	TW07 PS3	GoDynamicCam.c	1056	void DynamicCam_CopyAnimPairData(char* src, char* dest, int numPairs)	void(u8* pSrc, DynCamSet* pDst, u32 nCount)	E2b,sig,size,pos=both	C	5.75	1.00	7:13	
80039B14	GoDynamicCam	fn_80039B14	DynamicCam_ParseCameraChains	TW07 PS3	GoDynamicCam.c	1132	void DynamicCam_ParseCameraChains(uint32 size)	void(int nSize)	E2b,sig,size,pos=both	C	4.25	0.00	7:13	
80039C5C	GoDynamicCam	fn_80039C5C	DynamicCam_ParseCameraViewsFE	TW07 PS3	GoDynamicCam.c	1172	void DynamicCam_ParseCameraViewsFE(uint32 size)	void(int nSize)	E2b,sig,size,pos=both,weak	C	4.25	1.50	7:13	
80039D0C	GoDynamicCam	fn_80039D0C	DynamicCam_ParseCameraSeqs	TW07 PS3	GoDynamicCam.c	1354	void DynamicCam_ParseCameraSeqs(int32 numSeqs)	void(int nSequences)	E2b,sig,size~,pos=both,weak	C	3.25	1.50	7:13	
80039E58	GoDynamicCam	fn_80039E58	DynamicCam_ParseNextSeqs	TW07 PS3	GoDynamicCam.c	1415	void DynamicCam_ParseNextSeqs()	void()	E2b,sig,size~,pos=both,weak,dup	C	2.50	2.50	7:13	
80039EB8	GoDynamicCam	fn_80039EB8	DynamicCam_ParseAnimPairs	TW07 PS3	GoDynamicCam.c	1439	void DynamicCam_ParseAnimPairs(uint32 size)	void(int nSize)	E2b,sig,size,pos=both	C	4.25	1.00	7:13	
8003A76C	GoDynamicCam	fn_8003A76C	DynamicCam_bIsSwingCamera	TW07 PS3	GoDynamicCam.c	1789	bool DynamicCam_bIsSwingCamera(CameraChainLink* camLink)	u8(CamShot* pShot)	E2b,sig,size,pos=both,run5	B	4.25	0.00	2:3	1
8003AB94	GoDynamicCam	fn_8003AB94	DynamicCam_CanUseScriptOnThisHole	TW07 PS3	GoDynamicCam.c	1994	bool DynamicCam_CanUseScriptOnThisHole(struct CameraEventTrigger_t* trigger)	u8(CamChoice* pChoice)	E2b,sig,size,pos=both,run5	B	4.25	1.00	7:25	1
8003ABEC	GoDynamicCam	fn_8003ABEC	DynamicCam_CanUseScriptOnThisModel	TW07 PS3	GoDynamicCam.c	2010	bool DynamicCam_CanUseScriptOnThisModel(struct CameraEventTrigger_t* trigger, enum PlayerNumber_t playerID)	u8(CamChoice* pChoice, int nPlayer)	E2b,sig,size!,pos=both	C	1.50	1.00	1:10	
8003AC50	GoDynamicCam	fn_8003AC50	DynamicCam_TrackPercent	TW07 PS3	GoDynamicCam.c	2241	bool DynamicCam_TrackPercent(CameraChainLink* link, enum PlayerNumber_t ePlayerID, struct CameraScriptSettings_t* settings, float* position, float* lookAt, float* origCamPos)	void(CamShot* pShot, int nPlayer, CamScript* pScript, f32* pOut, f32* pCam, f32* pSub)	E2b,sig,size,p07l,pos=both	A	5.50	5.50	7:25	1
8003ADF8	GoDynamicCam	fn_8003ADF8	DynamicCam_TrackOffset	TW07 PS3	GoDynamicCam.c	2305	bool DynamicCam_TrackOffset(CameraChainLink* link, enum PlayerNumber_t ePlayerID, struct CameraScriptSettings_t* settings, float* position, float* lookAt, float* origCamPos)	void(CamShot* pShot, int nPlayer, CamScript* pScript, f32* pOut, f32* pCam, f32* pSub)	E2b,sig,size~,p07l,pos=both	B	4.50	4.50	7:25	1
8003B028	GoDynamicCam	fn_8003B028	DynamicCam_TrackBallVelocityLag	TW07 PS3	GoDynamicCam.c	2415	void DynamicCam_TrackBallVelocityLag(CameraChainLink* link, enum PlayerNumber_t ePlayerID, struct CameraScriptSettings_t* settings, float* position, float timeStep, float* lookAt, float* origCamPos)	void(CamShot* pShot, int nPlayer, CamScript* pScript, f32* pOut, f32* pCam, f32* pSub, f32 f)	E2b,sig?,size,p07l,pos=1:1	B	2.50	2.50	1:1	2
8003B534	GoDynamicCam	fn_8003B534	DynamicCam_TrackBallVelocityTight	TW07 PS3	GoDynamicCam.c	2648	void DynamicCam_TrackBallVelocityTight(CameraChainLink* link, enum PlayerNumber_t ePlayerID, struct CameraScriptSettings_t* settings, float* position, float* lookAt, float* origCamPos)	void(CamShot* pShot, int nPlayer, CamScript* pScript, f32* pOut, f32* pCam, f32* pSub)	E2b,sig,size,p07l,pos=both	A	7.00	7.00	7:25	1
8003B6D0	GoDynamicCam	fn_8003B6D0	DynamicCam_TrackFixed	TW07 PS3	GoDynamicCam.c	2735	void DynamicCam_TrackFixed(CameraChainLink* link, enum PlayerNumber_t ePlayerID, struct CameraScriptSettings_t* settings, float* position, float* lookAt, float* origCamPos)	void(CamShot* pShot, int nPlayer, CamScript* pScript, f32* pOut, f32* pCam, f32* pSub)	E2b,sig,size~,p07l,pos=both	A	6.00	6.00	7:25	1
8003BDBC	GoDynamicCam	fn_8003BDBC	DynamicCam_ChooseSequence	TW07 PS3	GoDynamicCam.c	3771	CameraSequence_t* DynamicCam_ChooseSequence(enum PlayerNumber_t ePlayerID, float shotDist, enum Lie_t startLie, uint32 endLie, enum CameraShotState_e state, bool allowGenericShotTypes)	CamSequence*(int nPlayer, int nLie, int nClass, int nKind, u8 a, f32 fDist)	E2b,sig?,size,p07m,pos=1:1	B	3.50	3.50	1:1	1
8003C800	GoDynamicCam	fn_8003C800	DynamicCamSearchForPairedSequence	TW07 PS3	GoDynamicCam.c	4147	bool DynamicCamSearchForPairedSequence(const char* animName, CameraSequence_t** pSequence, CameraChainLink** pLink)	u8(char* szName, CamSequence** ppSeq, CamShot** ppShot)	E2b,sig,size~,pos=both	B	4.75	4.75	1:4	1
8003CAFC	GoDynamicCam	fn_8003CAFC	DynamicCam_IsDefualtAnimSeq	TW07 PS3	GoDynamicCam.c	4347	bool DynamicCam_IsDefualtAnimSeq(CameraSequence_t* seq, enum CameraAnimType_e state)	u8(CamSequence* pSequence, int nKind)	E2b,sig,size?,pos=both,run11	B	3.00	0.00	16:18	1
8003CB80	GoDynamicCam	fn_8003CB80	DynamicCam_MaterialToCameraLie	TW07 PS3	GoDynamicCam.c	4364	enum CameraLie_e DynamicCam_MaterialToCameraLie(uint32 lieID, enum PlayerNumber_t playerID)	s32(u32 n, int nPlayer)	E2b,sig,size~,pos=both,run11	A	4.00	2.00	16:18	1
8003CBD4	GoDynamicCam	fn_8003CBD4	DynamicCam_BallLieToCameraLie	TW07 PS3	GoDynamicCam.c	4443	enum CameraLie_e DynamicCam_BallLieToCameraLie(enum Lie_t lie, enum PlayerNumber_t playerID)	s32(int n, int nPlayer)	E2b,sig,size,pos=both,run11	A	5.00	5.00	16:18	1
8003CBE8	GoDynamicCam	fn_8003CBE8	DynamicCam_MatchSeqClub	TW07 PS3	GoDynamicCam.c	4480	bool DynamicCam_MatchSeqClub(CameraSequence_t* seq, enum PlayerNumber_t ePlayerID)	u8(CamSequence* pSequence, int nPlayer)	E2b,sig,size~,pos=both,run11	A	4.00	4.00	16:18	1
8003CD6C	GoDynamicCam	fn_8003CD6C	DynamicCam_MatchHeightDiff	TW07 PS3	GoDynamicCam.c	4580	bool DynamicCam_MatchHeightDiff(CameraSequence_t* seq, enum PlayerNumber_t ePlayerID, float heightDiff)	u8(CamSequence* pSequence, int nPlayer, f32 f)	E2b,sig,size,pos=both,run11	A	5.75	5.75	16:18	1
8003CD9C	GoDynamicCam	fn_8003CD9C	DynamicCam_MatchSeqShot	TW07 PS3	GoDynamicCam.c	4597	bool DynamicCam_MatchSeqShot(CameraSequence_t* seq, enum PlayerNumber_t ePlayerID, bool allowGenericShotTypes)	u8(CamSequence* pSequence, int nPlayer, u8 b)	E2b,sig,size,pos=both,run11	A	5.75	5.75	16:18	1
8003CEEC	GoDynamicCam	fn_8003CEEC	DynamicCam_MatchPlayerType	TW07 PS3	GoDynamicCam.c	4736	bool DynamicCam_MatchPlayerType(CameraSequence_t* seq, enum PlayerNumber_t ePlayerID)	u8(CamSequence* pSequence, int nPlayer)	E2b,sig,size,pos=both,run11	A	5.00	5.00	16:18	1
8003D00C	GoDynamicCam	fn_8003D00C	DynamicCam_MatchCourse	TW07 PS3	GoDynamicCam.c	4788	bool DynamicCam_MatchCourse(CameraSequence_t* seq)	u8(CamSequence* pSequence)	E2b,sig,size~,pos=both,run11	A	3.25	2.25	16:18	1
8003D054	GoDynamicCam	fn_8003D054	DynamicCam_MatchPars	TW07 PS3	GoDynamicCam.c	4803	bool DynamicCam_MatchPars(CameraSequence_t* seq)	u8(CamSequence* pSequence)	E2b,sig,size?,pos=both,run11	B	2.25	2.25	16:18	1
8003D0A0	GoDynamicCam	fn_8003D0A0	DynamicCam_MatchLies	TW07 PS3	GoDynamicCam.c	4817	bool DynamicCam_MatchLies(uint32 lieFlag, enum CameraLie_e ballLie)	u8(int nMask, int nBit)	E2b,sig,size,pos=both,run11	A	5.00	5.00	16:18	1
8003D0BC	GoDynamicCam	fn_8003D0BC	DynamicCam_MatchDistToPin	TW07 PS3	GoDynamicCam.c	4830	bool DynamicCam_MatchDistToPin(CameraSequence_t* seq, enum PlayerNumber_t ePlayerID, float playerToPinDist)	u8(CamSequence* pSequence, int nPlayer, f32 f)	E2b,sig,size,pos=both,run11	A	5.75	5.75	16:18	1
8003D0EC	GoDynamicCam	fn_8003D0EC	DynamicCam_MatchStateType	TW07 PS3	GoDynamicCam.c	4924	bool DynamicCam_MatchStateType(CameraSequence_t* seq, enum CameraShotState_e state)	u8(CamSequence* pSequence, int nKind)	E2b,sig,size?,pos=both,run4	B	3.00	0.00	16:18	1
8003D140	GoDynamicCam	fn_8003D140	DynamicCam_ModeType	TW07 PS3	GoDynamicCam.c	4944	bool DynamicCam_ModeType(CameraSequence_t* seq)	u8(CamSequence* pSequence)	E2b,sig,size~,pos=both,run4	B	3.25	2.25	16:18	1
8003D240	GoDynamicCam	fn_8003D240	DynamicCam_MatchScriptStateType	TW07 PS3	GoDynamicCam.c	4988	bool DynamicCam_MatchScriptStateType(CameraChainLink* link, enum CameraShotState_e state)	u8(CamShot* pShot, int nKind)	E2b,sig,size?,pos=both,run4	B	3.00	2.25	16:18	1
8003D294	GoDynamicCam	fn_8003D294	DynamicCam_MatchPlayer	TW07 PS3	GoDynamicCam.c	5008	bool DynamicCam_MatchPlayer(CameraScript_t* script)	u8(CamShot* pShot)	E2b,sig,size~,pos=both,run4	B	3.25	2.25	16:18	1
8003D324	GoDynamicCam	fn_8003D324	DynamicCam_AddOffset	TW07 PS3	GoDynamicCam.c	5049	void DynamicCam_AddOffset(float* position, float* dir, float offset, struct CameraScriptSettings_t* settings, CameraChainLink* link, enum PlayerNumber_t ePlayerID, float origHeight)	void(f32* pPos, f32* pDir, CamScript* pScript, CamShot* pShot, int nPlayer, f32 fSide, f32 fY)	E2b,sig?,size~,pos=1:1	C	1.00	1.00	1:1	
8003D7A0	GoDynamicCam	fn_8003D7A0	DynamicCam_IsValidFlightSequence	TW07 PS3	GoDynamicCam.c	5457	bool DynamicCam_IsValidFlightSequence(CameraSequence_t* seq, enum PlayerNumber_t playerID)	u8(CamSequence* pSequence, int nPlayer)	E2b,sig,size~,pos=both,run5	B	4.00	4.00	2:3	1
8003D810	GoDynamicCam	fn_8003D810	DynamicCam_ClampBallVelocity	TW07 PS3	GoDynamicCam.c	5480	void DynamicCam_ClampBallVelocity(float* ballVelocity, float* camPos, float* ballPos)	void(f32* pDir, f32* pA, f32* pB)	E2b,sig,size,pos=both,run5	A	5.75	5.75	2:3	1
8003DAC8	GoDynamicCam	fn_8003DAC8	DynamicCam_CalculateFlippedOffsets	TW07 PS3	GoDynamicCam.c	5580	void DynamicCam_CalculateFlippedOffsets(CameraScript_t* pScript, enum PlayerNumber_t ePlayerID, float* sideOffset, float* refOffset)	void(CamShot* pShot, int nPlayer, f32* pA, f32* pB)	E2b,sig,size~,pos=both,run5	A	5.50	5.50	6:5	1
8003DBA8	GoDynamicCam	fn_8003DBA8	DynamicCam_fAdjustMaxHeightByHole	TW07 PS3	GoDynamicCam.c	5632	float DynamicCam_fAdjustMaxHeightByHole(float maxHeight)	f32(f32 f)	E2b,sig,size~,pos=both,run5	B	3.25	1.75	6:5	1
8003DC30	GoDynamicCam	fn_8003DC30	DynamicCam_CheckObjectLocations	TW07 PS3	GoDynamicCam.c	5660	void DynamicCam_CheckObjectLocations(struct CameraScriptSettings_t* settings, CameraScript_t* script, float* object1Location, float* object2Location)	void(register f32* pA, register f32* pB, register f32* pOut)	E2b,sig!,inl-only,nbr,pos=both	C	0.50	0.00	4:3	
8003DC78	GoDynamicCam	fn_8003DC78	DynamicCam_ReferencesBall	TW07 PS3	GoDynamicCam.h	259	bool DynamicCam_ReferencesBall(enum CameraTracking_e refPoint)	u8(CamShot* pShot)	E2b,sig~,inl-only,pos=both	C	1.00	0.25	17:2	
8003F194	gocamscripts	fn_8003F194	CamScript_GetFlybyCamRate	TW07 PS3	GoCamScripts.c	1442	float CamScript_GetFlybyCamRate(CameraChainLink* link, float param0, float param1, float timeStep)	f32(CamShot* pShot, f32 fA, f32 fB, f32 fTime)	E2b,sig,size,pos=both	A	6.50	6.50	7:14	1
8003F2E0	gocamscripts	fn_8003F2E0	CamScript_Fade	TW07 PS3	GoCamScripts.c	1795	void CamScript_Fade(struct CameraScriptSettings_t* settings, float timeStep)	void(CamScript* pScript, f32 fTime)	E2b,sig,size!,p07l,pos=both	C	2.00	2.00	5:12	
8003F518	gocamscripts	fn_8003F518	CamScript_LerpPercentOfFlightCameras	TW07 PS3	GoCamScripts.c	2073	void CamScript_LerpPercentOfFlightCameras(enum PlayerNumber_t ePlayerID, float* cameraOrigin, float* lookAt, struct CameraScriptSettings_t* settings, float timeStep, float* origPos)	void(int nPlayer, f32* pCam, f32* pSub, CamScript* pScript, f32* pPrev, f32 fTime)	E2b,sig?,size?,p07l,pos=both	C	0.50	0.50	5:12	
8003FD54	gocamscripts	fn_8003FD54	CamScript_LerpFixedTargetCameras	TW07 PS3	GoCamScripts.c	2145	void CamScript_LerpFixedTargetCameras(enum PlayerNumber_t ePlayerID, float* cameraOrigin, float* lookAt, struct CameraScriptSettings_t* settings, float timeStep, float* origPos)	void(int nPlayer, f32* pCam, f32* pSub, CamScript* pScript, f32* pPrev, f32 fTime)	E2b,sig?,size,p07m,pos=both	B	3.50	2.50	7:14	1
80044768	gocamscripts	fn_80044768	CamScript_GetNearestAIPoint	TW07 PS3	GoCamScripts.c	5374	void CamScript_GetNearestAIPoint(float* fromVec, float* point)	void(f32* pPos, f32* pOut)	E2b,sig,size,pos=both,run16	A	5.00	5.00	1:2	1
80044AA8	gocamscripts	fn_80044AA8	CamScript_PlayableSurface	TW07 PS3	GoCamScripts.c	5685	bool CamScript_PlayableSurface(struct TGD_MaterialInfo* pMaterialInfo)	u8(SurfaceType* pSurface)	E2b,sig,size?,pos=both	B	2.25	2.25	3:4	1
80044B0C	gocamscripts	fn_80044B0C	CamScript_GetSupportingHeight	TW07 PS3	GoCamScripts.c	5701	float CamScript_GetSupportingHeight(float* heights, float curHeight, uint32 numHeights)	f32(f32* pHeights, u32 nCount, f32 fMax)	E2b,sig?,size,pos=both	B	2.00	2.00	3:4	1
80044B70	gocamscripts	fn_80044B70	CamScript_GetCoveringHeight	TW07 PS3	GoCamScripts.c	5726	float CamScript_GetCoveringHeight(float* heights, float curHeight, uint32 numHeights)	f32(f32* pHeights, u32 nCount, f32 fMin)	E2b,sig?,size,pos=both	B	2.00	2.00	3:4	1
80044E2C	gocamscripts	fn_80044E2C	CamScript_DoesScriptTrackBall	TW07 PS3	GoCamScripts.h	234	bool CamScript_DoesScriptTrackBall(CameraScript_t* script)	u8(int n)	E2b,sig~,inl-only,pos=none	C	1.00	0.25	15:7	
80044E74	gocamscripts	fn_80044E74	CamScript_DoesScriptTrackGolfer	TW07 PS3	GoCamScripts.h	247	bool CamScript_DoesScriptTrackGolfer(CameraScript_t* script)	u8(CamShot* pShot)	E2b,sig,inl-only,pos=none	C	2.25	1.00	15:7	
80044EA8	gocamscripts	fn_80044EA8	CamScript_EstimateBallFlightPercent	TW07 PS3	GoCamScripts.c	6072	float CamScript_EstimateBallFlightPercent(enum PlayerNumber_t ePlayerID, struct CameraScriptSettings_t* settings)	f32(int nPlayer, CamScript* pScript)	E2b,sig,size~,pos=both,run5	B	4.00	4.00	4:3	1
80044F58	gocamscripts	fn_80044F58	CamScript_GetBallToPinPercent	TW07 PS3	GoCamScripts.c	6095	float CamScript_GetBallToPinPercent(enum PlayerNumber_t ePlayerID, struct CameraScriptSettings_t* settings)	f32(int nPlayer, CamScript* pScript)	E2b,sig,size,pos=both,run5	B	5.00	4.00	4:3	1
800451A8	gocamscripts	fn_800451A8	CamScript_SkipLookBackCam	TW07 PS3	GoCamScripts.c	6186	bool CamScript_SkipLookBackCam(struct CameraScriptSettings_t* pSettings, CameraScript_t* pScript, enum PlayerNumber_t ePlayerID)	u8(CamScript* pScript, CamShot* pShot, int nPlayer)	E2b,sig,size,pos=both,run5	A	5.75	5.75	10:4	1
800453C8	gocamscripts	fn_800453C8	CameraScript_FlipCameraForLefty	TW07 PS3	GoCamScripts.c	6326	bool CameraScript_FlipCameraForLefty(enum PlayerNumber_t ePlayerID, CameraScript_t* pCameraScript)	u8(int nPlayer, CamShot* pShot)	E2b,sig,size~,pos=both,run5	B	4.00	3.50	10:4	1
80045470	gocamscripts	fn_80045470	CamScript_SetFlag	TW07 PS3	GoCamScripts.h	282	void CamScript_SetFlag(const uint32& flagField, uint32 flag)	void(CamLens* pLens, f32 fFov)	E2b,sig~,inl-only,nbr,pos=none	C	3.00	1.00	15:7	
80045494	gocamscripts	fn_80045494	CamScript_ClearFlag	TW07 PS3	GoCamScripts.h	292	void CamScript_ClearFlag(const uint32& flagField, uint32 flag)	void(u8 bOn, int nPlayer)	E2b,sig~,inl-only,nbr,pos=none	C	3.00	1.00	15:7	
80045558	gocamscripts	fn_80045558	CamScript_IsFlagSet	TW07 PS3	GoCamScripts.h	297	bool CamScript_IsFlagSet(uint32 flagField, uint32 flag)	void(u8 bOn, int nPlayer)	E2b,sigw,inl-only,pos=none	C	1.00	1.00	15:7	
8004562C	gocamscripts	fn_8004562C	CamScript_ShowGolfer	TW07 PS3	GoCamScripts.h	307	bool CamScript_ShowGolfer(uint8 showGolfer)	u8(CamShot* pShot)	E2b,sig~,inl-only,pos=none	C	1.00	1.00	15:7	
80045660	DepthField	fn_80045660	STATEFUNC_FadeToShowYardageUpdate	TW07 PS3	stateFunc.c	4302	void STATEFUNC_FadeToShowYardageUpdate(enum PlayerNumber_t PlayerID)	void()	E2b,sig!,size,pos=none	C	0.50	0.00	7:46	
800457B8	DepthField	fn_800457B8	CamScript_Fade	TW07 PS3	GoCamScripts.c	1795	void CamScript_Fade(struct CameraScriptSettings_t* settings, float timeStep)	void(int n, f32 fAmount)	E2b,sig~,size~,pos=none,dup	C	2.00	0.00	7:24	
80045824	DepthField	fn_80045824	STATEFUNC_CameraDebugExit	TW07 PS3	stateFunc.c	5882	void STATEFUNC_CameraDebugExit(enum PlayerNumber_t PlayerID)	void(int n)	E2b,sig,size,pos=none,dup	C	4.25	1.00	7:46	
80045848	DepthField	fn_80045848	STATEFUNC_CupSelectExit	TW07 PS3	stateFunc.c	6474	void STATEFUNC_CupSelectExit(enum PlayerNumber_t PlayerID)	void(int n)	E2b,sig,size,pos=none	C	4.25	0.00	7:46	
80045880	DepthField	fn_80045880	STATEFUNC_InactivityInit	TW07 PS3	stateFunc.c	6992	void STATEFUNC_InactivityInit(enum PlayerNumber_t PlayerID)	void(int n)	E2b,sig,size,pos=none	C	4.25	0.00	7:46	
800458B4	DepthField	fn_800458B4	STATEFUNC_InactivityExit	TW07 PS3	stateFunc.c	7045	void STATEFUNC_InactivityExit(enum PlayerNumber_t PlayerID)	void()	E2b,sig!,size,pos=none,dup	C	0.50	0.00	7:46	
80045F74	GoDynObj	fn_80045F74	LightData_Init	TW07 PS3	GoDynObj.c	99	void LightData::Init(this)	void(UStreamObject* arg0)	E2b,sig,inl-only,pos=both,run5	B	2.25	2.25	7:17	1
80045FC8	GoDynObj	fn_80045FC8	LightData_Close	TW07 PS3	GoDynObj.c	100	void LightData::Close(this)	void(UStreamObject* pObject)	E2b,sig,inl-only,pos=both,run5	B	2.25	2.25	7:17	1
800460F8	GoDynObj	fn_800460F8	DynObj_LoadPropModelfromStream	TW07 PS3	GoDynObj.c	170	void DynObj_LoadPropModelfromStream(TStreamDataPtr pStream)	void(UStreamObject* arg0)	E2b,sig,size?,pos=both,run5	B	2.25	2.25	7:17	1
80046130	GoDynObj	fn_80046130	DynObj_RegisterStreamClients	TW07 PS3	GoDynObj.c	181	void DynObj_RegisterStreamClients()	void()	E2b,sig,size~,pos=both,run5	B	2.50	1.00	7:17	1
80046174	GoDynObj	fn_80046174	DynObj_UnRegisterStreamClients	TW07 PS3	GoDynObj.c	187	void DynObj_UnRegisterStreamClients()	void()	E2b,sig,size~,pos=both,run5	B	2.50	1.00	7:17	1
800461A8	GoDynObj	fn_800461A8	DynObj_CloseModule	TW07 PS3	GoDynObj.c	221	void DynObj_CloseModule()	void()	E2b,sig,size?,pos=both,dup	C	1.50	0.00	2:12	
80046264	GoDynObj	fn_80046264	GolfBall_SetupEnvironmentMaps	TW07 PS3	GoDynObj.c	321	void GolfBall_SetupEnvironmentMaps()	void()	E2b,sig,inl-only,pos=both	C	1.50	0.00	2:12	
800467B4	GoDynObj	fn_800467B4	DynObj_UpdateDynamicObjects	TW07 PS3	GoDynObj.c	559	void DynObj_UpdateDynamicObjects()	void()	E2b,sig,size,pos=both	B	3.50	3.50	3:4	1
80046828	GoDynObj	fn_80046828	DynObj_RenderDynamicObjects	TW07 PS3	GoDynObj.c	571	void DynObj_RenderDynamicObjects(int iViewportID)	void(int nView)	E2b,sig,size!,pos=1:1	C	0.75	0.75	1:1	
80046928	GoDynObj	fn_80046928	DynObj_bDrawBall	TW07 PS3	GoDynObj.c	590	bool DynObj_bDrawBall(enum PlayerNumber_t PlayerID)	u8(int nPlayer)	E2b,sig,inl-only,pos=both,run4	B	2.25	1.50	16:19	1
80046A54	GoDynObj	fn_80046A54	DynObj_bDrawShadow	TW07 PS3	GoDynObj.c	672	bool DynObj_bDrawShadow(enum PlayerNumber_t PlayerID)	u8(int nPlayer)	E2b,sig,inl-only,pos=both,run4	B	2.25	1.50	16:19	1
80046B1C	GoDynObj	fn_80046B1C	DynObj_bDrawMarker	TW07 PS3	GoDynObj.c	699	bool DynObj_bDrawMarker(enum PlayerNumber_t PlayerID)	u8(int nPlayer)	E2b,sig,inl-only,pos=both,run4	B	2.25	1.50	16:19	1
80046FDC	GoDynObj	fn_80046FDC	DynObj_RenderBalls	TW07 PS3	GoDynObj.c	713	void DynObj_RenderBalls(int iViewportID)	void(s32 nView)	E2b,sig,size,pos=both	C	4.25	0.00	5:2	
80047208	GoDynObj	fn_80047208	DynObj_DrawBallShadows	TW07 PS3	GoDynObj.c	767	void DynObj_DrawBallShadows(bool* boBallShadowDraw)	void(u8* aState)	E2b,sig,size,pos=both	B	4.25	3.25	13:16	2
80047290	GoDynObj	fn_80047290	DynObj_DrawBallMarkers	TW07 PS3	GoDynObj.c	778	void DynObj_DrawBallMarkers()	void()	E2b,sig,size,inl1,pos=both	B	5.00	1.50	13:16	2
8004731C	GoDynObj	fn_8004731C	DynObj_DrawGolfBalls	TW07 PS3	GoDynObj.c	951	void DynObj_DrawGolfBalls(bool* boBallShadowDraw)	void(u8* pState)	E2b,sig,size?,inl2,pos=both	A	5.25	4.75	13:16	2
8004787C	GoDynObj	fn_8004787C	DynObj_GetBallPixels	TW07 PS3	GoDynObj.c	1383	float DynObj_GetBallPixels(int player)	f32(int nPlayer)	E2b,sig,inl-only,nbr,pos=both,weak	C	4.25	4.25	5:6	
80047A24	GoDynObj	fn_80047A24	DynObj_ShotDivotHoleHide	TW07 PS3	GoDynObj.c	1496	void DynObj_ShotDivotHoleHide(float* location, enum PlayerNumber_t PlayerID)	void(f32* pPos, int nPlayer)	E2b,sig,size!,pos=both	C	1.50	0.00	5:6	
80047B6C	GoDynObj	fn_80047B6C	DynObj_DivotHide	TW07 PS3	GoDynObj.c	1512	void DynObj_DivotHide(float* location, enum PlayerNumber_t PlayerID)	void(Ball* pBall, int nPlayer)	E2b,sig,size!,pos=both	C	1.50	0.00	5:6	
80047BC0	GoDynObj	fn_80047BC0	DynObj_TeeHide	TW07 PS3	GoDynObj.c	1658	void DynObj_TeeHide(enum PlayerNumber_t PlayerID, bool hide)	void(Ball* pBall, int nPlayer)	E2b,sig~,size~,pos=both	C	2.00	0.50	5:6	
8004816C	GoDynObj	fn_8004816C	DynObj_TeeStruck	TW07 PS3	GoDynObj.c	1769	void DynObj_TeeStruck(enum PlayerNumber_t PlayerID)	void(int nPlayer)	E2b,sig,size,pos=both	B	4.25	3.50	12:17	1
800484E0	GoDynObj	fn_800484E0	DynObj_GetGolfBallLogoTextureName	TW07 PS3	GoDynObj.c	1774	const char* DynObj_GetGolfBallLogoTextureName(int32 index)	char*(int i)	E2b,sig,size~,pos=both	C	3.25	1.25	11:16	
800484F4	GoDynObj	fn_800484F4	DynObj_GetGolfBallLogoIndex	TW07 PS3	GoDynObj.c	1810	int DynObj_GetGolfBallLogoIndex(const char* name)	int(const char* szName)	E2b,sig,size!,pos=both	C	0.75	0.25	11:16	
80048584	GoDynObj	fn_80048584	DynObj_LI_InitBallLightingEnvironment	TW07 PS3	GoDynObj.c	1873	void DynObj_LI_InitBallLightingEnvironment(struct LI_SLightingEnvironment* spLightingEnvironment_p, bool bIndoor)	void(UObject* pObj, s8 nLod)	E2b,sig,size!,pos=both	C	1.50	0.25	11:16	
80048894	UObject	fn_80048894	Object_UpdateO2WComposed33	TW07 PS3	UObject.h	42	void Object_UpdateO2WComposed33(TObject* pObject)	void(UObject* pObj)	E2b,sig,inl-only,nbr,pos=both,weak	C	4.25	2.00	10:1	
80048BDC	UKernel	fn_80048BDC	Kernel_DownloadActors	TW07 PS3	UKernel.c	40	void Kernel_DownloadActors(TStreamDataPtr pData)	void(UStreamObject* pObject)	E2b,sig,size~,pos=both,weak	C	3.25	2.50	23:3	
80049510	UKernel	fn_80049510	Kernel_CloseModule	TW07 PS3	UKernel.c	219	void Kernel_CloseModule()	void()	E2b,sig,size~,pos=both	C	2.50	0.00	23:3	
8004B1A4	GoTerrainCollision	fn_8004B1A4	Ter_Init	TW07 PS3	GoTerrainCollision.c	324	void Ter_Init()	void()	E2b,sig,size,pos=both,weak	C	3.50	2.00	4:4	
8004B1EC	GoTerrainCollision	fn_8004B1EC	Ter_InitTGD	TW07 PS3	GoTerrainCollision.c	376	void Ter_InitTGD(TGD_TerrainInfo* pTerrainData)	void(CourseInfo* pCourse)	E2b,sig,size?,pos=both,weak	C	2.25	2.25	4:4	
8004B588	GoTerrainCollision	fn_8004B588	Ter_FreeDropNetworkLoadCallback	TW07 PS3	GoTerrainCollision.c	567	void Ter_FreeDropNetworkLoadCallback(struct TNetwork* netPtr)	void(TNetwork* pNet)	E2b,sig,size?,pos=both,weak	C	2.25	2.25	4:4	
8004B63C	GoTerrainCollision	fn_8004B63C	Ter_OOBNetworkLoadCallback	TW07 PS3	GoTerrainCollision.c	634	void Ter_OOBNetworkLoadCallback(struct TNetwork* netPtr)	void(TNetwork* pNet)	E2b,sig,size?,pos=both	B	2.25	2.25	1:2	1
8004B78C	GoTerrainCollision	fn_8004B78C	Ter_GetClosestTerNetwork	TW07 PS3	GoTerrainCollision.c	674	float Ter_GetClosestTerNetwork(const float* location, struct TNetwork* pClosestTerNetwork)	f32(CourseInfo* pCourse, f32* pPos)	E2b,sig,size,pos=both	C	5.00	0.25	2:5	
8004CD94	GoTerrainCollision	fn_8004CD94	Ter_GetSupportingWorldTriangle	TW07 PS3	GoTerrainCollision.c	1831	float Ter_GetSupportingWorldTriangle(TGD_TerrainInfo* pTerrainData, float* location, TGD_Cell** pCellResult, TGD_PolygonReference** pPolyRefResult, float*** pTriangleVertices)	f32(CourseInfo* pCourse, f32* pPos, TerCell** ppCell, TerPolyRef** ppRef, f32 (**ppTri)[3])	E2b,sig,size,pos=both	A	6.50	6.00	27:10	1
8004D01C	GoTerrainCollision	fn_8004D01C	Ter_GetCoveringGroundTriangle	TW07 PS3	GoTerrainCollision.c	1929	float Ter_GetCoveringGroundTriangle(TGD_TerrainInfo* pTerrainData, float* location, TGD_Cell** pCellResult, TGD_PolygonReference** pPolyRefResult, float*** pTriangleVertices, uint32* iFirstVertexIndex)	f32(CourseInfo* pCourse, f32* pPos, TerCell** ppCell, TerPolyRef** ppRef, f32 (**ppTri)[3], s32* pTri)	E2b,sig,inl-only,pos=both,weak	C	4.50	4.50	2:2	
8004D2E0	GoTerrainCollision	fn_8004D2E0	Ter_CheckForSolidWorldCollision	TW07 PS3	GoTerrainCollision_Headgate.c	392	bool Ter_CheckForSolidWorldCollision(TGD_TerrainInfo* pTerrainData, int32 playerID, float* fPoint0, float* fPoint1, vec4flt* pCollisionPoint, vec4flt* pSurfaceNormal, struct TGD_MaterialInfo** pSurfaceInfo, TGD_ObjectInstanceInfo** pSurfaceObject)	void(CourseInfo* pCourse, f32* pPos, TerPolyRef** ppRefLow, f32* pLow, f32 (**ppTriLow)[3], TerPolyRef** ppRefHigh, f32* pHigh, f32 (**ppTriHigh)[3])	E2b,sig~,size~,pos=both	C	0.50	0.50	4:9	
8004D5F0	GoTerrainCollision	fn_8004D5F0	Ter_GetSupportingWorldHeight	TW07 PS3	GoTerrainCollision.c	2415	float Ter_GetSupportingWorldHeight(TGD_TerrainInfo* pTerrainData, float* location)	f32(CourseInfo* pCourse, f32* pPos)	E2b,sig,size~,pos=both	B	4.00	3.50	27:10	1
8004D650	GoTerrainCollision	fn_8004D650	Ter_GetCoveringGroundHeightAndNormal	TW07 PS3	GoTerrainCollision_Headgate.c	720	float Ter_GetCoveringGroundHeightAndNormal(TGD_TerrainInfo* pTerrainData, float* location, float* normal)	f32(CourseInfo* pCourse, f32* pPos, f32* pNormal)	E2b,sig,size,pos=both	A	5.75	5.75	1:2	1
8004DBB0	GoTerrainCollision	fn_8004DBB0	Ter_GetSupportingWorldData	TW07 PS3	GoTerrainCollision_Headgate.c	903	float Ter_GetSupportingWorldData(TGD_TerrainInfo* pTerrainData, float* location, struct TGD_MaterialInfo** pSurfaceInfo, float* normal)	f32(CourseInfo* pCourse, f32* pPos, SurfaceType** ppSurface, f32* pNormal)	E2b,sig,size,pos=one,run5	B	6.50	6.50	19:2	1
80050794	GoTerrainCollision	fn_80050794	Ter_ComputeHighestPointInEveryTriangle	TW07 PS3	GoTerrainCollision.c	4425	void Ter_ComputeHighestPointInEveryTriangle(TGD_TerrainInfo* pTerrainData)	void(CourseInfo* pCourse)	E2b,sig,size,pos=both	C	4.25	0.75	19:6	
80050BEC	GoTerrainCollision	fn_80050BEC	Ter_ClearVertexProcessedBit	TW07 PS3	GoTerrainCollision.c	4538	void Ter_ClearVertexProcessedBit(TGD_TerrainInfo* pTerrainData)	s32(SurfaceType* pSurface)	E2b,sig,inl-only,pos=both	C	0.75	0.75	19:6	
80050DE4	Ball	fn_80050DE4	Physics_GetShotTableAndSurfaceID	TW07 PS3	Physics.c	985	bool Physics_GetShotTableAndSurfaceID(enum ShotType_t whichShot, enum Club_t whichClub, bool getBounceTable, const float** shotEstimateTablePtr, int32* surfaceID)	u8(int nKind, int nClub, int a, const ClubRow** ppRow, s32* pSurface)	E2b,sig,size,pos=both	B	6.50	4.00	5:8	1
80050F44	Ball	fn_80050F44	Physics_EstimateBounceDistance100	TW07 PS3	Physics.c	1142	float Physics_EstimateBounceDistance100(enum ShotType_t whichShot, enum Club_t whichClub, float stance)	f32(int nKind, int nClub)	E2b,sig!,size,pos=both	C	0.50	0.00	1:5	
80051124	Ball	fn_80051124	Physics_GetFeetAngle_RightLeft	TW07 PS3	Physics.c	1265	float Physics_GetFeetAngle_RightLeft(const struct PhysicsBall_t* pBall, float shotAngle, float* surfaceNormal)	f32(Ball* pBall, f32 fAim, f32* pNormal)	E2b,sig,inl-only,pos=both,run11	B	3.75	3.75	2:2	1
800511F0	Ball	fn_800511F0	Physics_GetFeetAngle_ForwardBackward	TW07 PS3	Physics.c	1287	float Physics_GetFeetAngle_ForwardBackward(const struct PhysicsBall_t* pBall, float shotAngle, float* surfaceNormal)	f32(Ball* pBall, f32 fAim, f32* pNormal)	E2b,sig,inl-only,pos=both,run11	B	3.75	3.75	2:2	1
80051C84	Ball	fn_80051C84	Physics_SetSpin	TW07 PS3	Physics.c	1677	void Physics_SetSpin(struct PhysicsBall_t* pBall, float sideSpin, float forwardSpin)	void(Ball* pBall, f32 fX, f32 fY)	E2b,sig,size~,pos=both,run11	A	4.75	4.75	2:2	1
80053240	Ball	fn_80053240	Physics_CheckObjectCollisions	TW07 PS3	Physics.c	2942	bool Physics_CheckObjectCollisions(struct PhysicsBall_t* pBall, float deltaTime)	u8(Ball* pBall, f32 fTicks)	E2b,sig,inl-only,nbr,E2,pos=both,weak	C	7.00	7.00	1:4	
80055C1C	Ball	fn_80055C1C	Physics_SetGreenSpeed	TW07 PS3	Physics.c	5305	void Physics_SetGreenSpeed(float speed)	void(u8 b)	E2b,sig~,size~,pos=one	C	2.00	1.25	19:62	
80055C24	Ball	fn_80055C24	Physics_GetGreenSpeed	TW07 PS3	Physics.c	5328	void Physics_GetGreenSpeed(float* speed)	void(int n)	E2b,sig~,size~,pos=one	C	2.00	0.75	19:62	
80055C40	Ball	fn_80055C40	Physics_SetRoughLengthByType	TW07 PS3	Physics.c	5497	void Physics_SetRoughLengthByType(int32 whatValue)	void(int n)	E2b,sig,size,pos=one	C	4.25	0.00	19:62	
80055CA4	Ball	fn_80055CA4	Physics_GetRoughLength	TW07 PS3	Physics.c	5541	float Physics_GetRoughLength()	int()	E2b,sig,size~,pos=one	C	1.00	0.00	19:62	
80055CAC	Ball	fn_80055CAC	Physics_SetTreeDensity	TW07 PS3	Physics.c	5566	void Physics_SetTreeDensity(float whatValue)	void(int n)	E2b,sig~,size~,pos=one	C	2.00	0.00	19:62	
80055CC8	Ball	fn_80055CC8	Physics_GetTreeDensity	TW07 PS3	Physics.c	5578	float Physics_GetTreeDensity()	int()	E2b,sig,size~,pos=one	C	1.00	0.00	19:62	
80055CD0	Ball	fn_80055CD0	Physics_SetSandSpeedByType	TW07 PS3	Physics.c	5584	void Physics_SetSandSpeedByType(int32 whatValue)	void(int n)	E2b,sig,size,pos=one	C	4.25	0.00	19:62	
80055D34	Ball	fn_80055D34	Physics_GetSandSpeed	TW07 PS3	Physics.c	5625	float Physics_GetSandSpeed()	int()	E2b,sig,size~,pos=one	C	1.00	0.00	19:62	
80055D6C	Ball	fn_80055D6C	Physics_CloseModule	TW07 PS3	Physics.c	5904	void Physics_CloseModule()	void()	E2b,sig,size~,pos=one,dup	C	2.50	1.00	19:62	
80055F14	Wind	fn_80055F14	Wind_vInitModule	TW07 PS3	Wind.c	126	void Wind_vInitModule()	void()	E2b,sig,size~,pos=both,coh,run5	B	2.50	2.50	8:9	1
80055F18	Wind	fn_80055F18	Wind_vCloseModule	TW07 PS3	Wind.c	131	void Wind_vCloseModule()	void()	E2b,sig,size~,pos=both,coh,run5	B	2.50	2.50	8:9	1
80055F78	Wind	fn_80055F78	Wind_GetPhysicsDirection	TW07 PS3	Wind.c	167	enum WIND_t Wind_GetPhysicsDirection()	int()	E2b,sig,size~,pos=both,coh,run5	B	2.50	2.50	8:9	1
80055F80	Wind	fn_80055F80	Wind_GetPhysicsSpeed	TW07 PS3	Wind.c	174	float Wind_GetPhysicsSpeed()	f32()	E2b,sig,size~,pos=both,coh,run5	B	2.50	2.50	8:9	1
800561CC	Wind	fn_800561CC	Wind_GetDirection	TW07 PS3	Wind.c	276	void Wind_GetDirection(float* dir)	void(f32* pOut)	E2b,sig,size~,pos=both,coh	B	3.25	3.25	8:9	1
80056454	user	fn_80056454	User	TW07 PS3	user.cpp	5	void User(this)	void()	E2b,sig,size,pos=both	B	3.50	3.50	2:2	1
800564AC	PasswordManager	fn_800564AC	PasswordManager_IsCrAPPasswordEntered	TW07 PS3	PasswordManager.cpp	192	bool PasswordManager::IsCrAPPasswordEntered(int32_t index)	u8(int n)	E2b,sig,size,pos=both	C	4.25	0.00	1:6	
80057FBC	fe_craputils	fn_80057FBC	FE_CrAP_SetupDefaultAssets	TW07 PS3	FE_CrAPUtils.c	2304	void FE_CrAP_SetupDefaultAssets(const struct CrAPInfo_t& crapInfo)	void(SaveProfile* pProfile)	E2b,sig,size!,pos=both	C	0.75	0.75	14:2	
80058208	fe_craputils	fn_80058208	FE_CrAP_InitAlterEgoInfo	TW07 PS3	FE_CrAPUtils.c	2530	void FE_CrAP_InitAlterEgoInfo(const struct CRAPAlterEgo_t& egoInfo)	void(SaveProfile* pProfile)	E2b,sig,size~,pos=both	C	3.25	1.25	14:2	
80058560	fe_craputils	fn_80058560	FE_CrAP_AddCustomAnimation	TW07 PS3	FE_CrAPUtils.c	2542	void FE_CrAP_AddCustomAnimation(const struct CrAPInfo_t& crapInfo, enum CustomAnim_Category_e category, struct FE_CrAP_Asset_t* pAsset)	void(SaveProfile* pProfile, int nKind, char* pName)	E2b,sig,size~,pos=both	B	4.75	3.25	21:6	1
80058624	fe_craputils	fn_80058624	FE_CrAP_RemoveCustomAnimation	TW07 PS3	FE_CrAPUtils.c	2594	void FE_CrAP_RemoveCustomAnimation(const struct CrAPInfo_t& crapInfo, enum CustomAnim_Category_e category, struct FE_CrAP_Asset_t* pAsset)	void(SaveProfile* pProfile, int nKind, char* pName)	E2b,sig,size,pos=both	B	5.75	3.25	21:6	1
800587A8	fe_craputils	fn_800587A8	FE_CrAP_IsCustomAnimationSelected	TW07 PS3	FE_CrAPUtils.c	2680	bool FE_CrAP_IsCustomAnimationSelected(const struct CrAPInfo_t& crapInfo, enum CustomAnim_Category_e category, struct FE_CrAP_Asset_t* pAsset)	u8(SaveProfile* pProfile, int nKind, char* pName)	E2b,sig,size,pos=both,weak	C	5.75	2.75	5:2	
80058DB4	Swing	fn_80058DB4	SW_vCloseModule	TW07 PS3	Swing.c	2055	void SW_vCloseModule()	void()	E2b,sig,size?,pos=both	B	1.50	1.50	2:3	2
80058E40	Swing	fn_80058E40	SW_vDeInitForHole	TW07 PS3	Swing.c	2077	void SW_vDeInitForHole()	void()	E2b,sig,size~,pos=both	B	2.50	1.50	2:3	2
80058F5C	Swing	fn_80058F5C	SW_vUpdateSwing	TW07 PS3	Swing.c	2227	bool SW_vUpdateSwing(enum PlayerNumber_t PlayerID)	u8(int nPlayer)	E2b,sig,size!,pos=both	C	0.75	0.75	4:4	
8005A0FC	Swing	fn_8005A0FC	SW_vUIUpdateBlurBuffer	TW07 PS3	Swing.c	3828	void SW_vUIUpdateBlurBuffer(enum PlayerNumber_t PlayerID)	void(int nPlayer)	E2b,sig,size,pos=both,run5	B	4.25	4.25	5:8	1
8005A478	Swing	fn_8005A478	SW_vUIUpdateIK	TW07 PS3	Swing.c	3901	void SW_vUIUpdateIK(enum PlayerNumber_t PlayerID)	void(int nPlayer)	E2b,sig,size,pos=both,run5	B	4.25	4.25	5:8	1
8005A788	Swing	fn_8005A788	SW_vSetDisplayBoostUI	TW07 PS3	Swing.c	4025	void SW_vSetDisplayBoostUI(enum PlayerNumber_t PlayerID, bool bDisplay)	void(int nPlayer, int a)	E2b,sig,size,pos=both,run5	A	5.00	5.00	5:8	1
8005A7A0	Swing	fn_8005A7A0	SW_vUIRender2D	TW07 PS3	Swing.c	4030	void SW_vUIRender2D(enum PlayerNumber_t PlayerID)	void(int nPlayer)	E2b,sig,size~,pos=both,run5	B	3.25	3.25	5:8	1
8005A850	Swing	fn_8005A850	SW_vUIRender3D	TW07 PS3	Swing.c	4119	void SW_vUIRender3D(enum PlayerNumber_t PlayerID)	void(int nPlayer)	E2b,sig,size,pos=both,run5	B	4.25	4.25	5:8	1
8005B8C8	Swing	fn_8005B8C8_ShapeVector	SW_vGetStrokeDirection	TW07 PS3	Swing.c	5362	void SW_vGetStrokeDirection(enum PlayerNumber_t PlayerID, float* vec)	void(int nPlayer, f32* pOut)	E2b,sig,size?,pos=both,run8	B	3.00	3.00	5:7	1
8005BA94	Swing	fn_8005BA94_MishitAngle	SW_vCalculateMishitAngle	TW07 PS3	Swing.c	5497	float SW_vCalculateMishitAngle(enum PlayerNumber_t PlayerID)	f32(int nPlayer)	E2b,sig,size,pos=both,run8	A	4.25	1.00	5:7	1
8005C15C	Swing	fn_8005C15C	SW_vGetCurrentSpin	TW07 PS3	Swing.c	6164	void SW_vGetCurrentSpin(enum PlayerNumber_t PlayerID, float* fpSide, float* fpForward)	void(int nPlayer, f32* pSpinY, f32* pSpinX)	E2b,sig,size~,pos=both,run8	A	4.75	4.75	25:35	1
8005C1EC	Swing	fn_8005C1EC	SW_vGetHookSlice	TW07 PS3	Swing.c	6189	float SW_vGetHookSlice(enum PlayerNumber_t PlayerID)	f32(int nPlayer)	E2b,sig,size,pos=both,run8	A	4.25	4.25	25:35	1
8005C268	Swing	fn_8005C268	SW_vGetMishitAngle	TW07 PS3	Swing.c	6200	float SW_vGetMishitAngle(enum PlayerNumber_t PlayerID)	f32(int nPlayer)	E2b,sig,size,pos=both,run8	A	4.25	4.25	25:35	1
8005C280	Swing	fn_8005C280	SW_vGetNonPowerAttributeAffectedShotPower	TW07 PS3	Swing.c	6209	float SW_vGetNonPowerAttributeAffectedShotPower(enum PlayerNumber_t PlayerID)	f32(int nPlayer)	E2b,sig,size,pos=both,run8	A	4.25	4.25	25:35	1
8005C298	Swing	fn_8005C298	SW_vCloseSpinWindow	TW07 PS3	Swing.c	6218	void SW_vCloseSpinWindow(enum PlayerNumber_t PlayerID)	void(int nPlayer)	E2b,sig,size,pos=both,run8	A	4.25	4.25	25:35	1
8005CB48	Swing	fn_8005CB48	SW_fGetBoostMagnitude	TW07 PS3	Swing.c	6766	int SW_fGetBoostMagnitude(enum PlayerNumber_t iPlayerID)	int(int nPlayer)	E2b,sig,size,pos=both	B	4.25	4.25	25:35	1
8005CB60	Swing	fn_8005CB60	SW_fGetSpinMagnitude	TW07 PS3	Swing.c	6771	int SW_fGetSpinMagnitude(enum PlayerNumber_t iPlayerID)	int(int nPlayer)	E2b,sig,size,pos=both	B	4.25	4.25	25:35	1
8005CB78	Swing	fn_8005CB78	SW_GetAttributeTable	TW07 PS3	Swing.c	6798	float* SW_GetAttributeTable(enum PlayerNumber_t playerId, SW_eAttributeRange attribRange)	f32(Character* pChar, u64 uEvent)	E2b,sig~,size,pos=both,dup	C	1.50	0.00	2:3	
8005CC18	Swing	fn_8005CC18	SW_GetSkillLevel	TW07 PS3	Swing.c	6979	float SW_GetSkillLevel(enum PlayerNumber_t playerID)	f32(f32* pV)	E2b,sig~,size~,pos=both,weak	C	2.00	2.00	9:18	
8005CC5C	Swing	fn_8005CC5C	SW_TuningFadeDraw	TW07 PS3	Swing.c	7316	int SW_TuningFadeDraw()	int()	E2b,sig,size?,pos=both	C	1.50	0.00	9:18	
8005CC64	Swing	fn_8005CC64	SW_SkipToNextLine	TW07 PS3	Swing.c	7465	char* SW_SkipToNextLine(char* pBuffer, char* pEOF)	void(TexBank* pBank, TexEntry* pTex)	E2b,sig,size~,pos=both,weak	C	2.50	2.50	9:18	
8005CC84	Swing	fn_8005CC84	SW_GetSwingSpeedByShotType	TW07 PS3	Swing.c	7856	float SW_GetSwingSpeedByShotType(enum ShotType_t shotType)	f32(f32 fTan)	E2b,sig~,size~,pos=both	C	2.00	0.50	9:18	
8005D2E4	Code8005D2E4	fn_8005D2E4	GO_vCloseFacility	TW07 PS3	GoMainLoop.c	1452	void GO_vCloseFacility()	void()	E2b,sig,size,pos=none	C	3.50	1.00	4:28	
8005D2F8	Code8005D2E4	fn_8005D2F8	GO_vCommandOnline	TW07 PS3	GoMainLoop.c	1585	void GO_vCommandOnline()	void()	E2b,sig,size,pos=none	C	3.50	1.00	4:28	
8005D348	Code8005D2E4	fn_8005D348	GO_vRenderDarknessForMCSystemUI	TW07 PS3	GoMainLoop.c	2702	void GO_vRenderDarknessForMCSystemUI()	void()	E2b,sig,size,pos=none,dup	C	3.50	0.00	4:28	
80062B60	stateFunc	fn_80062B60	STATEFUNC_CupSelectInit	TW07 PS3	stateFunc.c	6335	void STATEFUNC_CupSelectInit(enum PlayerNumber_t PlayerID)	void(int nPlayer)	E2b,sig,size!,pos=both	C	0.75	0.00	34:25	
80062B64	stateFunc	fn_80062B64	STATEFUNC_CupSelectUpdate	TW07 PS3	stateFunc.c	6376	void STATEFUNC_CupSelectUpdate(enum PlayerNumber_t PlayerID)	void(int nPlayer)	E2b,sig,size!,pos=both	C	0.75	0.00	34:25	
80062B68	stateFunc	fn_80062B68	STATEFUNC_CupSelectExit	TW07 PS3	stateFunc.c	6474	void STATEFUNC_CupSelectExit(enum PlayerNumber_t PlayerID)	void(int nPlayer)	E2b,sig,size!,pos=both,dup	C	0.75	0.00	34:25	
80062B6C	stateFunc	fn_80062B6C	STATEFUNC_EllipseOrbitInit	TW07 PS3	stateFunc.c	6485	void STATEFUNC_EllipseOrbitInit(enum PlayerNumber_t PlayerID)	void(int nPlayer)	E2b,sig,size!,pos=both,dup	C	0.75	0.00	34:25	
80062B74	stateFunc	fn_80062B74	STATEFUNC_EllipseOrbitUpdate	TW07 PS3	stateFunc.c	6504	void STATEFUNC_EllipseOrbitUpdate(enum PlayerNumber_t PlayerID)	void(int nPlayer)	E2b,sig,size!,pos=both	C	0.75	0.00	34:25	
80062B78	stateFunc	fn_80062B78	STATEFUNC_EllipseOrbitExit	TW07 PS3	stateFunc.c	6608	void STATEFUNC_EllipseOrbitExit(enum PlayerNumber_t PlayerID)	void(int nPlayer)	E2b,sig,size!,pos=both,dup	C	0.75	0.00	34:25	
80062B84	stateFunc	fn_80062B84	STATEFUNC_InactivityInit	TW07 PS3	stateFunc.c	6992	void STATEFUNC_InactivityInit(enum PlayerNumber_t PlayerID)	void(int a)	E2b,sig,size!,pos=both,dup	C	0.75	0.00	34:25	
80062B88	stateFunc	fn_80062B88	_stickMoved	TW07 PS3	stateFunc.c	7008	bool _stickMoved(uint8 stickval)	u8(int nPlayer)	E2b,sigw,size?,pos=both,dup	C	1.75	1.25	34:25	
80062BE8	stateFunc	fn_80062BE8	STATEFUNC_EndBoastChallengeUpdate	TW07 PS3	stateFunc.c	7095	void STATEFUNC_EndBoastChallengeUpdate(enum PlayerNumber_t PlayerID)	void(Character* pChar)	E2b,sig~,size,pos=both,weak,dup	C	3.00	1.50	34:25	
80062BFC	stateFunc	fn_80062BFC	STATEFUNC_EnvInfluenceToolInit	TW07 PS3	stateFunc.c	7185	void STATEFUNC_EnvInfluenceToolInit(enum PlayerNumber_t PlayerID)	void(Character* pChar)	E2b,sig~,size~,pos=both,weak	C	2.00	1.50	34:25	
80062CE0	stateFunc	fn_80062CE0	STATEFUNC_EnvInfluenceToolUpdate	TW07 PS3	stateFunc.c	7190	void STATEFUNC_EnvInfluenceToolUpdate(enum PlayerNumber_t PlayerID)	void(u8 a)	E2b,sigw,size,pos=both,weak,dup	C	3.75	1.50	34:25	
80062D0C	stateFunc	fn_80062D0C	STATEFUNC_EnvInfluenceToolExit	TW07 PS3	stateFunc.c	7195	void STATEFUNC_EnvInfluenceToolExit(enum PlayerNumber_t PlayerID)	void(int nPlayer)	E2b,sig,size,pos=both,weak	C	4.25	1.50	34:25	
80062DC0	stateFunc	fn_80062DC0	STATEFUNC_FacilityIdleExit	TW07 PS3	stateFunc.c	7459	void STATEFUNC_FacilityIdleExit(enum PlayerNumber_t PlayerID)	void(View* pView)	E2b,sig~,size?,pos=both,dup	C	1.00	0.50	34:25	
80062E20	stateFunc	fn_80062E20	STATEFUNC_PositionPlayerAtLastManuallyPickedPos	TW07 PS3	stateFunc.c	7478	void STATEFUNC_PositionPlayerAtLastManuallyPickedPos()	void()	E2b,sig,size~,pos=both,dup	C	2.50	0.00	34:25	
80062E40	GoCamCont	fn_80062E40	CameraController_InitOneCamera	TW07 PS3	GoCamCont.c	155	void CameraController_InitOneCamera(CameraController_t* pCameraController)	void(View* pView)	E2b,sig,size~,pos=both	B	3.25	3.25	2:5	1
80062F1C	GoCamCont	fn_80062F1C	CameraController_ResetCameraState	TW07 PS3	GoCamCont.c	190	void CameraController_ResetCameraState(CameraController_t* pCameraController)	void(View* pView)	E2b,sig,size~,pos=both	B	3.25	3.25	2:5	1
800635D0	GoCamCont	fn_800635D0	CameraController_IsFlybyDone	TW07 PS3	GoCamCont.h	411	bool CameraController_IsFlybyDone(CameraController_t* pCameraController)	u8(int nPlayer)	E2b,sig~,inl-only,pos=none	C	1.00	0.75	8:11	
80063608	GoCamCont	fn_80063608	CameraController_PointIsOnScreen	TW07 PS3	GoCamCont.c	990	bool CameraController_PointIsOnScreen(enum PlayerNumber_t ePlayerID, float* worldPoint, float errMargin)	u8(int nPlayer, f32* pPos, f32 fMargin)	E2b,sig,inl-only,pos=both,weak	C	3.75	3.00	4:3	
800636B4	GoCamCont	fn_800636B4	CameraController_RotatingBall	TW07 PS3	GoCamCont.h	479	bool CameraController_RotatingBall(CameraController_t* pCameraController)	u8(int nPlayer)	E2b,sig~,inl-only,pos=none	C	1.00	0.75	8:11	
800636EC	GoCamCont	fn_800636EC	CameraController_GetClippedGolfer	TW07 PS3	GoCamCont.c	1033	int CameraController_GetClippedGolfer()	int()	E2b,sig,size,pos=both	B	3.50	3.50	9:9	1
80063758	GoCamCont	fn_80063758	CameraController_GetClippedShadow	TW07 PS3	GoCamCont.c	1058	int CameraController_GetClippedShadow()	int()	E2b,sig,size,pos=both	B	3.50	3.50	9:9	1
800637C4	GoCamCont	fn_800637C4	CameraController_HideGolfer	TW07 PS3	GoCamCont.c	1082	bool CameraController_HideGolfer(enum PlayerNumber_t ePlayerID, int32 viewID)	u8(int nPlayer, int nView)	E2b,sig,size~,pos=both	B	4.00	2.50	1:2	2
800638B8	GoCamCont	fn_800638B8	CameraController_CheckForEvents	TW07 PS3	GoCamCont.c	1202	void CameraController_CheckForEvents(CameraController_t* pCameraController, enum PlayerNumber_t ePlayerID)	void(View* pView, int nPlayer)	E2b,sig,size,pos=both,run7	A	5.00	2.00	9:9	1
80063920	GoCamCont	fn_80063920	CameraController_CameraCollision	TW07 PS3	GoCamCont.c	1219	void CameraController_CameraCollision(int32 viewID, float* centerPos)	void(int nView, f32* pBounds)	E2b,sig,size,p07l,pos=both,run7	A	5.50	5.50	9:9	1
80063C50	GoCamCont	fn_80063C50	CameraController_IsFadeDone	TW07 PS3	GoCamCont.c	1330	bool CameraController_IsFadeDone(CameraController_t* pCameraController)	u8(View* pView)	E2b,sig,size,pos=both,run7	A	4.25	1.25	7:7	1
80063C7C	GoCamCont	fn_80063C7C	CameraController_IsFadeOutDone	TW07 PS3	GoCamCont.c	1347	bool CameraController_IsFadeOutDone(CameraController_t* pCameraController)	u8(View* pView)	E2b,sig,size?,pos=both,run7	B	2.25	0.75	7:7	1
80063C90	GoCamCont	fn_80063C90	CameraController_IsFadeOn	TW07 PS3	GoCamCont.c	1362	bool CameraController_IsFadeOn(CameraController_t* pCameraController)	u8(View* pView)	E2b,sig,size~,pos=both,run7	A	3.25	0.75	7:7	1
80063CF0	GoCamCont	fn_80063CF0	CameraController_PostEvent	TW07 PS3	GoCamCont.c	1387	void CameraController_PostEvent(CameraController_t* pCameraController, enum CameraEvent_e event, enum PlayerNumber_t ePlayerID)	void(View* pView, int nKind, int nPlayer)	E2b,sig,size?,pos=both	B	3.75	3.25	7:7	1
80063F08	GoCamCont	fn_80063F08	CameraController_LagSideVector	TW07 PS3	GoCamCont.c	1551	void CameraController_LagSideVector(float* current, float* desired, float* result)	void(f32* pA, f32* pB, f32* pOut)	E2b,sig,size,pos=both,run5	A	5.75	5.25	7:7	1
80064108	GoCamCont	fn_80064108	CameraController_ComputeCurrentSideVector	TW07 PS3	GoCamCont.c	1613	void CameraController_ComputeCurrentSideVector(CameraController_t* pCameraController)	void(View* pView)	E2b,sig,size,pos=both,run5	B	4.25	4.25	7:7	1
800642A4	GoCamCont	fn_800642A4	CameraController_SetShakeAmount	TW07 PS3	GoCamCont.c	1656	void CameraController_SetShakeAmount(CameraController_t* pCameraController, float length, float intensity)	void(View* pView, f32 fF0, f32 fF4)	E2b,sig,size~,pos=both,run5	B	4.75	4.75	5:4	1
800642B0	GoCamCont	fn_800642B0	CameraController_bDontClearFrameBuffer	TW07 PS3	GoCamCont.c	1662	bool CameraController_bDontClearFrameBuffer()	u8()	E2b,sig,size~,pos=both,run5	B	2.50	2.50	5:4	1
800642D0	GoCamCont	fn_800642D0_ReapplyCurrentShot	CameraController_FreezeCurrentCamera	TW07 PS3	GoCamCont.c	1689	void CameraController_FreezeCurrentCamera(CameraController_t* pCameraController, enum PlayerNumber_t ePlayerID)	void(View* pView, int nPlayer)	E2b,sig,size,p07l,pos=both	C	5.50	0.50	3:2	
8006449C	GoStaticCam	fn_8006449C	StaticCam_RegisterStreamClients	TW07 PS3	GoStaticCam.c	81	void StaticCam_RegisterStreamClients()	void()	E2b,sig,size,pos=both,weak	C	3.50	2.50	4:4	
800644CC	GoStaticCam	fn_800644CC	StaticCam_UnRegisterStreamClients	TW07 PS3	GoStaticCam.c	95	void StaticCam_UnRegisterStreamClients()	void()	E2b,sig,size~,pos=both,weak	C	2.50	2.50	4:4	
800644F4	GoStaticCam	fn_800644F4	StaticCam_LoadCAMCfromStream	TW07 PS3	GoStaticCam.c	108	void StaticCam_LoadCAMCfromStream(struct TStreamData* pStreamData)	void(UStreamObject* pObject)	E2b,sig,size,pos=both	C	4.25	0.00	4:4	
80064A0C	GoStaticCam	fn_80064A0C	StaticCam_ParseStaticCameraActor	TW07 PS3	GoStaticCam.c	231	void StaticCam_ParseStaticCameraActor(TBasicParamPtr pCameraActor)	void(UStreamObject* pObject)	E2b,sig,size~,pos=both,run4	B	3.25	0.00	5:5	1
80065424	GoStaticCam	fn_80065424	StaticCam_GetFlybyTimeCurve	TW07 PS3	GoStaticCam.c	760	Curve* StaticCam_GetFlybyTimeCurve(uint32 iRouteNum_p)	FlyByPath*(u32 uPath)	E2b,sig,size,pos=both	B	4.25	4.25	1:2	1
800659F4	GoStaticCam	fn_800659F4	StaticCam_LoadFromMemory	TW07 PS3	GoStaticCam.c	1798	void StaticCam_LoadFromMemory(char* pData, int32 filesize)	u8(CamShot* pShot, int nPlayer)	E2b,sig,size?,pos=both	C	1.50	1.00	3:14	
80065B44	event	fn_80065B44	EVENT_ResetIdleSeconds	TW07 PS3	event.c	90	void EVENT_ResetIdleSeconds()	void()	E2b,sig,size~,pos=both	C	2.50	0.00	3:5	
80065B50	event	fn_80065B50	EVENT_BreaklinePassedCup	TW07 PS3	event.c	105	void EVENT_BreaklinePassedCup(enum PlayerNumber_t PlayerID, enum EVENTID_e eventID, float* position_p, enum EVENTVALUE_e value)	void(int nPlayer, int nEvent, void* pData, int nArg)	E2b,sig,size!,pos=both	C	3.00	0.50	3:5	
80065B98	event	fn_80065B98	EVENT_BreaklineDone	TW07 PS3	event.c	109	void EVENT_BreaklineDone(enum PlayerNumber_t PlayerID, enum EVENTID_e eventID, float* position_p, enum EVENTVALUE_e value)	void(int nPlayer, int nEvent, void* pData, int nArg)	E2b,sig,size!,pos=both	C	3.00	0.50	3:5	
80065B9C	event	fn_80065B9C	EVENT_BeginHole	TW07 PS3	event.c	115	void EVENT_BeginHole(enum PlayerNumber_t PlayerID, enum EVENTID_e eventID, float* position_p, enum EVENTVALUE_e value)	void(int nPlayer, int nEvent, void* pData, int nArg)	E2b,sig,size?,pos=both,run14	B	4.50	0.50	77:88	1
80065BE4	event	fn_80065BE4	EVENT_EndHole	TW07 PS3	event.c	122	void EVENT_EndHole(enum PlayerNumber_t PlayerID, enum EVENTID_e eventID, float* position_p, enum EVENTVALUE_e value)	void(int nPlayer, int nEvent, void* pData, int nArg)	E2b,sig,size?,pos=both,run14	B	4.50	0.50	77:88	1
80065C30	event	fn_80065C30	EVENT_RestartHole	TW07 PS3	event.c	130	void EVENT_RestartHole(enum PlayerNumber_t PlayerID, enum EVENTID_e eventID, float* position_p, enum EVENTVALUE_e value)	void(int nPlayer, int nEvent, void* pData, int nArg)	E2b,sig,size~,pos=both,run14	A	5.50	1.50	77:88	1
80065C6C	event	fn_80065C6C	EVENT_BeginTurn	TW07 PS3	event.c	141	void EVENT_BeginTurn(enum PlayerNumber_t PlayerID, enum EVENTID_e eventID, float* position_p, enum EVENTVALUE_e value)	void(int nPlayer, int nEvent, void* pData, int nArg)	E2b,sig,size~,pos=both,run14	A	5.50	1.50	77:88	1
80065CB8	event	fn_80065CB8	EVENT_EndTurn	TW07 PS3	event.c	148	void EVENT_EndTurn(enum PlayerNumber_t PlayerID, enum EVENTID_e eventID, float* position_p, enum EVENTVALUE_e value)	void(int nPlayer, int nEvent, void* pData, int nArg)	E2b,sig,size,pos=both,run14	A	6.50	1.50	77:88	1
80065CDC	event	fn_80065CDC	EVENT_ShotSetup	TW07 PS3	event.c	157	void EVENT_ShotSetup(enum PlayerNumber_t PlayerID, enum EVENTID_e eventID, float* position_p, enum EVENTVALUE_e value)	void(int nPlayer, int nEvent, void* pData, int nArg)	E2b,sig,size?,pos=both,run14	B	4.50	1.50	77:88	1
80065D24	event	fn_80065D24	EVENT_PreSwing	TW07 PS3	event.c	162	void EVENT_PreSwing(enum PlayerNumber_t PlayerID, enum EVENTID_e eventID, float* position_p, enum EVENTVALUE_e value)	void(int nPlayer, int nEvent, void* pData, int nArg)	E2b,sig,size,pos=both,run14	A	6.50	3.50	77:88	1
80065D6C	event	fn_80065D6C	EVENT_Delay	TW07 PS3	event.c	173	void EVENT_Delay(enum PlayerNumber_t PlayerID, enum EVENTID_e eventID, float* position_p, enum EVENTVALUE_e value)	void(int nPlayer, int nEvent, void* pData, int nArg)	E2b,sig,size~,pos=both,run14	A	5.50	5.50	77:88	1
80065D70	event	fn_80065D70	EVENT_PracticeSwing	TW07 PS3	event.c	177	void EVENT_PracticeSwing(enum PlayerNumber_t PlayerID, enum EVENTID_e eventID, float* position_p, enum EVENTVALUE_e value)	void(int nPlayer, int nEvent, void* pData, int nArg)	E2b,sig,size?,pos=both,run14	B	4.50	4.50	77:88	1
80065DB8	event	fn_80065DB8	EVENT_HitBall	TW07 PS3	event.c	184	void EVENT_HitBall(enum PlayerNumber_t PlayerID, enum EVENTID_e eventID, float* position_p, enum EVENTVALUE_e value)	void(int nPlayer, int nEvent, void* pData, int nArg)	E2b,sig,size,pos=both,run14	A	6.50	6.50	77:88	1
80065E70	event	fn_80065E70	EVENT_SwingDone	TW07 PS3	event.c	209	void EVENT_SwingDone(enum PlayerNumber_t PlayerID, enum EVENTID_e eventID, float* position_p, enum EVENTVALUE_e value)	void(int nPlayer, int nEvent, void* pData, int nArg)	E2b,sig,size~,pos=both,run14	A	5.50	5.50	77:88	1
80065E98	event	fn_80065E98	EVENT_BallBounce	TW07 PS3	event.c	215	void EVENT_BallBounce(enum PlayerNumber_t PlayerID, enum EVENTID_e eventID, float* position_p, enum EVENTVALUE_e value)	void(int nPlayer, int nEvent, void* pData, int nArg)	E2b,sig,size~,pos=both,run14	A	5.50	4.50	77:88	1
80065E9C	event	fn_80065E9C	EVENT_NextClub	TW07 PS3	event.c	220	void EVENT_NextClub(enum PlayerNumber_t PlayerID, enum EVENTID_e eventID, float* position_p, enum EVENTVALUE_e value)	void(int nPlayer, int nEvent, void* pData, int nArg)	E2b,sig,size,pos=both,run14	A	6.50	2.00	77:88	1
80066058	event	fn_80066058	EVENT_PrevClub	TW07 PS3	event.c	315	void EVENT_PrevClub(enum PlayerNumber_t PlayerID, enum EVENTID_e eventID, float* position_p, enum EVENTVALUE_e value)	void(int nPlayer, int nEvent, void* pData, int nArg)	E2b,sig,size,pos=both,run14	A	6.50	2.00	77:88	1
80066214	event	fn_80066214	EVENT_PrevStance	TW07 PS3	event.c	419	void EVENT_PrevStance(enum PlayerNumber_t PlayerID, enum EVENTID_e eventID, float* position_p, enum EVENTVALUE_e value)	void(int nPlayer, int nEvent, void* pData, int nArg)	E2b,sig,size,pos=both	B	6.50	2.00	2:5	2
800662A0	event	fn_800662A0	EVENT_NextStance	TW07 PS3	event.c	437	void EVENT_NextStance(enum PlayerNumber_t PlayerID, enum EVENTID_e eventID, float* position_p, enum EVENTVALUE_e value)	void(int nPlayer, int nEvent, void* pData, int nArg)	E2b,sig,size,pos=both	B	6.50	2.00	2:5	2
80066324	event	fn_80066324	EVENT_MoveTargetForward	TW07 PS3	event.c	468	void EVENT_MoveTargetForward(enum PlayerNumber_t PlayerID, enum EVENTID_e eventID, float* position_p, enum EVENTVALUE_e value)	void(int nPlayer, int nEvent, void* pData, int nArg)	E2b,sig,size?,pos=both,run12	B	4.50	0.00	77:88	1
800663A8	event	fn_800663A8	EVENT_MoveTargetBack	TW07 PS3	event.c	475	void EVENT_MoveTargetBack(enum PlayerNumber_t PlayerID, enum EVENTID_e eventID, float* position_p, enum EVENTVALUE_e value)	void(int nPlayer, int nEvent, void* pData, int nArg)	E2b,sig,size~,pos=both,run12	A	5.50	0.00	77:88	1
80066400	event	fn_80066400	EVENT_GreenSelectionMove	TW07 PS3	event.c	482	void EVENT_GreenSelectionMove(enum PlayerNumber_t PlayerID, enum EVENTID_e eventID, float* position_p, enum EVENTVALUE_e value)	void(int nPlayer, int nEvent, void* pData, int nArg)	E2b,sig,size,pos=both,run12	A	6.50	0.00	77:88	1
80066458	event	fn_80066458	EVENT_GreenCupSelectionSelect	TW07 PS3	event.c	495	void EVENT_GreenCupSelectionSelect(enum PlayerNumber_t PlayerID, enum EVENTID_e eventID, float* position_p, enum EVENTVALUE_e value)	void(int nPlayer, int nEvent, void* pData, int nArg)	E2b,sig,size~,pos=both,run12	A	5.50	0.00	77:88	1
80066498	event	fn_80066498	EVENT_CupSelectionMove	TW07 PS3	event.c	514	void EVENT_CupSelectionMove(enum PlayerNumber_t PlayerID, enum EVENTID_e eventID, float* position_p, enum EVENTVALUE_e value)	void(int nPlayer, int nEvent, void* pData, int nArg)	E2b,sig,size,pos=both,run12	A	6.50	1.00	77:88	1
800664D8	event	fn_800664D8	EVENT_PlaceBallRotateRight	TW07 PS3	event.c	528	void EVENT_PlaceBallRotateRight(enum PlayerNumber_t PlayerID, enum EVENTID_e eventID, float* position_p, enum EVENTVALUE_e value)	void(int nPlayer, int nEvent, void* pData, int nArg)	E2b,sig,size~,pos=both,run12	A	5.50	2.00	77:88	1
800664F8	event	fn_800664F8	EVENT_PlaceBallRotateLeft	TW07 PS3	event.c	539	void EVENT_PlaceBallRotateLeft(enum PlayerNumber_t PlayerID, enum EVENTID_e eventID, float* position_p, enum EVENTVALUE_e value)	void(int nPlayer, int nEvent, void* pData, int nArg)	E2b,sig,size~,pos=both,run12	A	5.50	2.00	77:88	1
80066518	event	fn_80066518	EVENT_PlaceBallMoveTargetForward	TW07 PS3	event.c	550	void EVENT_PlaceBallMoveTargetForward(enum PlayerNumber_t PlayerID, enum EVENTID_e eventID, float* position_p, enum EVENTVALUE_e value)	void(int nPlayer, int nEvent, void* pData, int nArg)	E2b,sig,size~,pos=both,run12	A	5.50	2.00	77:88	1
80066538	event	fn_80066538	EVENT_PlaceBallMoveTargetBack	TW07 PS3	event.c	557	void EVENT_PlaceBallMoveTargetBack(enum PlayerNumber_t PlayerID, enum EVENTID_e eventID, float* position_p, enum EVENTVALUE_e value)	void(int nPlayer, int nEvent, void* pData, int nArg)	E2b,sig,size~,pos=both,run12	A	5.50	2.00	77:88	1
80066558	event	fn_80066558	EVENT_Idle	TW07 PS3	event.c	563	void EVENT_Idle(enum PlayerNumber_t PlayerID, enum EVENTID_e eventID, float* position_p, enum EVENTVALUE_e value)	void(int nPlayer, int nEvent, void* pData, int nArg)	E2b,sig,size,pos=both,run12	A	6.50	4.50	77:88	1
800665D4	event	fn_800665D4	EVENT_TopOfArc	TW07 PS3	event.c	582	void EVENT_TopOfArc(enum PlayerNumber_t PlayerID, enum EVENTID_e eventID, float* position_p, enum EVENTVALUE_e value)	void(int nPlayer, int nEvent, void* pData, int nArg)	E2b,sig,size~,pos=both,run12	A	5.50	4.50	77:88	1
80066664	event	fn_80066664	EVENT_FirstBounce	TW07 PS3	event.c	606	void EVENT_FirstBounce(enum PlayerNumber_t PlayerID, enum EVENTID_e eventID, float* position_p, enum EVENTVALUE_e value)	void(int nPlayer, int nEvent, void* pData, int nArg)	E2b,sig,size,pos=both,run12	A	6.50	5.00	77:88	1
8006676C	event	fn_8006676C	EVENT_NonFirstBounce	TW07 PS3	event.c	658	void EVENT_NonFirstBounce(enum PlayerNumber_t PlayerID, enum EVENTID_e eventID, float* position_p, enum EVENTVALUE_e value)	void(int nPlayer, int nEvent, void* pData, int nArg)	E2b,sig,size!,pos=1:1	C	3.00	3.00	1:1	
800667C0	event	fn_800667C0	EVENT_LastBounceForSpinna	TW07 PS3	event.c	663	void EVENT_LastBounceForSpinna(enum PlayerNumber_t PlayerID, enum EVENTID_e eventID, float* position_p, enum EVENTVALUE_e value)	void(int nPlayer, int nEvent, void* pData, int nArg)	E2b,sig,size~,pos=both,run4	B	5.50	3.00	77:88	1
80066828	event	fn_80066828	EVENT_BallStop	TW07 PS3	event.c	686	void EVENT_BallStop(enum PlayerNumber_t PlayerID, enum EVENTID_e eventID, float* position_p, enum EVENTVALUE_e value)	void(int nPlayer, int nEvent, void* pData, int nArg)	E2b,sig,size,pos=both,run4	B	6.50	3.00	77:88	1
800668A8	event	fn_800668A8	EVENT_InHole	TW07 PS3	event.c	709	void EVENT_InHole(enum PlayerNumber_t PlayerID, enum EVENTID_e eventID, float* position_p, enum EVENTVALUE_e value)	void(int nPlayer, int nEvent, void* pData, int nArg)	E2b,sig,size~,pos=both,run4	B	5.50	3.00	77:88	1
80066920	event	fn_80066920	EVENT_OutOfBounds	TW07 PS3	event.c	728	void EVENT_OutOfBounds(enum PlayerNumber_t PlayerID, enum EVENTID_e eventID, float* position_p, enum EVENTVALUE_e value)	void(int nPlayer, int nEvent, void* pData, int nArg)	E2b,sig,size~,pos=both,run4	B	5.50	3.00	77:88	1
80066994	event	fn_80066994	EVENT_Collision	TW07 PS3	event.c	748	void EVENT_Collision(enum PlayerNumber_t PlayerID, enum EVENTID_e eventID, float* position_p, enum EVENTVALUE_e value)	void(int nPlayer, int nEvent, void* pData, int nArg)	E2b,sig,size!,pos=both	C	3.00	3.00	2:2	
800669B4	event	fn_800669B4	EVENT_CollisionObject	TW07 PS3	event.c	754	void EVENT_CollisionObject(enum PlayerNumber_t PlayerID, enum EVENTID_e eventID, float* position_p, enum EVENTVALUE_e value)	void(int nPlayer, int nEvent, void* pData, int nArg)	E2b,sig,size!,pos=both	C	3.00	3.00	2:2	
800669D4	event	fn_800669D4	EVENT_CollisionTree	TW07 PS3	event.c	760	void EVENT_CollisionTree(enum PlayerNumber_t PlayerID, enum EVENTID_e eventID, float* position_p, enum EVENTVALUE_e value)	void(int nPlayer, int nEvent, void* pData, int nArg)	E2b,sig,size?,pos=both	B	4.50	3.00	77:88	1
800669F4	event	fn_800669F4	EVENT_CollisionPin	TW07 PS3	event.c	776	void EVENT_CollisionPin(enum PlayerNumber_t PlayerID, enum EVENTID_e eventID, float* position_p, enum EVENTVALUE_e value)	void(int nPlayer, int nEvent, void* pData, int nArg)	E2b,sig,size!,pos=1:1	C	3.00	3.00	1:1	
80066A14	event	fn_80066A14	EVENT_EstimatedBallFirstBounce	TW07 PS3	event.c	782	void EVENT_EstimatedBallFirstBounce(enum PlayerNumber_t PlayerID, enum EVENTID_e eventID, float* position_p, enum EVENTVALUE_e value)	void(int nPlayer, int nEvent, void* pData, int nArg)	E2b,sig,size~,pos=both	B	5.50	4.00	77:88	1
80066A3C	event	fn_80066A3C	EVENT_CollisionActor	TW07 PS3	event.c	797	void EVENT_CollisionActor(enum PlayerNumber_t PlayerID, enum EVENTID_e eventID, float* position_p, enum EVENTVALUE_e value)	void(int nPlayer, int nEvent, void* pData, int nArg)	E2b,sig,size,pos=both	B	6.50	4.00	77:88	1
80066A9C	event	fn_80066A9C	EVENT_PlayerEmotionUpdated	TW07 PS3	event.c	813	void EVENT_PlayerEmotionUpdated(enum PlayerNumber_t PlayerID, enum EVENTID_e eventID, float* position_p, enum EVENTVALUE_e value)	void(int nPlayer, int nEvent, void* pData, int nArg)	E2b,sig,size!,pos=1:1	C	3.00	3.00	1:1	
80066BB8	event	fn_80066BB8	EVENT_BallMoving	TW07 PS3	event.c	817	void EVENT_BallMoving(enum PlayerNumber_t PlayerID, enum EVENTID_e eventID, float* position_p, enum EVENTVALUE_e value)	void(int nPlayer, int nEvent, void* pData, int nArg)	E2b,sig,size,pos=both	B	6.50	3.00	77:88	1
80066BE8	event	fn_80066BE8	EVENT_SpinWindowFinished	TW07 PS3	event.c	827	void EVENT_SpinWindowFinished(enum PlayerNumber_t PlayerID, enum EVENTID_e eventID, float* position_p, enum EVENTVALUE_e value)	void(int nPlayer, int nEvent, void* pData, int nArg)	E2b,sig,size!,pos=both	C	3.00	3.00	2:2	
80066C08	event	fn_80066C08	EVENT_BeganBackswing	TW07 PS3	event.c	833	void EVENT_BeganBackswing(enum PlayerNumber_t PlayerID, enum EVENTID_e eventID, float* position_p, enum EVENTVALUE_e value)	void(int nPlayer, int nEvent, void* pData, int nArg)	E2b,sig,size!,pos=both	C	3.00	3.00	2:2	
80066C2C	event	fn_80066C2C	EVENT_SpinnaSpinnaSpinna	TW07 PS3	event.c	839	void EVENT_SpinnaSpinnaSpinna(enum PlayerNumber_t PlayerID, enum EVENTID_e eventID, float* position_p, enum EVENTVALUE_e value)	void(int nPlayer, int nEvent, void* pData, int nArg)	E2b,sig,size?,pos=both,run5	B	4.50	1.00	77:88	1
80066C6C	event	fn_80066C6C	EVENT_TappaTappaTappa	TW07 PS3	event.c	851	void EVENT_TappaTappaTappa(enum PlayerNumber_t PlayerID, enum EVENTID_e eventID, float* position_p, enum EVENTVALUE_e value)	void(int nPlayer, int nEvent, void* pData, int nArg)	E2b,sig,size?,pos=both,run5	B	4.50	1.00	77:88	1
80066CAC	event	fn_80066CAC	EVENT_BeganDownSwing	TW07 PS3	event.c	863	void EVENT_BeganDownSwing(enum PlayerNumber_t PlayerID, enum EVENTID_e eventID, float* position_p, enum EVENTVALUE_e value)	void(int nPlayer, int nEvent, void* pData, int nArg)	E2b,sig,size,pos=both,run5	B	6.50	1.00	77:88	1
80066D0C	event	fn_80066D0C	EVENT_StartCameraZoom	TW07 PS3	event.c	872	void EVENT_StartCameraZoom(enum PlayerNumber_t PlayerID, enum EVENTID_e eventID, float* position_p, enum EVENTVALUE_e value)	void(int nPlayer, int nEvent, void* pData, int nArg)	E2b,sig,size~,pos=both,run5	B	5.50	1.00	77:88	1
80066D30	event	fn_80066D30	EVENT_EndCameraZoom	TW07 PS3	event.c	877	void EVENT_EndCameraZoom(enum PlayerNumber_t PlayerID, enum EVENTID_e eventID, float* position_p, enum EVENTVALUE_e value)	void(int nPlayer, int nEvent, void* pData, int nArg)	E2b,sig,size~,pos=both,run5	B	5.50	1.00	77:88	1
80066D54	event	fn_80066D54	EVENT_EndMatrixCam	TW07 PS3	event.c	889	void EVENT_EndMatrixCam(enum PlayerNumber_t PlayerID, enum EVENTID_e eventID, float* position_p, enum EVENTVALUE_e value)	void(int nPlayer, int nEvent, void* pData, int nArg)	E2b,sig,size~,pos=both,run9	A	5.50	0.00	77:88	1
80066D58	event	fn_80066D58	EVENT_3ShotSwingStarted	TW07 PS3	event.c	894	void EVENT_3ShotSwingStarted(enum PlayerNumber_t PlayerID, enum EVENTID_e eventID, float* position_p, enum EVENTVALUE_e value)	void(int nPlayer, int nEvent, void* pData, int nArg)	E2b,sig,size~,pos=both,run9	A	5.50	0.00	77:88	1
80066D5C	event	fn_80066D5C	EVENT_SlowMotionStart	TW07 PS3	event.c	899	void EVENT_SlowMotionStart(enum PlayerNumber_t PlayerID, enum EVENTID_e eventID, float* position_p, enum EVENTVALUE_e value)	void(int nPlayer, int nEvent, void* pData, int nArg)	E2b,sig,size~,pos=both,run9	A	5.50	0.00	77:88	1
80066D60	event	fn_80066D60	EVENT_SlowMotionEnd	TW07 PS3	event.c	903	void EVENT_SlowMotionEnd(enum PlayerNumber_t PlayerID, enum EVENTID_e eventID, float* position_p, enum EVENTVALUE_e value)	void(int nPlayer, int nEvent, void* pData, int nArg)	E2b,sig,size~,pos=both,run9	A	5.50	0.00	77:88	1
80066D64	event	fn_80066D64	EVENT_FastMotionStart	TW07 PS3	event.c	907	void EVENT_FastMotionStart(enum PlayerNumber_t PlayerID, enum EVENTID_e eventID, float* position_p, enum EVENTVALUE_e value)	void(int nPlayer, int nEvent, void* pData, int nArg)	E2b,sig,size~,pos=both,run9	A	5.50	0.00	77:88	1
80066D68	event	fn_80066D68	EVENT_FastMotionEnd	TW07 PS3	event.c	911	void EVENT_FastMotionEnd(enum PlayerNumber_t PlayerID, enum EVENTID_e eventID, float* position_p, enum EVENTVALUE_e value)	void(int nPlayer, int nEvent, void* pData, int nArg)	E2b,sig,size~,pos=both,run9	A	5.50	0.00	77:88	1
80066D6C	event	fn_80066D6C	EVENT_StartSuperZoomCam	TW07 PS3	event.c	915	void EVENT_StartSuperZoomCam(enum PlayerNumber_t PlayerID, enum EVENTID_e eventID, float* position_p, enum EVENTVALUE_e value)	void(int nPlayer, int nEvent, void* pData, int nArg)	E2b,sig,size~,pos=both,run9	A	5.50	0.00	77:88	1
80066D70	event	fn_80066D70	EVENT_EndSuperZoomCam	TW07 PS3	event.c	919	void EVENT_EndSuperZoomCam(enum PlayerNumber_t PlayerID, enum EVENTID_e eventID, float* position_p, enum EVENTVALUE_e value)	void(int nPlayer, int nEvent, void* pData, int nArg)	E2b,sig,size~,pos=both,run9	A	5.50	0.00	77:88	1
80066D74	event	fn_80066D74	EVENT_BasicHandler	TW07 PS3	event.c	923	void EVENT_BasicHandler(enum PlayerNumber_t PlayerID, enum EVENTID_e eventID, float* position_p, enum EVENTVALUE_e value)	void(int nPlayer, int nEvent, void* pData, int nArg)	E2b,sig,size~,pos=both,run9	A	5.50	0.00	77:88	1
80066D78	event	fn_80066D78	EVENT_SpecialSwingDone	TW07 PS3	event.c	934	void EVENT_SpecialSwingDone(enum PlayerNumber_t PlayerID, enum EVENTID_e eventID, float* position_p, enum EVENTVALUE_e value)	void(int nPlayer, int nEvent, void* pData, int nArg)	E2b,sig,size~,pos=both,run6	A	5.50	1.00	77:88	1
80066DC4	event	fn_80066DC4	EVENT_BallPredictionDone	TW07 PS3	event.c	944	void EVENT_BallPredictionDone(enum PlayerNumber_t PlayerID, enum EVENTID_e eventID, float* position_p, enum EVENTVALUE_e value)	void(int nPlayer, int nEvent, void* pData, int nArg)	E2b,sig,size,pos=both,run6	A	6.50	2.00	77:88	1
80066E28	event	fn_80066E28	EVENT_ScriptedGameBreakerStarted	TW07 PS3	event.c	969	void EVENT_ScriptedGameBreakerStarted(enum PlayerNumber_t PlayerID, enum EVENTID_e eventID, float* position_p, enum EVENTVALUE_e value)	void(int nPlayer, int nEvent, void* pData, int nArg)	E2b,sig,size?,pos=both,run6	B	4.50	1.50	77:88	1
80066E6C	event	fn_80066E6C	EVENT_ScriptedGameBreakerEnd	TW07 PS3	event.c	980	void EVENT_ScriptedGameBreakerEnd(enum PlayerNumber_t PlayerID, enum EVENTID_e eventID, float* position_p, enum EVENTVALUE_e value)	void(int nPlayer, int nEvent, void* pData, int nArg)	E2b,sig,size~,pos=both,run6	A	5.50	1.50	77:88	1
80066E90	event	fn_80066E90	EVENT_PredictedGameBreakerStarted	TW07 PS3	event.c	985	void EVENT_PredictedGameBreakerStarted(enum PlayerNumber_t PlayerID, enum EVENTID_e eventID, float* position_p, enum EVENTVALUE_e value)	void(int nPlayer, int nEvent, void* pData, int nArg)	E2b,sig,size~,pos=both,run6	A	5.50	1.50	77:88	1
80066EB8	event	fn_80066EB8	EVENT_PredictedGameBreakerEnd	TW07 PS3	event.c	990	void EVENT_PredictedGameBreakerEnd(enum PlayerNumber_t PlayerID, enum EVENTID_e eventID, float* position_p, enum EVENTVALUE_e value)	void(int nPlayer, int nEvent, void* pData, int nArg)	E2b,sig,size~,pos=both,run6	A	5.50	1.50	77:88	1
80066EDC	event	fn_80066EDC	EVENT_EndGame	TW07 PS3	event.c	995	void EVENT_EndGame(enum PlayerNumber_t PlayerID, enum EVENTID_e eventID, float* position_p, enum EVENTVALUE_e value)	void(int nPlayer, int nEvent, void* pData, int nArg)	E2b,sig,size!,pos=both	C	3.00	2.50	4:5	
80066F30	event	fn_80066F30	EVENT_LeaderboardDisplay	TW07 PS3	event.c	1000	void EVENT_LeaderboardDisplay(enum PlayerNumber_t PlayerID, enum EVENTID_e eventID, float* position_p, enum EVENTVALUE_e value)	void(int nPlayer, int nEvent, void* pData, int nArg)	E2b,sig,size~,pos=both,weak	C	5.50	2.50	4:5	
80066F58	event	fn_80066F58	EVENT_UnlockedNewCharacter	TW07 PS3	event.c	1005	void EVENT_UnlockedNewCharacter(enum PlayerNumber_t PlayerID, enum EVENTID_e eventID, float* position_p, enum EVENTVALUE_e value)	void(int nPlayer, int nEvent, void* pData, int nArg)	E2b,sig,size~,pos=both,weak	C	5.50	2.50	4:5	
80066F80	event	fn_80066F80	EVENT_UnlockedNewCourse	TW07 PS3	event.c	1010	void EVENT_UnlockedNewCourse(enum PlayerNumber_t PlayerID, enum EVENTID_e eventID, float* position_p, enum EVENTVALUE_e value)	void(int nPlayer, int nEvent, void* pData, int nArg)	E2b,sig,size~,pos=both,weak	C	5.50	2.50	4:5	
80066FA8	event	fn_80066FA8	EVENT_SpeedgolfGo	TW07 PS3	event.c	1019	void EVENT_SpeedgolfGo(enum PlayerNumber_t PlayerID, enum EVENTID_e eventID, float* position_p, enum EVENTVALUE_e value)	void(int nPlayer, int nEvent, void* pData, int nArg)	E2b,sig,size~,pos=both,run5	B	5.50	0.00	77:88	1
80066FAC	event	fn_80066FAC	EVENT_ScoreCardDone	TW07 PS3	event.c	1023	void EVENT_ScoreCardDone(enum PlayerNumber_t PlayerID, enum EVENTID_e eventID, float* position_p, enum EVENTVALUE_e value)	void(int nPlayer, int nEvent, void* pData, int nArg)	E2b,sig,size~,pos=both,run5	B	5.50	0.00	77:88	1
80066FB0	event	fn_80066FB0	EVENT_AnimationSkinReset	TW07 PS3	event.c	1027	void EVENT_AnimationSkinReset(enum PlayerNumber_t PlayerID, enum EVENTID_e eventID, float* position_p, enum EVENTVALUE_e value)	void(int nPlayer, int nEvent, void* pData, int nArg)	E2b,sig,size~,pos=both,run5	B	5.50	0.00	77:88	1
80066FB4	event	fn_80066FB4	EVENT_NewAnimationPlayed	TW07 PS3	event.c	1031	void EVENT_NewAnimationPlayed(enum PlayerNumber_t PlayerID, enum EVENTID_e eventID, float* position_p, enum EVENTVALUE_e value)	void(int nPlayer, int nEvent, void* pData, int nArg)	E2b,sig,size,pos=both,run5	B	6.50	2.50	77:88	1
80066FD4	event	fn_80066FD4	EVENT_FlyByEvent	TW07 PS3	event.c	1053	void EVENT_FlyByEvent(enum PlayerNumber_t PlayerID, enum EVENTID_e eventID, float* position_p, enum EVENTVALUE_e value)	void(int nPlayer, int nEvent, void* pData, int nArg)	E2b,sig,size~,pos=both,run5	B	5.50	2.50	77:88	1
80067004	event	fn_80067004	EVENT_BallHitDelayed	TW07 PS3	event.c	1070	void EVENT_BallHitDelayed(enum PlayerNumber_t PlayerID, enum EVENTID_e eventID, float* position_p, enum EVENTVALUE_e value)	void(int nPlayer, int nEvent, void* pData, int nArg)	E2b,sig,size~,pos=both,run4	B	5.50	2.50	77:88	1
8006702C	event	fn_8006702C	EVENT_RandomBounce	TW07 PS3	event.c	1075	void EVENT_RandomBounce(enum PlayerNumber_t PlayerID, enum EVENTID_e eventID, float* position_p, enum EVENTVALUE_e value)	void(int nPlayer, int nEvent, void* pData, int nArg)	E2b,sig,size?,pos=both,run4	B	4.50	2.50	77:88	1
800670A8	event	fn_800670A8	Collision	TW07 PS3	event.c	1252	void Collision(enum PlayerNumber_t PlayerID, enum EVENTID_e eventID, float* position_p, enum EVENTVALUE_e value)	void(int nPlayer, int nEvent, void* pData, int nArg)	E2b,sig,size,pos=both,run4	A	6.50	6.50	13:3	1
80067220	event	fn_80067220	sys_event_port_destroy	TW07 PS3	event.h	171	int sys_event_port_destroy(sys_event_port_t eport_id)	void(int nPlayer)	E2b,sig,inl-only,pos=none	C	0.75	0.00	26:8	
80067550	event	fn_80067550	sys_event_port_destroy	TW07 PS3	event.h.2	171	int sys_event_port_destroy(sys_event_port_t eport_id)	void(int nPlayer)	E2b,sig,inl-only,pos=none	C	0.75	0.00	26:10	
8006755C	event	fn_8006755C	NextShotType	TW07 PS3	event.c	1390	void NextShotType(enum PlayerNumber_t PlayerID)	void(int nPlayer)	E2b,sig,inl-only,pos=both,dup	C	2.25	0.00	12:2	
80067CD4	target	fn_80067CD4	TARGET_RenderMarker	TW07 PS3	Target.c	216	void TARGET_RenderMarker(enum PlayerNumber_t PlayerID)	void(int nPlayer)	E2b,sig,size,pos=both,run4	B	4.25	4.25	1:2	1
800690C0	target	fn_800690C0	Target_RotateLeft	TW07 PS3	Target.c	1174	void Target_RotateLeft(enum PlayerNumber_t PlayerID)	void(int nPlayer)	E2b,sig,size~,pos=both,run10	A	3.25	2.25	4:5	1
80069104	target	fn_80069104	Target_RotateRight	TW07 PS3	Target.c	1184	void Target_RotateRight(enum PlayerNumber_t PlayerID)	void(int nPlayer)	E2b,sig,size~,pos=both,run10	A	3.25	2.25	4:5	1
80069148	target	fn_80069148	Target_MoveForward	TW07 PS3	Target.c	1194	void Target_MoveForward(enum PlayerNumber_t PlayerID)	void(int nPlayer)	E2b,sig,size~,pos=both,run10	A	3.25	2.25	4:5	1
800691B0	target	fn_800691B0	Target_MoveBack	TW07 PS3	Target.c	1225	void Target_MoveBack(enum PlayerNumber_t PlayerID)	void(int nPlayer)	E2b,sig,size~,pos=both,run10	A	3.25	2.25	4:5	1
80069A84	target	fn_80069A84	PlaceBall_MoveForward	TW07 PS3	Target.c	1630	void PlaceBall_MoveForward(enum PlayerNumber_t PlayerID)	void(int nPlayer)	E2b,sig,size,pos=both,run4	B	4.25	0.00	5:6	1
80069AFC	target	fn_80069AFC	PlaceBall_MoveBack	TW07 PS3	Target.c	1649	void PlaceBall_MoveBack(enum PlayerNumber_t PlayerID)	void(int nPlayer)	E2b,sig,size,pos=both,run4	B	4.25	0.00	5:6	1
80069B74	target	fn_80069B74	PlaceBall_MoveLeft	TW07 PS3	Target.c	1670	void PlaceBall_MoveLeft(enum PlayerNumber_t PlayerID)	void(int nPlayer)	E2b,sig,size,pos=both,run4	B	4.25	0.00	5:6	1
80069BEC	target	fn_80069BEC	PlaceBall_MoveRight	TW07 PS3	Target.c	1689	void PlaceBall_MoveRight(enum PlayerNumber_t PlayerID)	void(int nPlayer)	E2b,sig,size,pos=both,run4	B	4.25	0.00	5:6	1
8006A7A8	target	fn_8006A7A8	PlaceBall_NetworkLoadCallback	TW07 PS3	Target.c	2253	void PlaceBall_NetworkLoadCallback(struct TNetwork* netPtr)	void(u8* pChunk)	E2b,sig,size,pos=both	B	4.25	4.25	10:6	1
8006A89C	target	fn_8006A89C	PlaceBall_ResetPBNetwork	TW07 PS3	Target.c	2297	void PlaceBall_ResetPBNetwork()	void()	E2b,sig,size~,pos=both	C	2.50	1.00	9:4	
8006A9AC	target	fn_8006A9AC	PlaceBall_DistanceFromPin	TW07 PS3	Target.c	2312	float PlaceBall_DistanceFromPin(float* pos)	void(f32* pColor)	E2b,sig,size,pos=both,weak	C	2.75	2.00	9:4	
8006AA70	emotion	fn_8006AA70	Emotion_GetPredictedEmotionType	TW07 PS3	Emotion.c	92	enum PlayerEmotionType_e Emotion_GetPredictedEmotionType(enum PlayerNumber_t ePlayerID)	int(int nPlayer)	E2b,sig,size,pos=both,run7	A	4.25	0.00	6:9	1
8006AA84	emotion	fn_8006AA84	Emotion_GetPredictedEmotionStrength	TW07 PS3	Emotion.c	100	enum PlayerEmotionStrength_e Emotion_GetPredictedEmotionStrength(enum PlayerNumber_t ePlayerID)	int(int nPlayer)	E2b,sig,size,pos=both,run7	A	4.25	0.00	6:9	1
8006AA9C	emotion	fn_8006AA9C	Emotion_GetPredictedEmotionAnimationType	TW07 PS3	Emotion.c	107	enum PlayerEmotionPostShotAnimationType_e Emotion_GetPredictedEmotionAnimationType(enum PlayerNumber_t ePlayerID)	int(int nPlayer)	E2b,sig,size,p07l,pos=both,run7	A	4.75	0.50	6:9	1
8006AAB4	emotion	fn_8006AAB4	Emotion_SetAnimationType	TW07 PS3	Emotion.c	121	void Emotion_SetAnimationType(enum PlayerNumber_t ePlayerID, enum PlayerEmotionPostShotAnimationType_e type)	void(int nPlayer, int nResult)	E2b,sig,size,p07l,pos=both,run7	A	5.50	5.50	6:9	1
8006ACE0	emotion	fn_8006ACE0	Emotion_SetPredictedAnimationType	TW07 PS3	Emotion.c	176	void Emotion_SetPredictedAnimationType(enum PlayerNumber_t ePlayerID, enum PlayerEmotionPostShotAnimationType_e type)	void(int nPlayer, int nResult)	E2b,sig,size,p07l,pos=both,run7	A	5.50	5.50	6:9	1
8006ACF8	emotion	fn_8006ACF8	Emotion_PostBallEvent	TW07 PS3	Emotion.c	187	void Emotion_PostBallEvent(enum PlayerNumber_t ePlayerID, enum BallEmotionEvent_e event)	void(int nPlayer, int a)	E2b,sig,size,E2,p07l,pos=both,run7	A	7.50	7.50	6:9	1
8006AE50	emotion	fn_8006AE50	Emotion_PreShotEmotionUpdate	TW07 PS3	Emotion.c	307	void Emotion_PreShotEmotionUpdate(enum PlayerNumber_t ePlayerID)	void(int nPlayer)	E2b,sig,size~,pos=both,run12	A	3.25	2.50	14:13	1
8006B0B8	emotion	fn_8006B0B8	Emotion_SwingEmotionUpdate	TW07 PS3	Emotion.c	379	void Emotion_SwingEmotionUpdate(enum PlayerNumber_t ePlayerID)	void(int nPlayer)	E2b,sig,size,pos=both,run12	A	4.25	2.50	14:13	1
8006B250	emotion	fn_8006B250	Emotion_SimulateUpdate	TW07 PS3	Emotion.c	455	void Emotion_SimulateUpdate(enum PlayerNumber_t ePlayerID)	void(int nPlayer)	E2b,sig,size~,pos=both,run12	A	3.25	3.25	14:13	1
8006B2C4	emotion	fn_8006B2C4	Emotion_PostShotUpdate	TW07 PS3	Emotion.c	483	void Emotion_PostShotUpdate(enum PlayerNumber_t ePlayerID, bool predicted)	void(int nPlayer, u8 bBefore)	E2b,sig,size~,p07l,pos=both,run12	A	4.50	4.50	14:13	1
8006B57C	emotion	fn_8006B57C	Emotion_BallHitUpdate	TW07 PS3	Emotion.c	1225	void Emotion_BallHitUpdate(enum PlayerNumber_t ePlayerID)	void(int nPlayer)	E2b,sig,size,p07l,pos=both,run12	A	4.75	4.75	14:13	1
8006B6D0	emotion	fn_8006B6D0	Emotion_BallCollisionUpdate	TW07 PS3	Emotion.c	1277	void Emotion_BallCollisionUpdate(enum PlayerNumber_t ePlayerID)	void(int nPlayer)	E2b,sig,size,pos=both,run12	A	4.25	4.25	14:13	1
8006B6F0	emotion	fn_8006B6F0	Emotion_BallBounceUpdate	TW07 PS3	Emotion.c	1286	void Emotion_BallBounceUpdate(enum PlayerNumber_t ePlayerID)	void(int nPlayer)	E2b,sig,size,pos=both,run12	A	4.25	4.25	14:13	1
8006B87C	emotion	fn_8006B87C	Emotion_BallTopOfArcUpdate	TW07 PS3	Emotion.c	1337	void Emotion_BallTopOfArcUpdate(enum PlayerNumber_t ePlayerID)	void(int nPlayer)	E2b,sig,size,pos=both,run12	A	4.25	4.25	14:13	1
8006BAA8	emotion	fn_8006BAA8	Emotion_ResetSuspenseMeter	TW07 PS3	Emotion.c	1459	void Emotion_ResetSuspenseMeter(enum PlayerNumber_t ePlayerID)	void(int nPlayer)	E2b,sig,size,pos=both,run12	A	4.25	4.25	14:13	1
8006BAD8	emotion	fn_8006BAD8	Emotion_GetSuspenseMeter	TW07 PS3	Emotion.c	1472	bool Emotion_GetSuspenseMeter(enum PlayerNumber_t ePlayerID, int32* pLevel)	u8(int nPlayer, s32* pOut)	E2b,sig,size,pos=both,run12	A	5.00	5.00	14:13	1
8006BB5C	emotion	fn_8006BB5C	Emotion_UpdateSuspenseMeter	TW07 PS3	Emotion.c	1511	void Emotion_UpdateSuspenseMeter(enum PlayerNumber_t ePlayerID)	void(int nPlayer)	E2b,sig,size,pos=both,run12	A	4.25	4.25	14:13	1
8006BDC8	emotion	fn_8006BDC8	Emotion_DoesShotExceedLimit	TW07 PS3	Emotion.c	1629	bool Emotion_DoesShotExceedLimit(enum PlayerNumber_t ePlayerID, bool predicted)	u8(int nPlayer, u8 bBefore)	E2b,sig,size,pos=both,run12	A	5.00	5.00	14:13	1
8006C69C	gomainloop	fn_8006C69C	GO_vMinimalMainLoop	TW07 PS3	GoMainLoop.c	309	void GO_vMinimalMainLoop()	void()	E2b,sig,size?,pos=both,run5	B	1.50	0.00	10:12	1
8006C6F0	gomainloop	fn_8006C6F0	GO_vSwapAllBuffers	TW07 PS3	GoMainLoop.c	352	void GO_vSwapAllBuffers()	void()	E2b,sig,size,pos=both,run5	B	3.50	0.50	10:12	1
8006C720	gomainloop	fn_8006C720	GO_vLoadGlobals	TW07 PS3	GoMainLoop.c	367	void GO_vLoadGlobals()	void()	E2b,sig,size,pos=both,run5	B	3.50	0.50	10:12	1
8006C770	gomainloop	fn_8006C770	GO_vOpenONCE	TW07 PS3	GoMainLoop.c	396	void GO_vOpenONCE()	void()	E2b,sig,size?,pos=both,run5	B	1.50	0.50	10:12	1
8006C7A8	gomainloop	fn_8006C7A8	GO_vCloseONCE	TW07 PS3	GoMainLoop.c	521	void GO_vCloseONCE()	void()	E2b,sig,size,pos=both,run5	B	3.50	0.50	10:12	1
8006C854	gomainloop	fn_8006C854	GO_vCloseModules	TW07 PS3	GoMainLoop.c	755	void GO_vCloseModules()	void()	E2b,sig,size~,pos=both	C	2.50	1.00	1:3	
8006C8EC	gomainloop	fn_8006C8EC	GO_vSetGenericViewStates	TW07 PS3	GoMainLoop.c	908	void GO_vSetGenericViewStates(int32_t iViewID_p)	void(int nView)	E2b,sig,size~,pos=both	B	3.25	3.25	3:7	2
8006C968	gomainloop	fn_8006C968	GO_vCloseClubHouse	TW07 PS3	GoMainLoop.c	1123	void GO_vCloseClubHouse()	void()	E2b,sig,size~,pos=both	C	2.50	1.00	1:3	
8006CB2C	gomainloop	fn_8006CB2C	GO_vCloseFE	TW07 PS3	GoMainLoop.c	1467	void GO_vCloseFE()	void()	E2b,sig,size,pos=both	B	3.50	2.00	1:3	1
8006CDC4	gomainloop	fn_8006CDC4	GO_vCloseIG	TW07 PS3	GoMainLoop.c	2122	void GO_vCloseIG()	void()	E2b,sig,size~,p07l,pos=both,run9	A	3.00	3.00	43:36	1
8006CEFC	gomainloop	fn_8006CEFC	GO_vInitStartup	TW07 PS3	GoMainLoop.c	2337	void GO_vInitStartup()	void()	E2b,sig,size,p07l,pos=both,run9	A	4.00	3.50	43:36	1
8006CFC8	gomainloop	fn_8006CFC8	GO_vCloseStartup	TW07 PS3	GoMainLoop.c	2417	void GO_vCloseStartup()	void()	E2b,sig,size,pos=both,run9	A	3.50	3.00	43:36	1
8006D01C	gomainloop	fn_8006D01C	GO_vSwitchGameMode	TW07 PS3	GoMainLoop.c	2469	bool GO_vSwitchGameMode()	u8()	E2b,sig,inl-only,pos=both,run9	B	1.50	1.50	43:36	1
8006D1C0	gomainloop	fn_8006D1C0	GO_drawCharacterInViewPortTest	TW07 PS3	GoMainLoop.c	2601	bool GO_drawCharacterInViewPortTest(int viewport)	u8(int nView)	E2b,sig,inl-only,pos=both,run9	B	2.25	2.25	43:36	1
8006D27C	gomainloop	fn_8006D27C	GO_vRenderAptTestRenderOnly	TW07 PS3	GoMainLoop.c	2631	void GO_vRenderAptTestRenderOnly()	void()	E2b,sig,inl-only,pos=both,run9,era	C	1.50	1.00	26:19	
8006D7E8	gomainloop	fn_8006D7E8	GO_vUpdateApt	TW07 PS3	GoMainLoop.c	2668	void GO_vUpdateApt()	void()	E2b,sig,size?,pos=both,run9,era,dup	C	1.50	1.00	26:19	
8006D838	gomainloop	fn_8006D838	GO_vRenderApt	TW07 PS3	GoMainLoop.c	2676	void GO_vRenderApt()	void()	E2b,sig,size~,pos=both,run9,era,dup	C	2.50	0.00	26:19	
8006DBD4	gomainloop	fn_8006DBD4	GO_vRenderDarknessForMCSystemUI	TW07 PS3	GoMainLoop.c	2702	void GO_vRenderDarknessForMCSystemUI()	void()	E2b,sig,size,pos=both,dup	C	3.50	0.00	26:19	
8006DC78	gomainloop	fn_8006DC78	GO_vRenderAptTest	TW07 PS3	GoMainLoop.c	2790	void GO_vRenderAptTest()	void()	E2b,sig,size~,pos=both	C	2.50	0.00	26:19	
8006DD44	gomainloop	fn_8006DD44	GO_vRenderStartup	TW07 PS3	GoMainLoop.c	3867	void GO_vRenderStartup()	void()	E2b,sig,inl-only,pos=both	C	1.50	0.00	26:19	
8006DD84	gomainloop	fn_8006DD84	GO_vRenderClubHouse	TW07 PS3	GoMainLoop.c	3883	void GO_vRenderClubHouse()	void()	E2b,sig,inl-only,pos=both,dup	C	1.50	0.00	26:19	
8006DDA8	gomainloop	fn_8006DDA8	GO_vPostHackTheTimer	TW07 PS3	GoMainLoop.c	4576	void GO_vPostHackTheTimer()	void()	E2b,sig,inl-only,pos=both	C	1.50	0.00	26:19	
8006DE28	gomainloop	fn_8006DE28	_ShutdownMatch	TW07 PS3	GoMainLoop.c	4604	void _ShutdownMatch()	void()	E2b,sig,size,pos=both	C	3.50	0.00	26:19	
8006DEA8	gomainloop	fn_8006DEA8	GO_vMinimalFEIStudioMainLoop	TW07 PS3	GoMainLoop.c	5228	void GO_vMinimalFEIStudioMainLoop()	void()	E2b,sig,size,pos=both	C	3.50	0.00	26:19	
8006DFE8	gomainloop	fn_8006DFE8	Go_vPauseGame	TW07 PS3	GoMainLoop.c	5264	void Go_vPauseGame(enum GloPause_e pause)	void(s32 nRow)	E2b,sig,size~,pos=both,run4	B	3.25	0.00	43:36	1
8006E028	gomainloop	fn_8006E028	GO_vUnPauseGame	TW07 PS3	GoMainLoop.c	5277	void GO_vUnPauseGame()	void()	E2b,sig,size,pos=both,run4	B	3.50	0.00	43:36	1
8006E068	gomainloop	fn_8006E068	SpectatorBeginUpdate	TW07 PS3	GoMainLoop.c	5373	void SpectatorBeginUpdate(bool start)	void(s32 nRow)	E2b,sig,size?,pos=both,run4	B	2.25	0.00	43:36	1
8006E0A8	gomainloop	fn_8006E0A8	SpectatorWaitUpdate	TW07 PS3	GoMainLoop.c	5407	void SpectatorWaitUpdate()	void()	E2b,sig,size~,pos=both,run4	B	2.50	1.00	43:36	1
8006E0AC	gomainloop	fn_8006E0AC	SpectatorCloseThread	TW07 PS3	GoMainLoop.c	5431	void SpectatorCloseThread()	void()	E2b,sig,inl-only,pos=both,run7	B	1.50	0.00	43:36	1
8006E0B0	gomainloop	fn_8006E0B0	CharPreInitThread	TW07 PS3	GoMainLoop.c	5448	void CharPreInitThread()	void()	E2b,sig,inl-only,pos=both,run7	B	1.50	0.00	43:36	1
8006E0B4	gomainloop	fn_8006E0B4	CharPreCloseThread	TW07 PS3	GoMainLoop.c	5462	void CharPreCloseThread()	void()	E2b,sig,inl-only,pos=both,run7	B	1.50	0.00	43:36	1
8006E0B8	gomainloop	fn_8006E0B8	CharPreBeginUpdate	TW07 PS3	GoMainLoop.c	5479	void CharPreBeginUpdate()	void()	E2b,sig,inl-only,pos=both,run7	B	1.50	0.00	43:36	1
8006E0BC	gomainloop	fn_8006E0BC	CharPreWaitUpdate	TW07 PS3	GoMainLoop.c	5490	void CharPreWaitUpdate()	void()	E2b,sig,size~,pos=both,run7	A	2.50	1.00	43:36	1
8006E0C0	gomainloop	fn_8006E0C0	WaitCharacterShadows	TW07 PS3	GoMainLoop.c	5497	bool WaitCharacterShadows()	u8()	E2b,sig,size~,pos=both,run7	A	2.50	2.00	43:36	1
8006E0F8	gomainloop	fn_8006E0F8	WaitSpectatorShadows	TW07 PS3	GoMainLoop.c	5512	bool WaitSpectatorShadows()	void()	E2b,sig,size,pos=both,run7	A	2.00	2.00	43:36	1
8006E424	GoLighting	fn_8006E424	LI_vInitModule	TW07 PS3	GoLighting.c	65	void LI_vInitModule()	void()	E2b,sig,size,pos=both	C	3.50	0.50	5:5	
8006E460	GoLighting	fn_8006E460	LI_vInitDefaultLightingEnv	TW07 PS3	GoLighting.c	98	void LI_vInitDefaultLightingEnv()	void(LightGroup* pGroup)	E2b,sig!,size,pos=both	C	0.50	0.50	5:5	
8006E5A8	GoLighting	fn_8006E5A8	LI_vBuildColoredColorMatrix	TW07 PS3	GoLighting.c	122	void LI_vBuildColoredColorMatrix(struct LI_SLightingMgr* pLightMgr, struct LI_SLightingEnvironment* spLightingEnvironment_p)	void(LightGroup* pGroup, s32 nLights)	E2b,sig~,inl-only,pos=both	C	1.00	1.00	5:5	
8006E7A4	GoLighting	fn_8006E7A4	LI_vSetLightingEnvironmentStates	TW07 PS3	GoLighting.c	447	void LI_vSetLightingEnvironmentStates(struct LI_SLightingMgr* pLightMgr)	void(LightGroup* pGroup)	E2b,sig,inl-only,pos=both	C	2.25	0.50	10:15	
8006EADC	GoLighting	fn_8006EADC	LI_vUseLightingEnvironment	TW07 PS3	GoLighting.c	573	void LI_vUseLightingEnvironment(struct LI_SLightingEnvironment* spLightingEnvironment_p)	void(UObject* pObj)	E2b,sig,size~,pos=both	C	3.25	0.50	10:15	
8006ED70	GoLighting	fn_8006ED70	LI_RenderDebugLightingEnvironment	TW07 PS3	GoLighting.c	791	void LI_RenderDebugLightingEnvironment()	void()	E2b,sig,size?,pos=both	C	1.50	0.25	10:15	
8006EDC0	GoLighting	fn_8006EDC0	LI_vApplyLightingEnvironment	TW07 PS3	GoLighting.c	824	void LI_vApplyLightingEnvironment(struct LI_SLightingEnvironment* spLightingEnvironment_p)	void(LightGroup* pGroup)	E2b,sig,size!,pos=both	C	0.75	0.25	10:15	
8006F080	GoLighting	fn_8006F080	LI_GetCurrentAmbient	TW07 PS3	GoLighting.c	860	void LI_GetCurrentAmbient(vec4flt_p* pAmbient)	void(GoLight* pLight)	E2b,sig,size~,pos=both,weak	C	3.25	2.00	10:15	
80071AD0	animblender	fn_80071AD0	AnimBlender_InitModule	TW07 PS3	AnimBlender.c	48	void AnimBlender_InitModule()	void()	E2b,sig,size,pos=both,weak	C	3.50	2.50	6:16	
80071B94	animblender	fn_80071B94	AnimBlender_CloseModule	TW07 PS3	AnimBlender.c	57	void AnimBlender_CloseModule()	void()	E2b,sig,size~,pos=both	C	2.50	0.50	6:16	
80071F58	animblender	fn_80071F58	TSKABlender_InitBlender	TW07 PS3	AnimBlender.c	156	void TSKABlender::InitBlender(this, bool _bFreeASAP)	void(SKABlendNode** ppNode, u8 bFreeSources)	E2b,sig,size!,pos=both	C	1.50	0.00	6:16	
800723E8	animblender	fn_800723E8	TSkeletonState_CopyBlendState	TW07 PS3	AnimBlender.c	181	void TSkeletonState::CopyBlendState(this, const struct TSKABlendState* _pSrc)	int(SKABlendNode* pNode, SKABlendNode*** pppOldest)	E2b,sig,size,pos=both	C	3.50	0.50	6:16	
800724C0	animblender	fn_800724C0	TSKABlender_Update	TW07 PS3	AnimBlender.c	342	void TSKABlender::Update(this, struct TCharacter* pCharacter, struct TSkeleton* pSkeleton, float time)	void(SKABlendNode* pNode, SKABlendNode* pNew, void* pClip, f32 fWeight)	E2b,sig,size,pos=both	B	6.50	3.25	16:25	1
8007260C	animblender	fn_8007260C	TSKAChannel_Update	TW07 PS3	AnimBlender.c	387	void TSKAChannel::Update(this, struct TCharacter* pCharacter, struct TSkeleton* pSkeleton, float time)	void(Character* pChar, SKABlendNode* pNode, CharModel* pModel, f32 fTime)	E2b,sig,size~,pos=both,run4	B	5.50	3.25	16:25	1
8007286C	animblender	fn_8007286C	TSKABlender_GetCurrentChannel	TW07 PS3	AnimBlender.c	451	int TSKABlender::GetCurrentChannel(this, float time)	int(SKABlendNode* pNode, f32 fTime)	E2b,sig,size~,pos=both,run4	B	4.00	4.00	16:25	1
800728D8	animblender	fn_800728D8	TSKABlender_GetStartTime	TW07 PS3	AnimBlender.c	478	float TSKABlender::GetStartTime(this)	f32(SKABlendNode* pNode)	E2b,sig,size~,pos=both,run4	B	3.25	3.25	16:25	1
80072938	animblender	fn_80072938	TSKABlender_GetEndTime	TW07 PS3	AnimBlender.c	496	float TSKABlender::GetEndTime(this)	f32(SKABlendNode* pNode)	E2b,sig,size,pos=both,run4	B	4.25	3.25	16:25	1
80072ACC	animblender	fn_80072ACC	TSKABlender_BlendLinear	TW07 PS3	AnimBlender.c	508	void TSKABlender::BlendLinear(this, struct TSkeleton* pSkeleton, float time)	void(SKABlendNode* pNode, CharModel* pModel, f32 fTime)	E2b,sig,size!,pos=both	C	2.25	2.25	4:4	
80072CB8	animblender	fn_80072CB8	TSKABlender_GetTagTime	TW07 PS3	AnimBlender.c	542	float TSKABlender::GetTagTime(this, uint64 tag)	f32(SKABlendNode* pNode, u64 uEvent)	E2b,sig,size?,pos=both	C	3.00	0.00	4:4	
80072D90	animblender	fn_80072D90	SKATime_Init	TW07 PS3	AnimBlender.c	560	void SKATime_Init(struct TSKATime* pTime)	void(AnimPlayer* pPlayer)	E2b,sig,size!,pos=both	C	0.75	0.75	4:4	
8007325C	animblender	fn_8007325C	SKATime_Pause	TW07 PS3	AnimBlender.c	676	void SKATime_Pause(struct TSKATime* pTime)	void(u8* pAnim)	E2b,sig,size~,pos=1:1,run4	A	3.25	3.25	1:1	1
800732F4	animblender	fn_800732F4	TSKABlender_ClampT1	TW07 PS3	AnimBlender.c	702	void TSKABlender::ClampT1(this, struct TSKATime* pTime, float time)	void(SKABlendNode* pNode, AnimPlayer* pPlayer, f32 fTime)	E2b,sig,size~,pos=both	B	4.75	4.50	9:4	1
800734D0	animblender	fn_800734D0	TSKABlender_NumSKAsInBlender	TW07 PS3	AnimBlender.c	753	int TSKABlender::NumSKAsInBlender(this)	int(SKABlendNode* pNode)	E2b,sig,size~,pos=both	C	3.25	0.00	6:1	
800752DC	LLVideo	fn_800752DC_PreloadQueue	STREAM_PRINTF	TW07 PS3	UStream.c	103	void STREAM_PRINTF(const char* fmt)	void(Video* pVideo)	E2b,sig,size,pos=none,dup	C	4.25	1.50	34:36	
800754C0	LLVideo	fn_800754C0	MusicTrackState_getNextTrackUserSelected	TW07 PS3	GameAudio.c	745	int MusicTrackState::getNextTrackUserSelected(this)	void*(void* pArg)	E2b,sig,size,pos=none	C	3.50	0.00	34:197	
800755F0	LLVideo	fn_800755F0	UpdateCriticalMomentDucking	TW07 PS3	GameAudio.c	1031	void UpdateCriticalMomentDucking()	void(int nFlags)	E2b,sig!,size,pos=none	C	0.50	0.00	34:197	
800757B8	LLVideo	fn_800757B8	Gaud_AmbianceCompressorEndClamp	TW07 PS3	GameAudio.c	1134	void Gaud_AmbianceCompressorEndClamp()	void()	E2b,sig,size,pos=none	C	3.50	0.50	34:197	
80075800	LLVideo	fn_80075800	Gaud_MusicVolumeResetAmbianceCompressorClamp	TW07 PS3	GameAudio.c	1150	void Gaud_MusicVolumeResetAmbianceCompressorClamp()	Video*()	E2b,sig,size,pos=none,dup	C	2.00	0.50	34:197	
800758B4	LLVideo	fn_800758B4	addToFreeList	TW07 PS3	UStream.c	455	void addToFreeList(CDBufPtr cdp)	void(Video* pVideo)	E2b,sig,size,pos=none	C	4.25	0.50	34:36	
80075904	LLVideo	fn_80075904	Stream_RegisterGlobalChunkChecker	TW07 PS3	UStream.c	696	void Stream_RegisterGlobalChunkChecker(LoadChunkCheckCallbackPtr chunkCheckCallback, LoadChunkDataCallbackPtr dataCallbackPtr)	Video*(int nSlot, Video* pVideo)	E2b,sig,size?,pos=none,dup	C	1.50	0.50	34:36	
8007599C	LLVideo	fn_8007599C_Stop	Stream_OpenNextStreamFile	TW07 PS3	UStream.c	1779	void Stream_OpenNextStreamFile(StrmCB* gs)	void(Video* pVideo)	E2b,sig,inl-only,pos=none,dup	C	2.25	0.00	34:36	
80075A14	LLVideo	fn_80075A14_Start	FO_vFlushText	TW07 PS3	UFont.c	1479	void FO_vFlushText(struct FO_SFont* spFont)	void(Video* pVideo)	E2b,sig,size,pos=none	C	4.25	1.25	34:14	
80075A98	LLVideo	fn_80075A98_SetLastFrameTime	Gaud_IsCommentary	TW07 PS3	GameAudio.c	1960	bool Gaud_IsCommentary(TEmitInst* pemit)	void(Video* pVideo)	E2b,sig,size,pos=none	C	2.75	0.00	34:197	
80075AD0	LLVideo	fn_80075AD0_UpdateAll	Gaud_InitFacility	TW07 PS3	GameAudio.c	2486	void Gaud_InitFacility()	void()	E2b,sig,size,pos=none	C	3.50	0.00	34:197	
80075BF4	LLVideo	fn_80075BF4_IsFrameDue	Gaud_GetBankIndexPlayerId	TW07 PS3	GameAudio.c	2731	int Gaud_GetBankIndexPlayerId(int playerid)	u8(Video* pVideo)	E2b,sig~,size~,pos=none	C	2.00	1.75	34:197	
80075C48	LLVideo	fn_80075C48	Gaud_EndHole	TW07 PS3	GameAudio.c	3126	void Gaud_EndHole()	void()	E2b,sig,size,pos=none,dup	C	3.50	1.00	34:197	
80075C68	LLVideo	fn_80075C68	Gaud_KillFlagSound	TW07 PS3	GameAudio.c	3133	void Gaud_KillFlagSound()	void()	E2b,sig,size,pos=none,dup	C	3.50	1.00	34:197	
80075C88	LLVideo	fn_80075C88	Gaud_CrowdMutter_End	TW07 PS3	GameAudio.c	4657	void Gaud_CrowdMutter_End()	void()	E2b,sig,size,pos=none	C	3.50	0.00	34:197	
80075D58	LLVideo	fn_80075D58	Gaud_CrowdInterxn_Impact	TW07 PS3	GameAudio.c	4754	void Gaud_CrowdInterxn_Impact()	void()	E2b,sig,size,pos=none	C	3.50	0.00	34:197	
800760A0	LLVideo	fn_800760A0_GetFrame	Gaud_StopMiniGameSound	TW07 PS3	GameAudio.c	4992	void Gaud_StopMiniGameSound(int32 sndID)	int(Video* pVideo)	E2b,sig~,size,pos=none	C	1.50	0.50	34:197	
800760A8	LLVideo	fn_800760A8_HasEnded	Gaud_EnableStreaming	TW07 PS3	GameAudio.c	5119	void Gaud_EnableStreaming(bool bEnable)	u8(Video* pVideo)	E2b,sig~,size~,pos=none	C	0.50	0.50	34:197	
800760D8	LLVideo	fn_800760D8	Stream_ClearFileCallbacks	TW07 PS3	UStream.c	2847	void Stream_ClearFileCallbacks(struct StreamFileList* streamFileList)	void(LLPict* pPict)	E2b,sig,size,pos=none	C	4.25	2.00	34:36	
800760F4	LLVideo	fn_800760F4	Stream_LocalLoadVariableSize	TW07 PS3	UStream.c	2896	uint32 Stream_LocalLoadVariableSize(char* filename, void** ppFileData)	void(f32* pUV, LLPict* pPict)	E2b,sig,size~,pos=none,dup	C	2.50	2.00	34:36	
80076128	LLVideo	fn_80076128	Gaud_StopTalky	TW07 PS3	GameAudio.c	5362	void Gaud_StopTalky(bool bIncludeSecondChannel)	void(s32 p0)	E2b,sig,size,pos=none	C	4.25	1.50	34:197	
80076A04	GoCamera	fn_80076A04	CA_vSetCameraFieldOfView	TW07 PS3	GoCamera.h	358	void CA_vSetCameraFieldOfView(struct CA_SCamera* spCamera_p, float fFieldOfView_p)	void(CamLens* pLens, f32 fA8)	E2b,sig,inl-only,pos=both	C	3.00	1.00	9:11	
80076A14	GoCamera	fn_80076A14	Camera_SetCameraYawPitchRollAndPosition	TW07 PS3	GoCamera.h	393	void Camera_SetCameraYawPitchRollAndPosition(struct CA_SCamera* spCamera_p, float* xCameraPosition_p, float* yawPitchRoll_p)	void(register f32* pA, register f32* pB, register f32* pOut)	E2b,sig,inl-only,pos=both,weak	C	3.75	2.75	9:11	
80076EEC	FE_Manager	fn_80076EEC	FE_CharBios_FreeStreamMemory	TW07 PS3	FE_Manager.c	80	void FE_CharBios_FreeStreamMemory()	void()	E2b,sig,size~,pos=both	C	2.50	0.00	34:11	
80076F24	FE_Manager	fn_80076F24	FE_CharBios_RegisterStreamClients	TW07 PS3	FE_Manager.c	103	void FE_CharBios_RegisterStreamClients()	void()	E2b,sig,size,pos=both	C	3.50	0.00	34:11	
80076F58	FE_Manager	fn_80076F58	FE_CharBios_UnRegisterStreamClients	TW07 PS3	FE_Manager.c	114	void FE_CharBios_UnRegisterStreamClients()	void()	E2b,sig,size~,pos=both	C	2.50	0.00	34:11	
80076F80	FE_Manager	fn_80076F80	FE_CharBios_LoadBIOfromStream	TW07 PS3	FE_Manager.c	123	void FE_CharBios_LoadBIOfromStream(struct TStreamData* pStreamData)	void(UStreamObject* pObject)	E2b,sig,size!,pos=both	C	0.75	0.25	34:11	
8007706C	FE_Manager	fn_8007706C	FE_MakeTourMoviePath	TW07 PS3	FE_Movies.c	115	void FE_MakeTourMoviePath(const char* movieName, char* moviePathOut, size_t moviePathOutBufLen)	void(char* pName, char* pDir, char* pPath)	E2b,sig~,size~,pos=both	C	2.00	1.00	4:8	
800770FC	FE_Manager	fn_800770FC	FE_movieGetFreeEntry	TW07 PS3	FE_Movies.c	178	FE_MovieInfoEntry* FE_movieGetFreeEntry()	FEMovie*()	E2b,sig,size~,pos=both,weak	C	2.50	2.50	4:8	
80077148	FE_Manager	fn_80077148	FE_movieIsQueueEmpty	TW07 PS3	FE_Movies.c	193	bool FE_movieIsQueueEmpty()	u8()	E2b,sig,size,pos=both	B	3.50	3.50	5:10	1
800772E0	FE_Manager	fn_800772E0	FE_vInitModule	TW07 PS3	FE_Manager.c	188	void FE_vInitModule()	void()	E2b,sig,size~,pos=both	C	2.50	0.25	34:11	
8007731C	FE_Manager	fn_8007731C	FE_PlayTourMovie	TW07 PS3	FE_Movies.c	400	void FE_PlayTourMovie()	void()	E2b,sig,size,pos=one	C	3.50	1.00	30:10	
80077340	FE_Manager	fn_80077340	FE_PlayPGATourMovie	TW07 PS3	FE_Movies.c	408	void FE_PlayPGATourMovie()	void()	E2b,sig,size~,pos=one	C	2.50	1.00	30:10	
80077344	FE_Manager	fn_80077344	FE_PlayTCBioMovie	TW07 PS3	FE_Movies.c	470	void FE_PlayTCBioMovie()	void()	E2b,sig,size~,pos=one,run4	C	2.50	1.00	30:10	
80077348	FE_Manager	fn_80077348	FE_PlayLegendQuestIntroMovie	TW07 PS3	FE_Movies.c	477	void FE_PlayLegendQuestIntroMovie()	void()	E2b,sig,size~,pos=one,run4	C	2.50	1.00	30:10	
8007734C	FE_Manager	fn_8007734C	FE_PlayIntroMovies	TW07 PS3	FE_Movies.c	484	void FE_PlayIntroMovies()	void()	E2b,sig,size,pos=one,run4	C	3.50	1.00	30:10	
8007739C	FE_Manager	fn_8007739C	FE_PlayTrophyBallHighlight	TW07 PS3	FE_Movies.c	511	void FE_PlayTrophyBallHighlight(struct REPLAY_MOMENT_t& replay)	void(Replay* pReplay)	E2b,sig,size,pos=one,run4	C	4.25	1.00	30:10	
800773F8	FE_Manager	fn_800773F8	FE_CloseManager	TW07 PS3	FE_Manager.c	246	void FE_CloseManager()	void()	E2b,sig,size,pos=both	C	3.50	0.75	34:11	
800775BC	FE_Manager	fn_800775BC_LoadCreatedFromSave	FE_TransferUserStatsToGolferStats	TW07 PS3	FE_Manager.c	264	void FE_TransferUserStatsToGolferStats()	void()	E2b,sig,size,pos=both	C	3.50	1.00	34:11	
80077B78	FE_Manager	fn_80077B78	FE_TransferGolferStatsToGamePlayer	TW07 PS3	FE_Manager.c	304	void FE_TransferGolferStatsToGamePlayer()	void()	E2b,sig,size,pos=both	C	3.50	0.00	34:11	
80077BDC	FE_Manager	fn_80077BDC	FE_GetSaleIDFromSaleCategory	TW07 PS3	FE_CrAPUtils.c	77	int FE_GetSaleIDFromSaleCategory(int saleCategory)	int(int n)	E2b,sig,size?,pos=one	C	2.25	0.75	34:4	
80077C1C	FE_Manager	fn_80077C1C	FE_CrAP_UpdateSaleInfo	TW07 PS3	FE_CrAPUtils.c	99	void FE_CrAP_UpdateSaleInfo(int saleCategory, int gender)	void(int a, int b)	E2b,sig,size,pos=one	C	5.00	2.00	34:4	
80078008	FE_Manager	fn_80078008	FE_CrAP_IsItemLocked	TW07 PS3	FE_CrAPUtils.c	264	bool FE_CrAP_IsItemLocked(int assetID, const struct UserInfo& userInfo)	u8(s32 nAsset, SaveProfile* pProfile)	E2b,sig,size,p07l,pos=one	B	5.50	5.50	40:8	1
80078604	FE_Manager	fn_80078604	FE_DateToInt	TW07 PS3	FE_Manager.c	319	int FE_DateToInt(int month, int day, int year)	int(int a, int b, int c)	E2b,sig,size,pos=both	A	5.75	5.75	50:15	1
80078620	FE_Manager	fn_80078620	FE_IntToDate	TW07 PS3	FE_Manager.c	333	void FE_IntToDate(int date, int* month, int* day, int* year)	void(int n, int* pA, int* pB, int* pC)	E2b,sig,size,pos=both	A	6.50	6.50	50:15	1
80078680	FE_Manager	fn_80078680	FE_CrAP_SetupLockedAssets	TW07 PS3	FE_CrAPUtils.c	640	void FE_CrAP_SetupLockedAssets(const struct UserInfo& userInfo)	void(SaveProfile* pProfile)	E2b,sig,size,pos=one	B	4.25	4.25	40:8	1
8007873C	FE_Manager	fn_8007873C	FE_CrAP_UpdateUserAttributeMods	TW07 PS3	FE_CrAPUtils.c	671	void FE_CrAP_UpdateUserAttributeMods(const struct UserInfo& userInfo)	void(SaveProfile* pProfile)	E2b,sig,size,pos=one	B	4.25	4.25	40:8	1
80078A2C	FE_Manager	fn_80078A2C	FE_CrAP_RandomizeCategoryWithUndesirableTest	TW07 PS3	FE_CrAPUtils.c	777	void FE_CrAP_RandomizeCategoryWithUndesirableTest(FE_CrAP_Asset_Category_e category, int percentDesirable)	void(s16 nPart, int nChance)	E2b,sigw,size,E2,p07l,pos=1:1,run5	B	7.00	7.00	1:1	1
80079664	FE_Manager	fn_80079664	FE_CrAP_RandomizeAll	TW07 PS3	FE_CrAPUtils.c	1281	void FE_CrAP_RandomizeAll(const struct UserInfo& userInfo, enum FE_CRAP_Randomize_Age age)	void(SaveProfile* pProfile)	E2b,sig!,size,p07l,pos=both	C	1.00	0.25	3:11	
8007975C	FE_Manager	fn_8007975C	FE_CrAP_RandomizeCrAPCategoryInOneSubcategory	TW07 PS3	FE_CrAPUtils.c	1333	int FE_CrAP_RandomizeCrAPCategoryInOneSubcategory(const struct UserInfo& userInfo, FE_CrAP_Asset_Category_e category, int32 defaultPercent)	int(SaveProfile* pProfile, s16 nPart, int nChance)	E2b,sigw,size~,pos=both	C	4.25	0.50	3:11	
800797E0	FE_Manager	fn_800797E0	FE_CrAP_RandomizeCrAPCategoryAndSubcategoryItem	TW07 PS3	FE_CrAPUtils.c	1348	int FE_CrAP_RandomizeCrAPCategoryAndSubcategoryItem(const struct UserInfo& userInfo, FE_CrAP_Asset_Category_e category, int32 subcategory, int32 defaultPercent)	int(SaveProfile* pProfile, s16 nPart, int b, int nChance)	E2b,sigw,size~,pos=one	B	5.00	5.00	9:40	1
80079974	FE_Manager	fn_80079974	FE_vExitUI	TW07 PS3	FE_Manager.c	385	void FE_vExitUI()	void()	E2b,sig,size,pos=both	C	3.50	0.25	8:2	
80079D30	FE_Manager	fn_80079D30	FE_CrAP_InitVitalsDefaultSliders	TW07 PS3	FE_CrAPUtils.c	1854	void FE_CrAP_InitVitalsDefaultSliders()	void()	E2b,sig,size,pos=one,weak	C	3.50	2.50	5:26	
80079DAC	FE_Manager	fn_80079DAC	FE_CrAP_CloseVitalsDefaultSliders	TW07 PS3	FE_CrAPUtils.c	1870	void FE_CrAP_CloseVitalsDefaultSliders()	void()	E2b,sig,size~,pos=one,weak	C	2.50	2.50	5:26	
80079E44	FE_Manager	fn_80079E44	FE_CrAP_InitAlterEgoInfo	TW07 PS3	FE_CrAPUtils.c	2530	void FE_CrAP_InitAlterEgoInfo(const struct CRAPAlterEgo_t& egoInfo)	u8(int nAttr)	E2b,sig~,size,pos=one,dup	C	1.50	1.50	5:26	
8007C1F8	FE_MessageTable	fn_8007C1F8	GM_vHideCharacter	TW07 PS3	APT_FE_GameMessages.c	310	void GM_vHideCharacter(int32 param1)	void(MsgArg* pArgs, MsgArg* pResult)	E2b,sig!,size,pos=one	C	0.50	0.00	447:142	
8007C2A0	FE_MessageTable	fn_8007C2A0	GM_vSetCommentaryOption	TW07 PS3	APT_FE_GameMessages.c	334	void GM_vSetCommentaryOption(int32 param1)	void(MsgArg* pArgs, MsgArg* pResult)	E2b,sig!,size,pos=one	C	0.50	0.00	447:142	
8007C3C8	FE_MessageTable	fn_8007C3C8	GM_vSetTalkyVolumeOption	TW07 PS3	APT_FE_GameMessages.c	354	void GM_vSetTalkyVolumeOption(int32 param1)	void(MsgArg* pArgs, MsgArg* pResult)	E2b,sig!,size,pos=one	C	0.50	0.00	447:142	
8007C440	FE_MessageTable	fn_8007C440	GM_vSetFacQuickStartOption	TW07 PS3	APT_FE_GameMessages.c	407	void GM_vSetFacQuickStartOption(int32 param1)	void(MsgArg* pArgs, MsgArg* pResult)	E2b,sig!,size,pos=one	C	0.50	0.00	447:142	
8007C5F0	FE_MessageTable	fn_8007C5F0	GM_vGetFacQuickStartText	TW07 PS3	APT_FE_GameMessages.c	413	void GM_vGetFacQuickStartText(int32 menuItemIndex, int32 itemOptionindex)	void(MsgArg* pArgs, MsgArg* pResult)	E2b,sig?,size,pos=one	C	2.00	0.00	447:142	
8007C634	FE_MessageTable	fn_8007C634	GM_vSetTapinsOption	TW07 PS3	APT_FE_GameMessages.c	449	void GM_vSetTapinsOption(int32 param1)	void(MsgArg* pArgs, MsgArg* pResult)	E2b,sig!,size,pos=one	C	0.50	0.00	447:142	
8007C8F0	FE_MessageTable	fn_8007C8F0	GM_vSetMetricOption	TW07 PS3	APT_FE_GameMessages.c	468	void GM_vSetMetricOption(int32 param1)	void(MsgArg* pArgs, MsgArg* pResult)	E2b,sig!,size,pos=one	C	0.50	0.00	447:142	
8007C988	FE_MessageTable	fn_8007C988	GM_vSetConfidenceMeterOption	TW07 PS3	APT_FE_GameMessages.c	476	void GM_vSetConfidenceMeterOption(int32 param1)	void(MsgArg* pArgs, MsgArg* pResult)	E2b,sig!,size,pos=one	C	0.50	0.00	447:142	
8007C9F8	FE_MessageTable	fn_8007C9F8	GM_vSetDiffOption	TW07 PS3	APT_FE_GameMessages.c	495	void GM_vSetDiffOption(int32 param1)	void(MsgArg* pArgs, MsgArg* pResult)	E2b,sig!,size,pos=one	C	0.50	0.00	447:142	
8007CA4C	FE_MessageTable	fn_8007CA4C	GM_OnSelectDifficulty	TW07 PS3	APT_FE_GameMessages.c	504	void GM_OnSelectDifficulty(int32 diffOpt)	void(MsgArg* pArgs, MsgArg* pResult)	E2b,sig!,size,pos=one	C	0.50	0.00	447:142	
8007CBCC	FE_MessageTable	fn_8007CBCC	GM_vGetDiffText	TW07 PS3	APT_FE_GameMessages.c	523	void GM_vGetDiffText(int32 menuItemIndex, int32 itemOptionindex)	void(MsgArg* pArgs, MsgArg* pResult)	E2b,sig?,size,pos=one	C	2.00	0.00	447:142	
8007CE58	FE_MessageTable	fn_8007CE58	GM_vSetAnalogStickDir	TW07 PS3	APT_FE_GameMessages.c	566	void GM_vSetAnalogStickDir(int32 param1)	void(MsgArg* pArgs, MsgArg* pResult)	E2b,sig!,size,pos=one	C	0.50	0.00	447:142	
8007D160	FE_MessageTable	fn_8007D160	GM_vFormatFloat	TW07 PS3	APT_FE_GameMessages.c	575	void GM_vFormatFloat(char* param1, int32 param1bufSize)	void(MsgArg* pArgs, MsgArg* pResult)	E2b,sig~,size,pos=one	C	3.00	0.00	447:142	
8007D2D4	FE_MessageTable	fn_8007D2D4	GM_vSaveGolferModel	TW07 PS3	APT_FE_GameMessages.c	602	void GM_vSaveGolferModel(uint8 modelID)	void(MsgArg* pArgs, MsgArg* pResult)	E2b,sig!,size,pos=one	C	0.50	0.00	447:142	
8007D598	FE_MessageTable	fn_8007D598	GM_vCharStream	TW07 PS3	APT_FE_GameMessages.c	621	void GM_vCharStream(int32 param1, int32 param2, int32 param3)	void(MsgArg* pArgs, MsgArg* pResult)	E2b,sig!,size,pos=one	C	0.50	0.00	447:142	
8007D7E4	FE_MessageTable	fn_8007D7E4	GM_vSetMulligan	TW07 PS3	APT_FE_GameMessages.c	672	void GM_vSetMulligan(int32 param1)	void(MsgArg* pArgs, MsgArg* pResult)	E2b,sig!,size,pos=one	C	0.50	0.00	447:142	
8007D938	FE_MessageTable	fn_8007D938	GM_vGetHandicapsOptionText	TW07 PS3	APT_FE_GameMessages.c	678	void GM_vGetHandicapsOptionText(int32 menuItemIndex, int32 itemOptionindex)	void(MsgArg* pArgs, MsgArg* pResult)	E2b,sig?,size,pos=one	C	2.00	0.00	447:142	
8007D968	FE_MessageTable	fn_8007D968	GM_vSetVibration	TW07 PS3	APT_FE_GameMessages.c	695	void GM_vSetVibration(int32 param1)	void(MsgArg* pArgs, MsgArg* pResult)	E2b,sig!,size,pos=one	C	0.50	0.00	447:142	
8007D9E4	FE_MessageTable	fn_8007D9E4	GM_vSetMusicVolumeOption	TW07 PS3	APT_FE_GameMessages.c	713	void GM_vSetMusicVolumeOption(int32 param1)	void(MsgArg* pArgs, MsgArg* pResult)	E2b,sig!,size,pos=one	C	0.50	0.00	447:142	
8007DB60	FE_MessageTable	fn_8007DB60	GM_vSetSFXOption	TW07 PS3	APT_FE_GameMessages.c	739	void GM_vSetSFXOption(int32 param1)	void(MsgArg* pArgs, MsgArg* pResult)	E2b,sig!,size,pos=one	C	0.50	0.00	447:142	
8007DBD8	FE_MessageTable	fn_8007DBD8	GM_vSetOffLineShotClock	TW07 PS3	APT_FE_GameMessages.c	776	void GM_vSetOffLineShotClock(int32 inValue)	void(MsgArg* pArgs, MsgArg* pResult)	E2b,sig!,size,pos=one	C	0.50	0.00	447:142	
8007E128	FE_MessageTable	fn_8007E128	GM_vSetIdealPuttCamOption	TW07 PS3	APT_FE_GameMessages.c	797	void GM_vSetIdealPuttCamOption(int32 set)	void(MsgArg* pArgs, MsgArg* pResult)	E2b,sig!,size,pos=one	C	0.50	0.00	447:142	
8007E3D4	FE_MessageTable	fn_8007E3D4	GM_vSetGreenGridOption	TW07 PS3	APT_FE_GameMessages.c	1061	void GM_vSetGreenGridOption(int32 param1)	void(MsgArg* pArgs, MsgArg* pResult)	E2b,sig!,size,pos=one	C	0.50	0.00	447:142	
8007E650	FE_MessageTable	fn_8007E650	GM_vSetCaddieTipsOption	TW07 PS3	APT_FE_GameMessages.c	1073	void GM_vSetCaddieTipsOption(int32 param1)	void(MsgArg* pArgs, MsgArg* pResult)	E2b,sig!,size,pos=one	C	0.50	0.00	447:142	
8007E74C	FE_MessageTable	fn_8007E74C	GM_vSetSwingAidOption	TW07 PS3	APT_FE_GameMessages.c	1084	void GM_vSetSwingAidOption(int32 param1)	void(MsgArg* pArgs, MsgArg* pResult)	E2b,sig!,size,pos=one	C	0.50	0.00	447:142	
8007E79C	FE_MessageTable	fn_8007E79C	GM_vSetPowerBoostOption	TW07 PS3	APT_FE_GameMessages.c	1096	void GM_vSetPowerBoostOption(int32 param1)	void(MsgArg* pArgs, MsgArg* pResult)	E2b,sig!,size,pos=one	C	0.50	0.00	447:142	
8007E85C	FE_MessageTable	fn_8007E85C	GM_vSetSpinControlOption	TW07 PS3	APT_FE_GameMessages.c	1108	void GM_vSetSpinControlOption(int32 param1)	void(MsgArg* pArgs, MsgArg* pResult)	E2b,sig!,size,pos=one	C	0.50	0.00	447:142	
8007E904	FE_MessageTable	fn_8007E904	GM_vSetBreakLineOption	TW07 PS3	APT_FE_GameMessages.c	1149	void GM_vSetBreakLineOption(int32 param1)	void(MsgArg* pArgs, MsgArg* pResult)	E2b,sig!,size,pos=one	C	0.50	0.00	447:142	
8007E93C	FE_MessageTable	fn_8007E93C	GM_vSetMCRewardMoney	TW07 PS3	APT_FE_GameMessages.c	1189	void GM_vSetMCRewardMoney(int money, bool oldUserLoaded)	void(MsgArg* pArgs, MsgArg* pResult)	E2b,sig?,size,pos=one	C	2.00	0.00	447:142	
8007EC70	FE_MessageTable	fn_8007EC70	GM_vSetEATraxOptionMenus	TW07 PS3	APT_FE_GameMessages.c	1256	void GM_vSetEATraxOptionMenus(int32 param1)	void(MsgArg* pArgs, MsgArg* pResult)	E2b,sig!,size,pos=one	C	0.50	0.00	447:142	
8007ECFC	FE_MessageTable	fn_8007ECFC	GM_vSetEATraxOptionCareerMode	TW07 PS3	APT_FE_GameMessages.c	1273	void GM_vSetEATraxOptionCareerMode(int32 param1)	void(MsgArg* pArgs, MsgArg* pResult)	E2b,sig!,size,pos=one	C	0.50	0.00	447:142	
8007ED88	FE_MessageTable	fn_8007ED88	GM_vSetEATraxOptionFacilityGames	TW07 PS3	APT_FE_GameMessages.c	1284	void GM_vSetEATraxOptionFacilityGames(int32 param1)	void(MsgArg* pArgs, MsgArg* pResult)	E2b,sig!,size,pos=one	C	0.50	0.00	447:142	
8007EDDC	FE_MessageTable	fn_8007EDDC	GM_vSetEATraxOptionOtherGameMode	TW07 PS3	APT_FE_GameMessages.c	1293	void GM_vSetEATraxOptionOtherGameMode(int32 param1)	void(MsgArg* pArgs, MsgArg* pResult)	E2b,sig!,size,pos=one	C	0.50	0.00	447:142	
8007EFA0	FE_MessageTable	fn_8007EFA0	GM_vSetEATraxOptionOneBall	TW07 PS3	APT_FE_GameMessages.c	1304	void GM_vSetEATraxOptionOneBall(int32 param1)	void(MsgArg* pArgs, MsgArg* pResult)	E2b,sig!,size,pos=one	C	0.50	0.00	447:142	
8007F5CC	FE_MessageTable	fn_8007F5CC	GM_vSetEATraxOptionGameFace	TW07 PS3	APT_FE_GameMessages.c	1315	void GM_vSetEATraxOptionGameFace(int32 param1)	void(MsgArg* pArgs, MsgArg* pResult)	E2b,sig!,size,pos=one	C	0.50	0.00	447:142	
8007F724	FE_MessageTable	fn_8007F724	GM_vSetGamebreakersOption	TW07 PS3	APT_FE_GameMessages.c	1327	void GM_vSetGamebreakersOption(int32 param1)	void(MsgArg* pArgs, MsgArg* pResult)	E2b,sig!,size,pos=one	C	0.50	0.00	447:142	
8007F784	FE_MessageTable	fn_8007F784	GM_vSetBigHitCamsOption	TW07 PS3	APT_FE_GameMessages.c	1339	void GM_vSetBigHitCamsOption(int32 param1)	void(MsgArg* pArgs, MsgArg* pResult)	E2b,sig!,size,pos=one	C	0.50	0.00	447:142	
8007FCC0	FE_MessageTable	fn_8007FCC0	FE_SetGameMode	TW07 PS3	APT_FE_GameMessages.c	1417	void FE_SetGameMode(enum GM_ModeType_t iGameMode)	void(MsgArg* pArgs, MsgArg* pResult)	E2b,sig!,size,pos=one	C	0.50	0.00	447:142	
8007FF8C	FE_MessageTable	fn_8007FF8C	GM_vSetCustomCourse	TW07 PS3	APT_FE_GameMessages.c	1440	void GM_vSetCustomCourse(int32 iValue, int32 iUser, int32 iCourse)	void(MsgArg* pArgs, MsgArg* pResult)	E2b,sig!,size,pos=one	C	0.50	0.00	447:142	
800801D4	FE_MessageTable	fn_800801D4	GM_vSetCourse	TW07 PS3	APT_FE_GameMessages.c	1459	void GM_vSetCourse(int32 iCourse)	void(MsgArg* pArgs, MsgArg* pResult)	E2b,sig!,size,pos=one	C	0.50	0.00	447:142	
80080304	FE_MessageTable	fn_80080304	GM_vSetHoleSetToggle	TW07 PS3	APT_FE_GameMessages.c	1485	void GM_vSetHoleSetToggle(int32 iHoleSetIndex)	void(MsgArg* pArgs, MsgArg* pResult)	E2b,sig!,size,pos=one	C	0.50	0.00	447:142	
80080358	FE_MessageTable	fn_80080358	GM_vSetHoleSet	TW07 PS3	APT_FE_GameMessages.c	1493	void GM_vSetHoleSet(enum GM_HoleSelectType_t eType)	void(MsgArg* pArgs, MsgArg* pResult)	E2b,sig!,size,pos=one	C	0.50	0.00	447:142	
800804E4	FE_MessageTable	fn_800804E4	GM_vGetHoleSetText	TW07 PS3	APT_FE_GameMessages.c	1499	void GM_vGetHoleSetText(int32 menuItemIndex, int32 itemOptionindex)	void(MsgArg* pArgs, MsgArg* pResult)	E2b,sig?,size,pos=one	C	2.00	0.00	447:142	
8008052C	FE_MessageTable	fn_8008052C	GM_OnlineSetGameMode	TW07 PS3	APT_FE_GameMessages.c	1677	void GM_OnlineSetGameMode(int32 param1)	void(MsgArg* pArgs, MsgArg* pResult)	E2b,sig!,size,pos=one	C	0.50	0.00	447:142	
800805C4	FE_MessageTable	fn_800805C4	GM_OnlineSetCourse	TW07 PS3	APT_FE_GameMessages.c	1719	void GM_OnlineSetCourse(int32 param1)	void(MsgArg* pArgs, MsgArg* pResult)	E2b,sig!,size,pos=one	C	0.50	0.00	447:142	
800805F4	FE_MessageTable	fn_800805F4	GM_OnlineSetNumPlayers	TW07 PS3	APT_FE_GameMessages.c	1729	void GM_OnlineSetNumPlayers(int32 param1)	void(MsgArg* pArgs, MsgArg* pResult)	E2b,sig!,size,pos=one	C	0.50	0.00	447:142	
80080828	FE_MessageTable	fn_80080828	GM_OnlineSetRankedGame	TW07 PS3	APT_FE_GameMessages.c	1760	void GM_OnlineSetRankedGame(int32 param1)	void(MsgArg* pArgs, MsgArg* pResult)	E2b,sig!,size,pos=one	C	0.50	0.00	447:142	
800809F8	FE_MessageTable	fn_800809F8	GM_OnlineSetShotClock	TW07 PS3	APT_FE_GameMessages.c	1770	void GM_OnlineSetShotClock(int32 param1)	void(MsgArg* pArgs, MsgArg* pResult)	E2b,sig!,size,pos=one	C	0.50	0.00	447:142	
80080BB8	FE_MessageTable	fn_80080BB8	GM_OnlineSetHoles	TW07 PS3	APT_FE_GameMessages.c	1801	void GM_OnlineSetHoles(int32 param1)	void(MsgArg* pArgs, MsgArg* pResult)	E2b,sig!,size,pos=one	C	0.50	0.00	447:142	
80080C2C	FE_MessageTable	fn_80080C2C	GM_OnlineSetDifficulty	TW07 PS3	APT_FE_GameMessages.c	1818	void GM_OnlineSetDifficulty(int32 param1)	void(MsgArg* pArgs, MsgArg* pResult)	E2b,sig!,size,pos=one	C	0.50	0.00	447:142	
80080C84	FE_MessageTable	fn_80080C84	GM_OnlineSetHandicaps	TW07 PS3	APT_FE_GameMessages.c	1826	void GM_OnlineSetHandicaps(int32 param1)	void(MsgArg* pArgs, MsgArg* pResult)	E2b,sig!,size,pos=one	C	0.50	0.00	447:142	
80080C98	FE_MessageTable	fn_80080C98	GM_OnlineSetWager	TW07 PS3	APT_FE_GameMessages.c	1835	void GM_OnlineSetWager(int32 param1)	void(MsgArg* pArgs, MsgArg* pResult)	E2b,sig!,size,pos=one	C	0.50	0.00	447:142	
80081D50	FE_MessageTable	fn_80081D50	GM_OnlineSetGolfer	TW07 PS3	APT_FE_GameMessages.c	1844	void GM_OnlineSetGolfer(int32 param1)	void(MsgArg* pArgs, MsgArg* pResult)	E2b,sig!,size,pos=one	C	0.50	0.00	447:142	
80082708	FE_MessageTable	fn_80082708	GM_OnlineSetTees	TW07 PS3	APT_FE_GameMessages.c	1885	void GM_OnlineSetTees(int32 param1)	void(MsgArg* pArgs, MsgArg* pResult)	E2b,sig!,size,pos=one	C	0.50	0.00	447:142	
80082758	FE_MessageTable	fn_80082758	GM_OnlineSetPins	TW07 PS3	APT_FE_GameMessages.c	1911	void GM_OnlineSetPins(int32 param1)	void(MsgArg* pArgs, MsgArg* pResult)	E2b,sig!,size,pos=one	C	0.50	0.00	447:142	
80082790	FE_MessageTable	fn_80082790	GM_OnlineSetGreenSpeed	TW07 PS3	APT_FE_GameMessages.c	1920	void GM_OnlineSetGreenSpeed(int32 param1)	void(MsgArg* pArgs, MsgArg* pResult)	E2b,sig!,size,pos=one	C	0.50	0.00	447:142	
800827D0	FE_MessageTable	fn_800827D0	GM_OnlineSetFairwaySpeed	TW07 PS3	APT_FE_GameMessages.c	1929	void GM_OnlineSetFairwaySpeed(int32 param1)	void(MsgArg* pArgs, MsgArg* pResult)	E2b,sig!,size,pos=one	C	0.50	0.00	447:142	
8008293C	FE_MessageTable	fn_8008293C	GM_OnlineSetRoughSpeed	TW07 PS3	APT_FE_GameMessages.c	1938	void GM_OnlineSetRoughSpeed(int32 param1)	void(MsgArg* pArgs, MsgArg* pResult)	E2b,sig!,size,pos=one	C	0.50	0.00	447:142	
80082980	FE_MessageTable	fn_80082980	GM_OnlineSetApproval	TW07 PS3	APT_FE_GameMessages.c	1947	void GM_OnlineSetApproval(int32 param1)	void(MsgArg* pArgs, MsgArg* pResult)	E2b,sig!,size,pos=one	C	0.50	0.00	447:142	
80082CDC	FE_MessageTable	fn_80082CDC	GM_OnlineSetAppearOffline	TW07 PS3	APT_FE_GameMessages.c	1956	void GM_OnlineSetAppearOffline(int32 param1)	void(MsgArg* pArgs, MsgArg* pResult)	E2b,sig!,size,pos=one	C	0.50	0.00	447:142	
80082D14	FE_MessageTable	fn_80082D14	GM_vSetVoiceSpeaker	TW07 PS3	APT_FE_GameMessages.c	1967	void GM_vSetVoiceSpeaker(int32 param1)	void(MsgArg* pArgs, MsgArg* pResult)	E2b,sig!,size,pos=one	C	0.50	0.00	447:142	
80082D3C	FE_MessageTable	fn_80082D3C	GM_OnlineSetSessionType	TW07 PS3	APT_FE_GameMessages.c	1982	void GM_OnlineSetSessionType(int32 param1)	void(MsgArg* pArgs, MsgArg* pResult)	E2b,sig!,size,pos=one	C	0.50	0.00	447:142	
80084FB4	FE_MessageTable	fn_80084FB4	GM_OnlineGetGolfer	TW07 PS3	APT_FE_GameMessages.c	2179	int32 GM_OnlineGetGolfer()	s32(void* pArg)	E2b,sig!,size,pos=one	C	0.50	0.00	447:142	
80084FF0	FE_MessageTable	fn_80084FF0	GM_OnlineSetTickerDuringGameplay	TW07 PS3	APT_FE_GameMessages.c	2314	void GM_OnlineSetTickerDuringGameplay(int32 param1)	void(int n)	E2b,sig,size?,pos=one	C	2.25	0.00	447:142	
80084FF8	FE_MessageTable	fn_80084FF8	GM_OnlineSetNewsOption	TW07 PS3	APT_FE_GameMessages.c	2338	void GM_OnlineSetNewsOption(int32 param1)	s32(void* pArg)	E2b,sig~,size~,pos=one	C	0.50	0.00	447:142	
80085034	FE_MessageTable	fn_80085034	GM_OnlineSetNewsVolume	TW07 PS3	APT_FE_GameMessages.c	2347	void GM_OnlineSetNewsVolume(int32 param1)	s32(void* pArg)	E2b,sig~,size~,pos=one	C	0.50	0.00	447:142	
80085BC0	GameUICommands	fn_80085BC0	GM_PgaTourSim_GetTigerEntrantID	TW07 PS3	PGATourSimulation.c	556	int GM_PgaTourSim_GetTigerEntrantID(enum PlayerNumber_t userID)	u8(int nController)	E2b,sig,size,pos=none	C	4.25	1.75	227:76	
80085C78	GameUICommands	fn_80085C78	GM_SetTigerCurrentHole	TW07 PS3	PGATourSimulation.c	818	void GM_SetTigerCurrentHole(enum PlayerNumber_t userID, int holeNum)	void(MsgArg* pArgs, MsgArg* pResult)	E2b,sig?,size,pos=none	C	2.00	0.00	227:76	
80085D04	GameUICommands	fn_80085D04	GM_PgaTourSim_ComputeCurrentRoundLowerLimitForAllAI	TW07 PS3	PGATourSimulation.c	863	void GM_PgaTourSim_ComputeCurrentRoundLowerLimitForAllAI(int32 aiTargetRelativeTotal, int32 currentRound, enum PgaTourSim_SimRound_Flags_t flags)	void(MsgArg* pArgs, MsgArg* pResult)	E2b,sig!,size,pos=none,dup	C	0.50	0.00	227:76	
80085F5C	GameUICommands	fn_80085F5C	GM_PgaTourSim_SetCurrentRoundLowerLimit	TW07 PS3	PGATourSimulation.c	900	void GM_PgaTourSim_SetCurrentRoundLowerLimit(int32 aiGolferIdx, int32 lowerLimit)	void(MsgArg* pArgs, MsgArg* pResult)	E2b,sig?,size,pos=none	C	2.00	0.00	227:76	
80085FDC	GameUICommands	fn_80085FDC	GM_PgaTourSim_BoundTargetScoresFromBelow	TW07 PS3	PGATourSimulation.c	952	void GM_PgaTourSim_BoundTargetScoresFromBelow(enum PlayerNumber_t userID)	void(MsgArg* pArgs, MsgArg* pResult)	E2b,sig!,size,pos=none	C	0.50	0.00	227:76	
80086378	GameUICommands	fn_80086378	GM_SetFreeDrop	TW07 PS3	GameMode.c	2340	void GM_SetFreeDrop(bool flag)	void(MsgArg* pArgs, MsgArg* pResult)	E2b,sig!,size,pos=none,dup	C	0.50	0.00	227:38	
80086384	GameUICommands	fn_80086384	GM_SetGolferConceding	TW07 PS3	GameMode.c	2380	void GM_SetGolferConceding(bool val)	void(MsgArg* pArgs, MsgArg* pResult)	E2b,sig!,size,pos=none,dup	C	0.50	0.00	227:38	
800868E8	GameUICommands	fn_800868E8	GameModeBattle_QueryInterface	TW07 PS3	GameMode_Battle.cpp	53	bool GameModeBattle::QueryInterface(this, enum GM_ModeType_t typeID, const void*& ptr)	void(MsgArg* pArgs, MsgArg* pResult)	E2b,sig~,size,pos=none	C	1.50	0.00	227:15	
80086900	GameUICommands	fn_80086900	GameModeBattle_HasClub	TW07 PS3	GameMode_Battle.cpp	295	bool GameModeBattle::HasClub(this, enum PlayerNumber_t plrID, enum Club_t club)	void(MsgArg* pArgs, MsgArg* pResult)	E2b,sig?,size,pos=none	C	0.50	0.00	227:15	
8008759C	GameUICommands	fn_8008759C	GM_PgaTourSim_ResetTournament	TW07 PS3	PGATourSimulation.c	1088	void GM_PgaTourSim_ResetTournament(enum PlayerNumber_t userID)	void(MsgArg* pArgs, MsgArg* pResult)	E2b,sig!,size,pos=none,dup	C	0.50	0.00	227:76	
800877CC	GameUICommands	fn_800877CC	GM_PgaTourSim_CutBadGolfers	TW07 PS3	PGATourSimulation.c	1100	void GM_PgaTourSim_CutBadGolfers(enum PlayerNumber_t userID, int cutRank)	void(MsgArg* pArgs, MsgArg* pResult)	E2b,sig?,size,pos=none	C	2.00	0.00	227:76	
80088324	GameUICommands	fn_80088324	GM_PgaTourSim_SetUserQuit	TW07 PS3	PGATourSimulation.c	1243	void GM_PgaTourSim_SetUserQuit(enum PlayerNumber_t userID, bool userQuit)	void(MsgArg* pArgs, MsgArg* pResult)	E2b,sig?,size,pos=none	C	2.00	0.00	227:76	
8008835C	GameUICommands	fn_8008835C	GM_PgaTourSim_ResetGuests	TW07 PS3	PGATourSimulation.c	1252	void GM_PgaTourSim_ResetGuests(enum PlayerNumber_t userID)	void(MsgArg* pArgs, MsgArg* pResult)	E2b,sig!,size,pos=none,dup	C	0.50	0.50	227:76	
80088428	GameUICommands	fn_80088428	GM_PgaTourSim_ResetEntrantHoleScores	TW07 PS3	PGATourSimulation.c	1267	bool GM_PgaTourSim_ResetEntrantHoleScores(enum PlayerNumber_t userID, int entrantID)	void(MsgArg* pArgs, MsgArg* pResult)	E2b,sig?,size,pos=none,dup	C	0.50	0.00	227:76	
80088474	GameUICommands	fn_80088474	GM_PgaTourSim_ResetHoleScores	TW07 PS3	PGATourSimulation.c	1290	void GM_PgaTourSim_ResetHoleScores(enum PlayerNumber_t userID)	void(MsgArg* pArgs, MsgArg* pResult)	E2b,sig!,size,pos=none	C	0.50	0.00	227:76	
80088660	GameUICommands	fn_80088660	GM_PgaTourSim_ResetTournament_KeepSameEntrants	TW07 PS3	PGATourSimulation.c	2075	void GM_PgaTourSim_ResetTournament_KeepSameEntrants(enum PlayerNumber_t userID)	void(MsgArg* pArgs, MsgArg* pResult)	E2b,sig!,size,pos=none	C	0.50	0.50	227:76	
80088CF0	GameUICommands	fn_80088CF0	GM_ForceHoleout	TW07 PS3	GameMode.c	2617	void GM_ForceHoleout(enum PlayerNumber_t PlayerID, char* curPlayerScoreString, char* nextPlayer1ScoreString)	void(MsgArg* pArgs, MsgArg* pResult)	E2b,sig!,size,pos=none	C	0.50	0.50	227:38	
80089324	GameUICommands	fn_80089324	GM_PgaTourSim_GetNameFromGolferID	TW07 PS3	PGATourSimulation.c	2365	const char* GM_PgaTourSim_GetNameFromGolferID(enum PlayerNumber_t userID, int golferID)	void(MsgArg* pArgs, MsgArg* pResult)	E2b,sig?,size,pos=none,dup	C	0.50	0.50	227:76	
80089584	GameUICommands	fn_80089584	GM_Signal_AllowTargetingMarkerMovement	TW07 PS3	GameMode.c	2824	void GM_Signal_AllowTargetingMarkerMovement(bool allowMovement)	void(MsgArg* pArgs, MsgArg* pResult)	E2b,sig!,size,pos=none,dup	C	0.50	0.00	227:38	
80089648	GameUICommands	fn_80089648	GM_PgaTourSim_SetUserFedExRank	TW07 PS3	PGATourSimulation.c	2405	void GM_PgaTourSim_SetUserFedExRank(uint32_t rank)	void(MsgArg* pArgs, MsgArg* pResult)	E2b,sig!,size,pos=none	C	0.50	0.00	227:76	
800896D0	GameUICommands	fn_800896D0	GM_PgaTourSim_SetUserSimmedRoundScoreAdjustment	TW07 PS3	PGATourSimulation.c	2425	void GM_PgaTourSim_SetUserSimmedRoundScoreAdjustment(uint32_t nStrokes)	void(MsgArg* pArgs, MsgArg* pResult)	E2b,sig!,size,pos=none	C	0.50	0.00	227:76	
800896F0	GameUICommands	fn_800896F0	GM_Golfer_LostBoast	TW07 PS3	GameMode.c	3804	void GM_Golfer_LostBoast(enum PlayerNumber_t PlayerID)	void(MsgArg* pArgs, MsgArg* pResult)	E2b,sig!,size,pos=none,dup	C	0.50	0.00	227:38	
800897F0	GameUICommands	fn_800897F0	GM_Attributes_AutoLevel	TW07 PS3	GameMode.c	3874	void GM_Attributes_AutoLevel(enum PlayerNumber_t PlayerID)	void(MsgArg* pArgs, MsgArg* pResult)	E2b,sig!,size,pos=none,dup	C	0.50	0.00	227:38	
80089A8C	GameUICommands	fn_80089A8C	GM_IsValidDropSurface	TW07 PS3	GameMode.c	3948	bool GM_IsValidDropSurface(enum PlayerNumber_t PlayerID, uint32 lieID)	void(MsgArg* pArgs, MsgArg* pResult)	E2b,sig?,size,pos=none,dup	C	0.50	0.00	227:38	
80089AD4	GameUICommands	fn_80089AD4	GM_PgaTourSim_IsEntrantUserOrGuest	TW07 PS3	PGATourSimulation.c	2551	bool GM_PgaTourSim_IsEntrantUserOrGuest(enum PlayerNumber_t userID, int entrantID)	void(MsgArg* pArgs, MsgArg* pResult)	E2b,sig?,size,pos=none,dup	C	0.50	0.50	227:76	
80089DB0	GameUICommands	fn_80089DB0	GM_PgaTourSim_IsEntrantGuest	TW07 PS3	PGATourSimulation.c	2579	bool GM_PgaTourSim_IsEntrantGuest(enum PlayerNumber_t userID, int entrantID)	void(MsgArg* pArgs, MsgArg* pResult)	E2b,sig?,size,pos=none	C	0.50	0.50	227:76	
80089E64	GameUICommands	fn_80089E64	GM_PgaTourSim_CalcScoreRankings	TW07 PS3	PGATourSimulation.c	2904	void GM_PgaTourSim_CalcScoreRankings(enum PlayerNumber_t userID)	void(MsgArg* pArgs, MsgArg* pResult)	E2b,sig!,size,pos=none	C	0.50	0.00	227:76	
80089ED0	GameUICommands	fn_80089ED0	GameModeBattle_NumAddableClubsLeft	TW07 PS3	GameMode_Battle.cpp	355	int32 GameModeBattle::NumAddableClubsLeft(this, enum PlayerNumber_t plrID)	void(MsgArg* pArgs, MsgArg* pResult)	E2b,sig~,size,pos=none	C	1.50	0.00	227:15	
80089F24	GameUICommands	fn_80089F24	GameModeBattle_GetLoser	TW07 PS3	GameMode_Battle.cpp	399	bool GameModeBattle::GetLoser(this, enum PlayerNumber_t* pPlrID)	void(MsgArg* pArgs, MsgArg* pResult)	E2b,sig,size,pos=none	C	3.50	0.00	227:15	
8008A010	GameUICommands	fn_8008A010	GameModeBattle_GetCurrentScoreString	TW07 PS3	GameMode_Battle.cpp	422	void GameModeBattle::GetCurrentScoreString(this, char* strBuf, int32 bufferSize)	void(MsgArg* pArgs, MsgArg* pResult)	E2b,sig~,size,pos=none	C	3.00	0.00	227:15	
8008A4A8	GameUICommands	fn_8008A4A8	GameModeBattle_AIAddOrRemoveClub	TW07 PS3	GameMode_Battle.cpp	449	void GameModeBattle::AIAddOrRemoveClub(this, enum PlayerNumber_t aiPlayerNumber)	void(MsgArg* pArgs, MsgArg* pResult)	E2b,sig~,size,pos=none	C	3.00	0.00	227:15	
8008AB04	GameUICommands	fn_8008AB04	GameModeBattle_GetClubName	TW07 PS3	GameMode_Battle.cpp	542	char* GameModeBattle::GetClubName(this, enum Club_t clubId)	void(MsgArg* pArgs, MsgArg* pResult)	E2b,sig~,size,pos=none	C	1.50	0.00	227:15	
8008AB40	GameUICommands	fn_8008AB40	GM_SpecialMoment_SkipReaction	TW07 PS3	GameMode.c	4035	bool GM_SpecialMoment_SkipReaction()	s32()	E2b,sig,size,pos=none	C	3.50	0.50	227:38	
8008AB4C	GameUICommands	fn_8008AB4C	GameModeBattle_AIMakeAddRemoveDecision	TW07 PS3	GameMode_Battle.cpp	561	enum tAIDecision GameModeBattle::AIMakeAddRemoveDecision(this)	s32()	E2b,sig,size,pos=none	C	3.00	1.50	227:15	
8008AC00	GameUICommands	fn_8008AC00	GM_IsPGATourDriver	TW07 PS3	GameMode.c	4085	bool GM_IsPGATourDriver()	s32()	E2b,sig,size~,pos=none,dup	C	2.50	0.00	227:38	
8008AC3C	GameUICommands	fn_8008AC3C	CalculateCutRow	TW07 PS3	PGATourSimulation.c	3112	int CalculateCutRow(enum PlayerNumber_t userID, int cutRank)	void(int a, int b)	E2b,sig,inl-only,pos=none	C	1.50	1.50	227:76	
8008AC40	GameUICommands	fn_8008AC40	GM_MonitoringTigerDisplayScore	TW07 PS3	PGATourSimulation.c	3349	bool GM_MonitoringTigerDisplayScore()	u8()	E2b,sig,size~,pos=none	C	2.50	1.50	227:76	
8008AC4C	GameUICommands	fn_8008AC4C	GM_PgaTourSim_MakeTigerGuest	TW07 PS3	PGATourSimulation.c	3486	void GM_PgaTourSim_MakeTigerGuest(enum PlayerNumber_t userID, int tigerEntrantID)	void(int nMsg, int a)	E2b,sig,size!,pos=none	C	1.50	1.00	227:76	
8008AC78	GameUICommands	fn_8008AC78	GM_PgaTourSim_GetFedExPoints	TW07 PS3	PGATourSimulation.c	4533	int GM_PgaTourSim_GetFedExPoints(GM_PgaTourEventID_t eventID, int rank)	void(int nMsg, int a)	E2b,sig,size?,pos=none,dup	C	1.50	1.00	227:76	
8008ACA4	GameUICommands	fn_8008ACA4	GM_PgaTourSim_GetFedExPointsFromGolferID	TW07 PS3	PGATourSimulation.c	4552	int GM_PgaTourSim_GetFedExPointsFromGolferID(enum PlayerNumber_t userID, int golferID)	void(int nMsg, int a)	E2b,sig,size~,pos=none	C	2.50	1.00	227:76	
8008ACD0	GameUICommands	fn_8008ACD0	GM_PgaTourSim_UserPlayedEvent	TW07 PS3	PGATourSimulation.c	4718	bool GM_PgaTourSim_UserPlayedEvent(enum PlayerNumber_t userID, uint32 eventID)	void(int nMsg, int a)	E2b,sig,size?,pos=none	C	1.50	1.00	227:76	
8008ACFC	GameUICommands	fn_8008ACFC	GM_PgaTourSim_GetUserRankForEvent	TW07 PS3	PGATourSimulation.c	4729	int GM_PgaTourSim_GetUserRankForEvent(enum PlayerNumber_t userID, uint32 eventID)	void(int nMsg, int a)	E2b,sig,size?,pos=none	C	1.50	1.00	227:76	
8008AD28	GameUICommands	fn_8008AD28	CalcFedExPoints	TW07 PS3	PGATourSimulation.c	5423	void CalcFedExPoints(int golferID, float* pVal)	void(int nMsg, int a)	E2b,sig~,inl-only,pos=none	C	1.00	1.00	227:76	
8008AD54	GameUICommands	fn_8008AD54	PlayPGAAwardVideo	TW07 PS3	PGATourSimulation.c	5721	void PlayPGAAwardVideo(int movieIndex, int numRandom)	void(int nMsg, int a)	E2b,sig,size,pos=none	C	5.00	1.00	227:76	
8008AD80	FEgolferanim	fn_8008AD80	FE_CharMgrInit	TW07 PS3	FEgolferanim.c	304	void FE_CharMgrInit()	void()	E2b,sig,inl-only,pos=both,weak,dup	C	1.50	1.50	16:23	
8008B00C	FEgolferanim	fn_8008B00C	FE_CharMgrClose	TW07 PS3	FEgolferanim.c	328	void FE_CharMgrClose()	void()	E2b,sig,inl-only,pos=both,weak,dup	C	1.50	1.50	16:23	
8008B1AC	FEgolferanim	fn_8008B1AC	FE_StreamManageCRaPMemory	TW07 PS3	FEgolferanim.c	386	bool FE_StreamManageCRaPMemory()	u8()	E2b,sig,inl-only,pos=both	C	1.50	1.00	16:23	
8008B3CC	FEgolferanim	fn_8008B3CC	FE_StreamFunc_TexturesClose	TW07 PS3	FEgolferanim.c	630	void FE_StreamFunc_TexturesClose(void* pData)	void()	E2b,sig!,size,pos=both	C	0.50	0.00	16:23	
8008B450	FEgolferanim	fn_8008B450	FE_StreamFunc_TexturesUpdate	TW07 PS3	FEgolferanim.c	643	void FE_StreamFunc_TexturesUpdate(void* pData)	void()	E2b,sig!,size,pos=both,dup	C	0.50	0.00	16:23	
8008B5FC	FEgolferanim	fn_8008B5FC	FE_StreamFunc_TexturesInterrupt	TW07 PS3	FEgolferanim.c	670	void FE_StreamFunc_TexturesInterrupt(void* pData)	void()	E2b,sig!,size,pos=both,dup	C	0.50	0.00	16:23	
8008B61C	FEgolferanim	fn_8008B61C	FEAnimManager_SetAnimationEnded	TW07 PS3	FEgolferanim.h.2	129	void FEAnimManager::SetAnimationEnded(this)	void()	E2b,sig,inl-only,pos=both,run4	B	1.50	0.00	72:20	2
8008B674	FEgolferanim	fn_8008B674	FEAnimManager_ClearSettingRenderState	TW07 PS3	FEgolferanim.h.2	134	void FEAnimManager::ClearSettingRenderState(this)	void()	E2b,sig,inl-only,pos=both,run4	B	1.50	0.00	72:20	2
8008B694	FEgolferanim	fn_8008B694	FEAnimManager_ClearSettingAnimation	TW07 PS3	FEgolferanim.h.2	135	void FEAnimManager::ClearSettingAnimation(this)	void()	E2b,sig,inl-only,pos=both,run4	B	1.50	0.00	72:20	2
8008B6E4	FEgolferanim	fn_8008B6E4	FEAnimManager_ClearSettingCamera	TW07 PS3	FEgolferanim.h.2	136	void FEAnimManager::ClearSettingCamera(this)	void()	E2b,sig,inl-only,pos=both,run4	B	1.50	0.00	72:20	2
8008B704	FEgolferanim	fn_8008B704	FE_StreamInterruptState	TW07 PS3	FEgolferanim.c	679	void FE_StreamInterruptState()	void()	E2b,sig,size,pos=both,run5	B	3.50	0.50	31:39	1
8008B754	FEgolferanim	fn_8008B754	FE_StreamSetNextState	TW07 PS3	FEgolferanim.c	688	void FE_StreamSetNextState(enum FE_eCharStreamState eState)	void(int nNext)	E2b,sig,size,pos=both,run5	B	4.25	3.75	31:39	1
8008B760	FEgolferanim	fn_8008B760	FE_StreamStopAllStreaming	TW07 PS3	FEgolferanim.c	697	void FE_StreamStopAllStreaming()	void()	E2b,sig,size~,pos=both,run5	B	2.50	2.50	31:39	1
8008B790	FEgolferanim	fn_8008B790	FE_StreamInitStateMgr	TW07 PS3	FEgolferanim.c	707	void FE_StreamInitStateMgr()	void()	E2b,sig,inl-only,pos=both,run5	B	1.50	1.50	31:39	1
8008B7D0	FEgolferanim	fn_8008B7D0	FE_StreamWaitForState	TW07 PS3	FEgolferanim.c	720	void FE_StreamWaitForState(enum FE_eCharStreamState eState)	void(int nState)	E2b,sig,size,pos=both,run5	B	4.25	3.75	31:39	1
8008B850	FEgolferanim	fn_8008B850	FE_StreamPopState	TW07 PS3	FEgolferanim.c	744	void FE_StreamPopState()	void()	E2b,sig,size,pos=both	B	3.50	2.00	2:2	2
8008B864	FEgolferanim	fn_8008B864	FE_StreamUpdateState	TW07 PS3	FEgolferanim.c	761	void FE_StreamUpdateState()	void()	E2b,sig,size,pos=both	B	3.50	3.50	31:39	1
8008B978	FEgolferanim	fn_8008B978	FE_PauseFECharStreaming	TW07 PS3	FEgolferanim.c	801	bool FE_PauseFECharStreaming(bool pause)	u8(u8 bPaused)	E2b,sig,size,pos=both	B	4.25	4.25	31:39	1
8008B990	FEgolferanim	fn_8008B990	FE_StreamGetNextState	TW07 PS3	FEgolferanim.c	822	enum FE_eCharStreamState FE_StreamGetNextState()	int()	E2b,sig,size,pos=both	C	3.00	0.00	1:6	
8008B9A0	FEgolferanim	fn_8008B9A0	sFE_vUpdateRenderGolfer	TW07 PS3	FEgolferanim.c	1006	void sFE_vUpdateRenderGolfer()	void()	E2b,sig,size,pos=both	B	3.50	2.00	2:7	2
8008C844	FEgolferanim	fn_8008C844	FE_vRenderGolferAllPhase1	TW07 PS3	FEgolferanim.c	1289	void FE_vRenderGolferAllPhase1()	void()	E2b,sig,size,pos=both,dup	C	3.50	0.50	12:13	
8008C8C4	FEgolferanim	fn_8008C8C4	FE_vRenderGolferAllPhase2	TW07 PS3	FEgolferanim.c	1311	void FE_vRenderGolferAllPhase2()	void()	E2b,sig,size?,pos=both,dup	C	1.50	0.50	12:13	
8008C938	FEgolferanim	fn_8008C938	FE_RenderGolfer	TW07 PS3	FEgolferanim.c	1333	void FE_RenderGolfer()	void()	E2b,sig,inl-only,pos=both	C	1.50	0.50	12:13	
8008C93C	FEgolferanim	fn_8008C93C	FE_SetupCharState	TW07 PS3	FEgolferanim.c	1396	void FE_SetupCharState()	void()	E2b,sig,inl-only,pos=both	C	1.50	0.50	12:13	
8008CA88	FEgolferanim	fn_8008CA88	FE_CharPositionOverwrite	TW07 PS3	FEgolferanim.c	1434	void FE_CharPositionOverwrite()	void()	E2b,sig,size,pos=both	C	3.50	0.50	12:13	
8008CE2C	FEgolferanim	fn_8008CE2C	FE_vCloseFECharModule	TW07 PS3	FEgolferanim.c	1530	void FE_vCloseFECharModule()	void()	E2b,sig,size,pos=both	C	3.50	1.00	12:13	
8008D8F4	FEgolferanim	fn_8008D8F4	FE_vInitFECharModule	TW07 PS3	FEgolferanim.c	1538	void FE_vInitFECharModule()	void()	E2b,sig,size,pos=both,weak	C	3.50	2.00	12:13	
8008D9AC	FEgolferanim	fn_8008D9AC	FE_lite_vRegisterStreamClients	TW07 PS3	FEgolferanim.c	1559	void FE_lite_vRegisterStreamClients()	void()	E2b,sig,size,pos=both	B	3.50	3.25	61:64	1
8008D9DC	FEgolferanim	fn_8008D9DC	FE_lite_vStreamCallback	TW07 PS3	FEgolferanim.c	1570	void FE_lite_vStreamCallback(struct TStreamData* xpStreamData_p)	void(UStreamObject* pObject)	E2b,sig,size~,pos=both	B	3.25	3.25	61:64	1
8008DBE8	FEgolferanim	fn_8008DBE8	FE_vExecuteClearGolferCache	TW07 PS3	FEgolferanim.c	1625	void FE_vExecuteClearGolferCache()	void()	E2b,sig,size~,pos=both	C	2.50	0.00	7:5	
8008DC10	FEgolferanim	fn_8008DC10	FE_vFreeUnusedCharacters	TW07 PS3	FEgolferanim.c	1635	void FE_vFreeUnusedCharacters()	void()	E2b,sig,size,pos=both,weak	C	3.50	2.50	7:5	
8008DD34	FEgolferanim	fn_8008DD34	FE_vLoadNextCrAPAnim	TW07 PS3	FEgolferanim.c	1681	void FE_vLoadNextCrAPAnim(bool blend, bool doFade)	void(int nProfile, s8 n)	E2b,sig,size?,pos=both,dup	C	3.00	0.75	7:5	
8008E02C	FEgolferanim	fn_8008E02C	FEAnimManager_GetCurAnimName	TW07 PS3	FEgolferanim.h	151	const char* FEAnimManager::GetCurAnimName(this)	Clip*()	E2b,sig,inl-only,pos=both	C	1.50	0.50	65:22	
8008E0B0	FEgolferanim	fn_8008E0B0	FE_RotateCrAPModel	TW07 PS3	FEgolferanim.c	1746	void FE_RotateCrAPModel(float rotationAmount)	void(f32 fTurn)	E2b,sig,size,pos=both	B	4.25	3.25	61:64	1
8008E244	FEgolferanim	fn_8008E244	FE_ResetCrAPZoom	TW07 PS3	FEgolferanim.c	1824	void FE_ResetCrAPZoom()	void()	E2b,sig,size,pos=both	B	3.50	3.50	61:64	1
8008E254	FEgolferanim	fn_8008E254	FE_ZoomCrAPModel	TW07 PS3	FEgolferanim.c	1829	void FE_ZoomCrAPModel(bool zoom)	void(u8 b)	E2b,sig,size~,pos=both	B	3.25	3.25	61:64	1
8008E2F8	FEgolferanim	fn_8008E2F8	FE_SetCrapRotation	TW07 PS3	FEgolferanim.c	1844	void FE_SetCrapRotation(float rotAmount, bool blend)	void(u8 bTarget, f32 fAngle)	E2b,sig?,size,pos=both	B	2.00	2.00	2:1	2
8008E358	FEgolferanim	fn_8008E358	FE_SetOffscreenBufferRender	TW07 PS3	FEgolferanim.c	1861	void FE_SetOffscreenBufferRender(bool bOn)	void(u8 b)	E2b,sig,size,pos=both	B	4.25	4.25	61:64	1
8008E364	FEgolferanim	fn_8008E364	FE_SetCrAPCameraIdleState	TW07 PS3	FEgolferanim.c	1867	void FE_SetCrAPCameraIdleState(enum FE_eCrAPCameraState state)	void(int n)	E2b,sig,size,pos=both,weak	C	4.25	2.75	15:11	
8008E420	FEgolferanim	fn_8008E420	FEAnimManager_IsSettingRenderState	TW07 PS3	FEgolferanim.h.2	144	bool FEAnimManager::IsSettingRenderState(this)	int()	E2b,sig,inl-only,pos=both	C	1.50	0.75	49:15	
8008E44C	FEgolferanim	fn_8008E44C	FEAnimManager_IsSettingAnimation	TW07 PS3	FEgolferanim.h.2	145	bool FEAnimManager::IsSettingAnimation(this)	int()	E2b,sig,inl-only,pos=both	C	1.50	0.75	49:15	
8008E6BC	FEgolferanim	fn_8008E6BC	FEAnimManager_GetCurCameraName	TW07 PS3	FEgolferanim.h	152	const char* FEAnimManager::GetCurCameraName(this)	char*()	E2b,sig,inl-only,pos=both	C	1.50	0.50	65:22	
8008E6D4	FEgolferanim	fn_8008E6D4	FE_SetCrapClub	TW07 PS3	FEgolferanim.c	1888	void FE_SetCrapClub(int32 club)	void(int n)	E2b,sig,size,pos=both	C	4.25	0.75	15:11	
8008E718	FEgolferanim	fn_8008E718	Event_ClearFlag	TW07 PS3	FEgolferanim.h	191	void Event::ClearFlag(this, uint32 flag)	void(int n)	E2b,sig,inl-only,pos=both	C	2.25	0.00	65:22	
8008E818	FEgolferanim	fn_8008E818	Event_TestFlag	TW07 PS3	FEgolferanim.h	192	bool Event::TestFlag(this, uint32 flag)	void(int n)	E2b,sig,inl-only,pos=both	C	0.75	0.00	65:22	
8008E860	FEgolferanim	fn_8008E860	FE_SetCrapRenderState	TW07 PS3	FEgolferanim.c	2047	void FE_SetCrapRenderState(enum FE_eCrapRenderState eState)	void(int n)	E2b,sig,size~,pos=both,dup	C	3.25	0.00	15:11	
8008E8D0	FEgolferanim	fn_8008E8D0	FE_SetTempCrapRenderState	TW07 PS3	FEgolferanim.c	2063	void FE_SetTempCrapRenderState(enum FE_eCrapRenderState eState)	void(int n)	E2b,sig,size,pos=both,dup	C	4.25	0.00	15:11	
8008E918	FEgolferanim	fn_8008E918	FE_SetTextureSwapState	TW07 PS3	FEgolferanim.c	2079	void FE_SetTextureSwapState(enum FE_CrapTextureSwap_e swapState)	void(int n)	E2b,sig,size!,pos=both	C	0.75	0.00	15:11	
8008E924	FEgolferanim	fn_8008E924	FE_IsTextureSwapDone	TW07 PS3	FEgolferanim.c	2089	bool FE_IsTextureSwapDone()	u8()	E2b,sig,size,pos=both,weak	C	3.50	2.00	15:11	
8008E938	FEgolferanim	fn_8008E938	FEAnimManager_IsRestartingState	TW07 PS3	FEgolferanim.h.2	148	bool FEAnimManager::IsRestartingState(this)	u8()	E2b,sig,inl-only,pos=both	C	1.50	0.75	49:15	
8008E944	FEgolferanim	fn_8008E944	FE_SetDelayTextureSwap	TW07 PS3	FEgolferanim.c	2098	bool FE_SetDelayTextureSwap(bool delay, float time)	u8(u8 b, f32 f)	E2b,sig,size,pos=both	A	5.00	5.00	61:64	1
8008E960	FEgolferanim	fn_8008E960	FE_QueueBallChange	TW07 PS3	FEgolferanim.c	2108	void FE_QueueBallChange(const char* texName)	void(char* sz)	E2b,sig,size~,pos=both,weak,dup	C	3.25	2.25	5:1	
8008E9A8	FEgolferanim	fn_8008E9A8	FE_sCharRenderMgr_HasCameraStateChanged	TW07 PS3	FEgolferanim.h	257	bool FE_sCharRenderMgr::HasCameraStateChanged(this)	int()	E2b,sig,inl-only,pos=both	C	1.50	0.00	65:22	
8008EA38	FEgolferanim	fn_8008EA38	FE_sCharRenderMgr_ReinitCrapOnTexLoad	TW07 PS3	FEgolferanim.h	259	void FE_sCharRenderMgr::ReinitCrapOnTexLoad(this, bool bState)	void(u8 b)	E2b,sig,inl-only,pos=both	C	2.25	0.00	65:22	
8008EA44	FEgolferanim	fn_8008EA44	Event_ClearFlag	TW07 PS3	FEgolferanim.h.2	191	void Event::ClearFlag(this, uint32 flag)	void(u8 b)	E2b,sigw,inl-only,pos=both	C	1.75	0.25	49:15	
8008EAB0	FEgolferanim	fn_8008EAB0	FE_GetCrapRenderState	TW07 PS3	FEgolferanim.c	2114	enum FE_eCrapRenderState FE_GetCrapRenderState()	u8()	E2b,sig,size~,pos=both,run6	A	2.00	0.00	61:64	1
8008EABC	FEgolferanim	fn_8008EABC	FE_CRAPSetHandednessForScreen	TW07 PS3	FEgolferanim.c	2119	void FE_CRAPSetHandednessForScreen(bool bLefty)	void(u8 b)	E2b,sig,inl-only,pos=both,run6	B	2.25	0.00	61:64	1
8008EAC8	FEgolferanim	fn_8008EAC8	FE_SetLastCrAPAsset	TW07 PS3	FEgolferanim.c	2127	void FE_SetLastCrAPAsset(int32 lastCrapAssetUsed)	void(u8 b)	E2b,sigw,size~,pos=both,run6	B	2.75	0.00	61:64	1
8008EAD4	FEgolferanim	fn_8008EAD4	FE_GetLastCrAPAsset	TW07 PS3	FEgolferanim.c	2132	int32 FE_GetLastCrAPAsset()	u8()	E2b,sig,size~,pos=both,run6	A	2.50	1.25	61:64	1
8008EAE0	FEgolferanim	fn_8008EAE0	FE_SetLastCrAPCategory	TW07 PS3	FEgolferanim.c	2137	void FE_SetLastCrAPCategory(int32 lastCrapCategoryUsed)	void(int n)	E2b,sig,size~,pos=both,run6	A	3.25	1.25	61:64	1
8008EAEC	FEgolferanim	fn_8008EAEC	FE_GetLastCrAPCategory	TW07 PS3	FEgolferanim.c	2142	int32 FE_GetLastCrAPCategory()	int()	E2b,sig,size~,pos=both,run6	A	2.50	1.00	61:64	1
8008EAF8	FEgolferanim	fn_8008EAF8	FE_sCharRenderMgr_SetUpdateBallTexture	TW07 PS3	FEgolferanim.h	265	void FE_sCharRenderMgr::SetUpdateBallTexture(this, bool bFlag)	void(int n)	E2b,sig,inl-only,pos=both	C	2.25	0.00	65:22	
8008EB04	FEgolferanim	fn_8008EB04	FEAnimManager_ClearQueue	TW07 PS3	FEgolferanim.c	2355	void FEAnimManager::ClearQueue(this)	int()	E2b,sig,size~,pos=both,dup	C	1.00	1.00	7:20	
8008EB10	FEgolferanim	fn_8008EB10	EventQueue_Pop	TW07 PS3	FEgolferanim.c	2455	bool EventQueue::Pop(this)	u8()	E2b,sig,size,pos=both	C	3.50	0.00	7:20	
8008EB70	FEgolferanim	fn_8008EB70	EventQueue_PeekTail	TW07 PS3	FEgolferanim.c	2490	struct Event* EventQueue::PeekTail(this)	void()	E2b,sig,size,pos=both	C	2.00	0.00	7:20	
8008EBB4	FEgolferanim	fn_8008EBB4	EventQueue_Clear	TW07 PS3	FEgolferanim.c	2497	void EventQueue::Clear(this)	void()	E2b,sig,size?,pos=both,dup	C	1.50	0.50	7:20	
8008EBE4	FEgolferanim	fn_8008EBE4	FE_CleanupGameface	TW07 PS3	FEgolferanim.c	2510	void FE_CleanupGameface()	void()	E2b,sig,size?,pos=both,dup	C	1.50	0.50	7:20	
8008F18C	uiLoadFile	fn_8008F18C	UI_TestTextureGroupChkRef	TW07 PS3	uiLoadFile.c	24	bool UI_TestTextureGroupChkRef(int32 id)	u32*(char* szUnused)	E2b,sig~,size~,pos=both	C	1.25	0.00	23:2	
8008F488	uiProcessInterface	fn_8008F488	GO_vCloseModules	TW07 PS3	GoMainLoop.c	755	void GO_vCloseModules()	void(FrontEnd* pFE)	E2b,sig!,size,pos=none,dup	C	0.50	0.00	31:28	
8008F820	uiProcessInterface	fn_8008F820	GO_vInitClubHouse	TW07 PS3	GoMainLoop.c	945	void GO_vInitClubHouse()	void()	E2b,sig,size?,pos=none	C	1.50	0.50	31:28	
800905A8	uiProcessInterface	fn_800905A8	GO_vCloseClubHouse	TW07 PS3	GoMainLoop.c	1123	void GO_vCloseClubHouse()	void()	E2b,sig,size~,pos=none,dup	C	2.50	0.50	31:28	
80090628	uiProcessInterface	fn_80090628	GO_vCommandOnline	TW07 PS3	GoMainLoop.c	1585	void GO_vCommandOnline()	void()	E2b,sig,size,pos=none,dup	C	3.50	0.50	31:28	
80090664	uiProcessInterface	fn_80090664	GO_vRenderDarknessForMCSystemUI	TW07 PS3	GoMainLoop.c	2702	void GO_vRenderDarknessForMCSystemUI()	void()	E2b,sig,size,pos=none,dup	C	3.50	0.50	31:28	
8009069C	uiProcessInterface	fn_8009069C	SetDPadAnalogEmulationFlag	TW07 PS3	GoMainLoop.c	4053	void SetDPadAnalogEmulationFlag()	void()	E2b,sig,size,pos=none	C	3.50	0.00	31:28	
80090898	uiProcessInterface	fn_80090898	_ShutdownMatch	TW07 PS3	GoMainLoop.c	4604	void _ShutdownMatch()	void()	E2b,sig,size~,pos=none,dup	C	2.50	0.50	31:28	
800908D4	uiProcessInterface	fn_800908D4	GO_vMinimalFEIStudioMainLoop	TW07 PS3	GoMainLoop.c	5228	void GO_vMinimalFEIStudioMainLoop()	void(f32 x0)	E2b,sig!,size,pos=none,dup	C	0.50	0.50	31:28	
80090B80	fe_movies	fn_80090B80	FE_MakePromoMoviePath	TW07 PS3	FE_Movies.c	104	void FE_MakePromoMoviePath(const char* movieName, char* moviePathOut, size_t moviePathOutBufLen)	void(FEVertex* pSrc, FEVertex* pDst, u8 bTint)	E2b,sigw,size!,pos=none	C	1.75	0.50	31:19	
800913EC	fe_movies	fn_800913EC	FE_MakeTourMoviePath	TW07 PS3	FE_Movies.c	115	void FE_MakeTourMoviePath(const char* movieName, char* moviePathOut, size_t moviePathOutBufLen)	void(s16 nTable, s16 nEntry)	E2b,sig!,size,pos=none,dup	C	0.50	0.50	31:19	
80091454	fe_movies	fn_80091454	FE_PreMovieSetup	TW07 PS3	FE_Movies.c	376	void FE_PreMovieSetup()	void()	E2b,sig,size?,pos=none	C	1.50	0.50	31:19	
80091708	fe_movies	fn_80091708	FE_PostMovieSetup	TW07 PS3	FE_Movies.c	393	void FE_PostMovieSetup()	void()	E2b,sig,size~,pos=none	C	2.50	0.50	31:19	
8009170C	fe_movies	fn_8009170C	FE_PlayTourMovie	TW07 PS3	FE_Movies.c	400	void FE_PlayTourMovie()	void()	E2b,sig,size?,pos=none,dup	C	1.50	0.00	31:19	
80091778	fe_movies	fn_80091778	FE_PlayRTEMovie	TW07 PS3	FE_Movies.c	416	void FE_PlayRTEMovie()	void()	E2b,sig,size,pos=none	C	3.50	0.00	31:19	
800917C8	fe_movies	fn_800917C8	FE_PlayOnlineTournamentMovie	TW07 PS3	FE_Movies.c	442	void FE_PlayOnlineTournamentMovie()	void()	E2b,sig,size,pos=none	C	3.50	0.00	31:19	
80091EE4	fe_movies	fn_80091EE4	FE_PlayLegendQuestIntroMovie	TW07 PS3	FE_Movies.c	477	void FE_PlayLegendQuestIntroMovie()	void()	E2b,sig,size~,pos=none,dup	C	2.50	0.00	31:19	
80092198	fe_movies	fn_80092198	FE_PlayIntroMovies	TW07 PS3	FE_Movies.c	484	void FE_PlayIntroMovies()	void()	E2b,sig,size~,pos=none,dup	C	2.50	0.00	31:19	
80092274	fe_movies	fn_80092274	FE_PlayTrophyBallHighlight	TW07 PS3	FE_Movies.c	511	void FE_PlayTrophyBallHighlight(struct REPLAY_MOMENT_t& replay)	void(s32 p0)	E2b,sig~,size~,pos=none,dup	C	2.00	0.50	31:19	
80092BA0	uiText	fn_80092BA0	FO_vSetDefaultStates	TW07 PS3	UFont.c	495	void FO_vSetDefaultStates()	void()	E2b,sig,size~,pos=none	C	2.50	0.00	9:14	
80092BC4	uiText	fn_80092BC4	FO_vAddAllToDisplayList	TW07 PS3	UFont.c	741	void FO_vAddAllToDisplayList()	void()	E2b,sig,size,pos=none	C	3.50	0.00	9:14	
80092BE8	uiText	fn_80092BE8	FO_fGetStringSize	TW07 PS3	UFont.c	848	float FO_fGetStringSize(char* chpString_p)	void(f32* pColor)	E2b,sig,size~,pos=none,dup	C	1.75	0.00	9:14	
80092CB8	uiText	fn_80092CB8	FO_vSetCurrentTextMode	TW07 PS3	UFont.c	866	void FO_vSetCurrentTextMode(FO_FTextMode flTextMode_p)	void(f32 x0)	E2b,sig,size~,pos=none,dup	C	3.25	1.75	9:14	
80093524	GoLightFogEnv	fn_80093524	LF_vInitModule	TW07 PS3	GoLightFogEnv.c	32	void LF_vInitModule()	void()	E2b,sig,size?,pos=none	C	1.50	0.00	10:5	
800935CC	GoLightFogEnv	fn_800935CC	LF_vSetLightingEnvironment	TW07 PS3	GoLightFogEnv.c	103	void LF_vSetLightingEnvironment(TGD_LightingData* xpLightingData_p)	void(CourseLights* pLights)	E2b,sig,size~,pos=none	C	3.25	2.25	10:5	
80093824	GoLightFogEnv	fn_80093824	LF_vSetDynamicLightModifiers	TW07 PS3	GoLightFogEnv.c	451	void LF_vSetDynamicLightModifiers()	void()	E2b,sig,size?,pos=none	C	1.50	1.00	10:5	
80093854	GoLightFogEnv	fn_80093854	LF_vSetGeneralColorationColorModifier	TW07 PS3	GoLightFogEnv.h	257	void LF_vSetGeneralColorationColorModifier(float fColorModifier_p)	void(LightParams* pParams)	E2b,sig~,inl-only,pos=none	C	1.00	0.00	10:10	
80093900	GoLightFogEnv	fn_80093900	LF_vSetLightModifiers	TW07 PS3	GoLightFogEnv.c	482	void LF_vSetLightModifiers(struct LI_SLightingEnvironment* pSrcLightEnv)	void(CourseLightBlock* pBlock)	E2b,sig,size,pos=none	C	4.25	1.00	10:5	
80093A04	GoLightFogEnv	fn_80093A04	LF_vGetLightColor	TW07 PS3	GoLightFogEnv.h	386	void LF_vGetLightColor(enum LI_ELightIndex index, float* color)	f32(s32 nLight, CamLens* pLens)	E2b,sig,inl-only,pos=none	C	1.50	0.75	10:10	
80093A50	GoLightFogEnv	fn_80093A50	LF_vSetLightColor	TW07 PS3	GoLightFogEnv.h	408	void LF_vSetLightColor(enum LI_ELightIndex index, float* color)	f32(GoLight* pLight, CamLens* pLens)	E2b,sig,inl-only,pos=none	C	1.50	0.75	10:10	
80095744	unsorted/sweep_80095744	fn_80095744	SW_CopySuperSuckaFlags	TW07 PS3	Swing.c	4463	void SW_CopySuperSuckaFlags(struct PhysicsBall_t* dest, const struct PhysicsBall_t* src)	void(void* arg0, s32 arg1)	E2b,sig~,size,pos=none	C	3.00	1.00	1:70	
80095780	unsorted/sweep_80095780	fn_80095780	GolfCamera_IsGreenCrowdCameraDone	TW07 PS3	GoGolfCam.c	3478	bool GolfCamera_IsGreenCrowdCameraDone(CameraController_t* pCameraController)	s32(void* arg0)	E2b,sig,size,pos=none	C	4.25	2.50	1:69	
800957D8	unsorted/sweep_800957D8	fn_800957D8	STATEFUNC_FacilityIdleExit	TW07 PS3	stateFunc.c	7459	void STATEFUNC_FacilityIdleExit(enum PlayerNumber_t PlayerID)	void(void* arg0)	E2b,sig~,size,pos=none	C	3.00	0.00	1:46	
800957FC	CharAnim	fn_800957FC	CharacterState_SetSKAState	TW07 PS3	char_State.c	87	void CharacterState_SetSKAState(struct TCharacter* pCharacter, enum CharacterAnimStateE animState)	void(Character* pChar, u8 bReset)	E2b,sig,size!,pos=one	C	1.50	1.50	3:5	
800958F8	CharAnim	fn_800958F8	SKABlend_CalculateBlendInfo	TW07 PS3	char_State.c	133	float SKABlend_CalculateBlendInfo(struct TCharacter* pCharacter, TSwingProfile* pSwingProfile, float swingTime, float localT0, float localT1, float gT0, float dt, struct TSKABlendInfo* pBlendInfo)	f32(Character* pChar, f32* aPrev, Clip* pClip, f32* aBlend, f32 fFrom, f32 fTo, f32 fStart, f32 fOffset)	E2b,sig?,inl-only,nbr,pos=one	C	2.00	2.00	3:5	
800962F8	CharAnim	fn_800962F8	GET_AMBIENT_FIDGET_COUNT	TW07 PS3	char_State.c	340	int8 GET_AMBIENT_FIDGET_COUNT()	s32(Character* pChar)	E2b,sig!,inl-only,nbr,pos=both	C	0.50	0.00	5:3	
80096338	CharAnim	fn_80096338	GET_IDLE_FIDGET_COUNT	TW07 PS3	char_State.c	344	int8 GET_IDLE_FIDGET_COUNT()	s8()	E2b,sig,inl-only,pos=both	C	1.50	0.00	5:3	
8009637C	CharAnim	fn_8009637C	CharacterState_ResetFidgetState	TW07 PS3	char_State.c	348	enum eIGSkaStates CharacterState_ResetFidgetState(struct TCharacter* pCharacter)	u8(Character* pChar)	E2b,sig,size?,pos=both	C	1.75	0.00	5:3	
800971B8	CharAnim	fn_800971B8	CharacterState_GetLastSKAStateID	TW07 PS3	char_State.c	975	float CharacterState_GetLastSKAStateID(struct TCharacter* pCharacter)	f32(Character* pChar)	E2b,sig,size~,pos=one	B	3.25	3.25	2:1	1
800981D0	GoShaderObject_Glows_Gc	fn_800981D0	_CreateStarSmooth	TW07 PS3	GlowsRenderData.c	192	void _CreateStarSmooth(int32 glowIndex, int32 nbDoubleBranches)	void(int nGlow, int nPoints)	E2b,sig,size,pos=both	B	5.00	4.50	4:4	1
80098408	GoShaderObject_Glows_Gc	fn_80098408	_RenderGlows	TW07 PS3	GlowsRenderData.c	358	void _RenderGlows(TGlowRenderList* pGlowList, int iNoZtest)	void(GlowQueued* pGlow, const f32* pPos)	E2b,sig~,size,pos=both	B	3.00	2.50	3:3	2
8009A16C	BootCourse	fn_8009A16C	DEMO_ResetFrontendDemoTiming	TW07 PS3	Demo.c	336	void DEMO_ResetFrontendDemoTiming()	void()	E2b,sig,size,pos=both	B	3.50	3.50	3:8	1
8009A180	BootCourse	fn_8009A180	DEMO_IsFrontendDemoTimedOut	TW07 PS3	Demo.c	366	bool DEMO_IsFrontendDemoTimedOut()	u8()	E2b,sig,size,pos=both	B	3.50	1.50	3:8	1
8009A1EC	BootCourse	fn_8009A1EC	DEMO_EnterE3AttractMode	TW07 PS3	Demo.c	466	bool DEMO_EnterE3AttractMode()	u8()	E2b,sig,size~,pos=both	C	2.50	0.00	1:5	
8009A250	SunFlr_Gc	fn_8009A250	SF_vBuildSaturationPolys	TW07 PS3	SunFlr.c	1819	void SF_vBuildSaturationPolys()	void()	E2b,sig,inl-only,nbr,pos=none	C	3.50	3.50	8:7	
8009A340	SunFlr_Gc	fn_8009A340	SF_vUpdateAlphaAmplitudeTable	TW07 PS3	SunFlr.c	1975	void SF_vUpdateAlphaAmplitudeTable()	void()	E2b,sig,inl-only,pos=none	C	1.50	1.50	8:7	
8009A3F4	SunFlr_Gc	fn_8009A3F4	SF_vLocalAddSunFlareToDisplayList	TW07 PS3	SunFlr.c	2152	void SF_vLocalAddSunFlareToDisplayList(int32 iViewportID)	void(s32 nView)	E2b,sig,size?,pos=none	C	2.25	2.25	8:7	
8009A704	SunFlr_Gc	fn_8009A704	SF_vAddSunFlareToDisplayList	TW07 PS3	SunFlr.c	5307	void SF_vAddSunFlareToDisplayList(int32 iViewportID)	void(s32 nView)	E2b,sig,size!,pos=none	C	0.75	0.75	8:7	
8009AA28	Code8009AA28	fn_8009AA28	SF_vBuildSaturationPolys	TW07 PS3	SunFlr.c	1819	void SF_vBuildSaturationPolys()	void()	E2b,sig,inl-only,nbr,pos=one,dup	C	3.50	2.00	1:5	
8009B134	Code8009AA28	fn_8009B134	SF_vDownloadZBufferData	TW07 PS3	SunFlr.c	5270	void SF_vDownloadZBufferData()	void()	E2b,sig,size~,pos=both	B	2.50	2.00	1:3	1
8009B898	GoGreenGrid	fn_8009B898	GR_vClose	TW07 PS3	GoGreenGrid.c	669	void GR_vClose()	void()	E2b,sig,size~,pos=both	C	2.50	1.00	6:11	
8009B970	GoGreenGrid	fn_8009B970	GR_vSetCurrGreen	TW07 PS3	GoGreenGrid.c	701	void GR_vSetCurrGreen(int greenIdx)	void(int nView)	E2b,sig,size!,pos=both	C	0.75	0.75	6:11	
8009BD24	GoGreenGrid	fn_8009BD24	GR_PlayerIsTargetingGreen	TW07 PS3	GoGreenGrid.c	763	bool GR_PlayerIsTargetingGreen(enum PlayerNumber_t PlayerID)	u8(int nPlayer)	E2b,sig,inl-only,pos=both	C	2.25	0.50	6:11	
8009BD94	GoGreenGrid	fn_8009BD94	GR_ShouldDrawGrid	TW07 PS3	GoGreenGrid.c	775	bool GR_ShouldDrawGrid(enum PlayerNumber_t PlayerID)	u8(int nPlayer)	E2b,sig,inl-only,pos=both	C	2.25	0.50	6:11	
8009C914	GoGreenGrid	fn_8009C914	GR_UpdateGreenGrid	TW07 PS3	GoGreenGrid.c	1219	void GR_UpdateGreenGrid(int viewport)	void(int nView)	E2b,sig,size~,p07l,pos=both	C	3.75	0.50	2:15	
8009CB78	GoGreenGrid	fn_8009CB78	GridPointColorShader_SetLoColor	TW07 PS3	GoGreenGrid.c	1498	void GridPointColorShader_SetLoColor(uint8 red, uint8 green, uint8 blue)	void(register f32* pA, register f32* pB, register f32* pOut)	E2b,sig?,size~,pos=both	C	1.00	0.00	2:15	
8009CC00	MC_Gc	fn_8009CC00	GO_vSetGenericFrameStates	TW07 PS3	GoMainLoop.c	929	void GO_vSetGenericFrameStates()	void()	E2b,sig,size?,pos=none,dup	C	1.50	0.00	68:28	
8009CC88	MC_Gc	fn_8009CC88	GO_vCloseClubHouse	TW07 PS3	GoMainLoop.c	1123	void GO_vCloseClubHouse()	void()	E2b,sig,size~,pos=none,dup	C	2.50	1.00	68:28	
8009CD10	MC_Gc	fn_8009CD10	GO_vCommandOnline	TW07 PS3	GoMainLoop.c	1585	void GO_vCommandOnline()	void()	E2b,sig,size~,pos=none,dup	C	2.50	1.00	68:28	
8009CD7C	MC_Gc	fn_8009CD7C	GO_vRenderAptTestRenderOnly	TW07 PS3	GoMainLoop.c	2631	void GO_vRenderAptTestRenderOnly()	void()	E2b,sig,inl-only,pos=none,dup	C	1.50	0.00	68:28	
8009D6CC	MC_Gc	fn_8009D6CC	MC_GetMC	TW07 PS3	MC.c	298	struct GolfMemCard_t MC_GetMC(int port, int slot)	s32(s32 nPort, s32 nSlot)	E2b,sig,size~,pos=none	C	4.00	0.00	68:48	
8009D728	MC_Gc	fn_8009D728	MC_pGetMC	TW07 PS3	MC.c	307	struct GolfMemCard_t* MC_pGetMC(int port, int slot)	void(s32 nPort, s32 nResult)	E2b,sig,size~,pos=none	C	2.50	1.25	68:48	
8009DCE8	MC_Gc	fn_8009DCE8	MC_QueryInitialUser	TW07 PS3	MC.c	317	bool MC_QueryInitialUser()	void()	E2b,sig,size,pos=none	C	2.00	1.25	68:48	
8009EA98	MC_Gc	fn_8009EA98	GO_vRenderApt	TW07 PS3	GoMainLoop.c	2676	void GO_vRenderApt()	void()	E2b,sig,size,pos=none	C	3.50	1.50	68:28	
8009EAF0	MC_Gc	fn_8009EAF0	GO_vRenderDarknessForMCSystemUI	TW07 PS3	GoMainLoop.c	2702	void GO_vRenderDarknessForMCSystemUI()	void()	E2b,sig,size,pos=none,dup	C	3.50	1.50	68:28	
8009EB30	MC_Gc	fn_8009EB30	MC_LoadReplay	TW07 PS3	MC.c	871	int MC_LoadReplay(MC_ArgsLoadT* spArgs)	void(UStreamObject* pObject)	E2b,sig,size~,pos=none	C	1.75	1.25	68:48	
8009EB38	MC_Gc	fn_8009EB38	MC_SaveReplay	TW07 PS3	MC.c	883	int MC_SaveReplay(MC_ArgsSaveT* spArgs)	void(UStreamObject* pObject)	E2b,sig,size~,pos=none	C	1.75	1.25	68:48	
8009EB40	MC_Gc	fn_8009EB40	MC_RefreshMCReplayInfo	TW07 PS3	MC.c	926	void MC_RefreshMCReplayInfo(int port, int slot)	void(s32 nPort, s32 nSlot)	E2b,sig,size~,pos=none	C	4.00	1.25	68:48	
8009EC30	MC_Gc	fn_8009EC30	MC_FindUserInSaveGame	TW07 PS3	MC.c	1099	int MC_FindUserInSaveGame(int port, int slot, const char* name, MC_SAVE_USER_t* saveGame)	s32(s32 nPort, s32 nSlot, const char* pName, const char* pBackupName)	E2b,sig,size!,pos=none	C	3.00	0.00	68:48	
8009EE28	MC_Gc	fn_8009EE28	MC_HasValidLoadedUser	TW07 PS3	MC.c	1242	bool MC_HasValidLoadedUser(MC_SAVE_USER_t* pTempSaveFileUserData, int savedGameBufferIndex)	s32(s32 nPort, s32 nSlot)	E2b,sig~,size~,pos=none	C	2.00	1.00	68:48	
8009EF98	MC_Gc	fn_8009EF98	GO_vPreRenderFE	TW07 PS3	GoMainLoop.c	3892	void GO_vPreRenderFE()	void()	E2b,sig,size~,pos=none,dup	C	2.50	1.00	68:28	
8009F02C	MC_Gc	fn_8009F02C	SetDPadAnalogEmulationFlag	TW07 PS3	GoMainLoop.c	4053	void SetDPadAnalogEmulationFlag()	void()	E2b,sig,size,pos=none,dup	C	3.50	1.00	68:28	
8009F36C	MC_Gc	fn_8009F36C	MC_DeleteUser	TW07 PS3	MC.c	1717	int MC_DeleteUser(int port, int slot, char* name)	s32(s32 nPort, s32 nSlot, s32* pnFreeBytes)	E2b,sig,size,pos=none	C	5.75	1.00	68:48	
8009F488	MC_Gc	fn_8009F488	MC_RecordEATitleByIndex	TW07 PS3	MC.c	2852	void MC_RecordEATitleByIndex(int index)	s32(s32 nFile)	E2b,sig,size~,pos=none	C	1.75	0.00	68:48	
8009F4D8	MC_Gc	fn_8009F4D8	MC_FormatCard	TW07 PS3	MC.c	3067	int MC_FormatCard(int port, int slot)	s32(const void* pA, const void* pB)	E2b,sig?,size,pos=none	C	2.00	0.00	68:48	
8009F6A0	MC_Gc	fn_8009F6A0	MC_TW2005SaveGameExists	TW07 PS3	MC.c	3175	int MC_TW2005SaveGameExists(int port, int slot)	s32(s32 nPort, s32 nSlot)	E2b,sig,size,pos=none	C	5.00	0.00	68:48	
8009F734	MC_Gc	fn_8009F734	MC_TW2006SaveGameExists	TW07 PS3	MC.c	3234	int MC_TW2006SaveGameExists(int port, int slot)	s32(s32 nPort, s32 nSlot)	E2b,sig,size?,pos=none,dup	C	3.00	0.00	68:48	
8009F780	MC_Gc	fn_8009F780	GO_vMinimalFEIStudioMainLoop	TW07 PS3	GoMainLoop.c	5228	void GO_vMinimalFEIStudioMainLoop()	void()	E2b,sig,size~,pos=none,dup	C	2.50	0.00	68:28	
8009F7E4	MC_Gc	fn_8009F7E4	SFIO_vGetTerritoryCallback	TW07 PS3	SharedFileIOCallbacks.c	1066	enum SFIOTerritoryE SFIO_vGetTerritoryCallback()	void()	E2b,sig,size,pos=none	C	3.00	1.00	68:2	
8009F7E8	MC_Gc	fn_8009F7E8	MC_GetEASaveBitArray	TW07 PS3	MC.c	3487	int32 MC_GetEASaveBitArray(int32 startIndex)	u8(int nPort)	E2b,sig,size?,pos=none	C	2.25	0.75	68:48	
8009F8C8	MC	fn_8009F8C8	MC_MergeRecords	TW07 PS3	MC.c	430	void MC_MergeRecords(struct GAME_RECORDS_t* newRecords)	void(SaveRecords* pRecords)	E2b,sig,size,pos=both,run4	B	4.25	4.25	2:2	1
8009FAD0	MC	fn_8009FAD0	MC_LoadOptionsFromFirstCardFound	TW07 PS3	MC.c	482	int MC_LoadOptionsFromFirstCardFound()	s32()	E2b,sig,size~,pos=both,run4	B	2.50	2.50	2:2	1
800A0230	MC	fn_800A0230	MC_CallActionFnSave	TW07 PS3	MC.h	516	int MC_CallActionFnSave(MC_ArgsSaveT* pArgs)	s32(MCCardPos* pPos)	E2b,sig,inl-only,pos=both,weak	C	2.25	1.50	19:5	
800A036C	MC	fn_800A036C	MC_CallActionFnLoad	TW07 PS3	MC.h	526	int MC_CallActionFnLoad(MC_ArgsLoadT* pArgs)	s32(MCCardPos* pPos)	E2b,sig,inl-only,pos=both,weak	C	2.25	1.50	19:5	
800A0610	MC	fn_800A0610	MC_GetReplay	TW07 PS3	MC.c	917	int MC_GetReplay(int port, int slot, int replayID)	s32(s32 nPort, s32 nSlot, s32 nReplay)	E2b,sig,size!,pos=both	C	2.25	0.00	5:7	
800A0868	MC	fn_800A0868	MC_RefreshMCReplayInfo	TW07 PS3	MC.c	926	void MC_RefreshMCReplayInfo(int port, int slot)	void(s32 nPort, s32 nSlot)	E2b,sig,size!,pos=both,dup	C	1.50	1.50	5:7	
800A09EC	MC	fn_800A09EC	MC_CallActionFnMemoryRequired	TW07 PS3	MC.h	556	int MC_CallActionFnMemoryRequired(MC_ArgsMemoryRequiredT* pArgs)	s32(MCCardPos* pPos)	E2b,sig,inl-only,pos=both,weak	C	2.25	1.50	19:5	
800A0A7C	MC	fn_800A0A7C	MC_DeleteSaveGame	TW07 PS3	MC.c	946	int MC_DeleteSaveGame(int port, int slot)	s32(s32 nPort, s32 nSlot)	E2b,sig,size,pos=both	B	5.00	3.50	8:14	1
800A0B18	MC	fn_800A0B18	MC_FindUserInSaveGame	TW07 PS3	MC.c	1099	int MC_FindUserInSaveGame(int port, int slot, const char* name, MC_SAVE_USER_t* saveGame)	s32(s32 nPort, s32 nSlot, const char* szName, SaveImage* pImage)	E2b,sig,size!,pos=both,dup	C	3.00	3.00	1:2	
800A0BC8	MC	fn_800A0BC8	MC_GetNextUserIndexInSaveGame	TW07 PS3	MC.c	1119	int MC_GetNextUserIndexInSaveGame(int port, int slot, const char* name, MC_SAVE_USER_t* saveGame)	s32(s32 nPort, s32 nSlot, const char* szName, SaveImage* pImage)	E2b,sig,size,pos=both	B	6.50	3.00	8:14	1
800A1758	MC	fn_800A1758	MC_GetNumOptions	TW07 PS3	MC.c	2088	int MC_GetNumOptions(MC_ArgsNumFilesOnCardT* spArgs)	int(MCCardPos* pPos)	E2b,sig,size~,p07l,pos=1:1,run4	A	3.75	3.75	1:1	1
800A19F4	MC	fn_800A19F4	MC_Debug	TW07 PS3	MC.c	2503	void MC_Debug()	void()	E2b,sig,size~,pos=both,run7	A	2.50	0.00	1:9	1
800A1C58	MC	fn_800A1C58	MC_CleanGameString	TW07 PS3	MC.c	2674	void MC_CleanGameString(char* string, size_t strBufLen)	void(char* szText)	E2b,sig!,size,pos=1:1	C	0.50	0.50	1:1	
800A2100	MC	fn_800A2100	MC_ListSaveGames	TW07 PS3	MC.c	2892	int MC_ListSaveGames(int port, int slot)	s32(s32 nPort, s32 nSlot)	E2b,sig,size,pos=both	C	5.00	1.00	7:8	
800A218C	MC	fn_800A218C	MC_FormatCard	TW07 PS3	MC.c	3067	int MC_FormatCard(int port, int slot)	s32(s32 nPort, s32 nSlot)	E2b,sig,size!,pos=both,dup	C	1.50	1.00	7:8	
800A2194	MC	fn_800A2194	MC_TW2005SaveGameExists	TW07 PS3	MC.c	3175	int MC_TW2005SaveGameExists(int port, int slot)	s32(s32 nPort, s32 nSlot)	E2b,sig,size,pos=both,weak,dup	C	5.00	2.50	7:8	
800A2248	MC	fn_800A2248	MC_TW2006SaveGameExists	TW07 PS3	MC.c	3234	int MC_TW2006SaveGameExists(int port, int slot)	s32(s32 nPort, s32 nSlot)	E2b,sig,size,pos=both,weak	C	5.00	2.50	7:8	
800A2630	MC	fn_800A2630	MC_IsOptionsDataCorrupt	TW07 PS3	MC.c	3572	int MC_IsOptionsDataCorrupt(MC_ArgsDataCorruptT* spArgs)	s32(MCCardPos* pPos)	E2b,sig,size,pos=both,run4	B	4.25	1.75	3:6	1
800A2668	MC	fn_800A2668	MC_IsReplayDataCorrupt	TW07 PS3	MC.c	3595	int MC_IsReplayDataCorrupt(MC_ArgsDataCorruptT* spArgs)	s32(MCCardPos* pPos)	E2b,sig,size~,pos=both,run4	B	3.25	1.75	3:6	1
800A26A0	MC	fn_800A26A0	MC_IsUserDataCorrupt	TW07 PS3	MC.c	3619	int MC_IsUserDataCorrupt(MC_ArgsDataCorruptT* spArgs)	s32(MCCardPos* pPos)	E2b,sig,size~,pos=both,run4	B	3.25	1.75	3:6	1
800A2740	MC	fn_800A2740	MC_SetCurrentFileType	TW07 PS3	MC.h	566	void MC_SetCurrentFileType(MC_FileTypeE eFileType)	void(MCCardPos* pPos)	E2b,sig,inl-only,pos=both	C	2.25	0.00	19:5	
800A27BC	MC	fn_800A27BC	MC_ConvertCharToWideChar	TW07 PS3	MC.c	3745	void MC_ConvertCharToWideChar(char* charStrIn, uint16* wCharStrOut, int nChars)	void(const char* szSrc, u16* szDst, s32 nMax)	E2b,sig,size!,pos=both	C	2.25	2.25	2:1	
800A2E14	PsBallFx	fn_800A2E14	Ter_HeadgateInit	TW07 PS3	GoTerrainCollision_Headgate.c	35	void Ter_HeadgateInit()	void()	E2b,sig,size?,pos=none	C	1.50	1.50	13:21	
800A2E68	PsBallFx	fn_800A2E68	STATEFUNC_FadeToShowYardageUpdate	TW07 PS3	stateFunc.c	4302	void STATEFUNC_FadeToShowYardageUpdate(enum PlayerNumber_t PlayerID)	void()	E2b,sig!,size,pos=none,dup	C	0.50	0.50	13:46	
800A2FFC	PsBallFx	fn_800A2FFC	_statefunc_handleInputWhileWaiting	TW07 PS3	stateFunc.c	4384	void _statefunc_handleInputWhileWaiting(enum PlayerNumber_t PlayerID, bool bAllowReplayAndMulligan)	void(int nPlayer, int bOn)	E2b,sig,size~,pos=none	C	4.00	1.00	13:46	
800A31E0	PsBallFx	fn_800A31E0	STATEFUNC_CameraDebugUpdate	TW07 PS3	stateFunc.c	5801	void STATEFUNC_CameraDebugUpdate(enum PlayerNumber_t PlayerID)	void(Ball* pBall, int nPlayer)	E2b,sig!,size,pos=none	C	0.50	0.00	13:46	
800A3A84	PsBallFx	fn_800A3A84	STATEFUNC_EllipseOrbitUpdate	TW07 PS3	stateFunc.c	6504	void STATEFUNC_EllipseOrbitUpdate(enum PlayerNumber_t PlayerID)	void()	E2b,sig!,size,pos=none,dup	C	0.50	0.00	13:46	
800A3CB0	PsBallFx	fn_800A3CB0	STATEFUNC_InactivityUpdate	TW07 PS3	stateFunc.c	7015	void STATEFUNC_InactivityUpdate(enum PlayerNumber_t PlayerID)	void(f32* pPos, int nPlayer)	E2b,sig!,size,pos=none,dup	C	0.50	0.00	13:46	
800A3D6C	PsBallFx	fn_800A3D6C	Ter_GetLowestGroundHeight	TW07 PS3	GoTerrainCollision_Headgate.c	685	float Ter_GetLowestGroundHeight(TGD_TerrainInfo* pTerrainData, float* location)	void(f32* pPos, int nPlayer)	E2b,sig~,size~,pos=none,dup	C	0.50	0.00	13:21	
800A3DF4	PsBallFx	fn_800A3DF4	STATEFUNC_HaltUpdate	TW07 PS3	stateFunc.c	7468	void STATEFUNC_HaltUpdate(enum PlayerNumber_t PlayerID)	void(int nPlayer)	E2b,sig,size,pos=none	C	4.25	0.50	13:46	
800A3F58	GameAudio	fn_800A3F58	Gaud_GetHolePosition	TW07 PS3	GameAudio.c	520	void Gaud_GetHolePosition(const vec4flt& pos)	void(u8 bLow, u8 bHigh)	E2b,sig!,size,pos=both,dup	C	0.50	0.25	12:13	
800A3F94	GameAudio	fn_800A3F94	Gaud_GetTeePosition	TW07 PS3	GameAudio.c	599	void Gaud_GetTeePosition(const vec4flt& pos)	void(u8 n)	E2b,sig~,size~,pos=both	C	2.00	0.25	12:13	
800A3FF4	GameAudio	fn_800A3FF4	MusicTrackState_getCurrentPlaylist	TW07 PS3	GameAudio.c	684	int MusicTrackState::getCurrentPlaylist(this)	u8()	E2b,sig,size,pos=both,dup	C	3.50	1.00	12:13	
800A4044	GameAudio	fn_800A4044	Gaud_StartPgaRecordComment	TW07 PS3	GameAudio.h	468	void Gaud_StartPgaRecordComment(uint16 commentID, TCommentPlayMode mode)	void(u8 nIndex, u8 nValue)	E2b,sigw,inl-only,pos=none	C	2.50	0.00	70:4	
800A4084	GameAudio	fn_800A4084	MusicTrackState_getCurrentTrack	TW07 PS3	GameAudio.c	782	int MusicTrackState::getCurrentTrack(this)	void()	E2b,sig,size,pos=both	C	2.00	0.00	12:13	
800A4170	GameAudio	fn_800A4170	HeartBeatLoopCallback	TW07 PS3	GameAudio.c	945	void HeartBeatLoopCallback(uint8 instID, uint8 trkID, EAudTrkCBReason reason)	void(u8 nId, u8 nTrack, s32 n)	E2b,sig,size,pos=both,coh	B	6.75	3.75	105:232	1
800A41A4	GameAudio	fn_800A41A4	Gaud_MusicVolumeResetAmbianceCompressorClamp	TW07 PS3	GameAudio.c	1150	void Gaud_MusicVolumeResetAmbianceCompressorClamp()	void()	E2b,sig,size~,pos=both,dup	C	2.50	1.00	6:16	
800A42B0	GameAudio	fn_800A42B0	InitCrowdBuildup	TW07 PS3	GameAudio.c	1328	void InitCrowdBuildup(uint8 varRangeID)	void(u8 n)	E2b,sig,inl-only,pos=both	C	2.75	1.25	6:16	
800A4374	GameAudio	fn_800A4374	ExitCrowdBuildup	TW07 PS3	GameAudio.c	1370	void ExitCrowdBuildup()	void()	E2b,sig,size,pos=both,dup	C	3.50	1.25	6:16	
800A43DC	GameAudio	fn_800A43DC	UpdateCrowdBuildup	TW07 PS3	GameAudio.c	1390	void UpdateCrowdBuildup()	void()	E2b,sig,inl-only,pos=both	C	1.50	1.00	6:16	
800A44A0	GameAudio	fn_800A44A0	SetStreamingContext	TW07 PS3	GameAudio.c	1491	void SetStreamingContext()	void()	E2b,sig,size~,pos=both	C	2.50	1.00	6:16	
800A484C	GameAudio	fn_800A484C	StartBackgroundMusic	TW07 PS3	GameAudio.c	1580	void StartBackgroundMusic()	void()	E2b,sig,size~,pos=both,coh,run4	B	2.50	0.00	105:232	1
800A4928	GameAudio	fn_800A4928	StartAmbientStreamer	TW07 PS3	GameAudio.c	1607	void StartAmbientStreamer()	void()	E2b,sig,inl-only,pos=both,coh,run4	B	1.50	0.00	105:232	1
800A49A4	GameAudio	fn_800A49A4	StopAmbientStreamer	TW07 PS3	GameAudio.c	1681	void StopAmbientStreamer(bool controlOnly)	void(u8 bKeepFirst)	E2b,sig,inl-only,pos=both,coh,run4	B	2.25	1.75	105:232	1
800A4A24	GameAudio	fn_800A4A24	GetAmbientStreamRange	TW07 PS3	GameAudio.c	1699	uint8 GetAmbientStreamRange(Course_t courseID, uint8 holeID)	u8(s32 nCourse, int n)	E2b,sigw,inl-only,pos=both,coh,run4	B	2.50	2.50	105:232	1
800A4A88	GameAudio	fn_800A4A88	Gaud_ReInit	TW07 PS3	GameAudio.c	1980	bool Gaud_ReInit()	u8()	E2b,sig,size~,pos=both,weak	C	2.50	2.50	10:33	
800A4BAC	GameAudio	fn_800A4BAC	Gaud_InitOnce	TW07 PS3	GameAudio.c	2062	bool Gaud_InitOnce()	int()	E2b,sig,size~,pos=both,weak	C	2.50	2.50	10:33	
800A4C54	GameAudio	fn_800A4C54	Gaud_Monitor	TW07 PS3	GameAudio.c	2277	void Gaud_Monitor()	void()	E2b,sig,size!,inl1,pos=both	C	1.50	1.50	10:33	
800A4CB8	GameAudio	fn_800A4CB8	Gaud_ActorDownloadCallback	TW07 PS3	GameAudio.c	2332	void Gaud_ActorDownloadCallback(TBasicParamPtr pActorData, bool soundActorPure)	void(GameAudioSource** ppSource, int n)	E2b,sig,size~,pos=both,weak	C	4.00	1.50	10:33	
800A4E34	GameAudio	fn_800A4E34	Gaud_InitFacility	TW07 PS3	GameAudio.c	2486	void Gaud_InitFacility()	void()	E2b,sig,size,pos=both,dup	C	3.50	0.50	10:33	
800A4FD8	GameAudio	fn_800A4FD8	Gaud_ExitFacility	TW07 PS3	GameAudio.c	2517	void Gaud_ExitFacility()	void()	E2b,sig,size,pos=both	C	3.50	0.50	10:33	
800A500C	GameAudio	fn_800A500C	Gaud_LoadNicknameBanks	TW07 PS3	GameAudio.c	2798	void Gaud_LoadNicknameBanks()	void()	E2b,sig,size~,pos=both	C	2.50	1.00	10:33	
800A5428	GameAudio	fn_800A5428	WaitForAllStreams	TW07 PS3	GameAudio.c	2963	void WaitForAllStreams()	void()	E2b,sig,size,pos=both	C	3.50	0.00	10:33	
800A5620	GameAudio	fn_800A5620	Gaud_EndHole	TW07 PS3	GameAudio.c	3126	void Gaud_EndHole()	void()	E2b,sig,size?,pos=both,weak,dup	C	1.50	1.50	10:33	
800A562C	GameAudio	fn_800A562C	Gaud_InitSwing	TW07 PS3	GameAudio.c	3158	void Gaud_InitSwing(uint8 playerID)	void(u8 nPlayer)	E2b,sig,size,pos=both,coh	B	4.75	3.50	105:232	1
800A573C	GameAudio	fn_800A573C	Gaud_UpdtSwing	TW07 PS3	GameAudio.c	3201	void Gaud_UpdtSwing(uint8 playerID)	void(u8 nPlayer)	E2b,sig,size,p07l,pos=both	B	5.25	2.75	2:6	2
800A5980	GameAudio	fn_800A5980	Gaud_SwingReverse	TW07 PS3	GameAudio.c	3652	void Gaud_SwingReverse(uint8 playerID)	void(u8 nPlayer)	E2b,sig,size!,pos=both	C	1.25	0.00	1:5	
800A5CA4	GameAudio	fn_800A5CA4	Gaud_BallBounce	TW07 PS3	GameAudio.c	3666	void Gaud_BallBounce(uint8 playerID)	void(u8 nPlayer)	E2b,sig,size,pos=both,coh,run6	A	4.75	1.25	105:232	1
800A5E94	GameAudio	fn_800A5E94	Gaud_BallStopped	TW07 PS3	GameAudio.c	3748	void Gaud_BallStopped(uint8 playerID)	void(u8 nPlayer)	E2b,sig,size~,pos=both,coh,run6	A	3.75	3.75	105:232	1
800A5EC0	GameAudio	fn_800A5EC0	Gaud_BallInCup	TW07 PS3	GameAudio.c	3762	void Gaud_BallInCup(uint8 playerID)	void(u8 nPlayer)	E2b,sig,size~,pos=both,coh,run6	A	3.75	3.75	105:232	1
800A5F60	GameAudio	fn_800A5F60	Gaud_BallHitPole	TW07 PS3	GameAudio.c	3784	void Gaud_BallHitPole(uint8 playerID)	void(u8 nPlayer)	E2b,sig,size~,pos=both,coh,run6	A	3.75	3.75	105:232	1
800A5FE8	GameAudio	fn_800A5FE8	Gaud_BallHitMetalTarget	TW07 PS3	GameAudio.c	3800	void Gaud_BallHitMetalTarget(uint8 playerID)	void(u8 nPlayer)	E2b,sig,size~,pos=both,coh,run6	A	3.75	3.75	105:232	1
800A6070	GameAudio	fn_800A6070	Gaud_CameraShake	TW07 PS3	GameAudio.c	3817	void Gaud_CameraShake(uint8 playerID, bool filter)	void(u8 nPlayer, u8 bLimit)	E2b,sig,size~,pos=both,coh,run6	A	4.50	4.00	105:232	1
800A62A4	GameAudio	fn_800A62A4	Gaud_TextFall	TW07 PS3	GameAudio.c	3843	void Gaud_TextFall()	void()	E2b,sig,size,pos=both	C	3.50	0.00	14:31	
800A6448	GameAudio	fn_800A6448	Gaud_TimeTicking	TW07 PS3	GameAudio.c	3879	void Gaud_TimeTicking()	void()	E2b,sig,size~,pos=both	C	2.50	0.00	14:31	
800A644C	GameAudio	fn_800A644C	Gaud_TimeTickingStop	TW07 PS3	GameAudio.c	3887	void Gaud_TimeTickingStop()	void()	E2b,sig,size~,pos=both	C	2.50	0.00	14:31	
800A6450	GameAudio	fn_800A6450	Gaud_PlayTappaFeedback	TW07 PS3	GameAudio.c	4028	void Gaud_PlayTappaFeedback(uint8 playerID)	void(u8 nPlayer)	E2b,sig,size?,pos=both,weak	C	2.75	1.50	14:31	
800A64A8	GameAudio	fn_800A64A8	Gaud_InitGameBreaker	TW07 PS3	GameAudio.c	4095	void Gaud_InitGameBreaker(uint8 playerID, bool predicted)	void(u8 nPlayer, u8 b)	E2b,sig,size,pos=both,coh	A	5.50	5.50	105:232	1
800A6660	GameAudio	fn_800A6660	Gaud_ExitGameBreaker	TW07 PS3	GameAudio.c	4133	void Gaud_ExitGameBreaker(uint8 playerID)	void(u8 nPlayer)	E2b,sig,size,pos=both,coh	B	4.75	4.75	105:232	1
800A67E8	GameAudio	fn_800A67E8	Gaud_InitCamZoom	TW07 PS3	GameAudio.c	4180	void Gaud_InitCamZoom(uint8 playerID)	void(u8 nPlayer)	E2b,sig,size?,pos=both,coh,run5	B	2.75	2.75	105:232	1
800A6854	GameAudio	fn_800A6854	Gaud_ExitCamZoom	TW07 PS3	GameAudio.c	4190	void Gaud_ExitCamZoom(uint8 playerID)	void(u8 nPlayer)	E2b,sig,size?,pos=both,coh,run5	B	2.75	2.75	105:232	1
800A68C0	GameAudio	fn_800A68C0	Gaud_InitSpecialShot	TW07 PS3	GameAudio.c	4203	void Gaud_InitSpecialShot(uint8 playerID)	void(u8 nPlayer)	E2b,sig,size,pos=both,coh,run5	B	4.75	4.75	105:232	1
800A6AC8	GameAudio	fn_800A6AC8	Gaud_UpdtSpecialShot	TW07 PS3	GameAudio.c	4308	void Gaud_UpdtSpecialShot(uint8 playerID, uint8 frameID)	void(u8 nPlayer, u8 n)	E2b,sig,size~,pos=both,coh,run5	B	5.00	3.75	105:232	1
800A6BA8	GameAudio	fn_800A6BA8	Gaud_ExitSpecialShot	TW07 PS3	GameAudio.c	4338	void Gaud_ExitSpecialShot(uint8 playerID)	void(u8 nPlayer)	E2b,sig,size?,pos=both,coh,run5	B	2.75	1.50	105:232	1
800A6C98	GameAudio	fn_800A6C98	Gaud_InitSlowMo	TW07 PS3	GameAudio.c	4379	void Gaud_InitSlowMo(uint8 playerID, uint8 varID)	void(u8 nPlayer, u8 n)	E2b,sig,size?,pos=both,coh	B	4.00	3.75	105:232	1
800A6D48	GameAudio	fn_800A6D48	Gaud_ExitSlowMo	TW07 PS3	GameAudio.c	4391	void Gaud_ExitSlowMo(uint8 playerID)	void(u8 nPlayer)	E2b,sig,size?,pos=1:1	B	2.75	2.75	1:1	2
800A6DCC	GameAudio	fn_800A6DCC	Gaud_InitCrowdReactionSound	TW07 PS3	GameAudio.c	4401	void Gaud_InitCrowdReactionSound(int32 varRangeID, ECrowdReacSit sit)	void(int nMusic, int a)	E2b,sig,size~,pos=both,coh	B	4.00	4.00	105:232	1
800A6EC8	GameAudio	fn_800A6EC8	Gaud_ExitTopOfArcBuildup	TW07 PS3	GameAudio.c	4603	void Gaud_ExitTopOfArcBuildup()	void()	E2b,sig,size,pos=both	C	3.50	0.00	4:11	
800A6F38	GameAudio	fn_800A6F38	Gaud_CrowdMutter_Begin	TW07 PS3	GameAudio.c	4626	void Gaud_CrowdMutter_Begin()	void()	E2b,sig,size,pos=both	C	3.50	0.00	4:11	
800A6FE0	GameAudio	fn_800A6FE0	Gaud_CrowdMutter_End	TW07 PS3	GameAudio.c	4657	void Gaud_CrowdMutter_End()	void()	E2b,sig,size,pos=both,dup	C	3.50	0.00	4:11	
800A707C	GameAudio	fn_800A707C	Gaud_CrowdInterxn_Scatter	TW07 PS3	GameAudio.c	4735	void Gaud_CrowdInterxn_Scatter()	void()	E2b,sig,size,pos=both	C	3.50	1.00	4:11	
800A70E4	GameAudio	fn_800A70E4	Gaud_InitWindSound	TW07 PS3	GameAudio.c	4793	void Gaud_InitWindSound(int level)	void(int n)	E2b,sig,size,pos=both,coh	B	4.25	4.25	105:232	1
800A714C	GameAudio	fn_800A714C	Gaud_InitSurroundBirds	TW07 PS3	GameAudio.c	4818	void Gaud_InitSurroundBirds()	void()	E2b,sig,size,pos=both,coh,run5	B	3.50	0.00	105:232	1
800A7198	GameAudio	fn_800A7198	Gaud_InitTreeSound	TW07 PS3	GameAudio.c	4846	void Gaud_InitTreeSound(int level)	void(int n)	E2b,sig,size,pos=both,coh,run5	B	4.25	3.75	105:232	1
800A71E4	GameAudio	fn_800A71E4	Gaud_ExitTreeSound	TW07 PS3	GameAudio.c	4857	void Gaud_ExitTreeSound()	void()	E2b,sig,size,pos=both,coh,run5	B	3.50	3.50	105:232	1
800A7220	GameAudio	fn_800A7220	Gaud_InitRainSound	TW07 PS3	GameAudio.c	4867	void Gaud_InitRainSound(float intensity)	void(f32 fAmount)	E2b,sig,size,pos=both,coh,run5	B	4.25	4.25	105:232	1
800A7294	GameAudio	fn_800A7294	Gaud_ExitRainSound	TW07 PS3	GameAudio.c	4887	void Gaud_ExitRainSound()	void()	E2b,sig,size,pos=both,coh,run5	B	3.50	3.50	105:232	1
800A72EC	GameAudio	fn_800A72EC	Gaud_StartStatisticsLeadersComment	TW07 PS3	GameAudio.h	476	void Gaud_StartStatisticsLeadersComment(uint16 commentID, TCommentPlayMode mode)	void(u8 bOff, u8 bMusic)	E2b,sigw,inl-only,pos=none	C	2.50	0.00	70:4	
800A7350	GameAudio	fn_800A7350	Gaud_Pause	TW07 PS3	GameAudio.c	4926	void Gaud_Pause(bool on)	void(u8 bOn)	E2b,sig,size,pos=both	C	4.25	0.50	7:12	
800A73C0	GameAudio	fn_800A73C0	Gaud_StartTrackingTigerComment	TW07 PS3	GameAudio.h	480	void Gaud_StartTrackingTigerComment(uint16 commentID, TCommentPlayMode mode)	void(u8 a, int n)	E2b,sigw,inl-only,pos=none	C	2.50	0.00	70:4	
800A73F0	GameAudio	fn_800A73F0	Gaud_StopMiniGameSound	TW07 PS3	GameAudio.c	4992	void Gaud_StopMiniGameSound(int32 sndID)	void(s32 n)	E2b,sig,size!,pos=both,dup	C	0.75	0.00	7:12	
800A746C	GameAudio	fn_800A746C	Gaud_LongDriveUi_Stop	TW07 PS3	GameAudio.c	5079	void Gaud_LongDriveUi_Stop(int32 script, int32 track, int32 range)	void(s32 nKind, int nTrack, int n)	E2b,sig,size~,pos=both,weak	C	4.75	2.75	7:12	
800A74E4	GameAudio	fn_800A74E4	Gaud_StartScenariosComment	TW07 PS3	GameAudio.h	484	void Gaud_StartScenariosComment(uint16 commentID, TCommentPlayMode mode)	void(s32 nKind, int nTrack)	E2b,sigw,inl-only,pos=none	C	2.50	0.00	70:4	
800A7528	GameAudio	fn_800A7528	Gaud_RewardCommentaryIsPlaying	TW07 PS3	GameAudio.c	5101	int Gaud_RewardCommentaryIsPlaying()	s32()	E2b,sig,size~,pos=both,weak	C	2.50	2.50	7:12	
800A754C	GameAudio	fn_800A754C	Gaud_StartMusic	TW07 PS3	GameAudio.c	5125	void Gaud_StartMusic(uint8 playlist, int32 trackID)	void(u8 a, u16 b)	E2b,sigw,size~,pos=both,coh	B	4.00	4.00	105:232	1
800A75B4	GameAudio	fn_800A75B4	Gaud_StopMusic	TW07 PS3	GameAudio.c	5152	void Gaud_StopMusic()	void()	E2b,sig,size,pos=both,coh	B	3.50	3.00	105:232	1
800A75F4	GameAudio	fn_800A75F4	Gaud_GetMusicStatus	TW07 PS3	GameAudio.c	5167	bool Gaud_GetMusicStatus()	u8()	E2b,sig,size?,pos=both,weak	C	1.50	1.50	12:69	
800A7644	GameAudio	fn_800A7644	Gaud_InitFlyBy	TW07 PS3	GameAudio.c	5200	void Gaud_InitFlyBy()	void()	E2b,sig,size~,pos=both	C	2.50	1.00	12:69	
800A7664	GameAudio	fn_800A7664	Gaud_StartOneShotStream	TW07 PS3	GameAudio.c	5237	void Gaud_StartOneShotStream(uint8 playlist, uint16 commentID, TCommentPlayMode mode)	void(int nKind, int nMsg, int a)	E2b,sigw,size,pos=both,weak	C	4.75	2.00	12:69	
800A76E4	GameAudio	fn_800A76E4	Gaud_StopComment	TW07 PS3	GameAudio.c	5311	void Gaud_StopComment()	void()	E2b,sig,size,pos=both,weak	C	3.50	2.00	12:69	
800A7720	GameAudio	fn_800A7720	Gaud_GetOneShotStatus	TW07 PS3	GameAudio.c	5469	bool Gaud_GetOneShotStatus()	u8()	E2b,sig,size,pos=both	C	3.50	0.00	12:69	
800A7748	GameAudio	fn_800A7748	Gaud_GetAmbientStmStatus	TW07 PS3	GameAudio.c	5490	bool Gaud_GetAmbientStmStatus()	u8()	E2b,sig,size,pos=both	C	3.50	0.00	12:69	
800A7770	GameAudio	fn_800A7770	Gaud_GetStreamingStatus	TW07 PS3	GameAudio.c	5509	bool Gaud_GetStreamingStatus()	u8()	E2b,sig,size,pos=both,weak	C	3.50	1.50	12:69	
800A77E0	GameAudio	fn_800A77E0	Gaud_SetSfxLevel	TW07 PS3	GameAudio.c	5668	void Gaud_SetSfxLevel(float attn)	void(f32 fVolume)	E2b,sig,size,pos=both	C	4.25	1.25	12:69	
800A78F0	GameAudio	fn_800A78F0	Gaud_SetCommentLevel	TW07 PS3	GameAudio.c	5700	void Gaud_SetCommentLevel(float attn)	void(f32 fVolume)	E2b,sig,size?,pos=both,weak	C	2.25	2.25	12:69	
800A7924	GameAudio	fn_800A7924	Gaud_SetTalkyLevel	TW07 PS3	GameAudio.c	5720	void Gaud_SetTalkyLevel(float attn)	void(f32 f)	E2b,sig,size,pos=both,weak	C	4.25	2.50	12:69	
800A7944	GameAudio	fn_800A7944	Gaud_InitInGameVideo	TW07 PS3	GameAudio.c	5849	void Gaud_InitInGameVideo()	void()	E2b,sig,size?,pos=both	C	1.50	0.00	12:69	
800A7994	GameAudio	fn_800A7994	Gaud_RestartMusic	TW07 PS3	GameAudio.c	6169	void Gaud_RestartMusic()	void()	E2b,sig,size,pos=both,coh,run4	B	3.50	0.00	105:232	1
800A79B4	GameAudio	fn_800A79B4	Gaud_PlayCreditsMusic	TW07 PS3	GameAudio.c	6177	void Gaud_PlayCreditsMusic()	void()	E2b,sig,size?,pos=both,coh,run4	B	1.50	0.00	105:232	1
800A79D4	GameAudio	fn_800A79D4	Gaud_StopCreditsMusic	TW07 PS3	GameAudio.c	6189	void Gaud_StopCreditsMusic()	void()	E2b,sig,size?,pos=both,coh,run4	B	1.50	0.00	105:232	1
800A79F4	GameAudio	fn_800A79F4	Gaud_StopTrinityAudio	TW07 PS3	GameAudio.c	6201	void Gaud_StopTrinityAudio()	void()	E2b,sig,size,pos=both,coh,run4	B	3.50	1.50	105:232	1
800A7AF0	AudTable	fn_800A7AF0	Emi_InitModule	TW07 PS3	HLAudEmitter.c	238	bool Emi_InitModule()	u8()	E2b,sig,size?,pos=none	C	1.50	1.50	20:23	
800A7C24	AudTable	fn_800A7C24	Emi_InitSession	TW07 PS3	HLAudEmitter.c	278	bool Emi_InitSession()	u8()	E2b,sig,size~,pos=none	C	2.50	2.25	20:23	
800A7C2C	AudTable	fn_800A7C2C	Emi_ExitSession	TW07 PS3	HLAudEmitter.c	285	void Emi_ExitSession()	void()	E2b,sig,size~,pos=none	C	2.50	2.25	20:23	
800A7CA4	AudTable	fn_800A7CA4	Emi_UpdInstance	TW07 PS3	HLAudEmitter.c	406	void Emi_UpdInstance(uint8 instID, bit8 trkOns, bit8 trkOffs, int32* ctrls, audfrac* pos, bit16 updtflags)	void(u8 nEntry, u8 uMaskA, u8 uMaskB, u32* auStreams, f32 (*aPos)[3], u16 uMask)	E2b,sig,size?,pos=none	C	5.00	2.25	20:23	
800A8134	AudTable	fn_800A8134	TrkRenderStereo	TW07 PS3	HLAudTrack.c	104	void TrkRenderStereo(TEmitInst* pemit, TPerf* pperf, audfrac attn)	void(AudSource* pSource, u32* auStreams, u16 uMask)	E2b,sig,inl-only,pos=none	C	3.75	0.00	20:10	
800A8200	AudTable	fn_800A8200	Emi_DelInstance	TW07 PS3	HLAudEmitter.c	499	void Emi_DelInstance(uint8 instID)	void(u8 nEntry)	E2b,sig,size~,pos=none	C	3.75	0.75	20:23	
800A8248	AudTable	fn_800A8248	Emi_SetTrackVariation	TW07 PS3	HLAudEmitter.c	526	void Emi_SetTrackVariation(uint8 instID, uint8 trackID, uint8 varID)	void(u8 nEntry, u8 nTrack, u8 n)	E2b,sig,size~,pos=none,dup	C	6.25	2.50	20:23	
800A82CC	AudTable	fn_800A82CC	Emi_SetTrackVarRange	TW07 PS3	HLAudEmitter.c	556	void Emi_SetTrackVarRange(uint8 instID, uint8 trackID, uint8 rangeID)	void(u8 nEntry, u8 nTrack, u8 n)	E2b,sig,size~,pos=none	C	6.25	2.50	20:23	
800A834C	AudTable	fn_800A834C	Emi_SetTrackVarRangeTmpl	TW07 PS3	HLAudEmitter.c	585	void Emi_SetTrackVarRangeTmpl(uint32 tmplID, uint8 trackID, uint8 rangeID)	void(s16 nSound, u8 nTrack, u8 n)	E2b,sigw,size?,pos=none,dup	C	4.25	1.25	20:23	
800A84A4	AudTable	fn_800A84A4	Emi_CheckTemplate	TW07 PS3	HLAudEmitter.c	776	void Emi_CheckTemplate(TEmitter* ptmpl, int16 emitID, bool bResolve)	void(u8 nEntry, u8 nTrack, f32 fPitch)	E2b,sig?,size,pos=none,dup	C	2.00	0.00	20:23	
800A8524	AudTable	fn_800A8524	Trk_SetTempo	TW07 PS3	HLAudTrack.c	770	void Trk_SetTempo(TPerf* pperf, audfrac tempo)	void(AudSound* pSound, u16 n)	E2b,sig,size,pos=none	C	5.00	1.50	20:10	
800A8584	AudTable	fn_800A8584	Emi_TrackCallback	TW07 PS3	HLAudEmitter.c	796	void Emi_TrackCallback(TEmitInst* pemit, uint8 trackID, EAudTrkCBReason reason)	void(AudSource* pSource, u8 nTrack, s32 n)	E2b,sig,size?,pos=none	C	4.25	1.00	20:23	
800A86B0	HLAudMaster	fn_800A86B0	Mas_InitSession	TW07 PS3	HLAudMaster.c	59	bool Mas_InitSession()	u8()	E2b,sig,size~,pos=both,weak	C	2.50	2.50	5:4	
800A86B8	HLAudMaster	fn_800A86B8	Mas_ExitSession	TW07 PS3	HLAudMaster.c	69	void Mas_ExitSession()	void()	E2b,sig,size~,pos=both,weak	C	2.50	2.50	5:4	
800A86BC	HLAudMaster	fn_800A86BC	Mas_SetOutputMode	TW07 PS3	HLAudMaster.c	77	void Mas_SetOutputMode(uint8 outputMode)	void(u8 nRate)	E2b,sig,size,pos=both	B	4.75	3.50	7:5	1
800A874C	HLAudMaster	fn_800A874C	Mas_SetSubmixMuteAll	TW07 PS3	HLAudMaster.c	134	void Mas_SetSubmixMuteAll(bit32 chanmask)	void(s32 n)	E2b,sig,size~,pos=both	B	3.25	3.25	1:3	1
800A8D2C	hlaudmovie	fn_800A8D2C	Ses_InitModule	TW07 PS3	HLAudSession.c	85	bool Ses_InitModule()	u8()	E2b,sig,size~,pos=one	C	2.50	1.00	14:2	
800A8D54	hlaudmovie	fn_800A8D54	Ses_ExitModule	TW07 PS3	HLAudSession.c	101	void Ses_ExitModule()	void()	E2b,sig,size,pos=one	C	3.50	2.00	14:2	
800A8D88	hlaudmovie	fn_800A8D88	Ses_ExitNicknames	TW07 PS3	HLAudSession.c	117	void Ses_ExitNicknames()	void()	E2b,sig,size,pos=one	B	3.50	3.00	15:4	1
800A8F68	hlaudmovie	fn_800A8F68	Ses_GetEmitterTemplateFromID	TW07 PS3	HLAudSession.c	294	TEmitter* Ses_GetEmitterTemplateFromID(uint32 tmplID)	void(u8 b)	E2b,sigw,size~,pos=both	C	1.25	1.25	1:3	
800A8FB4	hlaudmovie	fn_800A8FB4	Ses_Pause	TW07 PS3	HLAudSession.c	325	void Ses_Pause(bool on, bool spinupDelay)	void*(u32 uSize, u32 uMemory)	E2b,sig,size,pos=one	B	3.50	3.50	15:19	1
800A8FFC	hlaudmovie	fn_800A8FFC	Ses_ProcessArticulationData	TW07 PS3	HLAudSession.c	343	void Ses_ProcessArticulationData(TStreamDataPtr pStrmData)	void(u32 uMemory)	E2b,sig,size,pos=one	C	4.25	2.00	13:15	
800A929C	hlaudmovie	fn_800A929C	Ses_ProcessSampleData	TW07 PS3	HLAudSession.c	525	void Ses_ProcessSampleData(TStreamDataPtr pStrmData)	void(u32 uMemory)	E2b,sig,size,pos=one	C	4.25	0.00	13:15	
800A9374	hlaudmovie	fn_800A9374	Ses_GetStreamRamData	TW07 PS3	HLAudSession.c	897	void* Ses_GetStreamRamData(uint32 offset_ram)	AudStreamFile*(u32 uSize)	E2b,sig,size,pos=one	C	4.25	0.00	13:15	
800A94F4	hlaudmovie	fn_800A94F4	Ses_TmplOvrTrackRvbMode	TW07 PS3	HLAudSession.c	907	void Ses_TmplOvrTrackRvbMode(uint32 tmplID, uint8 trackID, bool reverbOn)	void(s16 nSound, u8 nTrack, u8 bOn)	E2b,sigw,size?,pos=one	C	3.75	0.00	13:15	
800A96DC	hlaudmovie	fn_800A96DC	Ses_DebugPrint	TW07 PS3	HLAudSession.c	948	void Ses_DebugPrint(const float& x, const float& y, PRINTFFN PrintfFn)	void(AudSource* pSource, AudTrack* pTrack, f32 fVolume)	E2b,sig,size!,pos=one	C	2.25	0.00	13:15	
800A9A50	hlaudtrack	fn_800A9A50	Trk_InitSession	TW07 PS3	HLAudTrack.c	238	bool Trk_InitSession(uint8 sessID, uint8 subsessID)	u8(u8 a, u8 b)	E2b,sig,size!,pos=both	C	2.50	2.50	1:3	
800AA4BC	hlaudtrackseq	fn_800AA4BC	AutoSelectVariation	TW07 PS3	HLAudTrackSeq.c	72	void AutoSelectVariation(TPerfSeq* pperf)	void(AudTrack* pTrack)	E2b,sig,size?,pos=1:1	C	2.25	0.00	1:2	
800AA5A0	hlaudtrackseq	fn_800AA5A0	VoiceEndCB	TW07 PS3	HLAudTrackSeq.c	182	void VoiceEndCB(void* p, EVocEndReason reason)	void(AudVoice* pVoice, int nReason)	E2b,sig,size~,pos=both,coh	B	4.00	4.00	31:32	1
800AA618	hlaudtrackseq	fn_800AA618	CheckForStolenLoopers	TW07 PS3	HLAudTrackSeq.c	198	void CheckForStolenLoopers(TPerfSeq* pperf)	void(AudTrack* pTrack)	E2b,sig,inl-only,nbr,pos=both,weak	C	4.25	4.25	1:2	
800AA694	hlaudtrackseq	fn_800AA694	OnNoOp	TW07 PS3	HLAudTrackSeq.c	246	void OnNoOp(TTrackCmd* pcmd, TPerfSeq* pperf)	void(AudSeqEvent* pEvent, AudTrack* pTrack)	E2b,sig,size~,pos=both,coh,run6	A	4.00	4.00	31:32	1
800AA698	hlaudtrackseq	fn_800AA698	OnEnd	TW07 PS3	HLAudTrackSeq.c	256	void OnEnd(TTrackCmd* pcmd, TPerfSeq* pperf)	void(AudSeqEvent* pEvent, AudTrack* pTrack)	E2b,sig,size,pos=both,coh,run6	A	5.00	5.00	31:32	1
800AA744	hlaudtrackseq	fn_800AA744	OnKeyOn	TW07 PS3	HLAudTrackSeq.c	304	void OnKeyOn(TTrackCmd* pcmd, TPerfSeq* pperf)	void(AudSeqEvent* pEvent, AudTrack* pTrack)	E2b,sig,size~,inl1,pos=both,coh,run6	A	5.50	5.50	31:32	1
800AA9EC	hlaudtrackseq	fn_800AA9EC	OnKeyOff	TW07 PS3	HLAudTrackSeq.c	571	void OnKeyOff(TTrackCmd* pcmd, TPerfSeq* pperf)	void(AudSeqEvent* pEvent, AudTrack* pTrack)	E2b,sig,size,pos=both,coh,run6	A	5.00	5.00	31:32	1
800AAAA0	hlaudtrackseq	fn_800AAAA0	OnPitchBend	TW07 PS3	HLAudTrackSeq.c	634	void OnPitchBend(TTrackCmd* pcmd, TPerfSeq* pperf)	void(AudSeqEvent* pEvent, AudTrack* pTrack)	E2b,sig,size~,pos=both,coh,run6	A	4.00	4.00	31:32	1
800AAAA4	hlaudtrackseq	fn_800AAAA4	OnPitchRamp	TW07 PS3	HLAudTrackSeq.c	677	void OnPitchRamp(TTrackCmd* pcmd, TPerfSeq* pperf)	void(AudSeqEvent* pEvent, AudTrack* pTrack)	E2b,sig,size,pos=both,coh,run6	A	5.00	1.50	31:32	1
800AAB48	hlaudtrackseq	fn_800AAB48	OnTrackStatus	TW07 PS3	HLAudTrackSeq.c	716	void OnTrackStatus(TTrackCmd* pcmd, TPerfSeq* pperf)	void(AudSeqEvent* pEvent, AudTrack* pTrack)	E2b,sig,size!,pos=1:1	C	1.50	1.50	1:1	
800AAB8C	hlaudtrackseq	fn_800AAB8C	OnTrackSetPlayList	TW07 PS3	HLAudTrackSeq.c	764	void OnTrackSetPlayList(TTrackCmd* pcmd, TPerfSeq* pperf)	void(AudSeqEvent* pEvent, AudTrack* pTrack)	E2b,sig,size?,pos=both,coh,run5	B	3.00	0.50	31:32	1
800AAC00	hlaudtrackseq	fn_800AAC00	OnTrackSetStream	TW07 PS3	HLAudTrackSeq.c	819	void OnTrackSetStream(TTrackCmd* pcmd, TPerfSeq* pperf)	void(AudSeqEvent* pEvent, AudTrack* pTrack)	E2b,sig,size~,pos=both,coh,run5	B	4.00	0.50	31:32	1
800AAC78	hlaudtrackseq	fn_800AAC78	OnModPitch	TW07 PS3	HLAudTrackSeq.c	858	void OnModPitch(TTrackCmd* pcmd, TPerfSeq* pperf)	void(AudSeqEvent* pEvent, AudTrack* pTrack)	E2b,sig,size,pos=both,coh,run5	B	5.00	0.50	31:32	1
800AACBC	hlaudtrackseq	fn_800AACBC	OnModADSRVol	TW07 PS3	HLAudTrackSeq.c	875	void OnModADSRVol(TTrackCmd* pcmd, TPerfSeq* pperf)	void(AudSeqEvent* pEvent, AudTrack* pTrack)	E2b,sig,size~,pos=both,coh,run5	B	4.00	0.50	31:32	1
800AACF8	hlaudtrackseq	fn_800AACF8	OnModStartOffset	TW07 PS3	HLAudTrackSeq.c	895	void OnModStartOffset(TTrackCmd* pcmd, TPerfSeq* pperf)	void(AudSeqEvent* pEvent, AudTrack* pTrack)	E2b,sig,size,pos=both,coh,run5	B	5.00	0.50	31:32	1
800AAD14	hlaudtrackseq	fn_800AAD14	OnRvbWetAttn	TW07 PS3	HLAudTrackSeq.c	909	void OnRvbWetAttn(TTrackCmd* pcmd, TPerfSeq* pperf)	void(AudSeqEvent* pEvent, AudTrack* pTrack)	E2b,sig,size!,pos=1:1	C	1.50	1.50	1:1	
800AAD18	hlaudtrackseq	fn_800AAD18	Seq_InitModule	TW07 PS3	HLAudTrackSeq.c	924	bool Seq_InitModule()	u8()	E2b,sig,size?,pos=both	B	1.50	1.50	3:5	2
800AAE08	hlaudtrackseq	fn_800AAE08	Seq_Init	TW07 PS3	HLAudTrackSeq.c	986	void Seq_Init(TPerfSeq* pperf)	void(AudTrack* pTrack)	E2b,sig,size,pos=both,coh,run5	B	4.25	0.00	31:32	1
800AAE70	hlaudtrackseq	fn_800AAE70	Seq_Exit	TW07 PS3	HLAudTrackSeq.c	997	void Seq_Exit(TPerfSeq* pperf)	void(AudTrack* pTrack)	E2b,sig,size?,pos=both,coh,run5	B	2.25	0.00	31:32	1
800AAE90	hlaudtrackseq	fn_800AAE90	Seq_Start	TW07 PS3	HLAudTrackSeq.c	1008	void Seq_Start(TPerfSeq* pperf)	void(AudTrack* pTrack)	E2b,sig,size~,pos=both,coh,run5	B	3.25	0.00	31:32	1
800AAEEC	hlaudtrackseq	fn_800AAEEC	Seq_Stop	TW07 PS3	HLAudTrackSeq.c	1031	void Seq_Stop(TPerfSeq* pperf)	void(AudTrack* pTrack)	E2b,sig,size~,pos=both,coh,run5	B	3.25	2.25	31:32	1
800AAEFC	hlaudtrackseq	fn_800AAEFC	Seq_Tick	TW07 PS3	HLAudTrackSeq.c	1048	bool Seq_Tick(TPerfSeq* pperf)	u8(AudTrack* pTrack)	E2b,sig,size?,pos=both,coh,run5	B	2.25	2.25	31:32	1
800AB118	hlaudtrackseq	fn_800AB118	Seq_Step	TW07 PS3	HLAudTrackSeq.c	1183	void Seq_Step(TPerfSeq* pperf, uint8 step, bool debounce)	void(AudTrack* pTrack, u8 n, u8 bCheck)	E2b,sig,size?,pos=both,coh	B	4.25	4.25	31:32	1
800AB14C	hlaudtrackseq	fn_800AB14C	Seq_SetVariationRange	TW07 PS3	HLAudTrackSeq.c	1220	void Seq_SetVariationRange(TPerfSeq* pperf, uint8 rangeID)	void(AudTrack* pTrack, u8 n)	E2b,sig,size,pos=both,coh	B	5.50	4.50	31:32	1
800AB1B8	hlaudtrackseq	fn_800AB1B8	Seq_Check	TW07 PS3	HLAudTrackSeq.c	1248	void Seq_Check(TTrack* ptrk, bool bResolve)	void(AudTrackTmpl* pTmpl)	E2b,sig!,size,pos=both	C	0.50	0.50	5:3	
800AB384	hlaudtrackseq	fn_800AB384	Seq_SelectVariation	TW07 PS3	HLAudTrackSeq.h	89	void Seq_SelectVariation(TPerfSeq* pperf, uint8 var)	AudSeqTone*(AudSeqBank* pBank, u8 nTone)	E2b,sig,inl-only,pos=none	C	2.00	1.00	11:1	
800AB570	hlaudtrackstm	fn_800AB570	GetStreamChanForPlaylist	TW07 PS3	HLAudTrackStm.c	168	uint8 GetStreamChanForPlaylist(uint8 plid)	u8(AudTrack* pTrack)	E2b,sig~,inl-only,pos=both	C	1.00	0.25	15:8	
800ABA28	hlaudtrackstm	fn_800ABA28	PrimeStreamer	TW07 PS3	HLAudTrackStm.c	203	void PrimeStreamer(TPerfStm* pperf)	void(AudTrack* pTrack)	E2b,sig,size~,pos=both,weak	C	3.25	2.50	15:8	
800ABC54	hlaudtrackstm	fn_800ABC54	Stm_Init	TW07 PS3	HLAudTrackStm.c	358	void Stm_Init(TPerfStm* pperf)	void(AudTrack* pTrack)	E2b,sig,size,pos=both,weak	C	4.25	2.00	15:8	
800AC330	hlaudvoice	fn_800AC330	ResetModule	TW07 PS3	HLAudVoice.c	130	void ResetModule()	void()	E2b,sig,size~,pos=1:1	B	2.50	2.50	1:2	1
800AC494	hlaudvoice	fn_800AC494	Voc_InitSession	TW07 PS3	HLAudVoice.c	188	bool Voc_InitSession()	u8()	E2b,sig,size~,pos=both	B	2.50	1.50	2:4	1
800AC49C	hlaudvoice	fn_800AC49C	Voc_Dump	TW07 PS3	HLAudVoice.c	226	void Voc_Dump()	void()	E2b,sig,inl-only,pos=both,weak	C	1.50	1.50	1:2	
800AD0C4	hlaudemitter	fn_800AD0C4	Emi_InitModule	TW07 PS3	HLAudEmitter.c	238	bool Emi_InitModule()	int()	E2b,sig,size?,pos=both,weak,dup	C	1.50	1.50	7:14	
800AD1C4	hlaudemitter	fn_800AD1C4	Emi_ExitSession	TW07 PS3	HLAudEmitter.c	285	void Emi_ExitSession()	void()	E2b,sig,size~,pos=both,dup	C	2.50	0.50	7:14	
800AD1C8	hlaudemitter	fn_800AD1C8	Emi_Cycle	TW07 PS3	HLAudEmitter.c	319	void Emi_Cycle()	void()	E2b,sig,size?,pos=both,weak	C	1.50	1.50	7:14	
800AD450	hlaudemitter	fn_800AD450	Emi_DelInstance	TW07 PS3	HLAudEmitter.c	499	void Emi_DelInstance(uint8 instID)	void(u8 nId)	E2b,sig,size!,pos=both,dup	C	1.25	1.25	7:14	
800AD674	hlaudemitter	fn_800AD674	Emi_IsValidInstance	TW07 PS3	HLAudEmitter.c	511	bool Emi_IsValidInstance(uint8 instID)	AudInstance*(u8 nId)	E2b,sig,size~,pos=both,coh	B	3.00	3.00	25:28	1
800AD698	hlaudemitter	fn_800AD698	Emi_SetTrackVariation	TW07 PS3	HLAudEmitter.c	526	void Emi_SetTrackVariation(uint8 instID, uint8 trackID, uint8 varID)	void(u8 nId, u8 nTrack, u8 bOn)	E2b,sig,size,pos=both,weak	C	7.25	2.00	7:3	
800AD950	hlaudemitter	fn_800AD950	Emi_SetTrackVarRange	TW07 PS3	HLAudEmitter.c	556	void Emi_SetTrackVarRange(uint8 instID, uint8 trackID, uint8 rangeID)	void(u8 nId, u8 nTrack, u8 n)	E2b,sig,size?,pos=both,dup	C	5.25	0.00	7:3	
800AD9AC	hlaudemitter	fn_800AD9AC	Emi_SetTrackVarRangeTmpl	TW07 PS3	HLAudEmitter.c	585	void Emi_SetTrackVarRangeTmpl(uint32 tmplID, uint8 trackID, uint8 rangeID)	void(u8 nId, u8 nTrack, u8 n)	E2b,sigw,size~,pos=both	C	5.25	0.00	7:3	
800ADA28	hlaudemitter	fn_800ADA28	Emi_SetTrackStep	TW07 PS3	HLAudEmitter.c	619	void Emi_SetTrackStep(uint8 instID, uint8 trackID, uint8 step, EAudStepMode mode)	void(u8 nId, u8 nTrack, u8 n, int bCheck)	E2b,sig,size~,pos=both,coh,run4	A	7.00	7.00	25:28	1
800ADA94	hlaudemitter	fn_800ADA94	Emi_SetTrackAttenuation	TW07 PS3	HLAudEmitter.c	652	void Emi_SetTrackAttenuation(uint8 instID, uint8 trackID, audfrac attn)	void(u8 nId, u8 nTrack, f32 fVolume)	E2b,sig,size?,pos=both,coh,run4	B	4.75	1.00	25:28	1
800ADAF0	hlaudemitter	fn_800ADAF0	Emi_SetTrackPitchFactor	TW07 PS3	HLAudEmitter.c	687	void Emi_SetTrackPitchFactor(uint8 instID, uint8 trackID, audfrac pitch)	void(u8 nId, u8 nTrack, f32 fPitch)	E2b,sig,size?,pos=both,coh,run4	B	4.75	1.00	25:28	1
800ADB4C	hlaudemitter	fn_800ADB4C	Emi_SetTrackPitchRamp	TW07 PS3	HLAudEmitter.c	723	void Emi_SetTrackPitchRamp(uint8 instID, uint8 trackID, audfrac rampRate)	void(s16 nEmitter, u8 nTrack, u8 bOn)	E2b,sigw,size~,pos=both,coh,run4	B	4.75	1.00	25:28	1
800ADC44	hlaudemitter	fn_800ADC44	Emi_CheckTemplate	TW07 PS3	HLAudEmitter.c	776	void Emi_CheckTemplate(TEmitter* ptmpl, int16 emitID, bool bResolve)	void(s16 nEmitter, u8 nTrack, u8 n)	E2b,sig~,size,pos=both	C	3.00	1.00	6:6	
800ADDC8	hlaudemitter	fn_800ADDC8	Emi_DebugPrint	TW07 PS3	HLAudEmitter.c	1051	void Emi_DebugPrint(const float& x, const float& y, PRINTFFN PrintfFn)	void(u8 nId, u8 nBit, s32 n)	E2b,sig?,size,pos=both	C	2.00	0.00	6:6	
800ADE70	UAudContainers	fn_800ADE70	UList_Reset	TW07 PS3	UAudContainers.c	56	void UList_Reset(TListDbl* plist, uint16 nslots)	void(UList* pList, u16 n8)	E2b,sig,size~,pos=both,coh	B	4.50	4.50	11:23	1
800ADE88	UAudContainers	fn_800ADE88	UList_PushHead	TW07 PS3	UAudContainers.c	69	void UList_PushHead(TListDbl* plist, TListDblLink* plink)	void(UList* pList, UListNode* pNode)	E2b,sig,size?,pos=both,coh	B	3.00	3.00	11:23	1
800ADEC8	UAudContainers	fn_800ADEC8	UList_PushTail	TW07 PS3	UAudContainers.c	89	void UList_PushTail(TListDbl* plist, TListDblLink* plink)	void(UList* pList, UListNode* pNode)	E2b,sig,size?,pos=both,coh	B	3.00	3.00	11:23	1
800ADF08	UAudContainers	fn_800ADF08	UList_InsertAt	TW07 PS3	UAudContainers.c	160	void UList_InsertAt(TListDbl* plist, TListDblLink* plink, TListDblLink* pdestlink)	void(UList* pList, UListNode* pNode, UListNode* pAt)	E2b,sig,size~,pos=both,coh	B	4.75	4.75	11:23	1
800ADF6C	UAudContainers	fn_800ADF6C	UList_DeleteAt	TW07 PS3	UAudContainers.c	185	void UList_DeleteAt(TListDbl* plist, TListDblLink* plink)	void(UList* pList, UListNode* pNode)	E2b,sig,size,pos=both,coh	B	5.00	3.50	11:23	1
800AE00C	UAudContainers	fn_800AE00C	UQueue_Reset	TW07 PS3	UAudContainers.c	278	void UQueue_Reset(TQueue* pq, void* buff, uint16 nslots, uint32 itemSize)	void(UQueue* pQueue, void* pBuffer, u16 nMax, s32 nItemSize)	E2b,sig,size~,pos=both	C	6.00	1.00	4:11	
800AE03C	UAudContainers	fn_800AE03C	UQueue_Push	TW07 PS3	UAudContainers.c	290	uint8* UQueue_Push(TQueue* pq)	void*(UQueue* pQueue)	E2b,sig,size~,pos=both,weak	C	3.25	2.50	4:11	
800AE084	UAudContainers	fn_800AE084	UQueue_Pop	TW07 PS3	UAudContainers.c	314	uint8* UQueue_Pop(TQueue* pq)	void*(UQueue* pQueue)	E2b,sig,size,pos=both,weak	C	4.25	2.50	4:11	
800AE0DC	UAudContainers	fn_800AE0DC	UPool_Init	TW07 PS3	UAudContainers.c	419	void UPool_Init(TPool* pPool, void* pBuffer, uint32 nEntries, uint32 entrySizeBytes)	void(UPool* pPool, void* pMem, u32 nBlocks, u32 nBlockSize)	E2b,sig,size!,pos=both	C	3.00	2.50	4:11	
800AE1AC	UAudContainers	fn_800AE1AC	UPool_Alloc	TW07 PS3	UAudContainers.c	445	TListSglLink* UPool_Alloc(TPool* pPool)	void*(UPool* pPool)	E2b,sig,size~,pos=both,coh	B	3.25	3.00	11:23	1
800AE1DC	UAudContainers	fn_800AE1DC	UPool_Free	TW07 PS3	UAudContainers.c	460	void UPool_Free(TPool* pPool, TListSglLink* pNode)	void(UPool* pPool, void* pBlock)	E2b,sig,size~,pos=both,coh	B	4.00	4.00	11:23	1
800AE338	uiobject	fn_800AE338	UI_Obj_CloseModule	TW07 PS3	uiObject.c	200	void UI_Obj_CloseModule()	void()	E2b,sig,size,pos=both	B	3.50	1.50	3:6	1
800AE380	uiobject	fn_800AE380	UI_Obj_InitForRender	TW07 PS3	uiObject.c	213	void UI_Obj_InitForRender()	void()	E2b,sig,size?,pos=both	B	1.50	1.50	3:6	1
800AE3C4	uiobject	fn_800AE3C4	UI_Obj_SignalReadyToSetupTappaSpinnaData	TW07 PS3	uiObject.c	273	void UI_Obj_SignalReadyToSetupTappaSpinnaData()	void()	E2b,sig,size?,pos=both	B	1.50	1.50	3:6	1
800B0448	startUp	fn_800B0448	startup_RegisterStreamClients	TW07 PS3	startUp.c	23	void startup_RegisterStreamClients()	void()	E2b,sig,size~,pos=both	C	2.50	0.00	103:2	
800B1608	startUp	fn_800B1608	startup_UnregisterStreamClients	TW07 PS3	startUp.c	35	void startup_UnregisterStreamClients()	void()	E2b,sig,size~,pos=both	C	2.50	0.00	103:2	
800B34F0	GoComicCam	fn_800B34F0	ComicCam_InitComicCam	TW07 PS3	GoComicCam.c	87	void ComicCam_InitComicCam()	void()	E2b,sig,size?,p07l,pos=both,run4	B	2.00	2.00	15:15	1
800B352C	GoComicCam	fn_800B352C	ComicCam_CloseComicCam	TW07 PS3	GoComicCam.c	97	void ComicCam_CloseComicCam()	void()	E2b,sig,size,p07l,pos=both,run4	B	4.00	3.50	15:15	1
800B3550	GoComicCam	fn_800B3550	ComicCam_StartComicCam	TW07 PS3	GoComicCam.c	102	void ComicCam_StartComicCam(enum eComicCamModes eMode, CameraController_t* pCameraController, enum PlayerNumber_t ePlayerID)	void(int nKind, View* pView, int nPlayer)	E2b,sig,size~,p07m,pos=both,run4	A	6.25	6.25	15:15	1
800B36F4	GoComicCam	fn_800B36F4	ComicCam_UpdateComicCam	TW07 PS3	GoComicCam.c	154	bool ComicCam_UpdateComicCam(CameraController_t* pCameraController, enum PlayerNumber_t ePlayerID, float fTimeStep)	u8(View* pView, int nPlayer, f32 fFrameTime)	E2b,sig,size~,pos=both,run4	B	4.75	4.75	15:15	1
800B39B8	GoComicCam	fn_800B39B8	ComicCam_ModeSpecificUpdate	TW07 PS3	GoComicCam.c	261	void ComicCam_ModeSpecificUpdate(struct sComicCamFrame* curFrame, VM_SViewport* pViewport, enum PlayerNumber_t ePlayerID, float fTimeStep)	void(ComicPanel* pPanel, f32* pRect, int nPlayer, f32 fFrameTime)	E2b,sig,size!,pos=1:1	C	3.00	3.00	1:1	
800B3C64	GoComicCam	fn_800B3C64	ComicCam_IsFrameOver	TW07 PS3	GoComicCam.c	387	bool ComicCam_IsFrameOver(struct sComicCamFrame* curFrame, enum PlayerNumber_t ePlayerID)	u8(ComicPanel* pPanel, int nPlayer)	E2b,sig,size,pos=both	A	5.00	5.00	15:15	1
800B3D64	GoComicCam	fn_800B3D64	ComicCam_PerformTransition	TW07 PS3	GoComicCam.c	428	void ComicCam_PerformTransition(struct sComicCamFrame* curFrame, CameraController_t* pCameraController, float fTimeStep)	void(ComicPanel* pPanel, View* pView, f32 fFrameTime)	E2b,sig,size~,pos=both	B	4.75	4.75	15:15	1
800B3D68	GoComicCam	fn_800B3D68	ComicCam_PerformFadeOuts	TW07 PS3	GoComicCam.c	456	void ComicCam_PerformFadeOuts(struct sComicCamFrame* curFrame, VM_SViewport* pViewport, float fTimeStep)	void(ComicPanel* pPanel, f32* pRect, f32 fFrameTime)	E2b,sig,size!,pos=both	C	2.25	2.25	2:2	
800B3F4C	GoComicCam	fn_800B3F4C	ComicCam_SetViewportToSize	TW07 PS3	GoComicCam.c	495	void ComicCam_SetViewportToSize(VM_SViewport* pViewport, float fTop, float fLeft, float fWidth, float fHeight)	void(f32* pRect, f32 fTop, f32 fLeft, f32 fWidth, f32 fHeight)	E2b,sig,size!,pos=both	C	3.00	3.00	2:2	
800B3F9C	GoComicCam	fn_800B3F9C	ComicCam_Init3ScreenMode	TW07 PS3	GoComicCam.c	510	void ComicCam_Init3ScreenMode()	void()	E2b,sig,size~,p07m,pos=both,run6	A	4.00	4.00	15:15	1
800B4108	GoComicCam	fn_800B4108	ComicCam_Init9ScreenRapidMode	TW07 PS3	GoComicCam.c	557	void ComicCam_Init9ScreenRapidMode()	void()	E2b,sig,size~,p07m,pos=both,run6	A	4.00	4.00	15:15	1
800B4818	GoComicCam	fn_800B4818	ComicCam_IsComicCamOver	TW07 PS3	GoComicCam.c	677	bool ComicCam_IsComicCamOver(VM_SViewport* viewport_p, enum PlayerNumber_t ePlayerID)	u8(f32* pRect, int nPlayer)	E2b,sig,size,p07l,pos=both,run6	A	5.50	5.50	15:15	1
800B4908	GoComicCam	fn_800B4908	ComicCam_IsScreenFrozen	TW07 PS3	GoComicCam.c	723	bool ComicCam_IsScreenFrozen()	u8()	E2b,sig,size~,p07l,pos=both,run6	A	3.00	3.00	15:15	1
800B4914	GoComicCam	fn_800B4914	ComicCam_CheckForCameraSwitch	TW07 PS3	GoComicCam.c	730	void ComicCam_CheckForCameraSwitch(CameraController_t* pCameraController, enum PlayerNumber_t ePlayerID)	void(View* pView, int nPlayer)	E2b,sig,size,pos=both,run6	A	5.00	5.00	15:15	1
800B4AE0	GoComicCam	fn_800B4AE0	ComicCam_HasBallBeenHit	TW07 PS3	GoComicCam.c	796	bool ComicCam_HasBallBeenHit()	u8()	E2b,sig,size,pos=both,run6	A	3.50	3.50	15:15	1
800B5934	AudLock	fn_800B5934	File_Update	TW07 PS3	LLRealFileIO.cpp	360	void File_Update()	void()	E2b,sig,size,pos=none	C	3.50	0.00	5:29	
800B596C	AudLock	fn_800B596C	ResetStreamPerf	TW07 PS3	HLAudTrackStm.c	50	void ResetStreamPerf(TPerfStm* pperf)	void(const char* szWho)	E2b,sig,inl-only,nbr,pos=none	C	4.25	1.25	5:12	
800B5994	AudLock	fn_800B5994	Stm_Init	TW07 PS3	HLAudTrackStm.c	358	void Stm_Init(TPerfStm* pperf)	void(const char* szWho)	E2b,sig,size?,pos=none,dup	C	2.25	0.50	5:12	
800B59BC	AudLock	fn_800B59BC	Stm_Prime	TW07 PS3	HLAudTrackStm.c	389	void Stm_Prime(TPerfStm* pperf)	void(const char* szWho)	E2b,sig,size?,pos=none	C	2.25	0.50	5:12	
800B59EC	AudLock	fn_800B59EC	Stm_IsFinished	TW07 PS3	HLAudTrackStm.c	514	bool Stm_IsFinished(TPerfStm* pperf)	void(const char* szWho)	E2b,sig,size,pos=none	C	2.75	2.25	5:12	
800B5A14	UAudMemStack	fn_800B5A14	AudMemStack_Init	TW07 PS3	UAudMemStack.c	26	void AudMemStack_Init(AudMemStack* pAudMemStack, uint32 startAddr, uint32 nBytes, uint32 maxAllocs, MemStackBlock* memBlocksA, uint32 alignPow2)	void(UAudMemStack* pStack, u8* pMem, u32 uSize, u32 nMaxBlocks, UAudMemStackBlock* pBlocks, u32 nAlign)	E2b,sig~,size,pos=both	B	3.00	3.00	10:8	1
800B5AAC	UAudMemStack	fn_800B5AAC	AudMemStack_AllocTop	TW07 PS3	UAudMemStack.c	89	uint32 AudMemStack_AllocTop(AudMemStack* pAudMemStack, uint32 nBytes)	void*(UAudMemStack* pStack, u32 uSize)	E2b,sig,size,pos=both,weak	C	4.25	1.75	9:7	
800B5B2C	UAudMemStack	fn_800B5B2C	AudMemStack_FreeTop	TW07 PS3	UAudMemStack.c	127	void AudMemStack_FreeTop(AudMemStack* pAudMemStack, uint32 addr)	void(UAudMemStack* pStack, void* p)	E2b,sig~,size~,pos=both	C	2.00	1.00	9:7	
800B95FC	Code800B90F4	fn_800B95FC	GO_vInitGlobalLoadedSettings	TW07 PS3	GoMainLoop.c	745	void GO_vInitGlobalLoadedSettings()	void(PictFile* pFile)	E2b,sig!,size,pos=none	C	0.50	0.50	28:28	
800B9944	Code800B90F4	fn_800B9944	GO_vSetGenericFrameStates	TW07 PS3	GoMainLoop.c	929	void GO_vSetGenericFrameStates()	void()	E2b,sig,size,pos=none	C	3.50	1.00	28:28	
800B9988	Code800B90F4	fn_800B9988	GO_vCommandOnline	TW07 PS3	GoMainLoop.c	1585	void GO_vCommandOnline()	void()	E2b,sig,size~,pos=none,dup	C	2.50	0.50	28:28	
800B9A88	Code800B90F4	fn_800B9A88	GO_vUpdateApt	TW07 PS3	GoMainLoop.c	2668	void GO_vUpdateApt()	void()	E2b,sig,size,pos=none	C	3.50	2.00	28:28	
800B9AAC	Code800B90F4	fn_800B9AAC	GO_vRenderApt	TW07 PS3	GoMainLoop.c	2676	void GO_vRenderApt()	void()	E2b,sig,size,pos=none,dup	C	3.50	2.00	28:28	
800B9B48	Code800B90F4	fn_800B9B48	GO_vPreRenderFE	TW07 PS3	GoMainLoop.c	3892	void GO_vPreRenderFE()	void()	E2b,sig,size,pos=none	C	3.50	1.50	28:28	
800B9CF0	Code800B90F4	fn_800B9CF0	GO_vRenderFE	TW07 PS3	GoMainLoop.c	3956	void GO_vRenderFE()	void(u8 bTarget)	E2b,sig!,size,pos=none,dup	C	0.50	0.50	28:28	
800B9EB8	Code800B90F4	fn_800B9EB8	GO_vPreHackTheTimer	TW07 PS3	GoMainLoop.c	4471	void GO_vPreHackTheTimer()	void(char* szBall)	E2b,sig!,size,pos=none,dup	C	0.50	0.00	28:28	
800BA118	Trax	fn_800BA118	UI_EATraxGetTitle	TW07 PS3	uiEATrax.c	120	char* UI_EATraxGetTitle(int songIndex)	void(UStreamObject* pObject)	E2b,sig~,size,pos=one	C	1.50	0.25	12:5	
800BA15C	Trax	fn_800BA15C	UI_EATraxGetArtist	TW07 PS3	uiEATrax.c	133	char* UI_EATraxGetArtist(int songIndex)	void(UStreamObject* pObject)	E2b,sig~,size,pos=one	C	1.50	0.25	12:5	
800BA504	Trax	fn_800BA504	UI_EATraxGetAlbum	TW07 PS3	uiEATrax.c	146	char* UI_EATraxGetAlbum(int songIndex)	f32(f32 fAlpha)	E2b,sig~,size,pos=one	C	1.50	0.25	12:5	
800BAD60	VecMath	fn_800BAD60	Physics_CheckPreConditionsForCollision	TW07 PS3	Physics.c	2863	bool Physics_CheckPreConditionsForCollision(struct PhysicsBall_t* pBall, const vec4flt& oldLocation, const vec4flt& newLocation)	void(register float mtx[4][4], register Vec4* src, register Vec4* dst)	E2b,sig,size~,pos=none	C	3.25	2.75	10:91	
800BADB4	VecMath	fn_800BADB4	Physics_SendCollisionEvents	TW07 PS3	Physics.c	2882	void Physics_SendCollisionEvents(struct PhysicsBall_t* pBall, struct TGD_MaterialInfo* pSurfaceInfo, TGD_ObjectInstanceInfo* pSurfaceObject)	void(register f32 (*pMtx)[4], register f32* pIn, register f32* pOut)	E2b,sig,size!,pos=none	C	2.25	2.25	10:91	
800BAF04	VecMath	fn_800BAF04	CamScript_ResetTerrainHeight	TW07 PS3	GoCamScripts.c	1347	void CamScript_ResetTerrainHeight(struct CameraScriptSettings_t* settings, float* origin)	void(register f32* pSrc, register f32* pDst)	E2b,sig,size~,pos=none	C	4.00	1.00	10:24	
800BAF58	VecMath	fn_800BAF58	CameraScript_NormalizeLookPoint	TW07 PS3	GoCamScripts.c	3729	void CameraScript_NormalizeLookPoint(float* look, float* position)	f32(register f32* pSrc, register f32* pDst)	E2b,sig,size~,pos=none	C	2.50	0.00	10:24	
800BAFC0	VecMath	fn_800BAFC0	Ter_GetHighestGroundHeight_Tournament	TW07 PS3	GoTerrainCollision_Headgate.c	639	float Ter_GetHighestGroundHeight_Tournament(TGD_TerrainInfo* pTerrainData, float* location)	f32(register f32* pSrc, register f32* pDst)	E2b,sig,size!,pos=none	C	1.50	0.00	10:21	
800BB028	VecMath	fn_800BB028	Ter_GetHighestPlayableGroundHeight	TW07 PS3	GoTerrainCollision_Headgate.c	659	float Ter_GetHighestPlayableGroundHeight(TGD_TerrainInfo* pTerrainData, float* location)	f32(register f32* pA, register f32* pB)	E2b,sig,size,pos=none	C	5.00	1.00	10:21	
800BB0C8	SitDevMisc	fn_800BB0C8	SitDev_ClearBallThatWasHit	TW07 PS3	SitDevMisc.c	50	void SitDev_ClearBallThatWasHit()	void()	E2b,sig,size~,pos=both,coh,run8	A	2.50	0.00	13:32	1
800BB0D4	SitDevMisc	fn_800BB0D4	SitDev_GetCupBevelFlag	TW07 PS3	SitDevMisc.c	57	bool SitDev_GetCupBevelFlag()	u8()	E2b,sig,size~,pos=both,coh,run8	A	2.50	0.50	13:32	1
800BB0DC	SitDevMisc	fn_800BB0DC	SitDev_ClearCupBevelFlag	TW07 PS3	SitDevMisc.c	64	void SitDev_ClearCupBevelFlag()	void()	E2b,sig,size~,pos=both,coh,run8	A	2.50	2.50	13:32	1
800BB0E8	SitDevMisc	fn_800BB0E8	SitDev_ThrowBallHitDelayedEvent	TW07 PS3	SitDevMisc.c	71	void SitDev_ThrowBallHitDelayedEvent()	void()	E2b,sig,size?,pos=both,coh,run8	B	1.50	1.50	13:32	1
800BB1A8	SitDevMisc	fn_800BB1A8	SitDev_SetBallHitTime	TW07 PS3	SitDevMisc.c	88	void SitDev_SetBallHitTime(struct PhysicsBall_t* pBall)	void(Ball* pBall)	E2b,sig,size,pos=both,coh,run8	A	4.25	4.25	13:32	1
800BB1C0	SitDevMisc	fn_800BB1C0	SitDev_ClearEmotionStates	TW07 PS3	SitDevMisc.c	96	void SitDev_ClearEmotionStates()	void()	E2b,sig,size,pos=both,coh,run8	A	3.50	3.50	13:32	1
800BB1F8	SitDevMisc	fn_800BB1F8	SitDev_PredictedEmotionAvailable	TW07 PS3	SitDevMisc.c	108	bool SitDev_PredictedEmotionAvailable(enum PlayerNumber_t PlayerID)	u8(int nPlayer)	E2b,sig,size?,pos=both,coh,run8	B	2.25	2.25	13:32	1
800BB218	SitDevMisc	fn_800BB218	SitDev_NumEntries	TW07 PS3	SitDevMisc.c	117	int SitDev_NumEntries(uint16* pArray, int iMaxNumEntries)	int(u16* pList, int nCount)	E2b,sig,size,pos=both,coh,run8	A	5.00	4.00	13:32	1
800BB248	SitDevMisc	fn_800BB248	SitDev_NumEntriesUnused	TW07 PS3	SitDevMisc.c	154	int SitDev_NumEntriesUnused(uint16* pArray, int numChoices)	int(u16* pList, int nCount)	E2b,sig,size?,pos=both,coh	B	3.00	3.00	13:32	1
800BB334	SitDevMisc	fn_800BB334	SitDev_ChooseRandomResponseNoRepeat	TW07 PS3	SitDevMisc.c	225	uint16 SitDev_ChooseRandomResponseNoRepeat(uint16* responses, int numChoices, int numUnused, uint32 random_num)	u32(u16* pList, int nCount, int nLeft, u32 nPick)	E2b,sig,size?,pos=both,coh	B	4.50	4.50	13:32	1
800BB37C	SitDevMisc	fn_800BB37C	SitDev_GetPGARank	TW07 PS3	SitDevMisc.c	279	int SitDev_GetPGARank(enum PlayerNumber_t playerID)	int(int nPlayer)	E2b,sig,size,pos=both	C	4.25	1.00	2:19	
800BB3F8	SitDevMisc	fn_800BB3F8	SitDev_GetRTEWonStroke	TW07 PS3	SitDevMisc.c	572	bool SitDev_GetRTEWonStroke(enum PlayerNumber_t playerID)	u16(int nMode)	E2b,sig,size,pos=both	C	4.25	0.00	2:19	
800BB4B4	SitDevFile	fn_800BB4B4	BindActionResponses	TW07 PS3	SitDevFile.c	280	void BindActionResponses(SitDevHeader* pHeader)	void(SitDevScripts* pScripts)	E2b,sig,size,pos=both	C	4.25	0.00	4:13	
800BB52C	SitDevFile	fn_800BB52C	SitDev_LoadPCData	TW07 PS3	SitDevFile.c	362	void SitDev_LoadPCData()	void()	E2b,sig,size,pos=both,weak	C	3.50	2.00	4:13	
800BB6DC	SitDevCommentaryZones	fn_800BB6DC	SitDev_NetworkLoadCallback	TW07 PS3	SitDevCommentaryZones.c	34	void SitDev_NetworkLoadCallback(struct TNetwork* netPtr)	void(u8* pChunk)	E2b,sig,size?,pos=both	B	2.25	2.25	1:2	1
800BB8A8	SitDevStateVector	fn_800BB8A8	SitDev_MatchConditionRange	TW07 PS3	SitDevStateVector.c	116	bool SitDev_MatchConditionRange(Situation* s, int condIndex, uint16* pStateValues, int condNum)	u8(SitDevEntry* pEntry, int nTest, SitDevData* pData, int nValue)	E2b,sig,inl-only,pos=both	C	4.50	0.00	2:3	
800BBADC	SitDevStateVector	fn_800BBADC	SitDev_SetupClubCondition	TW07 PS3	SitDevStateVector.c	388	void SitDev_SetupClubCondition(enum Club_t club_id)	void(int nValue)	E2b,sig,size~,pos=both,run4	B	3.25	3.25	3:4	1
800BCB74	SitDevStateVector	fn_800BCB74	modifyInitialLie	TW07 PS3	SitDevStateVector.c	876	void modifyInitialLie(int32* lie, int32 ballSurfaceID)	void(s32* pClass, int nSurface)	E2b,sig,size~,pos=both,run4	B	4.00	4.00	11:3	1
800BCD68	SitDevTrigger	fn_800BCD68	SitDev_InvokeAction	TW07 PS3	SitDevTrigger.c	333	bool SitDev_InvokeAction(Action* a, enum PlayerNumber_t PlayerID, uint8 situation, int iFileIndex)	void(SitDevEntry* pEntry, int nSit, int nPlayer, u8 nEvent)	E2b,sigw,inl-only,pos=both,weak	C	2.00	2.00	4:6	
800BD3F8	SitDevTrigger	fn_800BD3F8	SitDev_SuppressAction	TW07 PS3	SitDevTrigger.c	457	bool SitDev_SuppressAction(Action* a, int iFileIndex, enum PlayerNumber_t PlayerID, uint8 situation)	u8(SitDevAction* pAction, int nSit, int nPlayer, u8 nEvent)	E2b,sig,inl-only,pos=both,weak	C	5.00	3.50	4:6	
800BD580	SitDevTrigger	fn_800BD580	SitDev_TriggerTalkyResponse	TW07 PS3	SitDevTrigger.c	535	void SitDev_TriggerTalkyResponse(Response* r, enum PlayerNumber_t PlayerID, bool bApplyVoiceStyle)	void(SitDevEntry8* pDo, int nPlayer, u8 nEvent)	E2b,sig,size,pos=both,coh	A	5.75	5.50	11:17	1
800BD74C	SitDevTrigger	fn_800BD74C	SitDev_InitDelayedFlyBy	TW07 PS3	SitDevTrigger.c	865	void SitDev_InitDelayedFlyBy()	void()	E2b,sig,size,pos=both,weak	C	3.50	2.00	6:10	
800BD7D0	SitDevTrigger	fn_800BD7D0	SitDev_SetFlybySkippedOnInitFlag	TW07 PS3	SitDevTrigger.c	912	void SitDev_SetFlybySkippedOnInitFlag(bool flag)	void(u8 nMusic)	E2b,sig,size~,pos=both,weak	C	3.25	2.00	6:10	
800BD894	GoGolfCam	fn_800BD894	GolfCamera_Init	TW07 PS3	GoGolfCam.c	602	void GolfCamera_Init()	void()	E2b,sig,size~,pos=both	B	2.50	2.50	2:5	1
800BDA04	GoGolfCam	fn_800BDA04	GolfCamera_DeInit	TW07 PS3	GoGolfCam.c	637	void GolfCamera_DeInit()	void()	E2b,sig,size,pos=both	B	3.50	3.50	2:5	1
800BF094	GoGolfCam	fn_800BF094	GolfCamera_ProcessElevatorCamera	TW07 PS3	GoGolfCam.c	2022	void GolfCamera_ProcessElevatorCamera(CameraController_t* pCameraController, enum PlayerNumber_t ePlayerID)	void(View* pView, int nPlayer)	E2b,sig,size~,pos=both,run7	A	4.00	3.50	2:4	1
800BF110	GoGolfCam	fn_800BF110	GolfCamera_InitShotgunOverheadCamera	TW07 PS3	GoGolfCam.c	2035	void GolfCamera_InitShotgunOverheadCamera(CameraController_t* pCameraController, enum PlayerNumber_t ePlayerID)	void(View* pView, int nPlayer)	E2b,sig,size~,pos=both,run7	A	4.00	2.50	2:4	1
800BF5E4	GoGolfCam	fn_800BF5E4	GolfCamera_InitGreenCrowdCamera	TW07 PS3	GoGolfCam.c	3458	void GolfCamera_InitGreenCrowdCamera(CameraController_t* pCameraController, enum PlayerNumber_t ePlayerID)	void(View* pView, int nPlayer)	E2b,sig,size,pos=both	C	5.00	0.50	11:25	
800BF658	GoGolfCam	fn_800BF658	GolfCamera_ProcessGreenRollCamera	TW07 PS3	GoGolfCam.c	3721	void GolfCamera_ProcessGreenRollCamera(CameraController_t* pCameraController, enum PlayerNumber_t ePlayerID)	void(View* pView, int nPlayer)	E2b,sig,size~,pos=both	C	4.00	0.00	11:25	
800BFC80	GoGolfCam	fn_800BFC80	GolfCamera_InitBloodGreenSomeZoomCamera	TW07 PS3	GoGolfCam.c	4673	void GolfCamera_InitBloodGreenSomeZoomCamera(CameraController_t* pCameraController, enum PlayerNumber_t ePlayerID)	void(View* pView, int nPlayer)	E2b,sig,size~,pos=both	C	4.00	0.50	11:25	
800BFE00	GoGolfCam	fn_800BFE00	GolfCamera_ProcessBloodGreenSomeZoomCamera	TW07 PS3	GoGolfCam.c	4754	void GolfCamera_ProcessBloodGreenSomeZoomCamera(CameraController_t* pCameraController, enum PlayerNumber_t ePlayerID)	void(View* pView, int nPlayer)	E2b,sig,size,pos=both	C	5.00	0.50	11:25	
800C0414	GoGolfCam	fn_800C0414	GolfCamera_ProcessEllipseOrbitCamera	TW07 PS3	GoGolfCam.c	4908	void GolfCamera_ProcessEllipseOrbitCamera(CameraController_t* pCameraController, enum PlayerNumber_t ePlayerID)	void(View* pView, int nPlayer)	E2b,sig,size,pos=both	C	5.00	0.50	11:25	
800C0624	GoGolfCam	fn_800C0624	GolfCamera_InitTrophyViewCamera	TW07 PS3	GoGolfCam.c	5018	void GolfCamera_InitTrophyViewCamera(CameraController_t* pCameraController, enum PlayerNumber_t ePlayerID)	void(View* pView, int nPlayer)	E2b,sig,size,pos=both	C	5.00	0.50	11:25	
800C06C8	GoGolfCam	fn_800C06C8	GolfCamera_InitMuseumNavCamera	TW07 PS3	GoGolfCam.c	5037	void GolfCamera_InitMuseumNavCamera(CameraController_t* pCameraController, enum PlayerNumber_t ePlayerID)	void(View* pView, int nPlayer)	E2b,sig,size~,pos=both	C	4.00	0.50	11:25	
800C0744	GoGolfCam	fn_800C0744	GolfCamera_MoveGreenCamForward	TW07 PS3	GoGolfCam.c	5414	void GolfCamera_MoveGreenCamForward(CameraController_t* pCameraController, enum PlayerNumber_t ePlayerID)	void(View* pView, int nPlayer)	E2b,sig,size?,pos=both	C	3.00	0.00	11:25	
800C0804	GoGolfCam	fn_800C0804	GolfCamera_MoveGreenCamBack	TW07 PS3	GoGolfCam.c	5496	void GolfCamera_MoveGreenCamBack(CameraController_t* pCameraController, enum PlayerNumber_t ePlayerID)	void(View* pView, int nPlayer)	E2b,sig,size!,pos=both	C	1.50	0.00	11:25	
800C0880	GoGolfCam	fn_800C0880	GolfCamera_InitFlyByCamera	TW07 PS3	GoGolfCam.c	5677	void GolfCamera_InitFlyByCamera(CameraController_t* pCameraController, enum PlayerNumber_t ePlayerID)	void(View* pView, int nPlayer)	E2b,sig,size,pos=both	C	5.00	1.00	11:25	
800C14B0	GoGolfCam	fn_800C14B0	GolfCamera_ProcessDrawFadeSwingCamera	TW07 PS3	GoGolfCam.c	7086	void GolfCamera_ProcessDrawFadeSwingCamera(CameraController_t* pCameraController, enum PlayerNumber_t playerNum)	void(View* pView, int nPlayer)	E2b,sig,size~,pos=both	C	4.00	1.00	1:4	
800C16C4	GoGolfCam	fn_800C16C4	GolfCamera_Process3ScreenCamera	TW07 PS3	GoGolfCam.c	7546	void GolfCamera_Process3ScreenCamera(CameraController_t* pCameraController, enum PlayerNumber_t ePlayerID)	void(View* pView, int nPlayer)	E2b,sig,size,pos=both	B	5.00	1.50	2:2	1
800C1790	GoGolfCam	fn_800C1790	GolfCamera_TurnOffComicCam	TW07 PS3	GoGolfCam.c	7572	void GolfCamera_TurnOffComicCam(CameraController_t* pCameraController, enum PlayerNumber_t ePlayerID)	void(View* pView, int nPlayer)	E2b,sig,size!,pos=1:1	C	1.50	1.50	1:1	
800C3478	GoGolfCam	fn_800C3478	GolfCamera_InitScoreCardCamera	TW07 PS3	GoGolfCam.c	9129	void GolfCamera_InitScoreCardCamera(CameraController_t* pCameraController, enum PlayerNumber_t ePlayerID)	void(View* pView, int nPlayer)	E2b,sig,size~,p07l,pos=both,run6	A	4.50	4.50	2:2	1
800C34F8	GoGolfCam	fn_800C34F8	GolfCamera_ProcessScoreCardCamera	TW07 PS3	GoGolfCam.c	9143	void GolfCamera_ProcessScoreCardCamera(CameraController_t* pCameraController, enum PlayerNumber_t ePlayerID)	void(View* pView, int nPlayer)	E2b,sig,size,p07l,pos=both,run6	A	5.50	5.00	2:2	1
800C7898	CamSpline	fn_800C7898	CamScript_RunCrACCamera	TW07 PS3	GoCamScripts.c	1165	void CamScript_RunCrACCamera(enum PlayerNumber_t ePlayerID, float* cameraOrigin, struct CameraScriptSettings_t* settings, float timeStep, CameraChainLink* linkStorage, bool forceReset)	void(f32* p0, f32* p1, f32* p2, f32* p3, f32* pOut, f32 fT)	E2b,sig?,size,pos=none	C	2.00	2.00	8:24	
800C79BC	CamSpline	fn_800C79BC	CamScript_SetupCameraPointers	TW07 PS3	GoCamScripts.c	1495	void CamScript_SetupCameraPointers(CameraChainLink* pCurCamera, CameraChainLink** pPrevCamera, CameraChainLink** pNextCamera, CameraChainLink** pNextNextCamera)	f32(f32* p0, f32* p1, f32* p2, f32* p3)	E2b,sig,inl-only,pos=none	C	3.00	3.00	8:24	
800C7A9C	CamSpline	fn_800C7A9C	CamScript_GuessBestHeightNextFrame	TW07 PS3	GoCamScripts.c	5611	float CamScript_GuessBestHeightNextFrame(float* pos, float curHeight)	f32(FlyByPath* pPath, f32 fT)	E2b,sig,size?,pos=none	C	3.00	2.00	8:24	
800C8108	GoBreakLine	fn_800C8108	BreakLine_CloseModule	TW07 PS3	GoBreakLine.c	337	void BreakLine::CloseModule()	void()	E2b,sig,size,pos=both,run4	B	3.50	3.50	4:5	1
800C8134	GoBreakLine	fn_800C8134	BreakLine_InitForHole	TW07 PS3	GoBreakLine.c	346	void BreakLine::InitForHole()	void()	E2b,sig,size,pos=both,run4	B	3.50	3.50	4:5	1
800C830C	GoBreakLine	fn_800C830C	BreakLine_CloseAfterHole	TW07 PS3	GoBreakLine.c	426	void BreakLine::CloseAfterHole()	void()	E2b,sig,size~,pos=both,run4	B	2.50	2.50	4:5	1
800C9310	GoBreakLine	fn_800C9310	SetMidpoint	TW07 PS3	GoBreakLine.c	2167	void SetMidpoint(const float* p1, const float* p2, float* mid)	void(register f32* pA, register f32* pB, register f32* pOut)	E2b,sig,inl-only,pos=both	C	3.75	0.00	4:35	
800C98DC	AnimStream	fn_800C98DC	LLFileIO_Printf	TW07 PS3	LLRealFileIO.cpp	57	void LLFileIO_Printf(const char* txt)	int(int nGroup)	E2b,sig~,size,pos=none,dup	C	1.50	0.00	30:29	
800C9CA0	AnimStream	fn_800C9CA0	File_CloseOnce	TW07 PS3	LLRealFileIO.cpp	342	void File_CloseOnce()	void()	E2b,sig,size,pos=none	C	3.50	1.00	30:29	
800CA9DC	AnimStream	fn_800CA9DC	File_GetLength	TW07 PS3	LLRealFileIO.cpp	552	int32 File_GetLength(int32 fileID)	void(int nSlot)	E2b,sig,size,pos=none	C	2.75	0.50	30:29	
800CAA7C	AnimStream	fn_800CAA7C	File_Read_Private	TW07 PS3	LLRealFileIO.cpp	572	int32 File_Read_Private(int32 fileID, char* destAdr, uint32 bytesToRead, uint32 offsetFromStart)	void*(int nPlayer, int nGroup, int nStyle, int nClub)	E2b,sig~,size,pos=none	C	2.25	0.25	30:29	
800CB2B0	AnimStream	fn_800CB2B0	SKA_DistributePointers	TW07 PS3	SKA_Base.c	37	void SKA_DistributePointers(TSkeletonAnimation* pSKA)	void(int nSlot)	E2b,sig~,size,pos=none,dup	C	3.00	1.00	30:7	
800CB568	AnimStream	fn_800CB568	File_PCFileExists	TW07 PS3	LLRealFileIO.cpp	807	bool File_PCFileExists(const char* filename)	int(int nId)	E2b,sig~,size~,pos=none	C	2.00	1.50	30:29	
800CB668	AnimStream	fn_800CB668	SKA_ExpandSingleBone	TW07 PS3	SKA_Base.c	286	void SKA_ExpandSingleBone(struct <anon>* pTarget, const TSkeletonAnimation* pSource, int iFrameIndex, int iBoneIndex)	void(u8 bGlobal, int bFemale, int nPlayer, char* szPath)	E2b,sig?,size~,pos=none	C	1.00	0.50	30:7	
800CB700	AnimStream	fn_800CB700	SKA_ExpandNextBone	TW07 PS3	SKA_Base.c	412	void SKA_ExpandNextBone(TAnimDataCursor* pCursor, struct <anon>* transform)	int(u64* pId, const char* pName)	E2b,sig,size,pos=none	C	3.50	0.50	30:7	
800CB8F0	AnimStream	fn_800CB8F0	File_ReadPCFileIntoBuffer	TW07 PS3	LLRealFileIO.cpp	839	int32 File_ReadPCFileIntoBuffer(const char* filename, void* buffer)	void(u64* pId, char* szName)	E2b,sig,size~,pos=none	C	2.50	0.50	30:29	
800CC4EC	SkinPart	fn_800CC4EC	Dyntex_StartStreamTiming	TW07 PS3	LLDynTex.c	58	void Dyntex_StartStreamTiming(int numTextures)	void(Character* pChar)	E2b,sig~,inl-only,pos=none,dup	C	1.00	1.00	84:26	
800CCA1C	SkinPart	fn_800CCA1C	DynTex_InitModule	TW07 PS3	LLDynTex.c	88	void DynTex_InitModule()	void()	E2b,sig,size?,pos=none,dup	C	1.50	0.00	84:26	
800CCA3C	SkinPart	fn_800CCA3C	DynTex_CloseModule	TW07 PS3	LLDynTex.c	97	void DynTex_CloseModule()	void()	E2b,sig,size~,pos=none	C	2.50	1.00	84:26	
800CCA70	SkinPart	fn_800CCA70	DynTex_Has	TW07 PS3	LLDynTex.c	274	bool DynTex::Has(this, struct DynTexGroupT* pDynTex, const const struct HashString& TexID)	s32(Skin* pSkin, int nPart)	E2b,sig~,size,pos=none	C	3.00	1.00	84:26	
800CCAC0	SkinPart	fn_800CCAC0	DynTex_TintDynTexture	TW07 PS3	LLDynTex.c	434	int DynTex::TintDynTexture(this, struct DynTexList_t* pTintRule, int iMipmap)	s32(Skin* pSkin, int nPart, int nVariant)	E2b,sig~,size~,pos=none	C	2.00	1.00	84:26	
800CCC1C	SkinPart	fn_800CCC1C	DynTex_DoPatch	TW07 PS3	LLDynTex.c	466	void DynTex::DoPatch(this, int32 num_items, struct DynTexList_t* tint_list)	void(Skin* pSkin, int nPart, int nOption)	E2b,sig~,size,pos=none	C	3.00	0.00	84:26	
800CCF10	SkinPart	fn_800CCF10	DynTex_CheckMemAvailable	TW07 PS3	LLDynTex.c	497	bool DynTex_CheckMemAvailable(struct DynTexGroupT* pDynTex, struct TX_STextureGroupTexture* spSrcTexture, int32 iTextureSize)	s32(Skin* pSkin, int nSet, int nVariant)	E2b,sig~,inl-only,pos=none	C	1.00	0.00	84:26	
800CCF90	SkinPart	fn_800CCF90	DynTex_AddTexture	TW07 PS3	LLDynTex.c	519	int32 DynTex::AddTexture(this, struct DynTexGroupT* pDynTex, struct TX_STextureGroupTexture* spSrcTexture, void* vpTexturesData, int32* textureSize)	void(Skin* pSkin, int nSet, int nVariant, int nOption)	E2b,sig?,size,pos=none	C	0.50	0.50	84:26	
800CD124	SkinPart	fn_800CD124	DynTex_AddTextureFromMemory	TW07 PS3	LLDynTex.c	590	int32 DynTex::AddTextureFromMemory(this, struct DynTexGroupT* pDynTex, struct TX_STextureGroupTexture* spSrcTexture)	s32(Skin* pSkin, int nSet, int nVariant)	E2b,sig?,size,pos=none,dup	C	2.00	1.50	84:26	
800CD1D8	SkinPart	fn_800CD1D8	DynTex_AddTextureFromTextureGroup	TW07 PS3	LLDynTex.c	635	int32 DynTex::AddTextureFromTextureGroup(this, struct DynTexGroupT* pDynTex, struct TX_STextureGroup* pTextureGroup, struct TX_STextureGroupTexture* pTexture)	s32(Skin* pSkin, int nSet, int nCopy)	E2b,sig?,size,pos=none	C	2.00	1.25	84:26	
800CD340	SkinPart	fn_800CD340	DynTex_GetMemorySize	TW07 PS3	LLDynTex.c	654	int32 DynTex::GetMemorySize(this, struct TX_STextureGroup* pTextureGroup, uint32 iTextureIndex)	u64(Skin* pSkin, int nSet)	E2b,sig,size!,pos=none	C	1.50	1.25	84:26	
800CD56C	SkinPart	fn_800CD56C	DynTex_InitLoadRequestQueue	TW07 PS3	LLDynTex.c	665	void DynTex::InitLoadRequestQueue(this)	void(Skin* pSkin)	E2b,sig,size~,pos=none	C	3.25	1.25	84:26	
800CD7CC	SkinPart	fn_800CD7CC	DynTex_SetTexLoadInfo	TW07 PS3	LLDynTex.c	762	void DynTex::SetTexLoadInfo(this, struct DynTexLoadInfoT* pTexLoadInfo)	s32(Skin* pSkin, s32 n)	E2b,sig~,size~,pos=none	C	0.50	0.50	84:26	
800CD7D4	SkinPart	fn_800CD7D4	DynTex_LoadTexturesFromMemory	TW07 PS3	LLDynTex.c	768	void DynTex::LoadTexturesFromMemory(this, struct DynTexGroupT* pDynTex, uint8* pData)	void(Skin* pSkin, SkinMesh* pMesh)	E2b,sig,size,pos=none	C	5.00	1.75	84:26	
800CD944	SkinPart	fn_800CD944	DynTex_RequestTexture	TW07 PS3	LLDynTex.c	872	void DynTex::RequestTexture(this, int textureToLoad, enum StreamSchedulerPriority priority)	void(Skin* pSkin, int nPart)	E2b,sig~,size,pos=none	C	3.00	0.00	84:26	
800CD9EC	SkinPart	fn_800CD9EC	DynTex_BeginAsyncLoading	TW07 PS3	LLDynTex.c	910	void DynTex::BeginAsyncLoading(this)	void(Skin* pSkin)	E2b,sig,size~,pos=none	C	3.25	0.50	84:26	
800CDA68	SkinPart	fn_800CDA68	DynTex_EndAsyncLoading	TW07 PS3	LLDynTex.c	955	void DynTex::EndAsyncLoading(this)	void(Skin* pSkin)	E2b,sig,size~,pos=none,dup	C	3.25	0.50	84:26	
800CDEF4	SkinPart	fn_800CDEF4	Mem_move	TW07 PS3	LLMem_PS3.c	33	void* Mem_move(void* dst, const void* src, size_t n)	s32(Skin* pSkin, int nPart, int nVariant)	E2b,sig~,size,pos=none,dup	C	2.25	0.00	84:3	
800CE128	SkinPart	fn_800CE128	DynTex_IsAsyncLoadingDone	TW07 PS3	LLDynTex.c	983	bool DynTex::IsAsyncLoadingDone(this)	void(Skin* pSkin)	E2b,sig,size?,pos=none,dup	C	0.75	0.50	84:26	
800CE164	SkinPart	fn_800CE164	DynTex_WaitEndOfTextureLoad	TW07 PS3	LLDynTex.c	989	void DynTex::WaitEndOfTextureLoad(this)	void()	E2b,sig,size~,pos=none	C	2.50	0.00	84:26	
800CE170	SkinPart	fn_800CE170	DynTex_AddToTextureGroupManager	TW07 PS3	LLDynTex.c	1100	void DynTex::AddToTextureGroupManager(this, struct DynTexGroupT* pDynTex)	void(Skin* pSkin, SkinTarget* pTarget)	E2b,sig,size?,pos=none	C	3.00	0.50	84:26	
800CEDE0	SkinPart	fn_800CEDE0	Mem_compare	TW07 PS3	LLMem_PS3.c	42	int Mem_compare(void* s1, void* s2, size_t n)	void(Skin* pSkin, DynTex* pTex, u64 uId)	E2b,sig,size~,pos=none	C	3.25	2.25	84:3	
800CEE04	SkinPart	fn_800CEE04	Mem_set	TW07 PS3	LLMem_PS3.c	50	void* Mem_set(void* s, int c, size_t n)	void(Skin* pSkin, int nFrom, int nTo)	E2b,sig,size,pos=none,dup	C	4.25	2.25	84:3	
800CEEC8	SkinPart	fn_800CEEC8	DynTex_RemoveFromTextureGroupManager	TW07 PS3	LLDynTex.c	1108	void DynTex::RemoveFromTextureGroupManager(this, struct DynTexGroupT* pDynTex)	void(SkinIter* pIter)	E2b,sig,size,pos=none	C	4.25	0.50	84:26	
800CFD58	HoleScore	fn_800CFD58	GameEffects_ScriptedGameBreakerBallHitTrigger	TW07 PS3	GameEffects.c	286	void GameEffects_ScriptedGameBreakerBallHitTrigger(enum PlayerNumber_t playerID)	u32(int nPlayer)	E2b,sig,size,pos=none,dup	C	2.75	0.00	38:6	
800D030C	HoleScore	fn_800D030C	GameEffects_UpdateSlowDownEffect	TW07 PS3	GameEffects.c	1397	void GameEffects_UpdateSlowDownEffect(enum PlayerNumber_t playerID)	s32(int nPlayer)	E2b,sig,size,pos=none	C	2.75	0.00	38:6	
800D0514	HoleScore	fn_800D0514	GameEffects_SlowDownBallHit	TW07 PS3	GameEffects.c	1440	void GameEffects_SlowDownBallHit(enum PlayerNumber_t playerID)	int(int nPlayer)	E2b,sig,size,pos=none	C	2.75	0.00	38:6	
800D089C	HoleScore	fn_800D089C	SitDev_GameModeMatches	TW07 PS3	SitDevStateVector.c	883	bool SitDev_GameModeMatches(Situation* s, uint32 gameModeBits)	int(int nPlayer, u8 bCurrent)	E2b,sig~,size,pos=none	C	3.00	0.00	38:5	
800D0AF4	HoleScore	fn_800D0AF4	GameModeSkins_GetHoleWinner	TW07 PS3	GameMode_Skins.cpp	268	enum PlayerNumber_t GameModeSkins::GetHoleWinner(this)	u8()	E2b,sig,size~,pos=none	C	2.50	0.50	38:11	
800D0BAC	HoleScore	fn_800D0BAC	GameModeSkins_GetSpecificHoleWinner	TW07 PS3	GameMode_Skins.cpp	313	enum PlayerNumber_t GameModeSkins::GetSpecificHoleWinner(this, int32 hole)	u32(int nPlayer)	E2b,sig,size,pos=none	C	4.25	0.00	38:11	
800D0BF8	HoleScore	fn_800D0BF8	SitDev_Match_PlayerID	TW07 PS3	SitDevStateVector.c	901	bool SitDev_Match_PlayerID(int16 currentPlayerID, uint8 op, uint16 playerID)	u8(int nPlayer, u8 bUnder, u8 bAnyLie)	E2b,sigw,size~,pos=none	C	4.25	1.50	38:5	
800D1674	HoleScore	fn_800D1674	GameModeSkins_GetCurrentScoreString	TW07 PS3	GameMode_Skins.cpp	702	void GameModeSkins::GetCurrentScoreString(this, char* strBuf, int32 bufferSize)	void(register f32* pA, register f32* pB, register f32* pOut)	E2b,sig~,size?,pos=none	C	1.00	1.00	38:11	
800D29E8	CourseData	fn_800D29E8	GameModeDriverPGATour_Reset	TW07 PS3	GameModeDriver_PGATour.cpp	162	void GameModeDriverPGATour::Reset(this)	void()	E2b,sig,size~,pos=none	C	2.50	0.50	29:134	
800D29EC	CourseData	fn_800D29EC	GameModeDriverPGATour_SetUpCachedGuests	TW07 PS3	GameModeDriver_PGATour.cpp	172	void GameModeDriverPGATour::SetUpCachedGuests(this)	void()	E2b,sig,size~,pos=none	C	2.50	1.00	29:134	
800D2A30	CourseData	fn_800D2A30	GM_PgaTourSim_StoreEntrantHoleNumbers	TW07 PS3	PGATourSimulation.c	379	void GM_PgaTourSim_StoreEntrantHoleNumbers()	void()	E2b,sig,size~,pos=none	C	2.50	0.00	29:76	
800D2A64	CourseData	fn_800D2A64	GameModeDriverPGATour_Locale_PgaTourMode_LoadPGAeFromStream	TW07 PS3	GameModeDriver_PGATour.cpp	431	void GameModeDriverPGATour::Locale_PgaTourMode_LoadPGAeFromStream(struct TStreamData* pStreamData)	void(UStreamObject* pObject)	E2b,sig,size,pos=none	C	4.25	0.00	29:134	
800D2A90	CourseData	fn_800D2A90	GameModeDriverPGATour_Locale_PgaTourMode_LoadPGnlFromStream	TW07 PS3	GameModeDriver_PGATour.cpp	452	void GameModeDriverPGATour::Locale_PgaTourMode_LoadPGnlFromStream(struct TStreamData* pStreamData)	void(UStreamObject* pObject)	E2b,sig,size,pos=none	C	4.25	0.00	29:134	
800D2ABC	CourseData	fn_800D2ABC	Stream_RegisterGlobalChunkChecker	TW07 PS3	UStream.c	696	void Stream_RegisterGlobalChunkChecker(LoadChunkCheckCallbackPtr chunkCheckCallback, LoadChunkDataCallbackPtr dataCallbackPtr)	int(int nCourse, int nHole)	E2b,sig,size~,pos=none,dup	C	2.50	0.25	29:36	
800D2AD8	CourseData	fn_800D2AD8	GM_PgaTourSim_ClearGuestStats	TW07 PS3	PGATourSimulation.c	477	void GM_PgaTourSim_ClearGuestStats(enum PlayerNumber_t userID)	int(int nHole)	E2b,sig,size,pos=none	C	2.75	0.75	29:76	
800D2B08	CourseData	fn_800D2B08	Stream_StopLoading	TW07 PS3	UStream.c	2201	bool Stream_StopLoading()	int()	E2b,sig,size,pos=none,dup	C	3.50	0.00	29:36	
800D2B4C	CourseData	fn_800D2B4C	GameModeDriverPGATour_GetEventInfoByDate	TW07 PS3	GameModeDriver_PGATour.cpp	1247	const struct GM_PgaTour_EventSlot_t* GameModeDriverPGATour::GetEventInfoByDate(this, CalendarDate date)	s32(int nHole)	E2b,sig,size,pos=none,dup	C	3.50	1.25	29:134	
800D2B80	CourseData	fn_800D2B80	GM_PgaTourSim_ComputeCurrentRoundLowerLimitForAllAI	TW07 PS3	PGATourSimulation.c	863	void GM_PgaTourSim_ComputeCurrentRoundLowerLimitForAllAI(int32 aiTargetRelativeTotal, int32 currentRound, enum PgaTourSim_SimRound_Flags_t flags)	s32(int nCourse, int nHole, int nTee)	E2b,sig,size,pos=none	C	4.25	2.50	29:76	
800D2C30	CourseData	fn_800D2C30	GameModeDriverPGATour_GetTournamentCourse	TW07 PS3	GameModeDriver_PGATour.cpp	1707	Course_t GameModeDriverPGATour::GetTournamentCourse(this, int32 tour_num, int32 round)	s32(int nHole, int nTee)	E2b,sig,size,pos=none	C	5.00	0.00	29:134	
800D2C68	CourseData	fn_800D2C68	GameModeDriverPGATour_IsAMajor	TW07 PS3	GameModeDriver_PGATour.cpp	1804	bool GameModeDriverPGATour::IsAMajor(this, GM_PgaTourEventID_t eventID)	s32(int nTee)	E2b,sig,size~,pos=none	C	3.25	1.00	29:134	
800D2CB0	CourseData	fn_800D2CB0_HoleWindDir	GameModeDriverPGATour_StartingFresh	TW07 PS3	GameModeDriver_PGATour.cpp	1884	bool GameModeDriverPGATour::StartingFresh(this)	int()	E2b,sig,size,pos=none	C	3.50	2.00	29:134	
800D2CF8	CourseData	fn_800D2CF8_HoleWindSpeed	GameModeDriverPGATour_InitFedExPoints	TW07 PS3	GameModeDriver_PGATour.cpp	2070	void GameModeDriverPGATour::InitFedExPoints(this)	f32()	E2b,sig,size,pos=none,run6	C	2.00	1.00	29:134	
800D2D40	CourseData	fn_800D2D40	GM_PgaTourSim_GetAnyRoundLowScore	TW07 PS3	PGATourSimulation.c	1058	int32 GM_PgaTourSim_GetAnyRoundLowScore(GM_PgaTourEventID_t eventID)	s32(int nTee)	E2b,sig,size,pos=none	C	4.25	1.00	29:76	
800D2DA0	CourseData	fn_800D2DA0	GameModeDriverPGATour_IsFirstFedExPlayoff	TW07 PS3	GameModeDriver_PGATour.cpp	2161	bool GameModeDriverPGATour::IsFirstFedExPlayoff(this, GM_PgaTourEventID_t eventID)	s32(int nTee)	E2b,sig,size~,pos=none,run6	C	3.25	1.00	29:134	
800D2E00	CourseData	fn_800D2E00	GameModeDriverPGATour_QualifiedForFedEx	TW07 PS3	GameModeDriver_PGATour.cpp	2189	bool GameModeDriverPGATour::QualifiedForFedEx(this, enum PlayerNumber_t userID)	s32(int nTee)	E2b,sig,size,pos=none,run6	C	4.25	2.00	29:134	
800D2E60	CourseData	fn_800D2E60	Stream_ResumeLoading	TW07 PS3	UStream.c	2235	bool Stream_ResumeLoading()	s32()	E2b,sig,size~,pos=none	C	2.50	0.00	29:36	
800D2EB0	CourseData	fn_800D2EB0	PGADriver_ShowCalendar_AdvanceSeason	TW07 PS3	GameModeDriver_PGATour.cpp	2205	void PGADriver_ShowCalendar_AdvanceSeason()	s32()	E2b,sig,size,pos=none,run6,dup	C	2.00	0.25	29:134	
800D2F00	CourseData	fn_800D2F00	GM_PgaTourSim_ResetEntrantHoleScores	TW07 PS3	PGATourSimulation.c	1267	bool GM_PgaTourSim_ResetEntrantHoleScores(enum PlayerNumber_t userID, int entrantID)	s32(int nCourse, int nTeeSet)	E2b,sig,size~,pos=none	C	4.00	1.50	29:76	
800D2FB4	CourseData	fn_800D2FB4	GameModeDriverPGATour_IsFinishedCurrentSeason	TW07 PS3	GameModeDriver_PGATour.cpp	2589	bool GameModeDriverPGATour::IsFinishedCurrentSeason(this)	s32(s32 nTeeSet)	E2b,sig~,size,pos=none	C	3.00	0.25	29:134	
800D3004	CourseData	fn_800D3004	GameModeDriverPGATour_GetCurrentTourNum	TW07 PS3	GameModeDriver_PGATour.cpp	2792	int32 GameModeDriverPGATour::GetCurrentTourNum(this)	u8()	E2b,sig,size,pos=none	C	3.50	1.00	29:134	
800D304C	CourseData	fn_800D304C	GM_PgaTourSim_GetNumGuests	TW07 PS3	PGATourSimulation.c	1683	int GM_PgaTourSim_GetNumGuests(enum PlayerNumber_t userID)	u8(int nHole)	E2b,sig,size,pos=none	C	4.25	0.50	29:76	
800D3080	CourseData	fn_800D3080	GameModeDriverPGATour_GetGuestTimeStamp	TW07 PS3	GameModeDriver_PGATour.cpp	2813	uint64 GameModeDriverPGATour::GetGuestTimeStamp(this, int32 nIndex)	u8(int nHole)	E2b,sig,size,pos=none	C	4.25	2.00	29:134	
800D30B4	CourseData	fn_800D30B4	GameModeDriverPGATour_GetCurrentBracket	TW07 PS3	GameModeDriver_PGATour.cpp	3441	uint16 GameModeDriverPGATour::GetCurrentBracket(this, enum PlayerNumber_t userID)	int(int nRound)	E2b,sig,size,pos=none	C	4.25	1.50	29:134	
800D3118	CourseData	fn_800D3118	GM_PgaTourSim_IsEntrantUserOrGuest	TW07 PS3	PGATourSimulation.c	2551	bool GM_PgaTourSim_IsEntrantUserOrGuest(enum PlayerNumber_t userID, int entrantID)	int(int nRound, int nHole)	E2b,sig,size~,pos=none	C	4.00	0.50	29:76	
800D315C	CourseData	fn_800D315C	GM_PgaTourSim_GetFedExPoints	TW07 PS3	PGATourSimulation.c	4533	int GM_PgaTourSim_GetFedExPoints(GM_PgaTourEventID_t eventID, int rank)	int(int nRound, int nHole)	E2b,sig,size,pos=none	C	5.00	0.50	29:76	
800D31A4	CourseData	fn_800D31A4	GM_PgaTourSim_GetFedExInitialPlayoffPoints	TW07 PS3	PGATourSimulation.c	4541	int GM_PgaTourSim_GetFedExInitialPlayoffPoints(int rank)	int(int nPar)	E2b,sig,size,pos=none	C	4.25	0.50	29:76	
800D3208	CourseData	fn_800D3208	GM_PgaTourSim_HasCareerGrandSlam	TW07 PS3	PGATourSimulation.c	4605	bool GM_PgaTourSim_HasCareerGrandSlam()	int()	E2b,sig,size,pos=none	C	3.50	0.50	29:76	
800D33A8	Earnings	fn_800D33A8	roundToNearest25Or5	TW07 PS3	Earnings.c	154	int32 roundToNearest25Or5(int num)	s32(s32 nMoney)	E2b,sig,size?,pos=both,dup	C	2.25	0.25	6:2	
800D3548	Earnings	fn_800D3548	GM_Earnings_AwardMoney	TW07 PS3	Earnings.c	212	void GM_Earnings_AwardMoney(enum PlayerNumber_t winner, int32 moneyWon, enum MoneyRewareType moneyType)	void(int nPlayer, int nMoney, CourseMoneyTracking* pMoney)	E2b,sig,size~,p07m,pos=both	A	6.25	6.25	1:3	1
800D3D10	Earnings	fn_800D3D10	GM_GetGolferMoneyRating	TW07 PS3	Earnings.c	700	int GM_GetGolferMoneyRating(enum Golfer_t golfer)	int(int nGolfer)	E2b,sig,size,pos=both	B	4.25	3.50	2:1	1
800D61E4	Earnings	fn_800D61E4	GM_Earnings_CheckEagleEveryPar5	TW07 PS3	Earnings.c	741	bool GM_Earnings_CheckEagleEveryPar5(enum PlayerNumber_t PlayerID, bool predicted)	u8(int nPlayer, u8 bCheck)	E2b,sig,size!,pos=both	C	1.50	0.00	13:3	
800D68CC	Earnings	fn_800D68CC	GM_Earnings_CheckWinAllTournaments	TW07 PS3	Earnings.c	797	bool GM_Earnings_CheckWinAllTournaments(enum PlayerNumber_t PlayerID, bool predicted)	u8(int nPlayer, u8 bCheck)	E2b,sig,size,pos=both,weak	C	5.00	1.50	13:3	
800D69B8	Earnings	fn_800D69B8	GM_Earnings_CheckFirstTournamentWin	TW07 PS3	Earnings.c	840	bool GM_Earnings_CheckFirstTournamentWin(enum PlayerNumber_t PlayerID, bool predicted)	u8(int nPlayer, u8 bCheck)	E2b,sig,size,pos=both,weak	C	5.00	1.50	13:3	
800D748C	Earnings	fn_800D748C	GM_Earnings_GetUpTheAnteExperienceMultiplier	TW07 PS3	Earnings.c	1227	int32 GM_Earnings_GetUpTheAnteExperienceMultiplier(enum PlayerNumber_t playerId)	u8(int nPlayer)	E2b,sig,size!,pos=both,dup	C	0.75	0.25	1:11	
800D76AC	Earnings	fn_800D76AC	GM_Earnings_AwardThisTrophyBallToUser	TW07 PS3	Earnings.c	1350	bool GM_Earnings_AwardThisTrophyBallToUser(enum PlayerNumber_t PlayerID, enum TrophyBall_t trophy)	u8(int nPlayer, int nAward)	E2b,sig,size~,pos=both	B	4.00	4.00	18:6	1
800D7770	Earnings	fn_800D7770	GM_Earnings_GiveAwardToUser	TW07 PS3	Earnings.c	1383	bool GM_Earnings_GiveAwardToUser(enum PlayerNumber_t PlayerID, AwardInfoBase* pBaseInfo)	u8(int nPlayer, Award* pAward)	E2b,sig,size?,pos=both,weak,dup	C	3.00	2.50	13:3	
800D8720	Earnings	fn_800D8720	IsBallStoppedOnFairway	TW07 PS3	Earnings.c	1422	bool IsBallStoppedOnFairway(struct PhysicsBall_t* ball)	s32(s32 n)	E2b,sig~,size,pos=both	C	3.00	0.00	13:3	
800D8D38	Earnings	fn_800D8D38	GM_ClearShotBonusStats	TW07 PS3	Earnings.c	1435	void GM_ClearShotBonusStats(enum PlayerNumber_t PlayerID)	void(int nPlayer)	E2b,sig,size!,pos=both,dup	C	0.75	0.00	13:3	
800D8D5C	Earnings	fn_800D8D5C	GM_ClearHoleBonusStats	TW07 PS3	Earnings.c	1453	void GM_ClearHoleBonusStats(enum PlayerNumber_t PlayerID)	void(int nPlayer)	E2b,sig,size~,pos=both,run6	A	3.25	1.75	18:6	1
800D8DB4	Earnings	fn_800D8DB4	GM_ClearGameBonusStats	TW07 PS3	Earnings.c	1471	void GM_ClearGameBonusStats(enum PlayerNumber_t PlayerID)	u8(int nKind)	E2b,sig,size,pos=both,run6	A	2.75	2.75	18:6	1
800D9350	Earnings	fn_800D9350	GM_RecordBonusShotStats	TW07 PS3	Earnings.c	1645	void GM_RecordBonusShotStats(enum PlayerNumber_t PlayerID)	void(int nPlayer)	E2b,sig,size~,pos=both,run6	A	3.25	3.25	9:12	1
800D9458	Earnings	fn_800D9458	GM_RecordIndividualHoleStats	TW07 PS3	Earnings.c	1699	void GM_RecordIndividualHoleStats(enum PlayerNumber_t PlayerID)	void(int nPlayer)	E2b,sig,size,pos=both,run6	A	4.25	4.25	9:12	1
800D9834	Earnings	fn_800D9834	GM_RecordIndividualRoundStats	TW07 PS3	Earnings.c	1815	void GM_RecordIndividualRoundStats(enum PlayerNumber_t PlayerID)	void(int nPlayer)	E2b,sig,size,pos=both,run6	A	4.25	4.25	9:12	1
800D995C	Earnings	fn_800D995C	GM_TestGameWinMessages	TW07 PS3	Earnings.c	2325	bool GM_TestGameWinMessages(int userID)	s32(s32 i)	E2b,sig,size!,pos=both,dup	C	0.75	0.00	6:9	
800D9970	Earnings	fn_800D9970	GM_Earnings_GetTrophyBallMovieIndex	TW07 PS3	Earnings.c	2399	int GM_Earnings_GetTrophyBallMovieIndex(enum TrophyBall_t trophy)	s32(s32 i)	E2b,sig,size,pos=both	C	4.25	0.00	6:9	
800D9984	Earnings	fn_800D9984	GM_Earnings_GetNumberOfUnlockableCoursesForTP	TW07 PS3	Earnings.c	2404	int32 GM_Earnings_GetNumberOfUnlockableCoursesForTP(enum PlayerNumber_t userID)	s32(s32 i)	E2b,sig,size!,pos=both,dup	C	0.75	0.00	6:9	
800D9E00	Earnings	fn_800D9E00	GM_Earnings_CalcPlayerLevelExperienceMultiplier	TW07 PS3	Earnings.c	2701	int32 GM_Earnings_CalcPlayerLevelExperienceMultiplier(enum PlayerNumber_t plyrID)	s32(s32 i)	E2b,sig,size?,pos=both,dup	C	2.25	0.75	6:9	
800D9E14	GameHoleContests	fn_800D9E14	GM_DeInitModule	TW07 PS3	GameMode.c	347	void GM_DeInitModule()	void()	E2b,sig,size,pos=none	C	3.50	0.00	17:38	
800D9E5C	GameHoleContests	fn_800D9E5C	GM_InitForHole_SitDev	TW07 PS3	GameMode.c	458	void GM_InitForHole_SitDev()	u8()	E2b,sig,size,pos=none,dup	C	2.00	0.50	17:38	
800D9F34	GameHoleContests	fn_800D9F34	STATEFUNC_GreenSelectUpdate	TW07 PS3	stateFunc.c	6206	void STATEFUNC_GreenSelectUpdate(enum PlayerNumber_t PlayerID)	void()	E2b,sig!,size,pos=none	C	0.50	0.00	17:46	
800DA174	GameHoleContests	fn_800DA174	GM_UseShotClock	TW07 PS3	GameMode.c	1279	bool GM_UseShotClock()	u8()	E2b,sig,size,pos=none	C	3.50	1.00	17:38	
800DA1D4	GameHoleContests	fn_800DA1D4	GM_AllowNextGolfer	TW07 PS3	GameMode.c	2164	bool GM_AllowNextGolfer()	u8()	E2b,sig,size,pos=none	C	3.50	1.00	17:38	
800DA234	GameHoleContests	fn_800DA234	GM_IsGolferConceding	TW07 PS3	GameMode.c	2372	bool GM_IsGolferConceding()	u8()	E2b,sig,size~,pos=none	C	2.50	1.00	17:38	
800DA264	GameHoleContests	fn_800DA264	GM_NumLocalHumanGolfers	TW07 PS3	GameMode.c	2493	int GM_NumLocalHumanGolfers()	u8()	E2b,sig,size,pos=none	C	3.50	2.50	17:38	
800DA2AC	GameHoleContests	fn_800DA2AC	GM_GetDormieCount	TW07 PS3	GameMode.c	2514	int32 GM_GetDormieCount()	u8()	E2b,sig,size,pos=none	C	3.50	3.00	17:38	
800DA36C	GameHoleContests	fn_800DA36C	GM_ForceHoleoutAll	TW07 PS3	GameMode.c	2796	void GM_ForceHoleoutAll()	void()	E2b,sig,size~,pos=none,dup	C	2.50	2.00	17:38	
800DA48C	GameHoleContests	fn_800DA48C	GM_Attributes_AutoLevel	TW07 PS3	GameMode.c	3874	void GM_Attributes_AutoLevel(enum PlayerNumber_t PlayerID)	void(int nPlayer)	E2b,sig,size,pos=none	C	4.25	0.75	17:38	
800DAD1C	GameHoleContests	fn_800DAD1C	_stickMoved	TW07 PS3	stateFunc.c	7008	bool _stickMoved(uint8 stickval)	char*(int nPlayer)	E2b,sigw,size,pos=none,dup	C	3.00	1.25	17:46	
800DAD30	GameHoleContests	fn_800DAD30	STATEFUNC_EndBoastChallengeUpdate	TW07 PS3	stateFunc.c	7095	void STATEFUNC_EndBoastChallengeUpdate(enum PlayerNumber_t PlayerID)	s32(int nPlayer)	E2b,sig,size,pos=none,dup	C	2.75	1.00	17:46	
800DAD44	GameHoleContests	fn_800DAD44	GM_GetNumberOfTotalTrophyBalls	TW07 PS3	GameMode.c	3957	int GM_GetNumberOfTotalTrophyBalls()	u8()	E2b,sig,size~,pos=none	C	2.50	1.75	17:38	
800DAD4C	GameHoleContests	fn_800DAD4C	GM_SpecialMoment_SkipReaction	TW07 PS3	GameMode.c	4035	bool GM_SpecialMoment_SkipReaction()	s32()	E2b,sig,size~,pos=none,dup	C	2.50	1.75	17:38	
800DAD54	GameHoleContests	fn_800DAD54	STATEFUNC_PositionPlayerAtLastManuallyPickedPos	TW07 PS3	stateFunc.c	7478	void STATEFUNC_PositionPlayerAtLastManuallyPickedPos()	void()	E2b,sig,size~,pos=none,dup	C	2.50	2.00	17:46	
800DADC0	GameHoleContests	fn_800DADC0	GM_IsPGATourDriver	TW07 PS3	GameMode.c	4085	bool GM_IsPGATourDriver()	s32()	E2b,sig,size,pos=none	C	3.50	0.00	17:38	
800DAE44	GameEffects	fn_800DAE44	GameEffects_InitGameEffectSettings	TW07 PS3	GameEffects.c	102	void GameEffects_InitGameEffectSettings()	void()	E2b,sig,size,pos=1:1	A	3.50	3.50	1:1	1
800DAF74	GameEffects	fn_800DAF74	GameEffects_ResetGameEffectTimeSettings	TW07 PS3	GameEffects.c	157	void GameEffects_ResetGameEffectTimeSettings()	GameEffects*()	E2b,sig,size,p07l,pos=both	B	2.50	2.50	2:1	1
800DB30C	GameEffects	fn_800DB30C	GameEffects_ScriptedGameBreakerTrigger	TW07 PS3	GameEffects.c	219	void GameEffects_ScriptedGameBreakerTrigger(enum PlayerNumber_t playerID, enum GameBreakerTrigger_e triggerType)	void(int nPlayer, int nReason)	E2b,sig,size~,pos=both	B	4.00	4.00	10:10	1
800DB4E8	GameEffects	fn_800DB4E8	GameEffects_SetPostGBCommentary	TW07 PS3	GameEffects.h	135	void GameEffects_SetPostGBCommentary(uint16 fileID)	void(int nPlayer)	E2b,sigw,inl-only,pos=none	C	1.75	0.00	4:8	
800DB714	GameEffects	fn_800DB714	GameEffects_ScriptedGameBreakerBallHitTrigger	TW07 PS3	GameEffects.c	286	void GameEffects_ScriptedGameBreakerBallHitTrigger(enum PlayerNumber_t playerID)	void(int nPlayer)	E2b,sig,size,pos=both	C	4.25	1.00	2:1	
800DB86C	GameEffects	fn_800DB86C	GameEffects_IsScriptedGameBreaker	TW07 PS3	GameEffects.c	340	bool GameEffects_IsScriptedGameBreaker(enum PlayerNumber_t playerID)	int(int nPlayer)	E2b,sig,size,pos=both	B	4.25	3.50	10:10	1
800DBA50	GameEffects	fn_800DBA50	GameEffects_InFlightGameBreakerTrigger	TW07 PS3	GameEffects.c	450	void GameEffects_InFlightGameBreakerTrigger(enum PlayerNumber_t playerID)	void(int nPlayer)	E2b,sig,size,p07l,pos=both	B	4.75	4.75	10:10	1
800DBDA8	GameEffects	fn_800DBDA8	GameEffects_EndGameBreaker	TW07 PS3	GameEffects.c	813	void GameEffects_EndGameBreaker(enum PlayerNumber_t playerID)	void(int nPlayer)	E2b,sig,size~,p07l,pos=both,run6	A	3.75	3.75	10:10	1
800DBF34	GameEffects	fn_800DBF34	GameEffects_RenderGameBreakerEffects	TW07 PS3	GameEffects.c	880	void GameEffects_RenderGameBreakerEffects()	void()	E2b,sig,size,p07l,pos=both,run6	A	4.00	4.00	10:10	1
800DBFAC	GameEffects	fn_800DBFAC	GameEffects_RenderPredictedGB	TW07 PS3	GameEffects.c	921	void GameEffects_RenderPredictedGB()	void()	E2b,sig,size,p07l,pos=both,run6	A	4.00	4.00	10:10	1
800DC18C	GameEffects	fn_800DC18C	GameEffects_RenderScriptedGB	TW07 PS3	GameEffects.c	1144	void GameEffects_RenderScriptedGB()	void()	E2b,sig,size~,p07l,pos=both,run6	A	3.00	3.00	10:10	1
800DC290	GameEffects	fn_800DC290	GameEffects_DrawLetterBoxes	TW07 PS3	GameEffects.c	1203	void GameEffects_DrawLetterBoxes(float height)	void(f32 fHeight)	E2b,sig,size,p07l,pos=both,run6	A	4.75	4.75	10:10	1
800DC464	GameEffects	fn_800DC464	GameEffects_SimulateBall	TW07 PS3	GameEffects.c	1359	bool GameEffects_SimulateBall(enum PlayerNumber_t playerID)	u8(int nPlayer)	E2b,sig,size,p07l,pos=both	B	4.75	4.75	4:6	1
800DC498	GameEffects	fn_800DC498	GameEffects_SpinWindowDone	TW07 PS3	GameEffects.c	1373	void GameEffects_SpinWindowDone(enum PlayerNumber_t playerID)	void(int nPlayer)	E2b,sig,size,p07l,pos=both	B	4.75	4.75	4:6	1
800DC514	GameEffects	fn_800DC514	GameEffects_IsSlowDownSwingOn	TW07 PS3	GameEffects.c	1392	bool GameEffects_IsSlowDownSwingOn(enum PlayerNumber_t playerID)	u8(int nPlayer)	E2b,sig,size,pos=both	B	4.25	4.25	4:6	1
800DC664	GameEffects	fn_800DC664	GameEffects_UpdateGameEffects	TW07 PS3	GameEffects.c	1519	void GameEffects_UpdateGameEffects(enum PlayerNumber_t PlayerID)	void(int nPlayer)	E2b,sig,size~,pos=both,run6	A	3.25	3.25	5:6	1
800DC6E8	GameEffects	fn_800DC6E8	GameEffects_VibrateControllerForHeartbeat	TW07 PS3	GameEffects.c	1547	void GameEffects_VibrateControllerForHeartbeat(enum PlayerNumber_t PlayerID)	void(int nPlayer)	E2b,sig,size,pos=both,run6	A	4.25	3.25	5:6	1
800DC784	GameEffects	fn_800DC784	GameEffects_SkipOtherCommentary	TW07 PS3	GameEffects.c	1577	bool GameEffects_SkipOtherCommentary()	u8()	E2b,sig,size,pos=both,run6	A	3.50	3.50	5:6	1
800DC818	GameEffects	fn_800DC818	GameEffects_ScriptedGBDidIt	TW07 PS3	GameEffects.c	1608	bool GameEffects_ScriptedGBDidIt(struct PhysicsBall_t* ball, enum PlayerNumber_t ePlayerID, bool predicted)	u8(Ball* pBall, int nPlayer, u8 bNext)	E2b,sig,size,pos=both,run6	A	5.75	5.75	5:6	1
800DC9D4	GameEffects	fn_800DC9D4	GameEffects_Pause	TW07 PS3	GameEffects.c	1682	void GameEffects_Pause(bool pauseOn)	void(int a)	E2b,sig,size~,p07l,pos=both,run6	A	3.75	3.75	5:6	1
800DCAD8	GameManager	fn_800DCAD8	GM_vInitModuleONCE	TW07 PS3	GameMode.c	215	void GM_vInitModuleONCE()	void()	E2b,sig,size,pos=one,dup	C	3.50	2.00	13:6	
800DCAFC	GameManager	fn_800DCAFC	GM_vCloseModuleONCE	TW07 PS3	GameMode.c	225	void GM_vCloseModuleONCE()	void()	E2b,sig,size~,pos=one	C	2.50	0.00	13:6	
800DCB00	GameManager	fn_800DCB00	GameManager_GetElapsedTicks	TW07 PS3	GameManager.cpp	569	int32 GameManager::GetElapsedTicks(this)	u8()	E2b,sig,size,pos=none	C	3.50	1.00	19:64	
800DCB08	GameManager	fn_800DCB08	GameManager_GetGameCount	TW07 PS3	GameManager.cpp	619	int32 GameManager::GetGameCount(this)	u8()	E2b,sig,size,pos=none	C	3.50	1.00	19:64	
800DCB10	GameManager	fn_800DCB10	GameManager_GetController	TW07 PS3	GameManager.cpp	632	enum PlayerCtrl_t GameManager::GetController(this, enum PlayerNumber_t ePlr)	u8(int nPlayer)	E2b,sig,size~,pos=none	C	3.25	0.50	19:64	
800DCB3C	GameManager	fn_800DCB3C	GameManager_GetGolfer	TW07 PS3	GameManager.cpp	646	enum Golfer_t GameManager::GetGolfer(this, enum PlayerNumber_t ePlr)	u8()	E2b,sig!,size,pos=none,dup	C	0.50	0.50	19:64	
800DCB74	GameManager	fn_800DCB74	GameManager_ExpertMode	TW07 PS3	GameManager.cpp	658	bool GameManager::ExpertMode(this)	u8()	E2b,sig,size?,pos=none	C	1.50	0.50	19:64	
800DCBB8	GameManager	fn_800DCBB8	GameManager_GetForcedAttributeVal	TW07 PS3	GameManager.cpp	668	uint32 GameManager::GetForcedAttributeVal(this)	void()	E2b,sig,size,pos=none	C	2.00	0.50	19:64	
800DCBBC	GameManager	fn_800DCBBC	GM_InitModule_PostDataStream	TW07 PS3	GameMode.c	324	void GM_InitModule_PostDataStream()	void()	E2b,sig,size,pos=one,run4,dup	C	3.50	0.50	13:6	
800DCC04	GameManager	fn_800DCC04	GM_CheckForAndReturnWager	TW07 PS3	GameMode.c	336	void GM_CheckForAndReturnWager()	void()	E2b,sig,size~,pos=one,run4	C	2.50	0.50	13:6	
800DCC30	GameManager	fn_800DCC30	GM_DeInitModule	TW07 PS3	GameMode.c	347	void GM_DeInitModule()	void()	E2b,sig,size,pos=one,run4,dup	C	3.50	0.50	13:6	
800DEB5C	GameManager	fn_800DEB5C	GM_ReplaceLateralHazardBall	TW07 PS3	GameMode.c	2346	void GM_ReplaceLateralHazardBall(enum PlayerNumber_t PlayerID)	void(int nPlayer)	E2b,sig,size,p07l,pos=both	B	4.75	4.00	1:5	1
800DFF0C	GameManager	fn_800DFF0C	GM_bIsMidholeFlybyButtonPressed	TW07 PS3	GameMode.c	3503	bool GM_bIsMidholeFlybyButtonPressed(enum PlayerNumber_t PlayerID)	u8(int nPlayer)	E2b,sig,size?,pos=1:1	B	2.25	2.25	1:1	1
800E012C	GameManager	fn_800E012C	GM_bIsAltSwingButtonPressed	TW07 PS3	GameMode.c	3605	bool GM_bIsAltSwingButtonPressed(enum PlayerNumber_t PlayerID)	u8(int nPlayer)	E2b,sig,size!,pos=1:1,dup	C	0.75	0.75	1:1	
800E0A84	GameManager	fn_800E0A84	GM_SpecialMoment_SetSkipReaction	TW07 PS3	GameMode.c	4040	void GM_SpecialMoment_SetSkipReaction(bool val)	void(u8 v)	E2b,sig,size,pos=one	C	4.25	1.00	4:13	
800E0A90	GameManager	fn_800E0A90	GameManager_GetPin	TW07 PS3	GameManager.cpp	698	int8 GameManager::GetPin(this)	u8(int nPlayer)	E2b,sig~,size,pos=none	C	3.00	0.75	19:64	
800E0A98	GameManager	fn_800E0A98	GameManager_SetGolferConceding	TW07 PS3	GameManager.cpp	761	void GameManager::SetGolferConceding(this, bool bVal)	void(int a)	E2b,sig,size!,pos=none,dup	C	0.75	0.00	19:64	
800E0AC4	GameManager	fn_800E0AC4	GM_IsGolferDisabledInFrontEnd	TW07 PS3	GameMode.c	4098	bool GM_IsGolferDisabledInFrontEnd(enum Golfer_t golferID)	void(int a)	E2b,sig,size,pos=one	C	2.75	0.00	4:13	
800E1404	GameRound	fn_800E1404	GameManager_ReleaseGameState	TW07 PS3	GameManager.cpp	158	void GameManager::ReleaseGameState(this, struct GameState* pGameStateToRelease)	void(int nHole)	E2b,sig~,size~,pos=one	C	2.00	0.00	30:60	
800E1434	GameRound	fn_800E1434	GameManager_Shutdown	TW07 PS3	GameManager.cpp	166	void GameManager::Shutdown(this)	void()	E2b,sig,size,pos=one	C	3.50	0.25	30:60	
800E14E0	GameRound	fn_800E14E0	GameManager_CreateGameMode	TW07 PS3	GameManager.cpp	177	bool GameManager::CreateGameMode(this, enum GM_ModeType_t nGameModeID)	void(int nCourse)	E2b,sig,size,pos=one	C	2.75	0.25	30:60	
800E16F4	GameRound	fn_800E16F4	GameManager_EndGame	TW07 PS3	GameManager.cpp	474	void GameManager::EndGame(this)	int()	E2b,sig,size,pos=one	C	2.00	0.00	30:60	
800E177C	GameRound	fn_800E177C	GameManager_GetGameCount	TW07 PS3	GameManager.cpp	619	int32 GameManager::GetGameCount(this)	int()	E2b,sig,size~,pos=one,dup	C	2.50	0.00	30:60	
800E1788	GameRound	fn_800E1788	GameManager_GetController	TW07 PS3	GameManager.cpp	632	enum PlayerCtrl_t GameManager::GetController(this, enum PlayerNumber_t ePlr)	int(int nPlayer)	E2b,sig,size~,pos=one,dup	C	3.25	0.25	30:60	
800E23B0	GameRound	fn_800E23B0	GameManager_SetGolfer	TW07 PS3	GameManager.cpp	638	void GameManager::SetGolfer(this, enum PlayerNumber_t ePlr, enum Golfer_t eGolfer)	u8(int nPlayer, int nStrokes)	E2b,sig,size~,pos=one	C	2.50	0.50	30:60	
800E23EC	GameRound	fn_800E23EC	GameManager_GetGolfer	TW07 PS3	GameManager.cpp	646	enum Golfer_t GameManager::GetGolfer(this, enum PlayerNumber_t ePlr)	u8(int nPlayer)	E2b,sig,size~,pos=one	C	3.25	0.75	30:60	
800E25CC	GameRound	fn_800E25CC	GameManager_SetHoleBinDefined	TW07 PS3	GameManager.cpp	683	void GameManager::SetHoleBinDefined(this, bool bVal)	void(u8 b)	E2b,sig,size?,pos=one	C	2.25	0.25	30:60	
800E3AC0	GameRound	fn_800E3AC0	GameManager_GetGameData	TW07 PS3	GameManager.cpp	755	struct IGameData* GameManager::GetGameData(this)	u8()	E2b,sig,size,pos=one	C	2.75	0.50	32:4	
800E3AD0	GameRound	fn_800E3AD0	GameManager_SetGolferConceding	TW07 PS3	GameManager.cpp	761	void GameManager::SetGolferConceding(this, bool bVal)	void(int nPlayer)	E2b,sig,size,pos=one,weak	C	4.25	2.50	32:4	
800E3ADC	GameRound	fn_800E3ADC	GameManager_GolferConceding	TW07 PS3	GameManager.cpp	766	bool GameManager::GolferConceding(this)	u8(u8 bCheck)	E2b,sig~,size~,pos=one	C	2.00	0.00	32:4	
800E3AEC	GameRound	fn_800E3AEC	GameManager_GetPlayerWithController	TW07 PS3	GameManager.cpp	772	enum PlayerNumber_t GameManager::GetPlayerWithController(this, int32 nControllerNum)	s32(int a)	E2b,sig,size!,pos=one	C	0.75	0.50	32:4	
800E3B28	GameUI	fn_800E3B28	GUI_Init	TW07 PS3	GameUI.c	177	void GUI_Init()	void()	E2b,sig,size~,p07l,pos=both	B	3.00	3.00	22:26	1
800E3BEC	GameUI	fn_800E3BEC	GUI_DeInit	TW07 PS3	GameUI.c	247	void GUI_DeInit()	void()	E2b,sig,size~,pos=both,weak	C	2.50	2.50	13:12	
800E3C0C	GameUI	fn_800E3C0C	GUI_ShowToggleFullScreenUI	TW07 PS3	GameUI.c	256	void GUI_ShowToggleFullScreenUI(bool show)	void(u8 b)	E2b,sig,size,pos=both	C	4.25	0.00	13:12	
800E3D38	GameUI	fn_800E3D38	GUI_ToggleUI	TW07 PS3	GameUI.c	298	void GUI_ToggleUI(enum PlayerNumber_t PlayerID, bool show)	void(int nPlayer, u8 b)	E2b,sig,size!,p07l,pos=both	C	2.00	0.50	13:12	
800E3D90	GameUI	fn_800E3D90	GUI_UpdateGolferUIData	TW07 PS3	GameUI.h	251	void GUI_UpdateGolferUIData()	void()	E2b,sig,inl-only,pos=none	C	1.50	0.00	27:11	
800E3DDC	GameUI	fn_800E3DDC	GUI_GetTimeSinceLastUIToggle	TW07 PS3	GameUI.c	330	int GUI_GetTimeSinceLastUIToggle(enum PlayerNumber_t PlayerID)	u8(int nPlayer)	E2b,sig,size~,pos=both	C	3.25	1.00	13:12	
800E3E0C	GameUI	fn_800E3E0C	GUI_UpdateAllUIData	TW07 PS3	GameUI.c	338	void GUI_UpdateAllUIData()	void()	E2b,sig,size?,pos=both,weak	C	1.50	1.50	13:12	
800E3E3C	GameUI	fn_800E3E3C	GUI_OpenPauseMenu	TW07 PS3	GameUI.c	350	void GUI_OpenPauseMenu()	void()	E2b,sig,size,pos=both,weak	C	3.50	1.50	13:12	
800E3ECC	GameUI	fn_800E3ECC	GUI_ClubSelected	TW07 PS3	GameUI.h	266	void GUI_ClubSelected()	void()	E2b,sig,inl-only,pos=none,run4	C	1.50	0.00	27:11	
800E3EE0	GameUI	fn_800E3EE0	GUI_PauseMenuClosed	TW07 PS3	GameUI.c	377	void GUI_PauseMenuClosed()	void()	E2b,sig,size?,pos=both,weak	C	1.50	1.50	13:12	
800E415C	GameUI	fn_800E415C	GUI_IsPauseMenuOpen	TW07 PS3	GameUI.c	436	bool GUI_IsPauseMenuOpen()	u8()	E2b,sig,size~,p07l,pos=both,weak	C	3.00	2.50	13:12	
800E4164	GameUI	fn_800E4164	GUI_StartPostShotUI	TW07 PS3	GameUI.c	445	void GUI_StartPostShotUI(int type, float yardage, enum PlayerNumber_t PlayerID)	void(int nMsg, int nPlayer, f32 f)	E2b,sig?,size~,p07l,pos=both,weak	C	1.50	1.50	13:12	
800E41C8	GameUI	fn_800E41C8	GUI_FlagPostShotRequest	TW07 PS3	GameUI.c	455	void GUI_FlagPostShotRequest()	void()	E2b,sig,size~,p07l,pos=both	B	3.00	3.00	22:26	1
800E41D4	GameUI	fn_800E41D4	GUI_AdvancePostShotUI	TW07 PS3	GameUI.c	464	void GUI_AdvancePostShotUI(enum PlayerNumber_t PlayerID)	void(int nPlayer)	E2b,sig,size~,p07l,pos=both	B	3.75	3.75	22:26	1
800E4204	GameUI	fn_800E4204	GUI_HideAllHelpTips	TW07 PS3	GameUI.c	475	void GUI_HideAllHelpTips()	void()	E2b,sig,size~,p07l,pos=both	C	3.00	1.00	6:11	
800E4238	GameUI	fn_800E4238	GUI_PostShotUIStart	TW07 PS3	GameUI.c	485	void GUI_PostShotUIStart()	void(int i)	E2b,sig!,size,pos=both	C	0.50	0.50	6:11	
800E4254	GameUI	fn_800E4254	GUI_HidePostShotUI	TW07 PS3	GameUI.h	281	void GUI_HidePostShotUI(enum PlayerNumber_t PlayerID)	u8(int nPlayer)	E2b,sig,inl-only,nbr,pos=none	C	2.75	0.50	27:11	
800E42F4	GameUI	fn_800E42F4	GUI_SetupSkipMessagesPostShotUI	TW07 PS3	GameUI.c	499	void GUI_SetupSkipMessagesPostShotUI()	void(int i)	E2b,sig!,size,pos=both	C	0.50	0.50	6:11	
800E430C	GameUI	fn_800E430C	GUI_IsPostShotUIAnimating	TW07 PS3	GameUI.c	508	bool GUI_IsPostShotUIAnimating(enum PlayerNumber_t PlayerID)	u8(int nPlayer)	E2b,sig,size,pos=both	C	4.25	0.50	6:11	
800E4364	GameUI	fn_800E4364	GUI_QueUIMessageMessage	TW07 PS3	GameUI.c	647	void GUI_QueUIMessageMessage(enum GUI_MessageQue_t messageType, int param1, int param2, int param3)	void(u32 nQueue, int a, int b, int c)	E2b,sig,size?,p07l,pos=both,weak	C	5.00	2.00	6:11	
800E45CC	GameUI	fn_800E45CC	GUI_CheckMessageQue	TW07 PS3	GameUI.c	1196	bool GUI_CheckMessageQue()	u8()	E2b,sig,size,pos=both	C	3.50	0.50	8:57	
800E4BF8	GameUI	fn_800E4BF8	GUI_ScoreCardUp	TW07 PS3	GameUI.c	1341	bool GUI_ScoreCardUp()	u8()	E2b,sig,size,pos=both	C	3.50	0.25	8:57	
800E4C20	GameUI	fn_800E4C20	GUI_ToggleMulligan	TW07 PS3	GameUI.h	294	void GUI_ToggleMulligan(bool show)	void(u8 bHuman)	E2b,sig,inl-only,pos=none	C	2.25	0.00	27:11	
800E4D88	GameUI	fn_800E4D88	GUI_StartAwardUI	TW07 PS3	GameUI.c	1809	void GUI_StartAwardUI()	void()	E2b,sig,size~,pos=both	C	2.50	0.00	8:57	
800E4D94	GameUI	fn_800E4D94	GUI_ToggleReplay	TW07 PS3	GameUI.h	299	void GUI_ToggleReplay(bool show)	void(u8 bHuman)	E2b,sig,inl-only,pos=none	C	2.25	0.00	27:11	
800E4F88	GameUI	fn_800E4F88	GUI_Online_OpponentQuit	TW07 PS3	GameUI.c	1884	void GUI_Online_OpponentQuit(enum PlayerNumber_t PlayerID)	void(int nPlayer)	E2b,sig,size,pos=both	C	4.25	0.50	8:57	
800E4FB0	GameUI	fn_800E4FB0	GUI_ToggleTargetInfo	TW07 PS3	GameUI.h	309	void GUI_ToggleTargetInfo(int screen, bool show)	void(u8 a, int b)	E2b,sigw,inl-only,pos=none	C	2.50	2.50	27:11	
800E4FFC	GameMessages	fn_800E4FFC	STATEFUNC_CameraDebugExit	TW07 PS3	stateFunc.c	5882	void STATEFUNC_CameraDebugExit(enum PlayerNumber_t PlayerID)	void(int n)	E2b,sig,size,pos=none,dup	C	4.25	0.00	55:46	
800E502C	GameMessages	fn_800E502C	STATEFUNC_CupSelectExit	TW07 PS3	stateFunc.c	6474	void STATEFUNC_CupSelectExit(enum PlayerNumber_t PlayerID)	void(int n)	E2b,sig,size,pos=none,dup	C	4.25	0.00	55:46	
800E505C	GameMessages	fn_800E505C	STATEFUNC_EllipseOrbitInit	TW07 PS3	stateFunc.c	6485	void STATEFUNC_EllipseOrbitInit(enum PlayerNumber_t PlayerID)	void(int n)	E2b,sig,size~,pos=none	C	3.25	0.00	55:46	
800E50FC	GameMessages	fn_800E50FC	TARGET_Close	TW07 PS3	Target.c	205	void TARGET_Close()	void()	E2b,sig,size,pos=none	C	3.50	1.00	55:11	
800E5200	GameMessages	fn_800E5200	STATEFUNC_InactivityInit	TW07 PS3	stateFunc.c	6992	void STATEFUNC_InactivityInit(enum PlayerNumber_t PlayerID)	void(int n)	E2b,sig,size,pos=none,dup	C	4.25	0.50	55:46	
800E5228	GameMessages	fn_800E5228	GM_vCloseModuleONCE	TW07 PS3	GameMode.c	225	void GM_vCloseModuleONCE()	void()	E2b,sig,size~,pos=none,dup	C	2.50	1.50	55:38	
800E522C	GameMessages	fn_800E522C	_stickMoved	TW07 PS3	stateFunc.c	7008	bool _stickMoved(uint8 stickval)	void(int n)	E2b,sigw,size,pos=none,dup	C	2.25	0.50	55:46	
800E5240	GameMessages	fn_800E5240	STATEFUNC_InactivityUpdate	TW07 PS3	stateFunc.c	7015	void STATEFUNC_InactivityUpdate(enum PlayerNumber_t PlayerID)	void(int i)	E2b,sig,size,pos=none	C	4.25	0.50	55:46	
800E5314	GameMessages	fn_800E5314	GM_DeInitModule	TW07 PS3	GameMode.c	347	void GM_DeInitModule()	void()	E2b,sig,size,pos=none,dup	C	3.50	0.00	55:38	
800E5344	GameMessages	fn_800E5344	GM_AllowNextGolfer	TW07 PS3	GameMode.c	2164	bool GM_AllowNextGolfer()	u8()	E2b,sig,size,pos=none,dup	C	3.50	0.00	55:38	
800E53A4	GameMessages	fn_800E53A4	GM_SetFreeDrop	TW07 PS3	GameMode.c	2340	void GM_SetFreeDrop(bool flag)	void(u8 b)	E2b,sig,size~,pos=none,dup	C	3.25	0.00	55:38	
800E53B8	GameMessages	fn_800E53B8	GM_IsFreeDrop	TW07 PS3	GameMode.c	2341	bool GM_IsFreeDrop()	u8()	E2b,sig,size~,pos=none	C	2.50	0.00	55:38	
800E53E8	GameMessages	fn_800E53E8	STATEFUNC_InactivityExit	TW07 PS3	stateFunc.c	7045	void STATEFUNC_InactivityExit(enum PlayerNumber_t PlayerID)	void(u8 b)	E2b,sigw,size!,pos=none,dup	C	0.25	0.00	55:46	
800E5450	GameMessages	fn_800E5450	GM_IsGolferConceding	TW07 PS3	GameMode.c	2372	bool GM_IsGolferConceding()	void()	E2b,sig,size,pos=none,dup	C	2.00	0.00	55:38	
800E5474	GameMessages	fn_800E5474	GM_SetGolferConceding	TW07 PS3	GameMode.c	2380	void GM_SetGolferConceding(bool val)	void(int n)	E2b,sig,size,pos=none	C	4.25	1.50	55:38	
800E5714	GameMessages	fn_800E5714	STATEFUNC_EndBoastChallengeUpdate	TW07 PS3	stateFunc.c	7095	void STATEFUNC_EndBoastChallengeUpdate(enum PlayerNumber_t PlayerID)	void(int n)	E2b,sig,size,pos=none	C	4.25	0.50	55:46	
800E5724	GameMessages	fn_800E5724	STATEFUNC_EndBoastChallengeExit	TW07 PS3	stateFunc.c	7103	void STATEFUNC_EndBoastChallengeExit(enum PlayerNumber_t PlayerID)	void(int n)	E2b,sig,size?,pos=none	C	2.25	0.50	55:46	
800E572C	GameMessages	fn_800E572C	GM_SpecialMoment_SetSkipReaction	TW07 PS3	GameMode.c	4040	void GM_SpecialMoment_SetSkipReaction(bool val)	void(int n)	E2b,sig,size,pos=none,dup	C	4.25	0.50	55:38	
800E573C	GameMessages	fn_800E573C	GM_IsTigerChallengeDriver	TW07 PS3	GameMode.c	4072	bool GM_IsTigerChallengeDriver()	void()	E2b,sig,size,pos=none	C	2.00	0.00	55:38	
800E58B4	GameMessages	fn_800E58B4	PlaceBall_RotateRight	TW07 PS3	Target.c	1619	void PlaceBall_RotateRight(enum PlayerNumber_t PlayerID)	void(int nMsg)	E2b,sig,size,pos=none	C	4.25	2.50	55:11	
800E5C08	GameMessages	fn_800E5C08	PlaceBall_SetTargetSize	TW07 PS3	Target.c	2231	void PlaceBall_SetTargetSize(enum PlayerNumber_t PlayerID, enum TargetSizeType sizeType)	void(int nMsg, char* pStr)	E2b,sig,size,pos=none	C	5.00	4.50	55:11	
800E5C84	GameMessages	fn_800E5C84	GM_IsPGATourDriver	TW07 PS3	GameMode.c	4085	bool GM_IsPGATourDriver()	u8()	E2b,sig,size?,pos=none,dup	C	1.50	0.00	55:38	
800E5D40	GameMessages	fn_800E5D40	STATEFUNC_EnvInfluenceToolUpdate	TW07 PS3	stateFunc.c	7190	void STATEFUNC_EnvInfluenceToolUpdate(enum PlayerNumber_t PlayerID)	void(int n)	E2b,sig,size,pos=none	C	4.25	0.50	55:46	
800E5D68	GameMessages	fn_800E5D68	STATEFUNC_EnvInfluenceToolExit	TW07 PS3	stateFunc.c	7195	void STATEFUNC_EnvInfluenceToolExit(enum PlayerNumber_t PlayerID)	void(char* pStr)	E2b,sig~,size,pos=none,dup	C	3.00	0.50	55:46	
800E5D90	GameMessages	fn_800E5D90	STATEFUNC_InFlyBy	TW07 PS3	stateFunc.c	7203	bool STATEFUNC_InFlyBy()	u8()	E2b,sig,size,pos=none	C	3.50	1.75	55:46	
800E5DE4	GameMessages	fn_800E5DE4	STATEFUNC_HaltUpdate	TW07 PS3	stateFunc.c	7468	void STATEFUNC_HaltUpdate(enum PlayerNumber_t PlayerID)	void(int n)	E2b,sig,size,pos=none,dup	C	4.25	0.75	55:46	
800E7A9C	GameModeBattle	fn_800E7A9C	GameModeBattle_GetEndGameSequence	TW07 PS3	GameMode_Battle.cpp	67	int32 GameModeBattle::GetEndGameSequence(this)	void()	E2b,sig,size,pos=both	B	2.00	2.00	1:2	1
800E8114	GameModeBattle	fn_800E8114	GameModeBattle_GetNumberStartingClubs	TW07 PS3	GameMode_Battle.cpp	275	int32 GameModeBattle::GetNumberStartingClubs(this, enum PlayerNumber_t plrID)	s32(int nPlayer)	E2b,sig,size,pos=1:1,run5	A	4.25	4.25	1:1	1
800E81A0	GameModeBattle	fn_800E81A0	GameModeBattle_GetClubLostOnLastHole	TW07 PS3	GameMode_Battle.cpp	300	enum Club_t GameModeBattle::GetClubLostOnLastHole(this, enum PlayerNumber_t plrID)	s32(int nPlayer)	E2b,sig,size,pos=both	B	4.25	4.25	1:2	1
800EAC7C	GameModeMatch	fn_800EAC7C	GameModeMatch_GetName	TW07 PS3	GameMode_Match.cpp	719	const char* GameModeMatch::GetName(this)	s32()	E2b,sig,size~,pos=one	C	1.75	1.75	2:3	
800EAD6C	GameMode5	fn_800EAD6C	GameModeDriverRTE_UI_GetCalendarInitialDate	TW07 PS3	GameModeDriver_RealTimeEvents.cpp	75	CalendarDate GameModeDriverRTE::UI_GetCalendarInitialDate(this)	void()	E2b,sig,size,pos=none	C	3.00	0.00	43:62	
800EADDC	GameMode5	fn_800EADDC	STREAM_PRINTF	TW07 PS3	UStream.c	103	void STREAM_PRINTF(const char* fmt)	void(void* pObj)	E2b,sig,size,pos=none,dup	C	4.25	0.75	43:36	
800EAE38	GameMode5	fn_800EAE38	GameModeDriverRTE_GetStringTable	TW07 PS3	GameModeDriver_RealTimeEvents.cpp	266	const char* GameModeDriverRTE::GetStringTable(this, int32 nIndex)	void(s32 p0)	E2b,sig,size~,pos=none	C	1.75	1.00	43:62	
800EAE44	GameMode5	fn_800EAE44	GameModeDriverRTE_GetPurse	TW07 PS3	GameModeDriver_RealTimeEvents.cpp	348	int32 GameModeDriverRTE::GetPurse(this, int32 eventID)	void(int nId)	E2b,sig,size~,pos=none,dup	C	1.75	0.00	43:62	
800EAE74	GameMode5	fn_800EAE74	Stream_ReadStartedTiming	TW07 PS3	UStream.c	240	void Stream_ReadStartedTiming()	void()	E2b,sig,inl-only,pos=none	C	1.50	0.00	43:36	
800EAEB8	GameMode5	fn_800EAEB8	Stream_StartDecompressTiming	TW07 PS3	UStream.c	245	void Stream_StartDecompressTiming()	void()	E2b,sig,size~,pos=none,dup	C	2.50	0.50	43:36	
800EAEEC	GameMode5	fn_800EAEEC	GameModeDriverRTE_EndGame	TW07 PS3	GameModeDriver_RealTimeEvents.cpp	360	void GameModeDriverRTE::EndGame(this)	void(UStreamObject* pObject)	E2b,sig,size,pos=none	C	4.25	1.50	43:62	
800EAF18	GameMode5	fn_800EAF18	GameModeDriverRTE_QuitGame	TW07 PS3	GameModeDriver_RealTimeEvents.cpp	365	void GameModeDriverRTE::QuitGame(this)	void(UStreamObject* pObject)	E2b,sig,size!,pos=none	C	0.75	0.50	43:62	
800EAF7C	GameMode5	fn_800EAF7C	Stream_StopAllocationTiming	TW07 PS3	UStream.c	260	void Stream_StopAllocationTiming()	void()	E2b,sig,inl-only,pos=none	C	1.50	0.00	43:36	
800EBD28	GameMode5	fn_800EBD28	Stream_CompressionRestart	TW07 PS3	UStream.c	365	void Stream_CompressionRestart()	void()	E2b,sig,inl-only,pos=none	C	1.50	0.00	43:36	
800EBEF0	GameMode5	fn_800EBEF0	GameModeDriverRTE_EndCurrentEvent	TW07 PS3	GameModeDriver_RealTimeEvents.cpp	370	void GameModeDriverRTE::EndCurrentEvent(this)	void()	E2b,sig,size,pos=none	C	3.50	0.50	43:62	
800EC170	GameMode5	fn_800EC170	GameModeDriverRTE_ScenarioMarkerActor	TW07 PS3	GameModeDriver_RealTimeEvents.cpp	420	void GameModeDriverRTE::ScenarioMarkerActor(this, TBasicParamPtr pData)	void(int n)	E2b,sig,size,pos=none	C	4.25	0.50	43:62	
800EC1E0	GameMode5	fn_800EC1E0	_readBufAsync	TW07 PS3	UStream.c	491	void _readBufAsync()	void()	E2b,sig,size~,pos=none,dup	C	2.50	2.50	43:36	
800EC4F0	GameMode5	fn_800EC4F0	GameModeDriverRTE_CheckCurrentEventActorPosition	TW07 PS3	GameModeDriver_RealTimeEvents.cpp	437	bool GameModeDriverRTE::CheckCurrentEventActorPosition(this)	u8(int n)	E2b,sig~,size,pos=none	C	3.00	0.50	43:62	
800EC544	GameMode5	fn_800EC544	Stream_RegisterGlobalChunkChecker	TW07 PS3	UStream.c	696	void Stream_RegisterGlobalChunkChecker(LoadChunkCheckCallbackPtr chunkCheckCallback, LoadChunkDataCallbackPtr dataCallbackPtr)	void(Challenge* p0, s32 p1)	E2b,sig,size~,pos=none	C	4.00	4.00	43:36	
800ECA08	GameMode5	fn_800ECA08	GM_Earnings_IgnoreEarningsDueToMulligans	TW07 PS3	Earnings.c	139	bool GM_Earnings_IgnoreEarningsDueToMulligans()	u8()	E2b,sig,size,pos=none	C	3.50	0.50	43:32	
800ECA34	GameMode5	fn_800ECA34	Stream_GetDataElement	TW07 PS3	UStream.c	1841	TStreamDataPtr Stream_GetDataElement(bool tryToLoadData)	s32(int k)	E2b,sig,size,pos=none	C	3.75	0.00	43:36	
800ECBE4	GameMode5	fn_800ECBE4	Stream_ResumeLoading	TW07 PS3	UStream.c	2235	bool Stream_ResumeLoading()	void()	E2b,sig,size,pos=none,dup	C	2.00	0.00	43:36	
800ECC14	GameMode5	fn_800ECC14	GameModeDriverRTE_PostHoleLoadInit	TW07 PS3	GameModeDriver_RealTimeEvents.cpp	455	void GameModeDriverRTE::PostHoleLoadInit(this)	int()	E2b,sig,size,pos=none	C	2.00	0.50	43:62	
800ECF9C	GameMode5	fn_800ECF9C	GameModeDriverRTE_GetWinScoreTypeString	TW07 PS3	GameModeDriver_RealTimeEvents.cpp	1156	const char* GameModeDriverRTE::GetWinScoreTypeString(this, enum GM_PNScoringType_t type)	int(int iUnused)	E2b,sig,size,pos=none	C	3.50	0.50	43:62	
800ED028	GameMode5	fn_800ED028	GameModeDriverRTE_ScenarioWon	TW07 PS3	GameModeDriver_RealTimeEvents.cpp	1176	bool GameModeDriverRTE::ScenarioWon(this)	int(int i)	E2b,sig~,size~,pos=none	C	2.00	0.50	43:62	
800ED280	GameMode5	fn_800ED280	GameModeDriverRTE_GetScenario	TW07 PS3	GameModeDriver_RealTimeEvents.cpp	1506	const struct EventData_t* GameModeDriverRTE::GetScenario(this, int32 nIndex)	char*(int nId)	E2b,sig,size,pos=none	C	4.25	0.50	43:62	
800ED2C8	GameMode5	fn_800ED2C8	GameModeDriverRTE_UI_GetEventIconIndexInDetails	TW07 PS3	GameModeDriver_RealTimeEvents.cpp	1539	int32 GameModeDriverRTE::UI_GetEventIconIndexInDetails(this, CalendarDate date)	char*(int nId)	E2b,sig,size,pos=none	C	3.50	0.00	43:62	
800ED508	GameMode5	fn_800ED508	GameModeDriverRTE_GetDevPointsPurseForBracket	TW07 PS3	GameModeDriver_RealTimeEvents.cpp	1601	int32 GameModeDriverRTE::GetDevPointsPurseForBracket(this, enum PlayerNumber_t userID)	int(int nGroup)	E2b,sig,size,pos=none	C	4.25	0.00	43:62	
800ED554	GameMode5	fn_800ED554	RTEDPtr	TW07 PS3	GameModeDriver_RealTimeEvents.cpp	1642	struct GameModeDriverRTE* RTEDPtr()	void()	E2b,sig,size,pos=none	C	2.00	2.00	43:62	
800ED5C8	GameMode5	fn_800ED5C8	GM_Earnings_AddEndGameAward_TrophyBall	TW07 PS3	Earnings.c	1280	void GM_Earnings_AddEndGameAward_TrophyBall(enum PlayerNumber_t winner, int8 ball)	u8(int nPlayer, u8 bCheck)	E2b,sig,size,pos=none	C	4.00	1.00	43:32	
800ED604	GameMode5	fn_800ED604	GM_ClearShotBonusStats	TW07 PS3	Earnings.c	1435	void GM_ClearShotBonusStats(enum PlayerNumber_t PlayerID)	void(int nPlayer)	E2b,sig,size?,pos=none,dup	C	2.25	1.00	43:32	
800ED688	GameMode5	fn_800ED688	GM_Earnings_GetTrophyBallMovieIndex	TW07 PS3	Earnings.c	2399	int GM_Earnings_GetTrophyBallMovieIndex(enum TrophyBall_t trophy)	s32(int i)	E2b,sig,size,pos=none,dup	C	4.25	1.00	43:32	
800ED69C	GameMode5	fn_800ED69C	GM_RealtimeMode_IsEventComplete	TW07 PS3	GameModeDriver_RealTimeEvents.cpp	1801	bool GM_RealtimeMode_IsEventComplete(int userID, GM_RealtimeEventID_t eventID)	s32(int i, int k)	E2b,sig,size~,pos=none	C	4.00	1.50	43:62	
800ED6E8	GameMode5	fn_800ED6E8	GM_Earnings_GetNumberOfUnlockableCoursesForTP	TW07 PS3	Earnings.c	2404	int32 GM_Earnings_GetNumberOfUnlockableCoursesForTP(enum PlayerNumber_t userID)	void(u8 v)	E2b,sigw,size~,pos=none,dup	C	1.25	1.00	43:32	
800ED6F8	GameMode5	fn_800ED6F8	Stream_ClearFileCallbacks	TW07 PS3	UStream.c	2847	void Stream_ClearFileCallbacks(struct StreamFileList* streamFileList)	void(f32 x0)	E2b,sig~,size,pos=none,dup	C	3.00	0.00	43:36	
800ED710	GameMode5	fn_800ED710	GM_RealtimeMode_GetPurse	TW07 PS3	GameModeDriver_RealTimeEvents.cpp	1811	int GM_RealtimeMode_GetPurse(GM_RealtimeEventID_t eventID)	void(s32 p0)	E2b,sig,size,pos=none	C	2.75	1.25	43:62	
800EDE78	GameModeDriverPGATour	fn_800EDE78	GameModeDriverPGATour_Reset	TW07 PS3	GameModeDriver_PGATour.cpp	162	void GameModeDriverPGATour::Reset(this)	void()	E2b,sig,size~,pos=one,dup	C	2.50	0.50	2:9	
800EE0A0	GameModeDriverPGATour	fn_800EE0A0	GameModeDriverPGATour_Locale_PgaTourMode_LoadPGn2FromStream	TW07 PS3	GameModeDriver_PGATour.cpp	409	void GameModeDriverPGATour::Locale_PgaTourMode_LoadPGn2FromStream(struct TStreamData* pStreamData)	void(s32 i)	E2b,sig~,size?,pos=both	C	1.00	0.00	17:9	
800EEA3C	GameModeDriverPGATour	fn_800EEA3C	GameModeDriverPGATour_Locale_PgaTourMode_LoadPGAsFromStream	TW07 PS3	GameModeDriver_PGATour.cpp	437	void GameModeDriverPGATour::Locale_PgaTourMode_LoadPGAsFromStream(struct TStreamData* pStreamData)	void(int nPlayer)	E2b,sig~,size~,pos=both	C	2.00	0.00	17:9	
800EEB94	GameModeDriverPGATour	fn_800EEB94	GameModeDriverPGATour_StartEvent	TW07 PS3	GameModeDriver_PGATour.cpp	457	void GameModeDriverPGATour::StartEvent(this)	void(int nPlayer)	E2b,sig~,size,pos=both	C	3.00	0.00	17:9	
800EED0C	GameModeDriverPGATour	fn_800EED0C	GameModeDriverPGATour_PrepareForTeeOff	TW07 PS3	GameModeDriver_PGATour.cpp	610	void GameModeDriverPGATour::PrepareForTeeOff(this)	void(s32 nPlayer)	E2b,sig~,size~,pos=both	C	2.00	0.00	17:9	
800EF294	GameModeDriverPGATour	fn_800EF294	GameModeDriverPGATour_PostHoleLoadInit	TW07 PS3	GameModeDriver_PGATour.cpp	759	void GameModeDriverPGATour::PostHoleLoadInit(this)	void()	E2b,sig,size?,pos=both	C	1.50	0.00	17:9	
800EFA70	GameModeDriverPGATour	fn_800EFA70	GameModeDriverPGATour_GetEventInfo	TW07 PS3	GameModeDriver_PGATour.cpp	1218	const struct GM_PgaTour_EventSlot_t* GameModeDriverPGATour::GetEventInfo(this, GM_PgaTourEventID_t eventID)	Tournament*(s32 i)	E2b,sig,size,pos=both	B	4.25	4.25	2:1	1
800EFC80	GameModeDriverPGATour	fn_800EFC80	GameModeDriverPGATour_GetEventInfoByDate	TW07 PS3	GameModeDriver_PGATour.cpp	1247	const struct GM_PgaTour_EventSlot_t* GameModeDriverPGATour::GetEventInfoByDate(this, CalendarDate date)	Tournament*(u16 nDate)	E2b,sig,size,pos=both	C	4.25	0.75	4:2	
800EFE3C	GameModeDriverPGATour	fn_800EFE3C	GameModeDriverPGATour_GetTextureID	TW07 PS3	GameModeDriver_PGATour.cpp	1303	int32 GameModeDriverPGATour::GetTextureID(this, GM_PgaTourEventID_t eventID)	s32(s32 i)	E2b,sig,size,pos=1:1,run4	A	4.25	4.25	1:1	1
800F009C	GameModeDriverPGATour	fn_800F009C	GameModeDriverPGATour_GetCurrentLeaderScore	TW07 PS3	GameModeDriver_PGATour.cpp	2646	int32 GameModeDriverPGATour::GetCurrentLeaderScore(this)	int()	E2b,sig,size~,pos=1:1,run8	A	2.50	2.50	1:1	1
800F018C	GameModeDriverPGATour	fn_800F018C	GameModeDriverPGATour_GetUserScore	TW07 PS3	GameModeDriver_PGATour.cpp	2677	int32 GameModeDriverPGATour::GetUserScore(this, GM_PgaTourEventID_t eventID)	int(s32 nEvent)	E2b,sig,size~,pos=1:1,run8	A	3.25	3.25	1:1	1
800F02A8	GameModeDriverPGATour	fn_800F02A8	GameModeDriverPGATour_GetCurrentTourNum	TW07 PS3	GameModeDriver_PGATour.cpp	2792	int32 GameModeDriverPGATour::GetCurrentTourNum(this)	s32()	E2b,sig,size~,pos=one,dup	C	2.50	1.50	6:54	
800F02D4	GameModeDriverPGATour	fn_800F02D4	GameModeDriverPGATour_GetGuestTimeStamp	TW07 PS3	GameModeDriver_PGATour.cpp	2813	uint64 GameModeDriverPGATour::GetGuestTimeStamp(this, int32 nIndex)	s32(s32 i)	E2b,sig,size?,pos=one,dup	C	2.25	0.00	6:54	
800F02EC	GameModeDriverPGATour	fn_800F02EC	GameModeDriverPGATour_GetCurrentBracket	TW07 PS3	GameModeDriver_PGATour.cpp	3441	uint16 GameModeDriverPGATour::GetCurrentBracket(this, enum PlayerNumber_t userID)	s32(s32 i)	E2b,sig,size?,pos=one,dup	C	2.25	0.00	6:54	
800F0304	GameModeDriverPGATour	fn_800F0304	GameModeDriverPGATour_GetSeasonFromMonth	TW07 PS3	GameModeDriver_PGATour.cpp	3731	enum SEASON_e GameModeDriverPGATour::GetSeasonFromMonth(this, uint32 month)	s32(s32 i)	E2b,sig,size?,pos=one	C	2.25	0.00	6:54	
800F031C	GameModeDriverPGATour	fn_800F031C	GameModeDriverPGATour_SetupGuestAndAIPlayers	TW07 PS3	GameModeDriver_PGATour.cpp	3867	void GameModeDriverPGATour::SetupGuestAndAIPlayers(this)	s32(char* pDst)	E2b,sig,size,pos=one	C	2.75	0.75	6:54	
800F0428	GameModeDriverPGATour	fn_800F0428	GM_PgaTourMode_GetRounds	TW07 PS3	GameModeDriver_PGATour.cpp	4070	int32 GM_PgaTourMode_GetRounds(GM_PgaTourEventID_t eventID)	s32(s32 nPlayer)	E2b,sig,size~,pos=one	C	3.25	0.75	6:54	
800F0448	GameModeDriverRTE	fn_800F0448	GameModeDriverRTE_UI_GetCalendarInitialDate	TW07 PS3	GameModeDriver_RealTimeEvents.cpp	75	CalendarDate GameModeDriverRTE::UI_GetCalendarInitialDate(this)	void()	E2b,sig,size~,pos=one,dup	C	2.00	2.00	1:2	
800F1008	GameModeDriverRTE	fn_800F1008	GameModeDriverRTE_GetHandicapEntryString	TW07 PS3	GameModeDriver_RealTimeEvents.cpp	343	const char* GameModeDriverRTE::GetHandicapEntryString(this, int32 eventID)	s32(s32 i)	E2b,sig,size~,pos=both	C	2.50	0.00	8:2	
800F120C	GameModeDriverRTE	fn_800F120C	GameModeDriverRTE_GetPurse	TW07 PS3	GameModeDriver_RealTimeEvents.cpp	348	int32 GameModeDriverRTE::GetPurse(this, int32 eventID)	s32(s32 i)	E2b,sig,size,pos=both	C	4.25	1.00	8:2	
800F1960	GameModeReplay	fn_800F1960	GameModeReplay_GetName	TW07 PS3	GameMode_Replay.cpp	237	const char* GameModeReplay::GetName(this)	int()	E2b,sig,size,pos=one	B	2.75	2.75	3:1	1
800F2BBC	GameMode14	fn_800F2BBC	GM_Earnings_IgnoreEarningsDueToMulligans	TW07 PS3	Earnings.c	139	bool GM_Earnings_IgnoreEarningsDueToMulligans()	void()	E2b,sig,size~,pos=none,dup	C	1.00	1.00	29:32	
800F2C34	GameMode14	fn_800F2C34	roundToNearest25Or5	TW07 PS3	Earnings.c	154	int32 roundToNearest25Or5(int num)	s32(int nPlayer)	E2b,sig,size,pos=none	C	4.25	1.50	29:32	
800F33D0	GameMode14	fn_800F33D0	GM_Earnings_AwardSpecialsWinnings	TW07 PS3	Earnings.c	203	void GM_Earnings_AwardSpecialsWinnings(enum PlayerNumber_t winner, int32 cashEarned)	void(int nPlayer)	E2b,sig!,size,pos=none,dup	C	0.50	0.50	29:32	
800F3438	GameMode14	fn_800F3438	GM_Earnings_AwardShotBonusToUser	TW07 PS3	Earnings.c	1197	bool GM_Earnings_AwardShotBonusToUser(enum PlayerNumber_t PlayerID, bool allowAI)	u8(int nPlayer, u8 bCheck)	E2b,sig,size,pos=none	C	5.00	1.00	29:32	
800F3490	GameMode14	fn_800F3490	GM_Earnings_GetUpTheAnteExperienceMultiplier	TW07 PS3	Earnings.c	1227	int32 GM_Earnings_GetUpTheAnteExperienceMultiplier(enum PlayerNumber_t playerId)	s32(int nPlayer)	E2b,sig,size?,pos=none,dup	C	2.25	1.00	29:32	
800F34F0	GameMode14	fn_800F34F0	Misc_GetCurrentRandomIndex	TW07 PS3	URandom.c	381	int32 Misc_GetCurrentRandomIndex(enum eRandomType type)	s32(int nPlayer)	E2b,sig,size~,pos=none	C	3.25	0.00	29:2	
800F354C	GameMode14	fn_800F354C	GM_ClearShotBonusStats	TW07 PS3	Earnings.c	1435	void GM_ClearShotBonusStats(enum PlayerNumber_t PlayerID)	int(int nPlayer)	E2b,sig,size,pos=none	C	2.75	2.00	29:32	
800F363C	GameMode14	fn_800F363C	GM_TestGameWinMessages	TW07 PS3	Earnings.c	2325	bool GM_TestGameWinMessages(int userID)	s32(int i)	E2b,sig,size!,pos=none,dup	C	0.75	0.00	29:32	
800F3654	GameMode14	fn_800F3654	GM_Earnings_GetTrophyBallMovieIndex	TW07 PS3	Earnings.c	2399	int GM_Earnings_GetTrophyBallMovieIndex(enum TrophyBall_t trophy)	s32(s32 p0)	E2b,sig,size,pos=none,dup	C	4.25	0.75	29:32	
800F3668	GameMode14	fn_800F3668	Misc_GetCurrentRandomTableEntry	TW07 PS3	URandom.c	392	uint32 Misc_GetCurrentRandomTableEntry(enum eRandomType type)	s32(int n)	E2b,sig,size,pos=none	C	4.25	0.00	29:2	
800F37F8	GameMode14	fn_800F37F8	GM_Earnings_GetNumberOfUnlockableCoursesForTP	TW07 PS3	Earnings.c	2404	int32 GM_Earnings_GetNumberOfUnlockableCoursesForTP(enum PlayerNumber_t userID)	s32(s32 a)	E2b,sig,size~,pos=none	C	3.25	1.50	29:32	
800F3860	GameMode14	fn_800F3860	GM_Earnings_ReturnWager	TW07 PS3	Earnings.c	2512	void GM_Earnings_ReturnWager()	void()	E2b,sig,size~,pos=none	C	2.50	1.50	29:32	
800F39CC	GameMode14	fn_800F39CC	GM_Earnings_CalcPlayerLevelExperienceMultiplier	TW07 PS3	Earnings.c	2701	int32 GM_Earnings_CalcPlayerLevelExperienceMultiplier(enum PlayerNumber_t plyrID)	void(s32 p0)	E2b,sig,size~,pos=none,dup	C	1.75	1.25	29:32	
800F3C48	GameMode15	fn_800F3C48	GM_Earnings_IgnoreEarningsDueToMulligans	TW07 PS3	Earnings.c	139	bool GM_Earnings_IgnoreEarningsDueToMulligans()	void()	E2b,sig,size,pos=none,dup	C	2.00	1.00	24:32	
800F3C7C	GameMode15	fn_800F3C7C	roundToNearest25Or5	TW07 PS3	Earnings.c	154	int32 roundToNearest25Or5(int num)	s32(int nPlayer)	E2b,sig,size~,pos=none,dup	C	3.25	0.50	24:32	
800F471C	GameMode15	fn_800F471C	GM_Earnings_AwardSpecialsWinnings	TW07 PS3	Earnings.c	203	void GM_Earnings_AwardSpecialsWinnings(enum PlayerNumber_t winner, int32 cashEarned)	void(int nPlayer)	E2b,sig!,size,pos=none,dup	C	0.50	0.50	24:32	
800F4764	GameMode15	fn_800F4764	GM_Earnings_GetUpTheAnteExperienceMultiplier	TW07 PS3	Earnings.c	1227	int32 GM_Earnings_GetUpTheAnteExperienceMultiplier(enum PlayerNumber_t playerId)	void(int nPlayer)	E2b,sig,size,pos=none,dup	C	2.75	0.25	24:32	
800F4784	GameMode15	fn_800F4784	GM_Earnings_GiveAwardToUser	TW07 PS3	Earnings.c	1383	bool GM_Earnings_GiveAwardToUser(enum PlayerNumber_t PlayerID, AwardInfoBase* pBaseInfo)	s32(int nPlayer, u8 bCheck)	E2b,sig~,size,pos=none,dup	C	3.00	0.00	24:32	
800F47D8	GameMode15	fn_800F47D8	IsBallStoppedOnFairway	TW07 PS3	Earnings.c	1422	bool IsBallStoppedOnFairway(struct PhysicsBall_t* ball)	u8(int nPlayer)	E2b,sig~,size~,pos=none,dup	C	2.00	0.25	24:32	
800F4828	GameMode15	fn_800F4828	GM_TestGameWinMessages	TW07 PS3	Earnings.c	2325	bool GM_TestGameWinMessages(int userID)	u8(int nPlayer)	E2b,sig,size!,pos=none,dup	C	0.75	0.00	24:32	
800F4878	GameMode15	fn_800F4878	GM_IsArcadeMode	TW07 PS3	Earnings.c	2383	bool GM_IsArcadeMode()	s8()	E2b,sig,size,pos=none	C	3.50	1.25	24:32	
800F4894	GameMode15	fn_800F4894	GM_Earnings_CalcPlayerLevelExperienceMultiplier	TW07 PS3	Earnings.c	2701	int32 GM_Earnings_CalcPlayerLevelExperienceMultiplier(enum PlayerNumber_t plyrID)	void(int nPlayer)	E2b,sig,size,pos=none	C	2.75	0.50	24:32	
800F4D88	GameMode16	fn_800F4D88	GM_Earnings_IgnoreEarningsDueToMulligans	TW07 PS3	Earnings.c	139	bool GM_Earnings_IgnoreEarningsDueToMulligans()	void()	E2b,sig,size,pos=none,dup	C	2.00	1.00	21:32	
800F4DBC	GameMode16	fn_800F4DBC	roundToNearest25Or5	TW07 PS3	Earnings.c	154	int32 roundToNearest25Or5(int num)	s32(int nPlayer)	E2b,sig,size~,pos=none,dup	C	3.25	0.50	21:32	
800F5808	GameMode16	fn_800F5808	GM_Earnings_AwardSpecialsWinnings	TW07 PS3	Earnings.c	203	void GM_Earnings_AwardSpecialsWinnings(enum PlayerNumber_t winner, int32 cashEarned)	void(int nPlayer)	E2b,sig!,size,pos=none,dup	C	0.50	0.50	21:32	
800F5850	GameMode16	fn_800F5850	GM_Earnings_GetUpTheAnteExperienceMultiplier	TW07 PS3	Earnings.c	1227	int32 GM_Earnings_GetUpTheAnteExperienceMultiplier(enum PlayerNumber_t playerId)	void(int nPlayer)	E2b,sig,size,pos=none,dup	C	2.75	0.75	21:32	
800F5870	GameMode16	fn_800F5870	GM_Earnings_AddEndGameAward_TrophyBall	TW07 PS3	Earnings.c	1280	void GM_Earnings_AddEndGameAward_TrophyBall(enum PlayerNumber_t winner, int8 ball)	u8(int nPlayer, u8 bCheck)	E2b,sig,size~,pos=none,dup	C	3.00	0.00	21:32	
800F58B4	GameMode16	fn_800F58B4	GM_Earnings_GiveAwardToUser	TW07 PS3	Earnings.c	1383	bool GM_Earnings_GiveAwardToUser(enum PlayerNumber_t PlayerID, AwardInfoBase* pBaseInfo)	void(s32 nSurface, s32* pPoints)	E2b,sig,size?,pos=none,dup	C	1.50	0.75	21:32	
800F59CC	GameMode16	fn_800F59CC	GM_TestHoleWinMessages	TW07 PS3	Earnings.c	2000	bool GM_TestHoleWinMessages(int userID)	s32(s32 a)	E2b,sig,size~,pos=none	C	3.25	0.00	21:32	
800F59D4	GameMode16	fn_800F59D4	GM_TestGameWinMessages	TW07 PS3	Earnings.c	2325	bool GM_TestGameWinMessages(int userID)	s32(s32 a)	E2b,sig,size~,pos=none	C	3.25	0.00	21:32	
800F5A88	GameMode16	fn_800F5A88	GM_IsArcadeMode	TW07 PS3	Earnings.c	2383	bool GM_IsArcadeMode()	void()	E2b,sig,size,pos=none,dup	C	2.00	1.50	21:32	
800F5CE4	GameMode17	fn_800F5CE4	GM_Earnings_IgnoreEarningsDueToMulligans	TW07 PS3	Earnings.c	139	bool GM_Earnings_IgnoreEarningsDueToMulligans()	void()	E2b,sig,size,pos=none,dup	C	2.00	1.00	22:32	
800F5D18	GameMode17	fn_800F5D18	roundToNearest25Or5	TW07 PS3	Earnings.c	154	int32 roundToNearest25Or5(int num)	s32(int nPlayer)	E2b,sig,size~,pos=none,dup	C	3.25	0.50	22:32	
800F67E0	GameMode17	fn_800F67E0	GM_Earnings_AwardSpecialsWinnings	TW07 PS3	Earnings.c	203	void GM_Earnings_AwardSpecialsWinnings(enum PlayerNumber_t winner, int32 cashEarned)	void(int nPlayer)	E2b,sig!,size,pos=none,dup	C	0.50	0.50	22:32	
800F6848	GameMode17	fn_800F6848	GM_Earnings_CheckFirstTournamentWin	TW07 PS3	Earnings.c	840	bool GM_Earnings_CheckFirstTournamentWin(enum PlayerNumber_t PlayerID, bool predicted)	u8(int nPlayer, u8 bCheck)	E2b,sig,size,pos=none,dup	C	5.00	1.00	22:32	
800F68C4	GameMode17	fn_800F68C4	GM_Earnings_ComputeExpertModeModifiers	TW07 PS3	Earnings.c	1141	int32 GM_Earnings_ComputeExpertModeModifiers(int32 bonus, enum PlayerNumber_t PlayerID, struct CourseMoneyTracking_t* tracking)	void(s32 nSurface, s32* pPoints, s32* pBalls)	E2b,sig~,size,pos=none	C	1.50	1.50	22:32	
800F6990	GameMode17	fn_800F6990	GM_Earnings_GetUpTheAnteExperienceMultiplier	TW07 PS3	Earnings.c	1227	int32 GM_Earnings_GetUpTheAnteExperienceMultiplier(enum PlayerNumber_t playerId)	u8(int nPlayer)	E2b,sig,size~,pos=none	C	3.25	1.75	22:32	
800F69C8	GameMode17	fn_800F69C8	IsBallStoppedOnFairway	TW07 PS3	Earnings.c	1422	bool IsBallStoppedOnFairway(struct PhysicsBall_t* ball)	u8(int nPlayer)	E2b,sig~,size,pos=none,dup	C	3.00	1.75	22:32	
800F6A00	GameMode17	fn_800F6A00	GM_TestHoleWinMessages	TW07 PS3	Earnings.c	2000	bool GM_TestHoleWinMessages(int userID)	s32(s32 a)	E2b,sig,size~,pos=none,dup	C	3.25	0.00	22:32	
800F6A34	GameMode17	fn_800F6A34	GM_TestGameWinMessages	TW07 PS3	Earnings.c	2325	bool GM_TestGameWinMessages(int userID)	s32(s32 a)	E2b,sig,size~,pos=none,dup	C	3.25	0.00	22:32	
800F6A3C	GameMode17	fn_800F6A3C	GM_IsArcadeMode	TW07 PS3	Earnings.c	2383	bool GM_IsArcadeMode()	void()	E2b,sig,size,pos=none,dup	C	2.00	2.00	22:32	
800F6CE0	GameMode13	fn_800F6CE0	GM_Earnings_IgnoreEarningsDueToMulligans	TW07 PS3	Earnings.c	139	bool GM_Earnings_IgnoreEarningsDueToMulligans()	void()	E2b,sig,size,pos=none,dup	C	2.00	1.00	28:32	
800F6D14	GameMode13	fn_800F6D14	roundToNearest25Or5	TW07 PS3	Earnings.c	154	int32 roundToNearest25Or5(int num)	s32(int nPlayer)	E2b,sig,size,pos=none,dup	C	4.25	1.50	28:32	
800F7D4C	GameMode13	fn_800F7D4C	GOLFERSTATE_GetCurrentStateString	TW07 PS3	StateGolfer.c	134	char* GOLFERSTATE_GetCurrentStateString(enum PlayerNumber_t PlayerID)	void(int nPlayer)	E2b,sig,size,pos=none,dup	C	2.75	1.00	28:1	
800F7F1C	GameMode13	fn_800F7F1C	GM_Earnings_AwardSpecialsWinnings	TW07 PS3	Earnings.c	203	void GM_Earnings_AwardSpecialsWinnings(enum PlayerNumber_t winner, int32 cashEarned)	void(int nPlayer, int nTime)	E2b,sig,size,pos=none	C	5.00	2.25	28:32	
800F7F70	GameMode13	fn_800F7F70	GM_Earnings_CheckFirstTournamentWin	TW07 PS3	Earnings.c	840	bool GM_Earnings_CheckFirstTournamentWin(enum PlayerNumber_t PlayerID, bool predicted)	u8(int nPlayer, u8 bCheck)	E2b,sig,size,pos=none,dup	C	5.00	0.50	28:32	
800F7FF4	GameMode13	fn_800F7FF4	GM_Earnings_AwardShotBonusToUser	TW07 PS3	Earnings.c	1197	bool GM_Earnings_AwardShotBonusToUser(enum PlayerNumber_t PlayerID, bool allowAI)	void(int nPlayer, int nId)	E2b,sig,size,pos=none,dup	C	3.50	0.50	28:32	
800F8068	GameMode13	fn_800F8068	GM_Earnings_AddEndGameAward_CourseUnlock	TW07 PS3	Earnings.c	1270	void GM_Earnings_AddEndGameAward_CourseUnlock(enum PlayerNumber_t winner, enum GM_CourseType_t course)	s32(int nPlayer, int i)	E2b,sig,size,pos=none	C	3.50	0.00	28:32	
800F80A0	GameMode13	fn_800F80A0	GM_TestGameWinMessages	TW07 PS3	Earnings.c	2325	bool GM_TestGameWinMessages(int userID)	s32(s32 a)	E2b,sig,size~,pos=none,dup	C	3.25	0.00	28:32	
800F80A8	GameMode13	fn_800F80A8	GM_IsArcadeMode	TW07 PS3	Earnings.c	2383	bool GM_IsArcadeMode()	void()	E2b,sig,size,pos=none,dup	C	2.00	2.00	28:32	
800F80D4	GameMode13	fn_800F80D4	GM_Earnings_CalcPlayerLevelExperienceMultiplier	TW07 PS3	Earnings.c	2701	int32 GM_Earnings_CalcPlayerLevelExperienceMultiplier(enum PlayerNumber_t plyrID)	void(s32 p0)	E2b,sig,size~,pos=none,dup	C	1.75	0.00	28:32	
800F9A58	GameMode8	fn_800F9A58	GM_vInitModuleONCE	TW07 PS3	GameMode.c	215	void GM_vInitModuleONCE()	void()	E2b,sig,size?,pos=none,dup	C	1.50	0.00	66:38	
800F9AB0	GameMode8	fn_800F9AB0	GM_InitModule_PreDataStream	TW07 PS3	GameMode.c	302	void GM_InitModule_PreDataStream()	void()	E2b,sig,size,pos=none	C	3.50	0.00	66:38	
800F9B34	GameMode8	fn_800F9B34	GM_CheckForAndReturnWager	TW07 PS3	GameMode.c	336	void GM_CheckForAndReturnWager()	void()	E2b,sig,size?,pos=none,dup	C	1.50	0.00	66:38	
800F9C48	GameMode8	fn_800F9C48	GM_DeInitModule	TW07 PS3	GameMode.c	347	void GM_DeInitModule()	void()	E2b,sig,size?,pos=none,dup	C	1.50	0.50	66:38	
800F9E00	GameMode8	fn_800F9E00	GM_InitForHole_SitDev	TW07 PS3	GameMode.c	458	void GM_InitForHole_SitDev()	void()	E2b,sig,size,pos=none,dup	C	3.50	0.50	66:38	
800FA148	GameMode8	fn_800FA148	GM_CanStartReplay	TW07 PS3	GameMode.c	1363	bool GM_CanStartReplay(enum PlayerNumber_t PlayerID)	u8(u8 bCheck)	E2b,sigw,size,pos=none	C	3.75	0.50	66:38	
800FA26C	GameMode8	fn_800FA26C	GameMode_IsExcludedAnimationTeeBox	TW07 PS3	GameMode.c	1811	bool GameMode_IsExcludedAnimationTeeBox(enum PlayerNumber_t iPlayer)	u8(u8 bCheck)	E2b,sigw,size~,pos=none,dup	C	2.75	0.50	66:38	
800FA3AC	GameMode8	fn_800FA3AC	GM_AllowNextGolfer	TW07 PS3	GameMode.c	2164	bool GM_AllowNextGolfer()	void()	E2b,sig,size,pos=none,dup	C	2.00	0.50	66:38	
800FA410	GameMode8	fn_800FA410	GM_DisplayGameModeInfo	TW07 PS3	GameMode.c	2239	void GM_DisplayGameModeInfo()	void()	E2b,sig,size~,pos=none	C	2.50	0.50	66:38	
800FA518	GameMode8	fn_800FA518	GOLFERSTATE_GetCurrentStateString	TW07 PS3	StateGolfer.c	134	char* GOLFERSTATE_GetCurrentStateString(enum PlayerNumber_t PlayerID)	s32(int nPlayer)	E2b,sig,size,pos=none	C	3.50	0.75	66:1	
800FA554	GameMode8	fn_800FA554	GM_SetGolferConceding	TW07 PS3	GameMode.c	2380	void GM_SetGolferConceding(bool val)	void(int nPlayer)	E2b,sig,size,pos=none,dup	C	4.25	0.50	66:38	
800FA570	GameMode8	fn_800FA570	GM_ForceHoleoutAll	TW07 PS3	GameMode.c	2796	void GM_ForceHoleoutAll()	void()	E2b,sig,size,pos=none	C	3.50	0.50	66:38	
800FA608	GameMode8	fn_800FA608	GM_Signal_AllowTargetingMarkerMovement	TW07 PS3	GameMode.c	2824	void GM_Signal_AllowTargetingMarkerMovement(bool allowMovement)	void(int nPlayer)	E2b,sig,size!,pos=none,dup	C	0.75	0.00	66:38	
800FA994	GameMode8	fn_800FA994	GM_bIsAltSwingButtonPressed	TW07 PS3	GameMode.c	3605	bool GM_bIsAltSwingButtonPressed(enum PlayerNumber_t PlayerID)	void(int nPlayer)	E2b,sig,size,pos=none	C	2.75	0.75	66:38	
800FA9E0	GameMode8	fn_800FA9E0	GM_Golfer_LostBoast	TW07 PS3	GameMode.c	3804	void GM_Golfer_LostBoast(enum PlayerNumber_t PlayerID)	void(int nPlayer)	E2b,sig,size?,pos=none	C	2.25	0.00	66:38	
800FAAB8	GameMode8	fn_800FAAB8	CameraController_ProcessCameraShake	TW07 PS3	GoCamCont.c	104	void CameraController_ProcessCameraShake(enum PlayerNumber_t ePlayerID, CameraController_t* pCameraController)	void(int nPlayer, int nEvent)	E2b,sig~,inl-only,pos=none	C	1.00	0.50	66:11	
800FB204	GameMode8	fn_800FB204	CameraController_CopyCameraController	TW07 PS3	GoCamCont.c	605	void CameraController_CopyCameraController(CameraController_t* pNewController, CameraController_t* pOldController, int32 viewControllerID)	void(int nPlayer, int nStrokes)	E2b,sig!,size,pos=none	C	0.50	0.50	66:11	
800FB460	GameMode8	fn_800FB460	GM_Attributes_AutoLevel	TW07 PS3	GameMode.c	3874	void GM_Attributes_AutoLevel(enum PlayerNumber_t PlayerID)	void(int nPlayer)	E2b,sig,size,pos=none,dup	C	4.25	0.00	66:38	
800FBB30	GameMode8	fn_800FBB30	GM_GetTrophyBallCompletionPercentage	TW07 PS3	GameMode.c	3963	float GM_GetTrophyBallCompletionPercentage(const struct UserInfo& userInfo)	void(Player* p)	E2b,sig,size?,pos=none	C	0.75	0.25	66:38	
800FCC38	GameMode8	fn_800FCC38	GM_IsSpecialMoment	TW07 PS3	GameMode.c	3996	bool GM_IsSpecialMoment(enum PlayerNumber_t PlayerID)	u8(int nPlayer)	E2b,sig,size,pos=none	C	4.25	0.25	66:38	
800FD534	GameMode8	fn_800FD534	CameraController_BallIsOnScreen	TW07 PS3	GoCamCont.c	1021	bool CameraController_BallIsOnScreen(enum PlayerNumber_t ePlayerID)	void(int nPlayer)	E2b,sig,size,pos=none	C	2.75	0.50	66:11	
800FDA30	GameMode8	fn_800FDA30	CameraController_ResetSwingCamera	TW07 PS3	GoCamCont.c	1137	void CameraController_ResetSwingCamera(CameraController_t* pCameraController, enum PlayerNumber_t ePlayerID)	void(int nPlayer, int nFrames)	E2b,sig~,size,pos=none	C	3.00	0.50	66:11	
800FDF58	GameMode8	fn_800FDF58	GM_SpecialMoment_SetSkipReaction	TW07 PS3	GameMode.c	4040	void GM_SpecialMoment_SetSkipReaction(bool val)	u8(int nPlayer)	E2b,sig,size~,pos=none,dup	C	1.75	0.50	66:38	
800FDF60	GameMode8	fn_800FDF60	GM_IsPGATourDriver	TW07 PS3	GameMode.c	4085	bool GM_IsPGATourDriver()	u8()	E2b,sig,size,pos=none,dup	C	3.50	0.00	66:38	
800FE138	GameMode8	fn_800FE138	CameraController_ResetAimMarkerInSwingCamera	TW07 PS3	GoCamCont.c	1674	void CameraController_ResetAimMarkerInSwingCamera(CameraController_t* pCameraController, enum PlayerNumber_t ePlayerID)	void(s32 p0, s32 p1)	E2b,sig~,size,pos=none,dup	C	3.00	0.00	66:11	
800FE164	GameMode8	fn_800FE164	CameraController_FreezeCurrentCamera	TW07 PS3	GoCamCont.c	1689	void CameraController_FreezeCurrentCamera(CameraController_t* pCameraController, enum PlayerNumber_t ePlayerID)	void(s32 p0, s32 p1)	E2b,sig~,size?,pos=none,dup	C	1.00	0.00	66:11	
800FE8A0	GameModeStableford	fn_800FE8A0	GameModeStableford_GetName	TW07 PS3	GameMode_Stableford.cpp	394	const char* GameModeStableford::GetName(this)	u8(u8 bCheck)	E2b,sig~,size~,pos=one	C	1.25	1.25	1:2	
801000E8	GameMode11	fn_801000E8	GM_vInitModuleONCE	TW07 PS3	GameMode.c	215	void GM_vInitModuleONCE()	void()	E2b,sig,size,pos=none,dup	C	3.50	0.50	40:38	
80100108	GameMode11	fn_80100108	EVENT_ResetIdleSeconds	TW07 PS3	event.c	90	void EVENT_ResetIdleSeconds()	void()	E2b,sig,size~,pos=none,dup	C	2.50	1.00	40:27	
80100128	GameMode11	fn_80100128	GM_DeInitModule	TW07 PS3	GameMode.c	347	void GM_DeInitModule()	void()	E2b,sig,size,pos=none,dup	C	3.50	0.00	40:38	
80100160	GameMode11	fn_80100160	GM_InitForHole_SitDev	TW07 PS3	GameMode.c	458	void GM_InitForHole_SitDev()	void()	E2b,sig,size,pos=none,dup	C	3.50	0.50	40:38	
80100230	GameMode11	fn_80100230	STATEFUNC_WaitForEpicTextUpdate	TW07 PS3	stateFunc.c	3969	void STATEFUNC_WaitForEpicTextUpdate(enum PlayerNumber_t PlayerID)	void()	E2b,sig!,size,pos=none,dup	C	0.50	0.00	40:46	
80100294	GameMode11	fn_80100294	GM_IsShotClockPermanent	TW07 PS3	GameMode.c	1272	bool GM_IsShotClockPermanent()	u8()	E2b,sig,size,pos=none	C	3.50	0.50	40:38	
801002C0	GameMode11	fn_801002C0	GM_UseShotClock	TW07 PS3	GameMode.c	1279	bool GM_UseShotClock()	void()	E2b,sig,size~,pos=none,dup	C	1.00	0.50	40:38	
80100508	GameMode11	fn_80100508	STATEFUNC_FadeToInTheHoleUpdate	TW07 PS3	stateFunc.c	4083	void STATEFUNC_FadeToInTheHoleUpdate(enum PlayerNumber_t PlayerID)	void()	E2b,sig!,size,pos=none,dup	C	0.50	0.00	40:46	
8010069C	GameMode11	fn_8010069C	GM_CanStartReplay	TW07 PS3	GameMode.c	1363	bool GM_CanStartReplay(enum PlayerNumber_t PlayerID)	int(int nPlayer)	E2b,sig,size~,pos=none,dup	C	3.25	3.25	40:38	
801006F0	GameMode11	fn_801006F0	GameMode_IsExcludedAnimationTeeBox	TW07 PS3	GameMode.c	1811	bool GameMode_IsExcludedAnimationTeeBox(enum PlayerNumber_t iPlayer)	int(int nPlayer)	E2b,sig,size~,pos=none	C	3.25	3.25	40:38	
80100744	GameMode11	fn_80100744	GM_AllowNextGolfer	TW07 PS3	GameMode.c	2164	bool GM_AllowNextGolfer()	int()	E2b,sig,size,pos=none,dup	C	3.50	2.50	40:38	
80100798	GameMode11	fn_80100798	NextDefaultShotType	TW07 PS3	event.c	1339	enum ShotType_t NextDefaultShotType(enum ShotType_t type, enum PlayerNumber_t PlayerID)	int(int nList, int nCount)	E2b,sig,size,pos=none,dup	C	5.00	1.00	40:27	
801008A8	GameMode11	fn_801008A8	GM_DisplayGameModeInfo	TW07 PS3	GameMode.c	2239	void GM_DisplayGameModeInfo()	char*()	E2b,sig,size,pos=none,dup	C	2.00	1.00	40:38	
801008F8	GameMode11	fn_801008F8	STATEFUNC_CameraDebugUpdate	TW07 PS3	stateFunc.c	5801	void STATEFUNC_CameraDebugUpdate(enum PlayerNumber_t PlayerID)	void()	E2b,sig!,size,pos=none,dup	C	0.50	0.00	40:46	
80100A3C	GameMode11	fn_80100A3C	STATEFUNC_GreenSelectInit	TW07 PS3	stateFunc.c	6178	void STATEFUNC_GreenSelectInit(enum PlayerNumber_t PlayerID)	void(int nPlayer)	E2b,sig,size,pos=none	C	4.25	0.50	40:46	
80100AF8	GameMode11	fn_80100AF8	GM_NumLocalHumanGolfers	TW07 PS3	GameMode.c	2493	int GM_NumLocalHumanGolfers()	u8()	E2b,sig,size~,pos=none,dup	C	2.50	1.00	40:38	
80100B38	GameMode11	fn_80100B38	GM_ForceHoleoutAll	TW07 PS3	GameMode.c	2796	void GM_ForceHoleoutAll()	void()	E2b,sig,size,pos=none,dup	C	3.50	2.50	40:38	
80101738	GameMode11	fn_80101738	GM_AllowTargetingMarkerMovement	TW07 PS3	GameMode.c	2829	bool GM_AllowTargetingMarkerMovement()	u8()	E2b,sig,size,pos=none	C	3.50	3.00	40:38	
8010179C	GameMode11	fn_8010179C	STATEFUNC_EllipseOrbitUpdate	TW07 PS3	stateFunc.c	6504	void STATEFUNC_EllipseOrbitUpdate(enum PlayerNumber_t PlayerID)	void()	E2b,sig!,size,pos=none,dup	C	0.50	0.00	40:46	
80101C9C	GameMode11	fn_80101C9C	GM_IsValidDropSurface	TW07 PS3	GameMode.c	3948	bool GM_IsValidDropSurface(enum PlayerNumber_t PlayerID, uint32 lieID)	u8(int nPlayer, u8 bCheck)	E2b,sigw,size?,pos=none,dup	C	2.50	1.00	40:38	
80101CC4	GameMode11	fn_80101CC4	_stickMoved	TW07 PS3	stateFunc.c	7008	bool _stickMoved(uint8 stickval)	u8(u8 bCheck)	E2b,sig,size,pos=none	C	4.75	4.00	40:46	
80101D4C	GameMode11	fn_80101D4C	GM_IsSpecialMoment	TW07 PS3	GameMode.c	3996	bool GM_IsSpecialMoment(enum PlayerNumber_t PlayerID)	u8(int nPlayer)	E2b,sig,size,pos=none,dup	C	4.25	0.25	40:38	
80101DF4	GameMode11	fn_80101DF4	GM_IsPGATourDriver	TW07 PS3	GameMode.c	4085	bool GM_IsPGATourDriver()	u8()	E2b,sig,size~,pos=none,dup	C	2.50	0.00	40:38	
80101E34	GameMode11	fn_80101E34	STATEFUNC_EndBoastChallengeInit	TW07 PS3	stateFunc.c	7070	void STATEFUNC_EndBoastChallengeInit(enum PlayerNumber_t PlayerID)	u8(char* szName)	E2b,sig~,size,pos=none	C	1.50	1.00	40:46	
80101EDC	GameMode11	fn_80101EDC	STATEFUNC_InFlyBy	TW07 PS3	stateFunc.c	7203	bool STATEFUNC_InFlyBy()	void()	E2b,sig,size,pos=none,dup	C	2.00	1.00	40:46	
80101F18	GameMode11	fn_80101F18	STATEFUNC_HaltUpdate	TW07 PS3	stateFunc.c	7468	void STATEFUNC_HaltUpdate(enum PlayerNumber_t PlayerID)	void(int nPlayer)	E2b,sig,size~,pos=none,dup	C	3.25	0.00	40:46	
80101F70	GameMode11	fn_80101F70	STATEFUNC_PositionPlayerAtLastManuallyPickedPos	TW07 PS3	stateFunc.c	7478	void STATEFUNC_PositionPlayerAtLastManuallyPickedPos()	void()	E2b,sig,size~,pos=none,dup	C	2.50	2.25	40:46	
801020BC	GameMode4	fn_801020BC	GameModeSkins_Shutdown	TW07 PS3	GameMode_Skins.cpp	56	void GameModeSkins::Shutdown(this)	void()	E2b,sig,size~,pos=none	C	2.50	0.00	29:11	
80102158	GameMode4	fn_80102158	GM_Earnings_IgnoreEarningsDueToMulligans	TW07 PS3	Earnings.c	139	bool GM_Earnings_IgnoreEarningsDueToMulligans()	int()	E2b,sig,size,pos=none,dup	C	3.50	0.00	29:32	
8010217C	GameMode4	fn_8010217C_GetEventKind	GameModeSkins_GetSpecificHoleWinner	TW07 PS3	GameMode_Skins.cpp	313	enum PlayerNumber_t GameModeSkins::GetSpecificHoleWinner(this, int32 hole)	int(int nEvent)	E2b,sig,size,pos=none,dup	C	4.25	2.25	29:11	
801021FC	GameMode4	fn_801021FC	GameModeSkins_StartGamePreData	TW07 PS3	GameMode_Skins.cpp	577	void GameModeSkins::StartGamePreData(this)	int()	E2b,sig,size,pos=none	C	2.00	2.00	29:11	
80102308	GameMode4	fn_80102308	GameModeSkins_SetNumSkinsCarryOver	TW07 PS3	GameMode_Skins.cpp	697	void GameModeSkins::SetNumSkinsCarryOver(this, int32 numcarryover)	void(s32 n)	E2b,sig,size~,pos=none	C	3.25	0.00	29:11	
80102704	GameMode4	fn_80102704_WinSkinsEvent	Stream_CompressionRestart	TW07 PS3	UStream.c	365	void Stream_CompressionRestart()	void()	E2b,sig,inl-only,pos=none,dup	C	1.50	1.00	29:36	
801027A4	GameMode4	fn_801027A4	Stream_CompressionClose	TW07 PS3	UStream.c	375	void Stream_CompressionClose()	void()	E2b,sig,inl-only,pos=none	C	1.50	1.00	29:36	
80102A44	GameMode4	fn_80102A44	GM_Earnings_GetUpTheAnteExperienceMultiplier	TW07 PS3	Earnings.c	1227	int32 GM_Earnings_GetUpTheAnteExperienceMultiplier(enum PlayerNumber_t playerId)	int(int nEvent)	E2b,sig,size~,pos=none,dup	C	3.25	0.75	29:32	
80102AAC	GameMode4	fn_80102AAC	GM_Earnings_GetTrophyBallMovieIndex	TW07 PS3	Earnings.c	2399	int GM_Earnings_GetTrophyBallMovieIndex(enum TrophyBall_t trophy)	int(int nEvent)	E2b,sig,size,pos=none,dup	C	4.25	0.75	29:32	
80103920	FE_CrAPDB	fn_80103920	FE_CrAP_CloseModule	TW07 PS3	FE_CrAPDB.c	709	void FE_CrAP_CloseModule()	void()	E2b,sig,size,pos=both,weak	C	3.50	2.00	4:7	
80103A64	FE_CrAPDB	fn_80103A64	FE_CrAP_InitSpecialAllCategories	TW07 PS3	FE_CrAPDB.c	826	void FE_CrAP_InitSpecialAllCategories()	void()	E2b,sig,size~,pos=both	C	2.50	0.00	4:7	
80103B28	FE_CrAPDB	fn_80103B28	sGetLinkedAssetID	TW07 PS3	FE_CrAPDB.c	852	int32 sGetLinkedAssetID(int32 assetID)	int(int nAsset)	E2b,sig,size!,pos=both	C	0.75	0.75	4:7	
80103B4C	FE_CrAPDB	fn_80103B4C	sGetLinkedAsset	TW07 PS3	FE_CrAPDB.c	880	struct FE_CrAP_Asset_t* sGetLinkedAsset(struct FE_CrAP_Asset_t* asset)	CrAPAsset*(CrAPAsset* pAsset)	E2b,sig,size~,pos=both,weak	C	3.25	1.75	4:7	
80103B74	FE_CrAPDB	fn_80103B74	FE_CrAP_SetTriggerAnims	TW07 PS3	FE_CrAPDB.c	901	void FE_CrAP_SetTriggerAnims(bool val)	void(u8 b)	E2b,sig,size~,pos=both,run4	B	3.25	3.25	22:25	1
80103B80	FE_CrAPDB	fn_80103B80	FE_CrAP_GetTriggerAnims	TW07 PS3	FE_CrAPDB.c	909	bool FE_CrAP_GetTriggerAnims()	u8()	E2b,sig,size~,pos=both,run4	B	2.50	2.50	22:25	1
80103B8C	FE_CrAPDB	fn_80103B8C	FE_CrAP_SetCurrentGender	TW07 PS3	FE_CrAPDB.c	917	void FE_CrAP_SetCurrentGender(FE_CrAP_Asset_Gender_e gender)	void(s8 n)	E2b,sigw,size?,pos=both,run4	B	1.75	1.75	22:25	1
80103BB4	FE_CrAPDB	fn_80103BB4	FE_CrAP_GetCurrentGender	TW07 PS3	FE_CrAPDB.c	938	FE_CrAP_Asset_Gender_e FE_CrAP_GetCurrentGender()	s8()	E2b,sig,size~,pos=both,run4	B	2.50	2.50	22:25	1
80103BC0	FE_CrAPDB	fn_80103BC0	FE_CrAP_GetAssetGender	TW07 PS3	FE_CrAPDB.c	946	FE_CrAP_Asset_Gender_e FE_CrAP_GetAssetGender(int32 assetID)	s8(int nAsset)	E2b,sig,size!,pos=1:1	C	0.75	0.75	1:1	
80103BD8	FE_CrAPDB	fn_80103BD8	FE_CrAP_ClearEquippedAsset	TW07 PS3	FE_CrAPDB.c	954	void FE_CrAP_ClearEquippedAsset(struct FE_CrAP_Asset_t* asset)	void(CrAPAsset* pAsset)	E2b,sig,size,pos=both	B	4.25	3.50	22:25	1
80103C2C	FE_CrAPDB	fn_80103C2C	FE_CrAP_EquipAsset	TW07 PS3	FE_CrAPDB.c	966	void FE_CrAP_EquipAsset(struct FE_CrAP_Asset_t* asset)	void(CrAPAsset* pAsset)	E2b,sig,size~,pos=both,weak	C	3.25	2.25	5:6	
80103C98	FE_CrAPDB	fn_80103C98	FE_CrAP_IsAssetEquipped	TW07 PS3	FE_CrAPDB.c	998	bool FE_CrAP_IsAssetEquipped(struct FE_CrAP_Asset_t* asset)	u8(CrAPAsset* pAsset)	E2b,sig,size,pos=both,weak	C	4.25	1.75	5:6	
80103D14	FE_CrAPDB	fn_80103D14	FE_CrAP_GetEquippedAsset	TW07 PS3	FE_CrAPDB.c	1034	int32 FE_CrAP_GetEquippedAsset(FE_CrAP_Asset_Slot_e itemSlot)	int(s16 nSlot)	E2b,sigw,size,pos=both	C	3.75	0.75	5:6	
80103E88	FE_CrAPDB	fn_80103E88	sTurnOffAnimation	TW07 PS3	FE_CrAPDB.c	1076	void sTurnOffAnimation(struct FE_CrAP_Asset_t* asset, int subCategoryIndex)	void(CrAPAsset* pAsset, int b)	E2b,sig,size,pos=both,run4	A	5.00	5.00	22:25	1
80103EFC	FE_CrAPDB	fn_80103EFC	FE_CrAP_TurnOffAsset	TW07 PS3	FE_CrAPDB.c	1098	void FE_CrAP_TurnOffAsset(struct FE_CrAP_Asset_t* asset)	void(CrAPAsset* pAsset)	E2b,sig,size~,pos=both,run4	B	3.25	3.25	22:25	1
80103F94	FE_CrAPDB	fn_80103F94	FE_CrAP_TurnOffPart	TW07 PS3	FE_CrAPDB.c	1203	void FE_CrAP_TurnOffPart(FE_CrAP_Asset_Category_e category, int32 subCategoryIndex, int32 entryNum)	void(s16 nPart, int b, int i)	E2b,sigw,size,pos=both,run4	B	5.25	5.25	22:25	1
80104020	FE_CrAPDB	fn_80104020	FE_CrAP_IsAssetAvailableForUser	TW07 PS3	FE_CrAPDB.c	1240	bool FE_CrAP_IsAssetAvailableForUser(int assetID)	u8(int nAsset)	E2b,sig,size,pos=both,run4	B	4.25	4.25	22:25	1
80104094	FE_CrAPDB	fn_80104094	sTurnOnAnimation	TW07 PS3	FE_CrAPDB.c	1253	void sTurnOnAnimation(struct FE_CrAP_Asset_t* asset)	void(CrAPAsset* pAsset, int b)	E2b,sig!,size,pos=both	C	0.50	0.50	3:2	
801042D0	FE_CrAPDB	fn_801042D0	sApplySlider	TW07 PS3	FE_CrAPDB.c	1287	void sApplySlider(struct FE_CrAP_Asset_t* asset)	void(CrAPAsset* pAsset)	E2b,sig,size,pos=both	C	4.25	0.50	3:2	
80104804	FE_CrAPDB	fn_80104804	FE_CrAP_RestoreLastRemovedAsset	TW07 PS3	FE_CrAPDB.c	1693	void FE_CrAP_RestoreLastRemovedAsset()	void()	E2b,sig,size~,pos=both	C	2.50	1.00	2:7	
801048EC	FE_CrAPDB	fn_801048EC	FE_CrAP_GetNumFreeItemsInCategoryAndSubcategory	TW07 PS3	FE_CrAPDB.c	1912	int32 FE_CrAP_GetNumFreeItemsInCategoryAndSubcategory(FE_CrAP_Asset_Category_e category, int32 subCategoryIndex)	int(s16 nPart, int b)	E2b,sigw,size,pos=both,run5	B	4.50	0.00	3:8	1
80104E84	FE_CrAPDB	fn_80104E84	FE_CrAP_GetAssetFromCategoryAndSubCategoryIndexAndEntryNum	TW07 PS3	FE_CrAPDB.c	2275	struct FE_CrAP_Asset_t* FE_CrAP_GetAssetFromCategoryAndSubCategoryIndexAndEntryNum(FE_CrAP_Asset_Category_e category, int32 subCategoryIndex, int32 entryNum)	CrAPAsset*(s16 nPart, int b, int i)	E2b,sigw,size?,pos=both	C	3.25	1.00	1:4	
80104F68	FE_CrAPDB	fn_80104F68	FE_CrAP_GetAssetFromAssetIndex	TW07 PS3	FE_CrAPDB.c	2285	struct FE_CrAP_Asset_t* FE_CrAP_GetAssetFromAssetIndex(int32 assetID)	CrAPAsset*(int nAsset)	E2b,sig,size?,pos=both	B	2.25	2.25	3:8	2
80104F7C	FE_CrAPDB	fn_80104F7C	FE_CrAP_GetAssetIndexFromAsset	TW07 PS3	FE_CrAPDB.c	2294	int32 FE_CrAP_GetAssetIndexFromAsset(struct FE_CrAP_Asset_t* asset)	int(CrAPAsset* pAsset)	E2b,sig,size?,pos=both	B	2.25	1.50	3:8	2
80104FA8	FE_CrAPDB	fn_80104FA8	FE_CrAP_GetAssetIndexFromCategoryAndSubCategoryIndexAndEntryNum	TW07 PS3	FE_CrAPDB.c	2341	int32 FE_CrAP_GetAssetIndexFromCategoryAndSubCategoryIndexAndEntryNum(FE_CrAP_Asset_Category_e category, int32 subCategoryIndex, int32 entryNum)	int(s16 nPart, int b, int i)	E2b,sigw,size,pos=both	B	5.25	5.25	19:28	1
801050D0	FE_CrAPDB	fn_801050D0	FE_CrAP_RegisterStreamClients	TW07 PS3	FE_CrAPDB.c	2383	void FE_CrAP_RegisterStreamClients()	void()	E2b,sig,size,pos=both	B	3.50	2.00	2:1	2
80105140	FE_CrAPDB	fn_80105140	FE_CrAP_IsEraCategory	TW07 PS3	FE_CrAPDB.c	2417	bool FE_CrAP_IsEraCategory(FE_CrAP_Asset_Category_e category)	int(s16 nPart)	E2b,sigw,size,pos=both	B	3.75	3.50	19:28	1
80105154	FE_CrAPDB	fn_80105154	FE_CrAP_UnRegisterStreamClients	TW07 PS3	FE_CrAPDB.c	2528	void FE_CrAP_UnRegisterStreamClients()	void()	E2b,sig,size,pos=both	B	3.50	3.50	19:28	1
80105188	FE_CrAPDB	fn_80105188	FE_CrAP_LoadColorMapFromStream	TW07 PS3	FE_CrAPDB.c	2581	void FE_CrAP_LoadColorMapFromStream(struct TStreamData* pStreamData)	void(UStreamObject* pObject)	E2b,sig,size,pos=both	C	4.25	0.00	3:6	
801051F4	FE_CrAPDB	fn_801051F4	FE_CrAP_LoadAssetMapFromStream	TW07 PS3	FE_CrAPDB.c	2606	void FE_CrAP_LoadAssetMapFromStream(struct TStreamData* pStreamData)	void(UStreamObject* pObject)	E2b,sig,size,pos=both	C	4.25	0.00	3:6	
80105240	FE_CrAPDB	fn_80105240	FE_CrAP_Balls_LoadDBfromStream	TW07 PS3	FE_CrAPDB.c	2638	void FE_CrAP_Balls_LoadDBfromStream(struct TStreamData* pStreamData)	void()	E2b,sig!,size,pos=both	C	0.50	0.50	3:6	
80105264	FE_CrAPDB	fn_80105264	FE_CrAP_GetPartName	TW07 PS3	FE_CrAPDB.c	2809	const char* FE_CrAP_GetPartName(FE_CrAP_Asset_Category_e category, int32 subCategoryIndex, int32 entryNum)	char*(s16 nPart, int b, int i)	E2b,sigw,size,pos=both,run20	B	5.25	5.25	19:28	1
80105298	FE_CrAPDB	fn_80105298	FE_CrAP_GetPartColor1	TW07 PS3	FE_CrAPDB.c	2827	uint32 FE_CrAP_GetPartColor1(FE_CrAP_Asset_Category_e category, int32 subCategoryIndex, int32 entryNum)	s16(s16 nPart, int b, int i)	E2b,sigw,size,pos=both,run20	B	5.25	4.75	19:28	1
801052CC	FE_CrAPDB	fn_801052CC	FE_CrAP_GetPartColor2	TW07 PS3	FE_CrAPDB.c	2845	uint32 FE_CrAP_GetPartColor2(FE_CrAP_Asset_Category_e category, int32 subCategoryIndex, int32 entryNum)	s16(s16 nPart, int b, int i)	E2b,sigw,size,pos=both,run20	B	5.25	4.75	19:28	1
80105300	FE_CrAPDB	fn_80105300	FE_CrAP_GetPartColor3	TW07 PS3	FE_CrAPDB.c	2863	uint32 FE_CrAP_GetPartColor3(FE_CrAP_Asset_Category_e category, int32 subCategoryIndex, int32 entryNum)	s16(s16 nPart, int b, int i)	E2b,sigw,size,pos=both,run20	B	5.25	4.75	19:28	1
80105334	FE_CrAPDB	fn_80105334	FE_CrAP_GetPartSponsor	TW07 PS3	FE_CrAPDB.c	2882	SponsorType FE_CrAP_GetPartSponsor(FE_CrAP_Asset_Category_e category, int32 subCategoryIndex, int32 entryNum)	s16(s16 nPart, int b, int i)	E2b,sigw,size,pos=both,run20	B	4.75	4.75	19:28	1
80105368	FE_CrAPDB	fn_80105368	FE_CrAP_GetPartRetailPrice	TW07 PS3	FE_CrAPDB.c	2900	int32 FE_CrAP_GetPartRetailPrice(FE_CrAP_Asset_Category_e category, int32 subCategoryIndex, int32 entryNum)	s32(s16 nPart, int b, int i)	E2b,sigw,size,pos=both,run20	B	5.25	4.75	19:28	1
8010539C	FE_CrAPDB	fn_8010539C	FE_CrAP_GetPartSalePrice	TW07 PS3	FE_CrAPDB.c	2928	int32 FE_CrAP_GetPartSalePrice(FE_CrAP_Asset_Category_e category, int32 subCategoryIndex, int32 entryNum)	s32(s16 nPart, int b, int i)	E2b,sigw,size,pos=both,run20	B	5.25	4.75	19:28	1
801053D0	FE_CrAPDB	fn_801053D0	FE_CrAP_GetPartLevel	TW07 PS3	FE_CrAPDB.c	2956	int32 FE_CrAP_GetPartLevel(FE_CrAP_Asset_Category_e category, int32 subCategoryIndex, int32 entryNum)	s32(s16 nPart, int b, int i)	E2b,sigw,size,pos=both,run20	B	5.25	4.75	19:28	1
80105644	FE_CrAPDB	fn_80105644	FE_CrAP_GetPartSwapNode	TW07 PS3	FE_CrAPDB.c	3146	struct HashString FE_CrAP_GetPartSwapNode(FE_CrAP_Asset_Category_e category, int32 subCategoryIndex, int32 entryNum, int32 index)	int(s16 nPart, int b, int i, int n)	E2b,sigw,size~,pos=both	C	4.50	1.00	5:5	
80105B4C	FE_CrAPDB	fn_80105B4C	FE_CrAP_GetPartSwapTint	TW07 PS3	FE_CrAPDB.c	3219	struct HashString FE_CrAP_GetPartSwapTint(FE_CrAP_Asset_Category_e category, int32 subCategoryIndex, int32 entryNum, int32 index)	void(s16 nPart, int b, int i, char* pName)	E2b,sig~,size?,pos=both	C	0.50	0.00	5:5	
80105C00	FE_CrAPDB	fn_80105C00	FE_CrAP_GetNumEntriesInCrAPDB	TW07 PS3	FE_CrAPDB.c	3235	int32 FE_CrAP_GetNumEntriesInCrAPDB()	s32()	E2b,sig,size~,pos=both,weak	C	2.50	2.50	5:5	
80105C0C	FE_CrAPDB	fn_80105C0C	FE_CrAP_GetPartLevelFromAssetIndex	TW07 PS3	FE_CrAPDB.c	3243	int32 FE_CrAP_GetPartLevelFromAssetIndex(int32 index)	s32(int nAsset)	E2b,sig,size~,pos=both	B	3.25	3.25	6:6	1
80105C44	FE_CrAPDB	fn_80105C44	FE_CrAP_GetNumberUniqueGeometries	TW07 PS3	FE_CrAPDB.c	3270	int32 FE_CrAP_GetNumberUniqueGeometries(FE_CrAP_Asset_Category_e category, int32 subCategoryIndex)	int(s16 nPart, int b)	E2b,sigw,size!,pos=both	C	1.00	1.00	5:5	
80105EFC	FE_CrAPDB	fn_80105EFC	CrAPAssetsByteSwap	TW07 PS3	FE_CrAPDB.c	3313	void CrAPAssetsByteSwap()	void()	E2b,sig,size~,pos=both,weak	C	2.50	2.50	5:5	
80105FF8	FE_CrAPDB	fn_80105FF8	FE_CrAP_GetCategorySubcategoryAndEntryNumFromAssetID	TW07 PS3	FE_CrAPDB.c	3353	void FE_CrAP_GetCategorySubcategoryAndEntryNumFromAssetID(int32 assetID, FE_CrAP_Asset_Category_e* category, int32* subcategory, int32* entryNum)	void(int nAsset, s16* pnPart, s32* pnEntry, s32* pnPlace)	E2b,sig,size!,pos=both	C	3.00	2.50	5:5	
801060F0	FE_CrAPDB	fn_801060F0	FE_CrAP_GetEntryNumFromAssetIDCategorySubcategory	TW07 PS3	FE_CrAPDB.c	3412	void FE_CrAP_GetEntryNumFromAssetIDCategorySubcategory(int32 assetID, FE_CrAP_Asset_Category_e category, int32 subcategory, int32* entryNum)	void(int nAsset, s16 nPart, int n, s32* pnPlace)	E2b,sigw,size,pos=both	B	6.00	5.50	11:12	1
801061C8	FE_CrAPDB	fn_801061C8	FE_IsValidCurrentGender	TW07 PS3	FE_CrAPDB.c	3433	bool FE_IsValidCurrentGender(FE_CrAP_Asset_Gender_e eGender)	u8(s8 n)	E2b,sigw,size,pos=both	B	3.75	3.75	11:12	1
801061F8	FE_CrAPDB	fn_801061F8	FE_IsMatchingSubCategory	TW07 PS3	FE_CrAPDB.c	3447	bool FE_IsMatchingSubCategory(FE_CrAP_Asset_Category_e category, int32 assetSubCategory, int32 matchSubCategory)	u8(s16 nPart, int nCategory, int nWanted)	E2b,sigw,size~,pos=both	B	4.25	4.25	11:12	1
80106244	FE_CrAPDB	fn_80106244	FE_CrAP_GetFirstEquippedIndexForCategory	TW07 PS3	FE_CrAPDB.c	3476	int32 FE_CrAP_GetFirstEquippedIndexForCategory(FE_CrAP_Asset_Category_e category)	int(s16 nPart)	E2b,sigw,size~,pos=both,run4	B	2.75	1.00	11:12	1
801062C8	FE_CrAPDB	fn_801062C8	FE_CrAP_GetFirstEquippedIndexForCategoryAndSubcategory	TW07 PS3	FE_CrAPDB.c	3496	int32 FE_CrAP_GetFirstEquippedIndexForCategoryAndSubcategory(FE_CrAP_Asset_Category_e category, int32 subcategory)	int(s16 nPart, int n)	E2b,sigw,size,pos=both,run4	B	4.50	4.50	11:12	1
80106374	FE_CrAPDB	fn_80106374	FE_CrAP_IsItemEquipped	TW07 PS3	FE_CrAPDB.c	3519	bool FE_CrAP_IsItemEquipped(FE_CrAP_Asset_Category_e category, int32 subCategoryIndex, int32 entryNum)	u8(s16 nPart, int b, int i)	E2b,sigw,size,pos=both,run4	B	5.25	5.25	11:12	1
801064EC	FE_CrAPDB	fn_801064EC	FE_CrAP_GetStringFromTable	TW07 PS3	FE_CrAPDB.c	3611	const char* FE_CrAP_GetStringFromTable(int32 id)	char*(int nCategory)	E2b,sig,size,pos=both	B	4.25	4.25	12:8	1
8010651C	FE_CrAPDB	fn_8010651C	FE_CrAP_GetUnlockMessageFrom	TW07 PS3	FE_CrAPDB.c	3629	int32 FE_CrAP_GetUnlockMessageFrom(FE_CrAP_Asset_Category_e category, int32 subCategory, int32 entryNum, char* unlockMsg, size_t unlockMsgBufLen)	u8(s16 nPart, int b, int i, char* pDst)	E2b,sig!,size,pos=both	C	0.50	0.50	9:4	
80106658	FE_CrAPDB	fn_80106658	FE_CrAP_TryBallSwappingAsset	TW07 PS3	FE_CrAPDB.c	3710	bool FE_CrAP_TryBallSwappingAsset(struct FE_CrAP_Asset_t* asset)	u8(CrAPAsset* pAsset)	E2b,sig,size~,pos=both	C	3.25	0.00	9:4	
80106E48	FE_CrAPDB	fn_80106E48	FE_CrAP_GetNumEquippedItemsWithSponsor	TW07 PS3	FE_CrAPDB.c	3772	int FE_CrAP_GetNumEquippedItemsWithSponsor(SponsorType sponsor)	int(s16 n)	E2b,sig,size~,pos=both,run4	B	3.25	1.00	12:8	1
80106ED8	FE_CrAPDB	fn_80106ED8	FE_CrAP_GetNumItemsWithLockModeAndLockVal	TW07 PS3	FE_CrAPDB.c	3794	int FE_CrAP_GetNumItemsWithLockModeAndLockVal(int mode, int val)	s32(s32 nKind, s32 nLock)	E2b,sig,size,pos=both,run4	A	5.00	5.00	12:8	1
80107244	FE_CrAPDB	fn_80107244	FE_CrAP_GetSponsorName	TW07 PS3	FE_CrAPDB.c	3944	void FE_CrAP_GetSponsorName(SponsorType sponsorID, char* name, size_t nameBufLen)	void(int n, s16* pN0, s32* pN4, char* pDst)	E2b,sig!,size,pos=both	C	0.50	0.50	3:2	
801073DC	FE_CrAPDB	fn_801073DC	FE_CrAP_UnequipSlot	TW07 PS3	FE_CrAPDB.c	3991	void FE_CrAP_UnequipSlot(FE_CrAP_Asset_Slot_e iSlot)	void(s16 nSlot)	E2b,sigw,size,pos=both,weak	C	3.75	1.50	13:74	
8010742C	FE_CrAPDB	fn_8010742C	FE_CrAP_IsSpecialAllCategoryText	TW07 PS3	FE_CrAPDB.c	4025	int32 FE_CrAP_IsSpecialAllCategoryText(FE_CrAP_Asset_Category_e category)	s16(int nAsset)	E2b,sig,size,pos=both	C	4.25	0.75	13:74	
80107444	FE_CrAPDB	fn_80107444	filterByAssetID	TW07 PS3	FE_CrAPDB.c	4183	bool filterByAssetID(void* row)	int(int nAsset)	E2b,sig~,size,pos=both	C	3.00	0.75	13:74	
8010745C	FE_CrAPDB	fn_8010745C	sortByAssetName	TW07 PS3	FE_CrAPDB.c	4190	int sortByAssetName(const void* row1, const void* row2)	void(int nAsset, char* pDst)	E2b,sig~,size,pos=both	C	1.50	0.50	13:74	
8010749C	FE_CrAPDB	fn_8010749C	CrAPEraWeatherStreamCallback	TW07 PS3	FE_CrAPDB.c	4953	void CrAPEraWeatherStreamCallback(struct TStreamData* pStreamData)	void(int nAsset, char* pDst)	E2b,sig!,size,pos=both	C	0.50	0.00	13:74	
801074D4	FE_CrAPDB	fn_801074D4	FE_CrAP_GetRow	TW07 PS3	FE_CrAPDB.h	308	struct FE_CrAP_Asset_p FE_CrAP_GetRow(int32 assetID)	u8(int nAsset)	E2b,sig,inl-only,pos=both	C	1.75	0.00	55:2	
80107554	FE_CrAPDB	fn_80107554	FE_CrAP_GetCategorySubcategoryFromCategorySubcategoryEntryNum	TW07 PS3	FE_CrAPDB.c	5328	void FE_CrAP_GetCategorySubcategoryFromCategorySubcategoryEntryNum(int32 entryNum, FE_CrAP_Asset_Category_e* category, int32* subcategory)	void(int nMsg, s32 nA)	E2b,sig!,size,pos=both,dup	C	0.50	0.25	13:74	
80107594	FE_CrAPDB	fn_80107594	Preset_ApplyAsset	TW07 PS3	FE_CrAPDB.c	5379	void Preset_ApplyAsset(int assetID, int user_index, struct TCharacter* pCharacter)	void(int nMsg, s32 nA, char* szB)	E2b,sig,size?,pos=both	C	3.75	0.50	13:74	
8010766C	FE_CrAPDB	fn_8010766C	FE_CrAP_FindMeshDataFromMeshName	TW07 PS3	FE_CrAPDB.c	5736	struct meshListEntry* FE_CrAP_FindMeshDataFromMeshName(const char* meshName, FE_CrAP_Asset_Gender_e gender)	int(MsgArg* pArg, char* sz)	E2b,sig~,size~,pos=both	C	1.25	0.75	13:74	
801076B0	FE_CrAPDB	fn_801076B0	FE_CrAP_GetNoLoadTagForMesh	TW07 PS3	FE_CrAPDB.c	5770	const char* FE_CrAP_GetNoLoadTagForMesh(struct meshListEntry* pMeshData, int32 noLoadTagIndex)	int(char* sz, int nMsg)	E2b,sig,size,pos=both	C	4.25	0.00	13:74	
801078B8	FE_CrAPMessages	fn_801078B8	GM_SetFeatureSlider	TW07 PS3	FE_CrAPMessages.c	206	void GM_SetFeatureSlider(const char* sliderName, float value)	void(MsgArg* pArgs, MsgArg* pResult)	E2b,sig~,size,pos=none	C	3.00	0.00	89:17	
8010799C	FE_CrAPMessages	fn_8010799C	GM_SetFeatureState	TW07 PS3	FE_CrAPMessages.c	276	void GM_SetFeatureState(const char* stateName, int32 stateNum)	void(MsgArg* pArgs, MsgArg* pResult)	E2b,sig~,size,pos=none	C	3.00	0.00	89:17	
80107BA8	FE_CrAPMessages	fn_80107BA8	GM_Gameface_Set_UI_Toggle_Setting	TW07 PS3	FE_CrAPMessages.c	304	void GM_Gameface_Set_UI_Toggle_Setting(int32 index, int32 value)	void(MsgArg* pArgs, MsgArg* pResult)	E2b,sig?,size,pos=none	C	2.00	0.00	89:17	
80107C3C	FE_CrAPMessages	fn_80107C3C	GM_vGetCRAPItem	TW07 PS3	FE_CrAPMessages.c	316	int32 GM_vGetCRAPItem(FE_CrAP_Asset_Category_e category, int32 subCategory)	void(MsgArg* pArgs, MsgArg* pResult)	E2b,sig?,size,pos=none	C	0.50	0.00	89:17	
80107DBC	FE_CrAPMessages	fn_80107DBC	GM_vPreviewItem	TW07 PS3	FE_CrAPMessages.c	594	void GM_vPreviewItem(FE_CrAP_Asset_Category_e category, int32 subCategory, int32 itemID)	void(MsgArg* pArgs, MsgArg* pResult)	E2b,sig!,size,pos=none	C	0.50	0.00	89:17	
80109514	FE_CrAPMessages	fn_80109514	GM_vCRAPCreatingLogo	TW07 PS3	FE_CrAPMessages.c	641	void GM_vCRAPCreatingLogo(int iCreatingLogo)	void(MsgArg* pArgs, MsgArg* pResult)	E2b,sig!,size,p07l,pos=none	C	1.00	0.50	89:17	
8010A2C8	FE_CrAPMessages	fn_8010A2C8	GM_vCRAPTryOnItem	TW07 PS3	FE_CrAPMessages.c	682	void GM_vCRAPTryOnItem(FE_CrAP_Asset_Category_e category, int32 subCategory, int32 itemID)	void(MsgArg* pArgs, MsgArg* pResult)	E2b,sig!,size,pos=none	C	0.50	0.00	89:17	
8010A448	LLDynTex	fn_8010A448	Dyntex_StartStreamTiming	TW07 PS3	LLDynTex.c	58	void Dyntex_StartStreamTiming(int numTextures)	void(int nSize)	E2b,sig,inl-only,pos=both,weak	C	2.25	2.25	3:6	
8010A4E8	LLDynTex	fn_8010A4E8	DynTex_InitModule	TW07 PS3	LLDynTex.c	88	void DynTex_InitModule()	void()	E2b,sig,size~,pos=both	C	2.50	1.00	3:6	
8010A520	LLDynTex	fn_8010A520	DynTex_Create	TW07 PS3	LLDynTex.c	123	struct DynTexGroupT* DynTex::Create(this, int32 iMaxTextures, int32 iTextureBufferSize, uint32 iVramBase, uint32 iVramSize)	DynTex*(int nC, int nSize, int n2, int n3, int n4)	E2b,sig~,size?,pos=both	C	1.00	1.00	3:6	
8010A668	LLDynTex	fn_8010A668	DynTex_Free	TW07 PS3	LLDynTex.c	166	void DynTex::Free(this, struct DynTexGroupT* pDynTex)	void(DynTex* pTex)	E2b,sig,size?,pos=both,run4	B	2.25	2.25	39:43	1
8010A6A8	LLDynTex	fn_8010A6A8	DynTex_Copy	TW07 PS3	LLDynTex.c	192	void DynTex::Copy(this, struct DynTexGroupT* pDynSrcTex, struct DynTexGroupT* pDynDestTex)	void(DynTex* pSrc, DynTex* pDst)	E2b,sig,size~,pos=both,run4	B	4.00	2.25	39:43	1
8010A780	LLDynTex	fn_8010A780	DynTex_GetTextureGroup	TW07 PS3	LLDynTex.c	222	struct TX_STextureGroup* DynTex::GetTextureGroup(this, struct DynTexGroupT* pDynTex)	DynTexHeader*(DynTex* pTex)	E2b,sig,size~,pos=both,run4	B	3.25	3.25	39:43	1
8010A788	LLDynTex	fn_8010A788	DynTex_GetTextureData	TW07 PS3	LLDynTex.c	228	uint8* DynTex::GetTextureData(this, struct DynTexGroupT* pDynTex, const const struct HashString& texID, int32 mipmap)	void(f32* pIn, f32* pOut, f32 (*pMtx)[3], s32 nMode)	E2b,sig,size?,pos=both,run4	B	3.00	1.50	39:43	1
8010AD10	LLDynTex	fn_8010AD10	DynTex_GetNumTextures	TW07 PS3	LLDynTex.c	258	uint32 DynTex::GetNumTextures(this, struct DynTexGroupT* pDynTex)	s32(DynTex* pTex)	E2b,sig,size~,pos=both	B	3.25	3.25	39:43	1
8010AD18	LLDynTex	fn_8010AD18	DynTex_GetTexIDByIndex	TW07 PS3	LLDynTex.c	263	struct HashString DynTex::GetTexIDByIndex(this, struct DynTexGroupT* pDynTex, uint32 iTexture)	u64(DynTex* pTex, int nTex)	E2b,sig,size,pos=both	B	4.50	2.50	2:3	2
8010AD50	LLDynTex	fn_8010AD50	DynTex_Remove	TW07 PS3	LLDynTex.c	308	void DynTex::Remove(this, struct DynTexGroupT* pDynTex, const const struct HashString& TexID)	void(DynTex* pTex, u64 uId)	E2b,sig~,size,pos=both	B	3.00	1.50	2:3	2
8010ADA4	LLDynTex	fn_8010ADA4	DynTex_Compact	TW07 PS3	LLDynTex.c	330	void DynTex::Compact(this, struct DynTexGroupT* pDynTex)	void(DynTex* pTex)	E2b,sig,size~,pos=both	B	3.25	3.25	39:43	1
8010B098	LLDynTex	fn_8010B098	DynTex_Reset	TW07 PS3	LLDynTex.c	420	void DynTex::Reset(this, struct DynTexGroupT* pDynTex)	void(void* p)	E2b,sig,size~,pos=both	B	3.25	3.25	39:43	1
8010B0C0	LLDynTex	fn_8010B0C0	DynTex_AddTextureFromMemory	TW07 PS3	LLDynTex.c	590	int32 DynTex::AddTextureFromMemory(this, struct DynTexGroupT* pDynTex, struct TX_STextureGroupTexture* spSrcTexture)	s32(DynTexObj* pObj, DynTexPalette* pPal, DynTexEntry* pEntry)	E2b,sig,size,pos=both,weak	C	5.75	2.50	10:9	
8010B2A8	LLDynTex	fn_8010B2A8	DynTex_AddTextureFromTextureGroup	TW07 PS3	LLDynTex.c	635	int32 DynTex::AddTextureFromTextureGroup(this, struct DynTexGroupT* pDynTex, struct TX_STextureGroup* pTextureGroup, struct TX_STextureGroupTexture* pTexture)	void(DynTex* pTex, int nTex, s16* pPalette)	E2b,sig~,size,pos=both,weak,dup	C	1.50	1.50	10:9	
8010B548	LLDynTex	fn_8010B548	DynTex_GetMemorySize	TW07 PS3	LLDynTex.c	654	int32 DynTex::GetMemorySize(this, struct TX_STextureGroup* pTextureGroup, uint32 iTextureIndex)	u32(DynTexObj* pObj, int nLevel)	E2b,sig,size!,pos=both,dup	C	1.50	1.00	10:9	
8010B664	LLDynTex	fn_8010B664	DynTex_InitLoadRequestQueue	TW07 PS3	LLDynTex.c	665	void DynTex::InitLoadRequestQueue(this)	s32(DynTexPalette* pPal)	E2b,sig,size,pos=both,dup	C	2.75	1.00	10:9	
8010B8EC	LLDynTex	fn_8010B8EC	DynTex_GetFreeLoadRequest	TW07 PS3	LLDynTex.c	680	struct DynTexLoadRequestT* DynTex::GetFreeLoadRequest(this)	DynTexJob*()	E2b,sig,size,pos=both,run4	B	3.50	0.00	39:43	1
8010B930	LLDynTex	fn_8010B930	DynTex_AddLoadRequestToQueue	TW07 PS3	LLDynTex.c	700	void DynTex::AddLoadRequestToQueue(this, struct DynTexLoadRequestT* pRequest)	void(DynTexJob* pJob)	E2b,sig,size?,pos=both,run4	B	2.25	0.50	39:43	1
8010B960	LLDynTex	fn_8010B960	DynTex_PopLoadRequestFromQueue	TW07 PS3	LLDynTex.c	718	struct DynTexLoadRequestT* DynTex::PopLoadRequestFromQueue(this)	DynTexJob*()	E2b,sig,size~,pos=both,run4	B	2.50	1.50	39:43	1
8010B9BC	LLDynTex	fn_8010B9BC	DynTex_RemoveAllLoadRequests	TW07 PS3	LLDynTex.c	743	void DynTex::RemoveAllLoadRequests(this)	void()	E2b,sig,size,pos=both,run4	B	3.50	1.75	39:43	1
8010BA2C	LLDynTex	fn_8010BA2C	DynTex_AddTextureToAsyncLoadList	TW07 PS3	LLDynTex.c	786	unsigned int DynTex::AddTextureToAsyncLoadList(this, const const struct HashString& TexID)	s32(DynTex* pTex)	E2b,sig,size~,pos=both	B	3.25	3.25	39:43	1
8010BC64	LLDynTex	fn_8010BC64	DynTex_ResetAsyncLoader	TW07 PS3	LLDynTex.c	850	void DynTex::ResetAsyncLoader(this)	void(u8* p)	E2b,sig,size~,pos=both	B	3.25	3.25	39:43	1
8010BC88	LLDynTex	fn_8010BC88	DynTex_LoadCallback	TW07 PS3	LLDynTex.c	867	void DynTex::LoadCallback(TStreamDataPtr pStreamClass)	void(void* p)	E2b,sig,size~,pos=both	B	3.25	3.25	39:43	1
8010BC94	LLDynTex	fn_8010BC94	DynTex_UpdateTexturePriorities	TW07 PS3	LLDynTex.c	901	void DynTex::UpdateTexturePriorities(this, enum StreamSchedulerPriority priority)	s32(const void* pA, const void* pB)	E2b,sig,size,pos=both	B	3.50	3.50	39:43	1
8010BED4	LLDynTex	fn_8010BED4	DynTex_EndAsyncLoading	TW07 PS3	LLDynTex.c	955	void DynTex::EndAsyncLoading(this)	void()	E2b,sig,size,pos=both,weak	C	3.50	2.00	8:7	
8010BF3C	LLDynTex	fn_8010BF3C	DynTex_IsAsyncLoadingDone	TW07 PS3	LLDynTex.c	983	bool DynTex::IsAsyncLoadingDone(this)	u8()	E2b,sig,size~,pos=both,weak	C	2.50	1.50	8:7	
8010BFA0	LLDynTex	fn_8010BFA0	DynTex_AddToTextureGroupManager	TW07 PS3	LLDynTex.c	1100	void DynTex::AddToTextureGroupManager(this, struct DynTexGroupT* pDynTex)	void(int nBytes, int nError)	E2b,sig?,size,pos=both,dup	C	2.00	1.00	8:7	
8010C458	LLDynTex	fn_8010C458	DynTex_RemoveFromTextureGroupManager	TW07 PS3	LLDynTex.c	1108	void DynTex::RemoveFromTextureGroupManager(this, struct DynTexGroupT* pDynTex)	int(int nFormat)	E2b,sig~,size,pos=both,dup	C	1.50	1.00	8:7	
8010E35C	CharSliders	fn_8010E35C	CharSlider_SetAnimModifiers	TW07 PS3	CharSliders.c	711	void CharSlider_SetAnimModifiers(struct CharSlider_SliderDefinitions_t* pSliderDefs, struct TSkeleton* pSkeleton, struct TSkin* pSkin)	void(CharSliderDefs* pDefs, Skin* pSkin, SKABlendNode* pNode)	E2b,sig,size,pos=both	B	5.75	4.25	3:5	1
8010E748	FE_PGATourMessages	fn_8010E748	GameModeDriverPGATour_GetGameModeDriverCompletionPercentage	TW07 PS3	GameModeDriver_PGATour.cpp	125	float GameModeDriverPGATour::GetGameModeDriverCompletionPercentage(this, const struct UserInfo& userInfo)	void(MsgArg* pArgs, MsgArg* pResult)	E2b,sig,size~,pos=none	C	2.50	1.00	26:134	
8010E890	FE_PGATourMessages	fn_8010E890	GameModeDriverPGATour_UI_SetEventInfoText	TW07 PS3	GameModeDriver_PGATour.cpp	196	void GameModeDriverPGATour::UI_SetEventInfoText(this, CalendarDate date)	void(MsgArg* pArgs, MsgArg* pResult)	E2b,sig,size~,pos=none	C	4.00	2.50	26:134	
8010EA24	FE_PGATourMessages	fn_8010EA24	GameModeDriverPGATour_UI_CanPlayEventOnDate	TW07 PS3	GameModeDriver_PGATour.cpp	264	bool GameModeDriverPGATour::UI_CanPlayEventOnDate(this, CalendarDate date)	void(MsgArg* pArgs, MsgArg* pResult)	E2b,sig,size,pos=none	C	3.50	0.50	26:134	
8010EAC4	FE_PGATourMessages	fn_8010EAC4	GameModeDriverPGATour_GetNameByEventSeason	TW07 PS3	GameModeDriver_PGATour.cpp	1099	const char* GameModeDriverPGATour::GetNameByEventSeason(this, int32 eventID, int32 season)	void(MsgArg* pArgs, MsgArg* pResult)	E2b,sig?,size,pos=none	C	0.50	0.00	26:134	
8010EB9C	FE_PGATourMessages	fn_8010EB9C	GameModeDriverPGATour_GetEventInfoByDate	TW07 PS3	GameModeDriver_PGATour.cpp	1247	const struct GM_PgaTour_EventSlot_t* GameModeDriverPGATour::GetEventInfoByDate(this, CalendarDate date)	void(MsgArg* pArgs, MsgArg* pResult)	E2b,sig,size,pos=none,dup	C	3.50	1.50	26:134	
8010EBDC	FE_PGATourMessages	fn_8010EBDC	GameModeDriverPGATour_GetDevPointsPurseForBracket	TW07 PS3	GameModeDriver_PGATour.cpp	1636	int32 GameModeDriverPGATour::GetDevPointsPurseForBracket(this, enum PlayerNumber_t userID)	void(MsgArg* pArgs, MsgArg* pResult)	E2b,sig~,size~,pos=none	C	0.50	0.50	26:134	
8010EEA8	FE_PGATourMessages	fn_8010EEA8	PGADriver_ShowCalendar_AdvanceSeason	TW07 PS3	GameModeDriver_PGATour.cpp	2205	void PGADriver_ShowCalendar_AdvanceSeason()	void()	E2b,sig,size,pos=none	C	3.50	0.00	26:134	
8010EEE4	FE_PGATourMessages	fn_8010EEE4	GameModeDriverPGATour_CheckFedExQualify	TW07 PS3	GameModeDriver_PGATour.cpp	2213	void GameModeDriverPGATour::CheckFedExQualify(this, enum PlayerNumber_t userID)	void(MsgArg* pArgs, MsgArg* pResult)	E2b,sig~,size,pos=none	C	3.00	2.50	26:134	
8010EF8C	FE_PGATourMessages	fn_8010EF8C	GameModeDriverPGATour_CheckAdvanceTournament	TW07 PS3	GameModeDriver_PGATour.cpp	2245	void GameModeDriverPGATour::CheckAdvanceTournament(this, enum PlayerNumber_t userID, bool simmedRound)	void(MsgArg* pArgs, MsgArg* pResult)	E2b,sig?,size,pos=none	C	2.00	1.00	26:134	
8010F10C	FE_PGATourMessages	fn_8010F10C	GameModeDriverPGATour_SimCurrentTournament	TW07 PS3	GameModeDriver_PGATour.cpp	2313	void GameModeDriverPGATour::SimCurrentTournament(this, enum PlayerNumber_t userID, bool simUser)	void(MsgArg* pArgs, MsgArg* pResult)	E2b,sig?,size,pos=none	C	2.00	1.00	26:134	
8010F1B4	FE_PGATourMessages	fn_8010F1B4	GameModeDriverPGATour_SelectEvent	TW07 PS3	GameModeDriver_PGATour.cpp	2399	void GameModeDriverPGATour::SelectEvent(this, GM_PgaTourEventID_t eventID)	void(MsgArg* pArgs, MsgArg* pResult)	E2b,sig~,size,pos=none	C	3.00	1.00	26:134	
8010F248	FE_PGATourMessages	fn_8010F248	GM_PgaTourSim_SetUserQuit	TW07 PS3	PGATourSimulation.c	1243	void GM_PgaTourSim_SetUserQuit(enum PlayerNumber_t userID, bool userQuit)	void(MsgArg* pArgs, MsgArg* pResult)	E2b,sig?,size,pos=none,dup	C	2.00	0.50	26:76	
8010F278	FE_PGATourMessages	fn_8010F278	GameModeDriverPGATour_SetOptionTimeStamp	TW07 PS3	GameModeDriver_PGATour.cpp	2807	void GameModeDriverPGATour::SetOptionTimeStamp(this, int32 nIndex, uint64 nValue)	void(MsgArg* pArgs, MsgArg* pResult)	E2b,sig?,size,pos=none	C	2.00	0.50	26:134	
8010F2CC	FE_PGATourMessages	fn_8010F2CC	GameModeDriverPGATour_SetGuestTimeStamp	TW07 PS3	GameModeDriver_PGATour.cpp	2819	void GameModeDriverPGATour::SetGuestTimeStamp(this, int32 nIndex, uint64 nValue)	void(MsgArg* pArgs, MsgArg* pResult)	E2b,sig?,size~,pos=none	C	1.00	0.50	26:134	
8010F2FC	FE_PGATourMessages	fn_8010F2FC	GameModeDriverPGATour_SetGamePlayOptions	TW07 PS3	GameModeDriver_PGATour.cpp	3039	void GameModeDriverPGATour::SetGamePlayOptions(this, int32 tournament, int32 currentRound)	void(MsgArg* pArgs, MsgArg* pResult)	E2b,sig?,size,pos=none	C	2.00	0.50	26:134	
8010F3A4	FE_PGATourMessages	fn_8010F3A4	GameModeDriverPGATour_SetTournament	TW07 PS3	GameModeDriver_PGATour.cpp	3070	void GameModeDriverPGATour::SetTournament(this, int32 tournament)	void(MsgArg* pArgs, MsgArg* pResult)	E2b,sig~,size?,pos=none	C	1.00	0.50	26:134	
8010F440	FE_PGATourMessages	fn_8010F440	CalDate_AddMonths	TW07 PS3	Calendar.c	194	void CalDate_AddMonths(CalendarDate* pDate, int32 months)	void(MsgArg* pArgs, MsgArg* pResult)	E2b,sig~,size,pos=none	C	3.00	0.00	26:4	
8010F4EC	FE_PGATourMessages	fn_8010F4EC	CalDate_AddYears	TW07 PS3	Calendar.c	228	void CalDate_AddYears(CalendarDate* pDate, int32 years)	void(MsgArg* pArgs, MsgArg* pResult)	E2b,sig~,size,pos=none	C	3.00	0.00	26:4	
8010F52C	FE_PGATourMessages	fn_8010F52C	GM_PgaTour_UpdateUserOrGuestStats	TW07 PS3	GameModeDriver_PGATour.cpp	3490	void GM_PgaTour_UpdateUserOrGuestStats(enum PlayerNumber_t userID, int32 entrantID)	void(MsgArg* pArgs, MsgArg* pResult)	E2b,sig?,size,pos=none	C	2.00	0.50	26:134	
8010F550	FE_PGATourMessages	fn_8010F550	PlayPGAAwardVideo	TW07 PS3	PGATourSimulation.c	5721	void PlayPGAAwardVideo(int movieIndex, int numRandom)	void(MsgArg* pArgs, MsgArg* pResult)	E2b,sig?,size,pos=none,dup	C	2.00	0.00	26:76	
8010F574	FE_PGATourMessages	fn_8010F574	GameModeDriverPGATour_GetNumEventsWon	TW07 PS3	GameModeDriver_PGATour.cpp	3762	int32 GameModeDriverPGATour::GetNumEventsWon(this, const struct UserInfo& userInfo)	void(MsgArg* pArgs, MsgArg* pResult)	E2b,sig,size,pos=none	C	3.50	1.50	26:134	
8010F5AC	FE_PGATourMessages	fn_8010F5AC	GameModeDriverPGATour_GetUserAndGuestNamesInPlayoff	TW07 PS3	GameModeDriver_PGATour.cpp	3835	void GameModeDriverPGATour::GetUserAndGuestNamesInPlayoff(this, char* names, size_t namesBufLen)	void(MsgArg* pArgs, MsgArg* pResult)	E2b,sig~,size~,pos=none	C	2.00	0.50	26:134	
8010F63C	FE_PGATourMessages	fn_8010F63C	GameModeDriverPGATour_GetCurrentScoreString	TW07 PS3	GameModeDriver_PGATour.cpp	3914	void GameModeDriverPGATour::GetCurrentScoreString(this, char* strBuf, int32 bufferSize)	void(MsgArg* pArgs, MsgArg* pResult)	E2b,sig~,size,pos=none	C	3.00	0.50	26:134	
8010F6C8	FE_LogoDesign	fn_8010F6C8	FE_LogoDesign_GetCurUserLogoValid	TW07 PS3	FE_LogoDesign.c	114	bool FE_LogoDesign_GetCurUserLogoValid()	void()	E2b,sig,size,pos=both	C	2.00	1.00	7:26	
8010F718	FE_LogoDesign	fn_8010F718	FE_LogoDesign_GetCurUserLogoData	TW07 PS3	FE_LogoDesign.c	336	char* FE_LogoDesign_GetCurUserLogoData()	void()	E2b,sig,size~,pos=both	C	1.00	1.00	7:26	
8010F748	FE_LogoDesign	fn_8010F748	FE_LogoDesign_CurUserLogoFinish	TW07 PS3	FE_LogoDesign.c	458	void FE_LogoDesign_CurUserLogoFinish()	void()	E2b,sig,size,pos=both,weak	C	3.50	1.50	7:26	
8010F794	FE_LogoDesign	fn_8010F794	FE_LogoDesign_CloseModule	TW07 PS3	FE_LogoDesign.c	506	void FE_LogoDesign_CloseModule()	void()	E2b,sig,size,pos=both,weak	C	3.50	1.50	7:26	
8010F7C0	FE_LogoDesign	fn_8010F7C0	FE_LogoDesign_SetCurrentLogoNumber	TW07 PS3	FE_LogoDesign.c	516	void FE_LogoDesign_SetCurrentLogoNumber(int32 num)	void(s32 n)	E2b,sig,size!,pos=both	C	0.75	0.75	7:26	
8010F7E4	FE_LogoDesign	fn_8010F7E4	FE_LogoDesign_SetCurrentLogoMode	TW07 PS3	FE_LogoDesign.c	550	void FE_LogoDesign_SetCurrentLogoMode(int32_t mode)	void(s32 nShape)	E2b,sig,size!,pos=both	C	0.75	0.75	7:26	
8010F7FC	FE_LogoDesign	fn_8010F7FC	FE_LogoDesign_GetClutEntry	TW07 PS3	FE_LogoDesign.c	617	void FE_LogoDesign_GetClutEntry(int32 clutEntry, uint32* red, uint32* green, uint32* blue, uint32* alpha)	void(int nColor, u32* pR, u32* pG, u32* pB, u32* pA)	E2b,sig,size~,pos=both	A	5.50	5.50	17:39	1
8010F880	FE_LogoDesign	fn_8010F880	FE_LogoDesign_RefreshLogo	TW07 PS3	FE_LogoDesign.c	635	void FE_LogoDesign_RefreshLogo()	void()	E2b,sig,size?,pos=both	B	1.50	1.50	2:3	2
8010F890	FE_LogoDesign	fn_8010F890	FE_LogoDesign_SetLogoToUserTexture	TW07 PS3	FE_LogoDesign.c	662	void FE_LogoDesign_SetLogoToUserTexture(int32_t index)	void(char* pName)	E2b,sig~,size~,pos=both	C	2.00	1.25	1:2	
8010F90C	FE_LogoDesign	fn_8010F90C	FE_LogoDesign_SetPixel	TW07 PS3	FE_LogoDesign.c	684	void FE_LogoDesign_SetPixel(int32 x, int32 y, int32 clutEntry)	void(int nX, int nY, int nColor)	E2b,sig,size?,pos=both	B	3.75	3.75	17:39	1
8010FAF4	FE_LogoDesign	fn_8010FAF4	FE_LogoDesign_UploadCustomLogo	TW07 PS3	FE_LogoDesign.c	730	void FE_LogoDesign_UploadCustomLogo()	void()	E2b,sig,size~,pos=both	C	2.50	0.50	5:1	
8010FBCC	FE_LogoDesign	fn_8010FBCC	FE_LogoDesign_GetPixelColor	TW07 PS3	FE_LogoDesign.c	758	int32 FE_LogoDesign_GetPixelColor(int32 x, int32 y, uint32* r, uint32* g, uint32* b, uint32* a)	int(int nX, int nY, u32* pR, u32* pG, u32* pB, u32* pA)	E2b,sig,size?,pos=both	B	4.50	4.50	17:39	1
80112384	CalendarScreen	fn_80112384	CalDate_AddMonths	TW07 PS3	Calendar.c	194	void CalDate_AddMonths(CalendarDate* pDate, int32 months)	void(MsgArg* pArgs, MsgArg* pResult)	E2b,sig~,size,pos=none,dup	C	3.00	0.00	18:4	
801124D0	CalendarScreen	fn_801124D0	CalDate_AddYears	TW07 PS3	Calendar.c	228	void CalDate_AddYears(CalendarDate* pDate, int32 years)	void(MsgArg* pArgs, MsgArg* pResult)	E2b,sig~,size,pos=none,dup	C	3.00	0.00	18:4	
8011407C	DynChain	fn_8011407C	QuaternionUnitTests	TW07 PS3	MathQuat.c	721	uint16_t QuaternionUnitTests()	void()	E2b,sig,size,pos=none	C	2.00	1.00	18:6	
801141F8	DynChain	fn_801141F8	SKEL_ReadBonesFromSkl	TW07 PS3	skeleton_shared.c	1017	void SKEL_ReadBonesFromSkl(struct TSkeleton* pEA3Skel, const twSkel* pTWSkel)	void(DynChain* pChain, CharModel* pModel)	E2b,sig,size~,pos=none	C	4.00	0.00	18:12	
80114398	DynChain	fn_80114398	TSkeleton_SetActorName	TW07 PS3	skeleton_shared.c	1309	void TSkeleton::SetActorName(this, const char* name)	void(DynChain* pChain)	E2b,sig,size~,pos=none,dup	C	3.25	0.50	18:12	
80116540	GameModeDriver	fn_80116540	GameModeDriver_IsGreenSelectionEnabled	TW07 PS3	GameModeDriver.h	115	bool GameModeDriver::IsGreenSelectionEnabled(this)	void*(u16 nDate)	E2b,sig~,size~,pos=none	C	1.25	0.25	45:63	
80116548	GameModeDriver	fn_80116548	GameModeDriver_QuitGame	TW07 PS3	GameModeDriver.h	127	void GameModeDriver::QuitGame(this)	void()	E2b,sig,size~,pos=none	C	2.50	0.25	45:63	
8011654C	GameModeDriver	fn_8011654C	GameModeDriver_GetModeSpecificTipString	TW07 PS3	GameModeDriver.h	160	const char* GameModeDriver::GetModeSpecificTipString(this)	u8()	E2b,sig,size~,pos=none	C	1.75	0.25	45:63	
80116554	GameModeDriver	fn_80116554	GameModeDriver_GetNextEvent	TW07 PS3	GameModeDriver.h	169	int32 GameModeDriver::GetNextEvent(this)	u8()	E2b,sig,size~,pos=none	C	2.50	0.25	45:63	
80116564	GameModeDriver	fn_80116564	GameModeDriver_SelectEvent	TW07 PS3	GameModeDriver.h	170	void GameModeDriver::SelectEvent(this, int32 eventID)	void(int nLine, char* sz)	E2b,sig?,size,pos=none	C	2.00	0.25	45:63	
8011656C	GameModeDriver	fn_8011656C	GameModeDriver_CanPlayEvent	TW07 PS3	GameModeDriver.h	174	bool GameModeDriver::CanPlayEvent(this, int32 eventID)	s32(u16 nDate)	E2b,sigw,size~,pos=none	C	2.75	0.25	45:63	
80116598	GameModeDriver	fn_80116598	GameModeDriver_CheckCharNodeFlag	TW07 PS3	GameModeDriver.h	176	bool GameModeDriver::CheckCharNodeFlag(this, uint16 flags)	char*(u16 nDate)	E2b,sig,size~,pos=none	C	3.00	0.25	45:63	
801165A0	GameModeDriver	fn_801165A0	GameModeDriver_UI_GetCalendarInitialDate	TW07 PS3	GameModeDriver.h	182	CalendarDate GameModeDriver::UI_GetCalendarInitialDate(this)	void()	E2b,sig,size,pos=none	C	3.00	0.25	45:63	
801165A4	GameModeDriver	fn_801165A4	GameModeDriver_GetNumEvents	TW07 PS3	GameModeDriver.h	195	int32 GameModeDriver::GetNumEvents(this)	u8()	E2b,sig,inl-only,pos=none	C	1.50	0.25	45:63	
801165B0	GameModeDriver	fn_801165B0	GameModeDriver_GetSelectedEventID	TW07 PS3	GameModeDriver.h	196	int32 GameModeDriver::GetSelectedEventID(this)	u8()	E2b,sig,inl-only,pos=none	C	1.50	0.25	45:63	
80116614	GameModeDriver	fn_80116614	GameModeDriver_UI_AllowMiniHUDGhosting	TW07 PS3	GameModeDriver.cpp	45	bool GameModeDriver::UI_AllowMiniHUDGhosting(this)	u8()	E2b,sig,size~,pos=none	C	2.50	0.00	45:36	
80116AA0	GameModeDriver	fn_80116AA0	GameModeDriver_GetScoreDisplayMode	TW07 PS3	GameModeDriver.cpp	57	enum UIScoreCardDispMode_t GameModeDriver::GetScoreDisplayMode(this, bool getAlternate)	s32(u16 nDate)	E2b,sig,size?,pos=none	C	2.25	0.75	45:36	
80116CAC	GameModeDriver	fn_80116CAC	GameModeDriver_GetEndGameSequence	TW07 PS3	GameModeDriver.cpp	69	int32 GameModeDriver::GetEndGameSequence(this)	u16()	E2b,sig,size,pos=none	C	3.50	0.75	45:36	
80116CE8	GameModeDriver	fn_80116CE8	GameModeDriver_GetFirstLoadingScreen	TW07 PS3	GameModeDriver.cpp	78	enum eLoadingScreens GameModeDriver::GetFirstLoadingScreen(this)	char*(u16 nDate)	E2b,sig~,size,pos=none	C	2.50	0.75	45:36	
80116D28	GameModeDriver	fn_80116D28	GameModeDriver_GetLastLoadingScreen	TW07 PS3	GameModeDriver.cpp	87	enum eLoadingScreens GameModeDriver::GetLastLoadingScreen(this)	void()	E2b,sig,size,pos=none	C	3.00	0.75	45:36	
80116D78	GameModeDriver	fn_80116D78	GameModeDriver_GetModeName	TW07 PS3	GameModeDriver.cpp	114	const char* GameModeDriver::GetModeName(this)	u8()	E2b,sig,size,pos=none	C	2.75	1.00	45:36	
80116DD4	GameModeDriver	fn_80116DD4	GameModeDriver_GetUserRoundStatCounts	TW07 PS3	GameModeDriver.h	218	const void* GameModeDriver::GetUserRoundStatCounts(this)	void()	E2b,sig,size,pos=none	C	2.00	0.00	45:63	
80116DD8	GameModeDriver	fn_80116DD8	GameModeDriver_ShowShotInfo	TW07 PS3	GameModeDriver.cpp	124	bool GameModeDriver::ShowShotInfo(this)	u8()	E2b,sig,size~,pos=none	C	2.50	1.00	45:36	
80116E3C	GameModeDriver	fn_80116E3C	GameModeDriver_ShowShotNumber	TW07 PS3	GameModeDriver.cpp	138	bool GameModeDriver::ShowShotNumber(this)	u8()	E2b,sig,size~,pos=none	C	2.50	1.00	45:36	
80116FA4	GameModeDriver	fn_80116FA4	GameModeDriver_GameFinished	TW07 PS3	GameModeDriver.cpp	191	bool GameModeDriver::GameFinished(this, bool bPredict)	s32(u16 nDate)	E2b,sig,size~,pos=none	C	3.25	1.00	45:36	
8011710C	GameModeDriver	fn_8011710C	GameModeDriver_GoToPlayoff	TW07 PS3	GameModeDriver.cpp	196	bool GameModeDriver::GoToPlayoff(this, bool bPredict)	char*(u16 nDate)	E2b,sig,size,pos=none	C	3.50	1.00	45:36	
8011714C	GameModeDriver	fn_8011714C	GameModeDriver_EndGame	TW07 PS3	GameModeDriver.cpp	216	void GameModeDriver::EndGame(this)	void()	E2b,sig,size,pos=none	C	3.50	0.00	45:36	
80117180	GameModeDriver	fn_80117180	GameModeDriver_GetForcedGameHonors	TW07 PS3	GameModeDriver.h	227	enum Golfer_t GameModeDriver::GetForcedGameHonors(this)	u8()	E2b,sig,size~,pos=none	C	2.50	0.25	45:63	
801173F0	GameModeDriver	fn_801173F0	GameModeDriver_GetCurrentLead	TW07 PS3	GameModeDriver.cpp	231	int32 GameModeDriver::GetCurrentLead(this, enum PlayerNumber_t playerID)	u16(u32 nCell)	E2b,sig,size!,pos=none	C	0.75	0.00	45:36	
801174B8	GameModeDriver	fn_801174B8	GameModeDriver_GetPotentialLead	TW07 PS3	GameModeDriver.cpp	236	int32 GameModeDriver::GetPotentialLead(this, enum PlayerNumber_t playerID)	u8(u32 nMonth, u32 nOther)	E2b,sig~,size,pos=none	C	3.00	0.00	45:36	
801174E4	GameModeDriver	fn_801174E4	GameModeDriver_GetPotentialHoleResult	TW07 PS3	GameModeDriver.cpp	241	enum GM_HoleResult_t GameModeDriver::GetPotentialHoleResult(this, enum PlayerNumber_t PlayerID)	u8(u32 nMonth, u32 nOther)	E2b,sig~,size,pos=none	C	3.00	0.00	45:36	
80117510	GameModeDriver	fn_80117510	GameModeDriver_AwardExperience	TW07 PS3	GameModeDriver.cpp	260	void GameModeDriver::AwardExperience(this)	s32(u16 nDate)	E2b,sig~,size,pos=none	C	1.50	0.75	45:36	
8011766C	PGATourSimulation	fn_8011766C	GM_PgaTourSim_StoreEntrantHoleNumbers	TW07 PS3	PGATourSimulation.c	379	void GM_PgaTourSim_StoreEntrantHoleNumbers()	void()	E2b,sig,size?,pos=both,dup	C	1.50	0.00	5:9	
801176C0	PGATourSimulation	fn_801176C0	GM_PgaTourSim_ClearAllSeasons	TW07 PS3	PGATourSimulation.c	400	void GM_PgaTourSim_ClearAllSeasons(struct SeasonInfo* pSeason)	void(TourSeason* pTour)	E2b,sig,size~,pos=both,weak	C	3.25	2.50	5:9	
80117860	PGATourSimulation	fn_80117860	GM_PgaTourSim_ClearSeason	TW07 PS3	PGATourSimulation.c	433	void GM_PgaTourSim_ClearSeason(struct SeasonInfo* pSeason)	void(TourSeason* pTour)	E2b,sig,size,pos=both,weak	C	4.25	2.25	5:9	
80117AF8	PGATourSimulation	fn_80117AF8	GM_PgaTourSim_GetAnyRoundLowScore	TW07 PS3	PGATourSimulation.c	1058	int32 GM_PgaTourSim_GetAnyRoundLowScore(GM_PgaTourEventID_t eventID)	void(int nPlayer)	E2b,sig,size,pos=both,dup	C	2.75	0.00	2:12	
80117B58	PGATourSimulation	fn_80117B58	GM_PgaTourSim_ResetTournament	TW07 PS3	PGATourSimulation.c	1088	void GM_PgaTourSim_ResetTournament(enum PlayerNumber_t userID)	void(int nPlayer)	E2b,sig,size~,pos=both	C	3.25	0.00	2:12	
80117D80	PGATourSimulation	fn_80117D80	GM_PgaTourSim_CommitRoundScores	TW07 PS3	PGATourSimulation.c	1216	void GM_PgaTourSim_CommitRoundScores(enum PlayerNumber_t userID)	void(int nPlayer)	E2b,sig,size,pos=both,run4	B	4.25	2.50	4:6	1
80117DE8	PGATourSimulation	fn_80117DE8	GM_PgaTourSim_SetUserQuit	TW07 PS3	PGATourSimulation.c	1243	void GM_PgaTourSim_SetUserQuit(enum PlayerNumber_t userID, bool userQuit)	void(int nPlayer, u8 b)	E2b,sig,size!,pos=both,dup	C	1.50	1.50	3:5	
80117DF0	PGATourSimulation	fn_80117DF0	GM_PgaTourSim_ResetGuests	TW07 PS3	PGATourSimulation.c	1252	void GM_PgaTourSim_ResetGuests(enum PlayerNumber_t userID)	void(int nPlayer)	E2b,sig,size,pos=both	C	4.25	1.00	3:5	
80118684	PGATourSimulation	fn_80118684	GM_PgaTourSim_GetNumFirstPlaceEntrants	TW07 PS3	PGATourSimulation.c	1691	int GM_PgaTourSim_GetNumFirstPlaceEntrants(enum PlayerNumber_t userID)	s32(int nPlayer)	E2b,sig,size,pos=both	B	4.25	2.00	1:2	1
801187F0	PGATourSimulation	fn_801187F0	GM_PgaTourSim_ChangeGuests	TW07 PS3	PGATourSimulation.c	1757	void GM_PgaTourSim_ChangeGuests(char** cutList, int32 numToCut, int32 numGuests, int32 round)	void(PgaEntrantMC* aEntrant, s16* pnEntrants, u8 bUser)	E2b,sig!,size,pos=both	C	0.50	0.50	1:5	
80118A5C	PGATourSimulation	fn_80118A5C	HistoricalScoreRankCompareIncreasing	TW07 PS3	PGATourSimulation.c	2115	int HistoricalScoreRankCompareIncreasing(const void* arg1, const void* arg2)	s32(const void* pA, const void* pB)	E2b,sig,size,pos=both	A	5.00	5.00	3:5	1
80118B0C	PGATourSimulation	fn_80118B0C	GM_PgaTourSim_DetermineTargetScores	TW07 PS3	PGATourSimulation.c	2196	void GM_PgaTourSim_DetermineTargetScores(enum PlayerNumber_t userID, int lowRoundScore)	void(int nPlayer, int n)	E2b,sig,inl-only,nbr,pos=both,weak	C	5.00	5.00	2:4	
80118E30	PGATourSimulation	fn_80118E30	GM_PgaTourSim_GetNameFromGolferID	TW07 PS3	PGATourSimulation.c	2365	const char* GM_PgaTourSim_GetNameFromGolferID(enum PlayerNumber_t userID, int golferID)	char*(int nPlayer, int nGolfer)	E2b,sig,size!,pos=both	C	1.50	1.50	2:4	
8011903C	PGATourSimulation	fn_8011903C	GM_PgaTourSim_GetNEventsFromGolferID	TW07 PS3	PGATourSimulation.c	2533	int GM_PgaTourSim_GetNEventsFromGolferID(enum PlayerNumber_t userID, int golferID)	s32(int nPlayer, int nGolfer)	E2b,sig,size~,pos=both,run7	A	4.00	1.00	2:3	1
80119064	PGATourSimulation	fn_80119064	GM_PgaTourSim_GetNRoundsFromGolferID	TW07 PS3	PGATourSimulation.c	2542	int GM_PgaTourSim_GetNRoundsFromGolferID(enum PlayerNumber_t userID, int golferID)	s32(int nPlayer, int nGolfer)	E2b,sig,size~,pos=both,run7	A	4.00	1.00	2:3	1
80119588	PGATourSimulation	fn_80119588	GM_PgaTourSim_GetBestOpponentRelativeScore	TW07 PS3	PGATourSimulation.c	2812	int GM_PgaTourSim_GetBestOpponentRelativeScore(enum PlayerNumber_t userID, bool includeCurrHole)	s32(int nPlayer, u8 b)	E2b,sig,size,pos=1:1,run9	A	5.00	5.00	1:1	1
80119808	PGATourSimulation	fn_80119808	GM_PgaTourSim_IsEntrantTied	TW07 PS3	PGATourSimulation.c	2915	bool GM_PgaTourSim_IsEntrantTied(enum PlayerNumber_t userID, int entrantID)	u8(int nPlayer, int nEntrant)	E2b,sig,size,pos=both	A	5.00	5.00	1:2	1
801198F8	PGATourSimulation	fn_801198F8	GM_PgaTourSim_AdvancePlayerAndGuests	TW07 PS3	PGATourSimulation.c	3009	void GM_PgaTourSim_AdvancePlayerAndGuests(enum PlayerNumber_t userID, int holeNum)	void(int nPlayer, int nHole)	E2b,sig,size?,pos=both,run4	B	3.00	3.00	1:3	1
80119AE0	PGATourSimulation	fn_80119AE0	FindFirstCutEntrantIndex	TW07 PS3	PGATourSimulation.c	3155	int FindFirstCutEntrantIndex(enum PlayerNumber_t userID)	s32(int nPlayer)	E2b,sig,inl-only,pos=both	C	2.25	0.00	2:2	
8011A074	PGATourSimulation	fn_8011A074	GM_PgaTourSim_SimEntrantStatsOnHole	TW07 PS3	PGATourSimulation.c	3682	void GM_PgaTourSim_SimEntrantStatsOnHole(enum PlayerNumber_t userID, int round, int entrantID, int holeNum)	void(int nPlayer, int nRound, int nEntrant, int nHole)	E2b,sig,inl-only,pos=both,weak	C	4.50	4.50	2:2	
8011A538	PGATourSimulation	fn_8011A538	GM_PgaTourSim_SimStats	TW07 PS3	PGATourSimulation.c	3919	void GM_PgaTourSim_SimStats(enum PlayerNumber_t userID)	void(int nPlayer)	E2b,sig,size!,pos=both	C	0.75	0.75	2:2	
8011AAC0	PGATourSimulation	fn_8011AAC0	CalcScoreRankingsForCutEntrants	TW07 PS3	PGATourSimulation.c	4852	void CalcScoreRankingsForCutEntrants(enum PlayerNumber_t userID)	void(int nPlayer)	E2b,sig,inl-only,nbr,pos=both,run14	B	4.25	4.25	1:1	1
8011AC40	PGATourSimulation	fn_8011AC40	CalcRankingsForStat	TW07 PS3	PGATourSimulation.c	4940	void CalcRankingsForStat(enum PlayerNumber_t userID, enum GM_Pga_StatTypes_t statType)	void(int nPlayer, GM_Pga_StatTypes_t nStat)	E2b,sig,size,pos=both,run14	A	5.00	4.00	2:2	1
8011AE1C	PGATourSimulation	fn_8011AE1C	CalcSimplePlayerStats	TW07 PS3	PGATourSimulation.c	4986	void CalcSimplePlayerStats(enum PlayerNumber_t userID, int golferID)	void(int nPlayer, int nGolfer)	E2b,sig,inl-only,pos=both,run14	B	3.00	3.00	2:2	1
8011AF60	PGATourSimulation	fn_8011AF60	CalcComplex1PlayerStats	TW07 PS3	PGATourSimulation.c	5026	void CalcComplex1PlayerStats(int golferID)	void(int nGolfer)	E2b,sig,inl-only,pos=both,run14	B	2.25	2.25	1:1	1
8011B094	PGATourSimulation	fn_8011B094	CalcComplex2PlayerStats	TW07 PS3	PGATourSimulation.c	5064	void CalcComplex2PlayerStats(int golferID)	void(int nGolfer)	E2b,sig,inl-only,pos=both,run14	B	2.25	2.25	1:1	1
8011BBD8	PGATourSimulation	fn_8011BBD8	StatRankIncreasing	TW07 PS3	PGATourSimulation.c	5513	int StatRankIncreasing(const void* arg1, const void* arg2)	s32(const void* pA, const void* pB)	E2b,sig,size,pos=both,run6	A	5.00	5.00	2:2	1
8011BCFC	PGATourSimulation	fn_8011BCFC	StatRankDecreasing	TW07 PS3	PGATourSimulation.c	5571	int StatRankDecreasing(const void* arg1, const void* arg2)	s32(const void* pA, const void* pB)	E2b,sig,size,pos=both,run6	A	5.00	5.00	2:2	1
8011C054	PGATourSimulation	fn_8011C054	PlayPGAAwardVideo	TW07 PS3	PGATourSimulation.c	5721	void PlayPGAAwardVideo(int movieIndex, int numRandom)	void(int nA, int nB)	E2b,sig,size!,pos=1:1,dup	C	1.50	1.50	1:1	
8011C058	PGATourSimulation	fn_8011C058	GM_PgaTourSim_SetStatsDirty	TW07 PS3	PGATourSimulation.c	5755	void GM_PgaTourSim_SetStatsDirty(bool val)	void(u8 bDirty)	E2b,sig,size?,pos=both	B	2.25	2.00	3:12	1
8011C060	PGATourSimulation	fn_8011C060	GM_PgaTourSim_SetScoresDirty	TW07 PS3	PGATourSimulation.c	5760	void GM_PgaTourSim_SetScoresDirty(bool val)	void(u8 bDirty)	E2b,sig,size?,pos=both	B	2.25	2.00	3:12	1
8011C504	SkinMorph	fn_8011C504	SkinMorph_SetTargetWeight	TW07 PS3	SkinMorph.c	9	void SkinMorph_SetTargetWeight(struct TSkin* pSkin, int32 iTarget, float fWeight)	void(SkinMorphWork* pWork, s32 nVerts, f32 fWeight)	E2b,sig,size,pos=both	C	5.75	1.00	26:4	
8011CD84	SkinMorph	fn_8011CD84	SkinMorph_Destroy	TW07 PS3	SkinMorph.c	49	void SkinMorph_Destroy(struct TSkin* pSkin)	void(Skin* pSkin)	E2b,sig,size,pos=both,weak	C	4.25	1.50	26:4	
8011CE58	SkinMorph	fn_8011CE58	SkinMorph_UpdateAllTargets	TW07 PS3	SkinMorph.c	61	void SkinMorph_UpdateAllTargets(struct TSkin* pSkin)	void(Skin* pSkin)	E2b,sig,size~,pos=both,weak	C	3.25	1.50	26:4	
8011D268	fe_stats	fn_8011D268	UIStatsRankings_SetActiveGolfer	TW07 PS3	FE_Stats.c	340	void UIStatsRankings_SetActiveGolfer(int32 golferID)	void(MsgArg* pArgs, MsgArg* pResult)	E2b,sig!,size,pos=both	C	0.50	0.00	2:6	
8011D280	EventInfo	fn_8011D280	FE_CrAP_GetCategorySubcategoryFromAssetID	TW07 PS3	FE_CrAPDB.c	3395	void FE_CrAP_GetCategorySubcategoryFromAssetID(int32 assetID, FE_CrAP_Asset_Category_e* category, int32* subcategory)	void(int nLine, char* szLabel, char* szValue)	E2b,sig,size!,pos=none	C	2.25	1.75	10:146	
8011D4DC	EventInfo	fn_8011D4DC	FE_CrAP_GetAssetNameFromAssetID	TW07 PS3	FE_CrAPDB.c	4064	void FE_CrAP_GetAssetNameFromAssetID(int assetID, char* assetName, size_t assetNameBufLen)	void(int nLine, char* szLabel, char* szValue)	E2b,sig~,size,pos=none	C	3.00	2.00	10:146	
8011D658	EventInfo	fn_8011D658	FE_CrAP_SetCrAPDrawState	TW07 PS3	FE_CrAPDB.c	5176	void FE_CrAP_SetCrAPDrawState(FE_CrAP_Asset_Category_e category, int32 subCategoryIndex, FE_CrAP_Asset_Slot_e itemSlot)	void(int nLine, char* szLabel, char* szValue)	E2b,sig?,size,pos=none	C	2.00	2.00	10:146	
8011D858	EventInfo	fn_8011D858	FE_CrAP_GetCategorySubcategoryFromCategorySubcategoryEntryNum	TW07 PS3	FE_CrAPDB.c	5328	void FE_CrAP_GetCategorySubcategoryFromCategorySubcategoryEntryNum(int32 entryNum, FE_CrAP_Asset_Category_e* category, int32* subcategory)	void(int nLine, char* szLabel, char* szValue)	E2b,sig,size~,pos=none	C	4.75	3.50	10:146	
8011D878	EventInfo	fn_8011D878	FE_CrAP_GetAssetEquippedTokensForCurrentUser	TW07 PS3	FE_CrAPDB.c	5354	void FE_CrAP_GetAssetEquippedTokensForCurrentUser(int assetID, int8* tokenTypePerSlot, int32 bufferSize)	void(int nLine, char* szLabel, char* szValue)	E2b,sig~,size~,pos=none	C	2.00	0.00	10:146	
8011DA44	EventInfo	fn_8011DA44	Preset_ApplyAsset	TW07 PS3	FE_CrAPDB.c	5379	void Preset_ApplyAsset(int assetID, int user_index, struct TCharacter* pCharacter)	void(int nLine, char* szLabel, char* szValue)	E2b,sig~,size~,pos=none,dup	C	2.00	0.00	10:146	
8011DC30	EventInfo	fn_8011DC30	GameModeDriverPGATour_GetUserAndGuestNameList	TW07 PS3	GameModeDriver_PGATour.cpp	3777	void GameModeDriverPGATour::GetUserAndGuestNameList(this, char* names, size_t namesBufLen, bool cut)	void(int nLine, char* szLabel, char* szValue)	E2b,sig?,size,pos=none	C	2.00	0.00	10:134	
8011DDFC	EventInfo	fn_8011DDFC	GameModeDriverRTE_ScenarioMarkerActor	TW07 PS3	GameModeDriver_RealTimeEvents.cpp	420	void GameModeDriverRTE::ScenarioMarkerActor(this, TBasicParamPtr pData)	void(MsgArg* pArgs, MsgArg* pResult)	E2b,sig,size~,pos=none,dup	C	4.00	1.00	10:62	
8011DEF0	EventInfo	fn_8011DEF0	GameModeDriverRTE_SetupEvent	TW07 PS3	GameModeDriver_RealTimeEvents.cpp	624	void GameModeDriverRTE::SetupEvent(this, const struct EventData_t* pData)	void(MsgArg* pArgs, MsgArg* pResult)	E2b,sig,size~,pos=none	C	4.00	1.00	10:62	
8011DF90	EventInfo	fn_8011DF90	GameModeDriverRTE_UI_SetEventInfoText	TW07 PS3	GameModeDriver_RealTimeEvents.cpp	1558	void GameModeDriverRTE::UI_SetEventInfoText(this, CalendarDate date)	void(MsgArg* pArgs, MsgArg* pResult)	E2b,sig,size?,pos=none	C	3.00	1.00	10:62	
80122834	TibExt	fn_80122834	SFIO_vFlushCallback	TW07 PS3	SharedFileIOCallbacks.c	976	void SFIO_vFlushCallback(int32 iHandle)	void(int uHandle)	E2b,sig,size,inl1,pos=both,run16	A	5.75	5.75	2:2	1
80122868	TibExt	fn_80122868	SFIO_vSetAttrCallback	TW07 PS3	SharedFileIOCallbacks.c	1004	void SFIO_vSetAttrCallback(int32 iHandle, uint32 uAttr)	void(int uHandle, u32 uValue)	E2b,sig,size,inl1,pos=both,run16	A	6.50	6.50	2:2	1
80124A40	EASportsBio	fn_80124A40	GO_vSetGenericFrameStates	TW07 PS3	GoMainLoop.c	929	void GO_vSetGenericFrameStates()	void()	E2b,sig,size,pos=none,dup	C	3.50	0.50	42:28	
80124A70	EASportsBio	fn_80124A70	GO_vCloseFacility	TW07 PS3	GoMainLoop.c	1452	void GO_vCloseFacility()	void()	E2b,sig,size~,pos=none,dup	C	2.50	0.50	42:28	
80124B54	EASportsBio	fn_80124B54	GO_vRenderApt	TW07 PS3	GoMainLoop.c	2676	void GO_vRenderApt()	void()	E2b,sig,size,pos=none,dup	C	3.50	0.00	42:28	
80124BDC	EASportsBio	fn_80124BDC	GO_vRenderDarknessForMCSystemUI	TW07 PS3	GoMainLoop.c	2702	void GO_vRenderDarknessForMCSystemUI()	f32()	E2b,sig,size,pos=none,dup	C	2.00	0.00	42:28	
80124C10	EASportsBio	fn_80124C10	GO_vRenderClubHouse	TW07 PS3	GoMainLoop.c	3883	void GO_vRenderClubHouse()	void()	E2b,sig,inl-only,pos=none,dup	C	1.50	0.00	42:28	
801250C0	EASportsBio	fn_801250C0	GO_vPreRenderFE	TW07 PS3	GoMainLoop.c	3892	void GO_vPreRenderFE()	void()	E2b,sig,size?,pos=none,dup	C	1.50	0.00	42:28	
80125118	EASportsBio	fn_80125118	GM_CanStartReplay	TW07 PS3	GameMode.c	1363	bool GM_CanStartReplay(enum PlayerNumber_t PlayerID)	int(s32* pArgs)	E2b,sig~,size,pos=none,dup	C	3.00	2.50	42:38	
801251EC	EASportsBio	fn_801251EC	GameMode_IsExcludedAnimationTeeBox	TW07 PS3	GameMode.c	1811	bool GameMode_IsExcludedAnimationTeeBox(enum PlayerNumber_t iPlayer)	s32(s32* pArgs)	E2b,sig~,size,pos=none,dup	C	3.00	2.50	42:38	
801254B8	EASportsBio	fn_801254B8	GM_AllowNextGolfer	TW07 PS3	GameMode.c	2164	bool GM_AllowNextGolfer()	s32()	E2b,sig,size~,pos=none,dup	C	2.50	1.00	42:38	
801254EC	EASportsBio	fn_801254EC	GM_DisplayGameModeInfo	TW07 PS3	GameMode.c	2239	void GM_DisplayGameModeInfo()	s32()	E2b,sig,size~,pos=none,dup	C	1.00	1.00	42:38	
80125520	EASportsBio	fn_80125520	GM_SetFreeDrop	TW07 PS3	GameMode.c	2340	void GM_SetFreeDrop(bool flag)	s32(u8 b)	E2b,sig,size~,pos=none,dup	C	1.75	0.00	42:38	
801255F8	EASportsBio	fn_801255F8	GM_IsFreeDrop	TW07 PS3	GameMode.c	2341	bool GM_IsFreeDrop()	s32()	E2b,sig,size~,pos=none,dup	C	2.50	0.00	42:38	
8012566C	EASportsBio	fn_8012566C	GM_SetGolferConceding	TW07 PS3	GameMode.c	2380	void GM_SetGolferConceding(bool val)	void(s32 p0)	E2b,sig,size~,pos=none,dup	C	3.25	0.00	42:38	
80125680	EASportsBio	fn_80125680	GM_Signal_AllowTargetingMarkerMovement	TW07 PS3	GameMode.c	2824	void GM_Signal_AllowTargetingMarkerMovement(bool allowMovement)	void(s32 p0)	E2b,sig,size,pos=none	C	4.25	0.00	42:38	
801256B8	EASportsBio	fn_801256B8	SetDPadAnalogEmulationFlag	TW07 PS3	GoMainLoop.c	4053	void SetDPadAnalogEmulationFlag()	EASBio_eReward()	E2b,sig,size,pos=none,dup	C	3.00	0.00	42:28	
801257A0	EASportsBio	fn_801257A0	GM_IsFacilityDriver	TW07 PS3	GameMode.c	4060	bool GM_IsFacilityDriver()	u8()	E2b,sig,size,pos=none	C	3.50	0.00	42:38	
801258E8	EASportsBio	fn_801258E8	_ShutdownMatch	TW07 PS3	GoMainLoop.c	4604	void _ShutdownMatch()	s32()	E2b,sig,size,pos=none,dup	C	2.00	2.00	42:28	
80125928	EASportsBio	fn_80125928	GM_IsPGATourDriver	TW07 PS3	GameMode.c	4085	bool GM_IsPGATourDriver()	s32()	E2b,sig,size,pos=none,dup	C	3.50	0.00	42:38	
80125C5C	GameMode22	fn_80125C5C	CalDate_AddMonths	TW07 PS3	Calendar.c	194	void CalDate_AddMonths(CalendarDate* pDate, int32 months)	void(MsgArg* pArgs, MsgArg* pResult)	E2b,sig~,size,pos=none,dup	C	3.00	0.00	40:4	
80125D78	GameMode22	fn_80125D78	CalDate_AddYears	TW07 PS3	Calendar.c	228	void CalDate_AddYears(CalendarDate* pDate, int32 years)	void(MsgArg* pArgs, MsgArg* pResult)	E2b,sig~,size,pos=none,dup	C	3.00	0.00	40:4	
801295D8	EASBStorage	fn_801295D8	TibExtDebugBreak	TW07 PS3	TibExt.c	74	void TibExtDebugBreak(Char* strFile, uint32 uLine, Char* strValue, Char* strComment)	void(u8* pBuffer, s32* pnOffset, u32 uLength, char* sz)	E2b,sig?,size~,pos=none	C	1.00	0.00	91:3	
8012C888	EASBStorage	fn_8012C888	TibExtDebugPrintf	TW07 PS3	TibExt.c	106	int32 TibExtDebugPrintf(const Char* fmt)	EASBErrorE(u32* pOut)	E2b,sig,size,pos=none	C	3.75	0.00	91:3	
8012CCD8	EASB	fn_8012CCD8	TibExt_SetCurrentMemoryPool	TW07 PS3	TibExt.c	32	void TibExt_SetCurrentMemoryPool(int ePool)	EASBErrorE(s32 nNeed)	E2b,sig,size!,pos=none	C	0.25	0.00	44:3	
8012DE38	EASB	fn_8012DE38	TibExtDebugPrintf	TW07 PS3	TibExt.c	106	int32 TibExtDebugPrintf(const Char* fmt)	EASBErrorE(u32* pOut)	E2b,sig,size,pos=none,dup	C	3.75	0.00	44:3	
8016DA84	Common/SharedFileIO/SharedFileIO	fn_8016DA84_StartUnmount	SFIORecoverUnMountStart	TW06 PS2 EA_DASH	SharedFileIO.c	22ED70	SFIOErrorE SFIORecoverUnMountStart(SFIODeviceE eDevice, SFIOProcessE *pProcess)	int(int eDevice, int* pProcess)	E2,sig,pos=both,run48	A	3.00	3.00	22:22	1
8016EA60	Common/SharedFileIO/SharedFileIO	fn_8016EA60_ContinueIdle	_SFIOProcessNoAction	TW06 PS2 EA_DASH	SharedFileIO.c	22F260	static SFIOErrorE _SFIOProcessNoAction(SFIOErrorE eError, SFIOProcessE *pProcess, Int32 *pResult)	int(int eError, void* pArg1, void* pArg2)	E2,sig,pos=both,run48	A	3.75	3.75	22:22	1
8016EA94	Common/SharedFileIO/SharedFileIO	fn_8016EA94_ContinueOpen	_SFIOProcessOpen	TW06 PS2 EA_DASH	SharedFileIO.c	22F268	static SFIOErrorE _SFIOProcessOpen(SFIOErrorE eError, SFIOProcessE *pProcess, Int32 *pResult)	int(int eError, int* pProcess, int* pResult)	E2,sig,pos=both,run48	A	3.75	3.75	22:22	1
8016EF90	Common/SharedFileIO/SharedFileIO	fn_8016EF90_ContinueSeekReadWrite	_SFIOProcessSeekReadWrite	TW06 PS2 EA_DASH	SharedFileIO.c	22F558	static SFIOErrorE _SFIOProcessSeekReadWrite(SFIOErrorE eError, SFIOProcessE *pProcess, Int32 *pResult)	int(int eError, int* pProcess, int* pResult)	E2,sig,pos=both,run48	A	3.75	3.75	22:22	1
8016F148	Common/SharedFileIO/SharedFileIO	fn_8016F148_ContinueClose	_SFIOProcessClose	TW06 PS2 EA_DASH	SharedFileIO.c	22F660	static SFIOErrorE _SFIOProcessClose(SFIOErrorE eError, SFIOProcessE *pProcess, Int32 *pResult)	int(int eError, int* pProcess, int* pResult)	E2,sig,pos=both,run48	A	3.75	3.75	22:22	1
8016FBB8	Common/SharedFileIO/SharedFileIO	fn_8016FBB8_DeleteStart	SFIODeleteStart	TW06 PS2 EA_DASH	SharedFileIO.c	22FD70	SFIOErrorE SFIODeleteStart(Char *pFilename, SFIODeviceE eDevice, SFIOSortE eSort)	int(const char* pName, int eDevice, int uSearchDirection)	E2,sig,pos=both,run48	A	3.75	3.75	2:2	1
8017009C	Common/SharedFileIO/SharedFileIO	fn_8017009C_OpenStart	SFIOOpenStart	TW06 PS2 EA_DASH	SharedFileIO.c	2300E8	SFIOErrorE SFIOOpenStart(Char *pFilename, SFIODeviceE eDevice, SFIOSortE eSort)	int(const char* pName, int eDevice, int uSearchDirection)	E2,sig,pos=both,run48	A	3.75	3.75	8:8	1
8017124C	Common/SharedFileIO/SharedFileIO	fn_8017124C	SFIOCalculateSaveSize	TW06 PS2 EA_DASH	SharedFileIO.c	230E80	void SFIOCalculateSaveSize(SFIOSystemDataT *pData, Uint32 *pSize, Uint32 *pEntries)	void(SFIODescriptor* pDescriptor, u32* pSize, u32* pEntries)	E2,sig,pos=both,run48	A	4.25	4.25	5:5	1
80171294	Common/SharedFileIO/SharedFileIO	fn_80171294_GetChecksumInterface	SFIOGetSignatureMethod	TW06 PS2 EA_DASH	SharedFileIO.c	230EA0	void SFIOGetSignatureMethod(ChecksumType_t **pSignature)	void(void* const** ppInterface)	E2,sig,pos=both,run48	A	2.75	2.75	5:5	1
80171308	NGC/SharedFileIO/llSharedFileIO	fn_80171308	llSFIOGetDeviceInformation	TW06 PS2 EA_DASH	llSharedFileIO.c	230EE0	void llSFIOGetDeviceInformation(SFIODeviceE eDevice, SFIODeviceInformationT *pDeviceInfo)	void(int eDevice, u8* pDeviceInfo)	E2,sig,pos=both	B	3.50	2.00	2:1	2
801715B8	NGC/SharedFileIO/llSharedFileIO	fn_801715B8	llSFIOMakeSearchName	TW06 PS2 EA_DASH	llSharedFileIO.c	230F78	Char* llSFIOMakeSearchName(Char *pSearchName, SFIOSystemDataT *pSysData, Char *pSharedName)	char*(char* pSearchName, SFIODescriptor* pSysData, const char* pFilename)	E2,sig,pos=both	B	4.25	4.25	15:11	1
80171744	NGC/SharedFileIO/llSharedFileIO	fn_80171744	llSFIOMakeNames	TW06 PS2 EA_DASH	llSharedFileIO.c	231190	void llSFIOMakeNames(Char *pDirName, Char *pFileName, SFIOSystemDataT *pSysData, Char *pSharedName)	void(char* pDirName, char* pFileName, SFIODescriptor* pSysData, const char* pSharedName)	E2,sig,pos=both	A	5.00	5.00	15:11	1
80171E94	NGC/SharedFileIO/llSharedFileIO	fn_80171E94	llSFIOProcessCreate	TW06 PS2 EA_DASH	llSharedFileIO.c	231578	SFIOErrorE llSFIOProcessCreate(SFIOErrorE eError, SFIOProcessE *pProcess, Int32 *pResult)	int(int eError, int* pProcess, int* pResult)	E2,sig,pos=both,run8	A	3.75	3.75	15:11	1
801727C8	NGC/SharedFileIO/llSharedFileIO	fn_801727C8	llSFIOProcessDelete	TW06 PS2 EA_DASH	llSharedFileIO.c	231B48	SFIOErrorE llSFIOProcessDelete(SFIOErrorE eError, SFIOProcessE *pProcess, Int32 *pResult)	int(int eError, int* pProcess, int* pResult)	E2,sig,pos=both,run8	A	3.75	3.75	15:11	1
80172D54	NGC/SharedFileIO/llSharedFileIO	fn_80172D54	llSFIOValidateFilename	TW06 PS2 EA_DASH	llSharedFileIO.c	231FC0	Bool llSFIOValidateFilename(Char *pFilename)	BOOL(const char* pFilename)	E2,sig,pos=both,run8	A	2.75	2.75	15:11	1
80172D7C	NGC/SharedFileIO/llSharedFileIO	fn_80172D7C	llSFIOCalculateSaveSize	TW06 PS2 EA_DASH	llSharedFileIO.c	231FC8	void llSFIOCalculateSaveSize(SFIOSystemDataT *pData, Uint32 *pSize, Uint32 *pEntries)	void(SFIODescriptor* pData, u32* pSize, u32* pEntries)	E2,sig,pos=both,run8	A	4.25	4.25	15:11	1
80172F48	NGC/SharedFileIO/llSharedFileIO	fn_80172F48	llSFIOGetSignatureMethod	TW06 PS2 EA_DASH	llSharedFileIO.c	232010	void llSFIOGetSignatureMethod(ChecksumType_t **pSignature)	void(void* const** ppInterface)	E2,sig,pos=both,run8	A	2.75	2.75	15:11	1
80172FA4	NGC/SharedFileIO/llSharedFileIO	fn_80172FA4	llSFIOEnableSharing	TW06 PS2 EA_DASH	llSharedFileIO.c	232040	void llSFIOEnableSharing(Bool bEnable)	void(BOOL bEnable)	E2,sig,pos=both,run8	A	2.75	2.75	15:11	1
80173000	NGC/SharedFileIO/llSharedFileIO	fn_80173000	llSFIOGetReservedSize	TW06 PS2 EA_DASH	llSharedFileIO.c	232048	Uint32 llSFIOGetReservedSize()	u32()	E2,sig,pos=both,run8	A	1.50	1.50	15:11	1
80173024	NGC/SharedFileIO/llSharedFileIO	fn_80173024	llSFIOValidateSystemData	TW06 PS2 EA_DASH	llSharedFileIO.c	232050	SFIOErrorE llSFIOValidateSystemData(SFIOSystemDataT *pSysData)	int(SFIODescriptor* pDescriptor)	E2,sig,pos=both,run8	A	2.25	2.25	15:11	1
80174DF0	Common/TagFile/TagFile	fn_80174DF0_Delete	TagFileDeleteStart	TW06 PS2 EA_DASH	TagFile.c	232CC0	TagErrorE TagFileDeleteStart(Char *pFilename, SFIODeviceE eDevice, SFIOSortE eSort)	int(const char* pName, int eDevice, int uSearchDirection)	E2,sig,pos=both,run41	A	3.75	3.75	41:41	1
