file	functions	source
AI_Brain.cpp	53	c:/dev/Tiger/DL_Default/TigerCode/Code/Golf/AI/AI_Brain.cpp
AI_Brain.h	6	../../../../../TIGERCODE/Code/Golf/AI/Headers/AI_Brain.h
AI_Core.cpp	41	c:/dev/Tiger/DL_Default/TigerCode/Code/Golf/AI/AI_Core.cpp
AI_Core.h	13	../../../../../TIGERCODE/Code/Golf/Ai/Headers/AI_Core.h
AI_Core.h.2	3	../../../../../TIGERCODE/Code/Golf/AI/Headers/AI_Core.h
AI_FeatureNetworks.cpp	41	c:/dev/Tiger/DL_Default/TigerCode/Code/Golf/AI/AI_FeatureNetworks.cpp
AI_FeatureNetworks.h	5	../../../../../TIGERCODE/Code/Golf/Ai/Headers/AI_FeatureNetworks.h
APT_FE_GameMessages.c	148	c:/dev/Tiger/DL_Default/TigerCode/Code/golf/ui_core/frontend/GameMessages/APT_FE_GameMessages.c
APT_IG_GameMessages.c	154	c:/dev/Tiger/DL_Default/TigerCode/Code/Golf/UI_Core/InGame/APT_IG_GameMessages.c
ASyncParams.h	3	C:/Dev/Tiger/DL_Default/TigerCode/packages/t3db/2.21.03-RW-EAC/include/common/t3db/ASyncParams.h
ActionUserStrategyAbstract.h	3	C:/Dev/Tiger/DL_Default/TigerCode/packages/OSDK/2.06.04/core/source/common/./ActionUserStrategyAbstract.h
AnalysisUtilities.c	57	c:/dev/Tiger/DL_Default/TigerCode/Code/golf/gamemode/AnalysisUtilities.c
AnimBlender.c	42	c:/dev/Tiger/DL_Default/TigerCode/Code/golf/animation/AnimBlender.c
AnimBlender.h	11	../../../../../TIGERCODE/Code/Golf/Animation/Headers/AnimBlender.h
AnimNode.cpp	5	c:/dev/Tiger/DL_Default/TigerCode/packages/ears_rt_cct/dev/api_src/Internal/AnimNode.cpp
Apt.cpp	40	c:/dev/Tiger/DL_Default/TigerCode/Code/AptInterface/AptPackage/Apt.cpp
AptActionInterpreter.cpp	36	c:/dev/Tiger/DL_Default/TigerCode/Code/AptInterface/AptPackage/AptActionInterpreter.cpp
AptAnimation.cpp	19	c:/dev/Tiger/DL_Default/TigerCode/Code/AptInterface/AptPackage/AptAnimation.cpp
AptArray.cpp	8	c:/dev/Tiger/DL_Default/TigerCode/Code/AptInterface/AptPackage/AptArray.cpp
AptCharacter.cpp	28	c:/dev/Tiger/DL_Default/TigerCode/Code/AptInterface/AptPackage/AptCharacter.cpp
AptCharacterInstSprite.cpp	4	c:/dev/Tiger/DL_Default/TigerCode/Code/AptInterface/AptPackage/AptCharacterInstSprite.cpp
AptContext.cpp	3	c:/dev/Tiger/DL_Default/TigerCode/Code/AptInterface/AptPackage/AptContext.cpp
AptDisplayList.cpp	29	c:/dev/Tiger/DL_Default/TigerCode/Code/AptInterface/AptPackage/AptDisplayList.cpp
AptExternalContext.cpp	8	c:/dev/Tiger/DL_Default/TigerCode/Code/AptInterface/AptPackage/AptExternalContext.cpp
AptExternalContext.h	2	c:/dev/Tiger/DL_Default/TigerCode/Code/AptInterface/AptPackage/AptExternalContext.h
AptInput.cpp	5	c:/dev/Tiger/DL_Default/TigerCode/Code/AptInterface/AptPackage/AptInput.cpp
AptLoad.cpp	19	c:/dev/Tiger/DL_Default/TigerCode/Code/AptInterface/AptPackage/AptLoad.cpp
AptMiscObjects.cpp	2	c:/dev/Tiger/DL_Default/TigerCode/Code/AptInterface/AptPackage/AptMiscObjects.cpp
AptMovie.cpp	6	c:/dev/Tiger/DL_Default/TigerCode/Code/AptInterface/AptPackage/AptMovie.cpp
AptNativeHash.cpp	8	c:/dev/Tiger/DL_Default/TigerCode/Code/AptInterface/AptPackage/AptNativeHash.cpp
AptObjects.h	2	../../../../../TIGERCODE/Code/AptInterface/AptPackage/AptObjects.h
AptRand.cpp	3	c:/dev/Tiger/DL_Default/TigerCode/Code/AptInterface/AptPackage/AptRand.cpp
AptRenderingContext.cpp	1	c:/dev/Tiger/DL_Default/TigerCode/Code/AptInterface/AptPackage/AptRenderingContext.cpp
AptSharedPtr.h	13	../../../../../TIGERCODE/Code/AptInterface/AptPackage/AptSharedPtr.h
AptSpriteMembers.h	2	../../../../../TIGERCODE/Code/AptInterface/AptPackage/AptSpriteMembers.h
AptString.cpp	6	c:/dev/Tiger/DL_Default/TigerCode/Code/AptInterface/AptPackage/AptString.cpp
AptTextMembers.h	2	../../../../../TIGERCODE/Code/AptInterface/AptPackage/AptTextMembers.h
AptValue.cpp	16	c:/dev/Tiger/DL_Default/TigerCode/Code/AptInterface/AptPackage/AptValue.cpp
AptVersion.cpp	1	c:/dev/Tiger/DL_Default/TigerCode/Code/AptInterface/AptPackage/AptVersion.cpp
ArrayTemplate.cpp	4	c:/dev/Tiger/DL_Default/TigerCode/Code/aptInterface/ArrayTemplate.cpp
Asset.cpp	39	c:/dev/Tiger/DL_Default/TigerCode/Code/Golf/Rna/Asset/Asset.cpp
Asset.h	14	../../../../../TIGERCODE/Code/Golf/RNA/Asset/Asset.h
AssetResolveHandlers.cpp	10	c:/dev/Tiger/DL_Default/TigerCode/Code/Golf/Rna/Asset/AssetResolveHandlers.cpp
Attrib.cpp	17	C:/Dev/Tiger/DL_Default/TigerCode/packages/RNA/dev-2.0-golf/RNA/rnax/source/RNAUtils/Attrib.cpp
Attrib.h	42	C:/Dev/Tiger/DL_Default/TigerCode/packages/RNA/dev-2.0-golf/RNA/RNAX/include/RNAUtils/Attrib.h
AudStrToGuid.cpp	2	c:/dev/Tiger/DL_Default/TigerCode/Code/golf/audio/AudStrToGuid.cpp
AudioLiveUpdate.cpp	17	c:/dev/Tiger/DL_Default/TigerCode/Code/golf/audio/AudioLiveUpdate.cpp
BallPathPreview.cpp	14	c:/dev/Tiger/DL_Default/TigerCode/Code/golf/hi-rendering/BallPathPreview.cpp
BallPathPreview.h	3	c:/dev/Tiger/DL_Default/TigerCode/Code/golf/hi-rendering/Headers/BallPathPreview.h
BallPathPreviewMeter.cpp	3	c:/dev/Tiger/DL_Default/TigerCode/Code/golf/hi-rendering/BallPathPreviewMeter.cpp
BallPathPreviewMeter.h	2	../../../../../TIGERCODE/Code/Golf/Hi-Rendering/Headers/BallPathPreviewMeter.h
BallPathPreviewMgr.cpp	8	c:/dev/Tiger/DL_Default/TigerCode/Code/golf/hi-rendering/BallPathPreviewMgr.cpp
BallPathPreviewMgr.h	3	c:/dev/Tiger/DL_Default/TigerCode/Code/golf/hi-rendering/Headers/BallPathPreviewMgr.h
BallPathPreviewMgr.h.2	1	c:/dev/Tiger/DL_Default/TigerCode/Code/Golf/Hi-Rendering/Headers/BallPathPreviewMgr.h
Bank.cpp	8	c:/dev/Tiger/DL_Default/TigerCode/packages/ears_rt_cct/dev/api_src/Bank.cpp
BezierPath.cpp	5	c:/dev/Tiger/DL_Default/TigerCode/Code/Headgate/SOURCE/Utils/BezierPath.cpp
BezierPath.h	1	c:/dev/Tiger/DL_Default/TigerCode/Code/Headgate/SOURCE/Utils/BezierPath.h
BitData.cpp	5	C:/Dev/Tiger/DL_Default/TigerCode/packages/t3db/2.21.03-RW-EAC/source/PS3/BitData.cpp
BoastChallenges.cpp	36	c:/dev/Tiger/DL_Default/TigerCode/Code/Golf/GameMode/BoastChallenges.cpp
BoastChallenges.h	1	../../../../../TIGERCODE/Code/Golf/GameMode/Headers/BoastChallenges.h
BudgetInfo.cpp	17	c:/dev/Tiger/DL_Default/TigerCode/Code/Golf/Performance/BudgetInfo.cpp
BulkBuild_runtime.OSDK.bulkbuild.sourcefiles.cpp	4	C:/Dev/Tiger/DL_Default/TigerCode/build/Buildable-Packages/OSDK/2.06.04/ps3-gcc-rw-dev-opt/build/source/BulkBuild_runtime.OSDK.bulkbuild.sourcefiles.cpp
CCT.cpp	9	c:/dev/Tiger/DL_Default/TigerCode/packages/ears_rt_cct/dev/api_src/CCT.cpp
CGFXShader.cpp	49	C:/Dev/Tiger/DL_Default/TigerCode/packages/RNA/dev-2.0-golf/RNA/rnax/source/RNAX/PS3/CGFXShader.cpp
CGFXShader.h	1	C:/Dev/Tiger/DL_Default/TigerCode/packages/RNA/dev-2.0-golf/RNA/RNAX/include/RNAX/ps3/RNAX/CGFXShader.h
CRCloudShadows.cpp	6	c:/dev/Tiger/DL_Default/TigerCode/Code/Headgate/SOURCE/Game/Engine/CRCloudShadows.cpp
CRCloudShadows.h	3	../../../../../TIGERCODE/Code/Headgate/SOURCE/Game/Engine/CRCloudShadows.h
CRCloudShadows.h.2	3	c:/dev/Tiger/DL_Default/TigerCode/Code/Headgate/SOURCE/Game/Engine/CRCloudShadows.h
CRData.cpp	12	c:/dev/Tiger/DL_Default/TigerCode/Code/Headgate/SOURCE/Game/Engine/CRData.cpp
CRData.h	1	../../../../../TIGERCODE/Code/Headgate/SOURCE/Game/Engine/CRData.h
CRData.h.2	7	c:/dev/Tiger/DL_Default/TigerCode/Code/Headgate/SOURCE/Game/Engine/CRData.h
CRManager.cpp	18	c:/dev/Tiger/DL_Default/TigerCode/Code/Headgate/SOURCE/Game/Engine/CRManager.cpp
CRManager.h	4	../../../../../TIGERCODE/Code/Headgate/SOURCE/Game/Engine/CRManager.h
CRManager.h.2	17	c:/dev/Tiger/DL_Default/TigerCode/Code/Headgate/SOURCE/Game/Engine/CRManager.h
CRModel.cpp	5	c:/dev/Tiger/DL_Default/TigerCode/Code/Headgate/SOURCE/Game/Engine/CRModel.cpp
CRPano.cpp	4	c:/dev/Tiger/DL_Default/TigerCode/Code/Headgate/SOURCE/Game/Engine/CRPano.cpp
CRShadowmap.cpp	21	c:/dev/Tiger/DL_Default/TigerCode/Code/Headgate/SOURCE/Game/Engine/CRShadowmap.cpp
CRShadowmap.h	7	../../../../../TIGERCODE/Code/Headgate/SOURCE/Game/Engine/CRShadowmap.h
CRShadowmap.h.2	13	c:/dev/Tiger/DL_Default/TigerCode/Code/Headgate/SOURCE/Game/Engine/CRShadowmap.h
CRSharedTypes.h	1	c:/dev/Tiger/DL_Default/TigerCode/Code/Headgate/SOURCE/Game/Engine/CRSharedTypes.h
CRSkydome.cpp	7	c:/dev/Tiger/DL_Default/TigerCode/Code/Headgate/SOURCE/Game/Engine/CRSkydome.cpp
CRTerrain.cpp	20	c:/dev/Tiger/DL_Default/TigerCode/Code/Headgate/SOURCE/Game/Engine/CRTerrain.cpp
CRTextures.cpp	4	c:/dev/Tiger/DL_Default/TigerCode/Code/Headgate/SOURCE/Game/Engine/CRTextures.cpp
CRVegetation.cpp	52	c:/dev/Tiger/DL_Default/TigerCode/Code/Headgate/SOURCE/Game/Engine/CRVegetation.cpp
CRWater.cpp	44	c:/dev/Tiger/DL_Default/TigerCode/Code/Headgate/SOURCE/Game/Engine/CRWater.cpp
CRWater.h	4	c:/dev/Tiger/DL_Default/TigerCode/Code/Headgate/SOURCE/Game/Engine/CRWater.h
Cache.cpp	5	C:/Dev/Tiger/DL_Default/TigerCode/packages/t3db/2.21.03-RW-EAC/source/common/Cache.cpp
Cache.h	7	C:/Dev/Tiger/DL_Default/TigerCode/packages/t3db/2.21.03-RW-EAC/include/common/t3db/Cache.h
CaddieTips.c	22	c:/dev/Tiger/DL_Default/TigerCode/Code/golf/gamemode/CaddieTips.c
Calendar.c	18	c:/dev/Tiger/DL_Default/TigerCode/Code/golf/gamemode/Calendar.c
CallBacks.h.2	2	C:/Dev/Tiger/DL_Default/TigerCode/packages/t3db/2.21.03-RW-EAC/include/common/t3db/CallBacks.h
Callbacks.h	2	C:/Dev/Tiger/DL_Default/TigerCode/packages/t3db/2.21.03-RW-EAC/include/common/t3db/Callbacks.h
CamUtils.c	16	c:/dev/Tiger/DL_Default/TigerCode/Code/Shared/Cameras/CamUtils.c
CamUtils.h	2	c:/dev/Tiger/DL_Default/TigerCode/Code/Shared/Headers/CamUtils.h
Char8Buffer.h	7	../../../../../TIGERCODE/Code/Golf/Lo-Rendering/Xenon/Char8Buffer.h
CharRend.c	19	c:/dev/Tiger/DL_Default/TigerCode/Code/golf/animation/CharRend.c
CharSkyConditionTable.cpp	4	c:/dev/Tiger/DL_Default/TigerCode/Code/golf/animation/CharSkyConditionTable.cpp
CharSliders.c	14	c:/dev/Tiger/DL_Default/TigerCode/Code/golf/animation/CharSliders.c
CharSliders_shared.c	1	c:/dev/Tiger/DL_Default/TigerCode/Code/golf/animation/CharSliders_shared.c
CharTimeOfDayTable.cpp	6	c:/dev/Tiger/DL_Default/TigerCode/Code/golf/animation/CharTimeOfDayTable.cpp
Character.cpp	88	c:/dev/Tiger/DL_Default/TigerCode/packages/ears_rt_cct/dev/api_src/Character.cpp
Character.h	1	../ears_rt_cct/dev/api/ears_rt_cct/Character.h
CharacterDefinition.cpp	30	c:/dev/Tiger/DL_Default/TigerCode/Code/golf/animation/CharacterDefinition.cpp
CharacterDefinition.h	2	../../../../../TIGERCODE/Code/Golf/Animation/Headers/CharacterDefinition.h
CharacterMaterialXMLAsset.cpp	16	c:/dev/Tiger/DL_Default/TigerCode/Code/Golf/Rna/Asset/Common/CharacterMaterialXMLAsset.cpp
CharacterMaterialXMLAsset.h	3	../../../../../TIGERCODE/Code/Golf/RNA/Asset/Common/CharacterMaterialXMLAsset.h
Chat.c	13	c:/dev/Tiger/DL_Default/TigerCode/Code/golf/online/Chat.c
ChrCntl_AnimTree.cpp	63	c:/dev/Tiger/DL_Default/TigerCode/packages/ears_rt_cct/dev/src/ChrCntl_AnimTree.cpp
ChrCntl_AnimView.cpp	12	c:/dev/Tiger/DL_Default/TigerCode/packages/ears_rt_cct/dev/src/ChrCntl_AnimView.cpp
ChrCntl_Character.cpp	23	c:/dev/Tiger/DL_Default/TigerCode/packages/ears_rt_cct/dev/src/ChrCntl_Character.cpp
ChrCntl_ConditionTree.cpp	13	c:/dev/Tiger/DL_Default/TigerCode/packages/ears_rt_cct/dev/src/ChrCntl_ConditionTree.cpp
ChrCntl_FrameUtil.cpp	4	c:/dev/Tiger/DL_Default/TigerCode/packages/ears_rt_cct/dev/src/ChrCntl_FrameUtil.cpp
ChrCntl_GameMovement.cpp	6	c:/dev/Tiger/DL_Default/TigerCode/packages/ears_rt_cct/dev/src/ChrCntl_GameMovement.cpp
ChrCntl_IndexLookup.cpp	5	c:/dev/Tiger/DL_Default/TigerCode/packages/ears_rt_cct/dev/src/ChrCntl_IndexLookup.cpp
ChrCntl_Transition.cpp	18	c:/dev/Tiger/DL_Default/TigerCode/packages/ears_rt_cct/dev/src/ChrCntl_Transition.cpp
ClutGenOpaqFuPlus.h	2	c:/dev/Tiger/DL_Default/TigerCode/Code/golf/TextureFX/Headers/ClutGenOpaqFuPlus.h
CodecManager.cpp	5	c:/dev/Tiger/DL_Default/TigerCode/packages/ears_rt_cct/dev/api_src/Internal/CodecManager.cpp
ColGlow.c	3	c:/dev/Tiger/DL_Default/TigerCode/Code/Golf/SunFlare/ColGlow.c
ColGlow.h	3	c:/dev/Tiger/DL_Default/TigerCode/Code/Golf/SunFlare/ColGlow.h
Collisions.cpp	3	c:/dev/Tiger/DL_Default/TigerCode/Code/Headgate/SOURCE/Game/Engine/Collisions.cpp
Compiler.cpp	42	C:/Dev/Tiger/DL_Default/TigerCode/packages/t3db/2.21.03-RW-EAC/source/common/Parser/Compiler.cpp
Compiler.h	2	C:/Dev/Tiger/DL_Default/TigerCode/packages/t3db/2.21.03-RW-EAC/include/common/t3db/Compiler.h
ConditionNode.cpp	1	c:/dev/Tiger/DL_Default/TigerCode/packages/ears_rt_cct/dev/api_src/Internal/ConditionNode.cpp
ConfidenceTracker.cpp	34	c:/dev/Tiger/DL_Default/TigerCode/Code/Golf/ConfidenceTracker/ConfidenceTracker.cpp
ConfidenceTracker.h	3	../../../../../TIGERCODE/Code/Golf/ConfidenceTracker/ConfidenceTracker.h
CourseInfo.c	70	c:/dev/Tiger/DL_Default/TigerCode/Code/golf/gamemode/CourseInfo.c
CourseTable.cpp	46	c:/dev/Tiger/DL_Default/TigerCode/Code/golf/gamemode/CourseTable.cpp
CourseWalk.cpp	12	c:/dev/Tiger/DL_Default/TigerCode/Code/Golf/CourseWalk/CourseWalk.cpp
CourseWalk.h	1	../../../../../TIGERCODE/Code/Golf/CourseWalk/CourseWalk.h
CrAPSharedUtils.cpp	23	c:/dev/Tiger/DL_Default/TigerCode/Code/Shared/CrAP/CrAPSharedUtils.cpp
CrAPSharedUtils.h	1	c:/dev/Tiger/DL_Default/TigerCode/Code/Shared/Headers/CrAPSharedUtils.h
CrowdBehavior.cpp	1	c:/dev/Tiger/DL_Default/TigerCode/Code/golf/gamemode/CrowdBehavior.cpp
Cup.cpp	6	c:/dev/Tiger/DL_Default/TigerCode/Code/Headgate/SOURCE/Game/Engine/Cup.cpp
Cup.h	4	c:/dev/Tiger/DL_Default/TigerCode/Code/Headgate/SOURCE/Game/Engine/Cup.h
CupManager.cpp	30	c:/dev/Tiger/DL_Default/TigerCode/Code/Headgate/SOURCE/Game/Engine/CupManager.cpp
CupManager.h	14	c:/dev/Tiger/DL_Default/TigerCode/Code/Headgate/SOURCE/Game/Engine/CupManager.h
DailyTournextension.h	1	C:/Dev/Tiger/DL_Default/TigerCode/packages/OSDK/2.06.04/extensions/dailytourn/include/common/osdkDailyTourn/core/DailyTournextension.h
DailyTournfacade.h	1	C:/Dev/Tiger/DL_Default/TigerCode/packages/OSDK/2.06.04/extensions/dailytourn/include/common/osdkDailyTourn/core/DailyTournfacade.h
DailyTournfacadeconcrete.h	3	C:/Dev/Tiger/DL_Default/TigerCode/packages/OSDK/2.06.04/extensions/dailytourn/source/common/./DailyTournfacadeconcrete.h
Database.cpp	28	C:/Dev/Tiger/DL_Default/TigerCode/packages/t3db/2.21.03-RW-EAC/source/common/Database.cpp
Database.h.2	9	C:/Dev/Tiger/DL_Default/TigerCode/packages/t3db/2.21.03-RW-EAC/include/common/t3db/Database.h
DbManager.cpp	24	C:/Dev/Tiger/DL_Default/TigerCode/packages/t3db/2.21.03-RW-EAC/source/common/DbManager.cpp
DbManager.h.2	8	C:/Dev/Tiger/DL_Default/TigerCode/packages/t3db/2.21.03-RW-EAC/include/common/t3db/DbManager.h
DebugHook.cpp	1	c:/dev/Tiger/DL_Default/TigerCode/Code/Golf/Misc/DebugHook.cpp
DebugMenu.cpp	73	C:/Dev/Tiger/DL_Default/TigerCode/packages/RNA/dev-2.0-golf/RNA/rnax/source/RNAUtils/DebugMenu.cpp
DebugMenu.h	3	../../../../../TIGERCODE/packages/RNA/dev-2.0-golf/RNA/RNAX/include/RNAUtils/DebugMenu.h
DebugMenu.h.2	1	C:/Dev/Tiger/DL_Default/TigerCode/packages/RNA/dev-2.0-golf/RNA/RNAX/include/RNAUtils/DebugMenu.h
Decompress.c	13	c:/dev/Tiger/DL_Default/TigerCode/Code/golf/animation/Decompress.c
Decompress.h	17	../../../../../TIGERCODE/Code/Golf/Animation/Headers/Decompress.h
Definition.cpp	24	c:/dev/Tiger/DL_Default/TigerCode/packages/ears_rt_cct/dev/api_src/Definition.cpp
Demo.c	12	c:/dev/Tiger/DL_Default/TigerCode/Code/Golf/MainLoop/Demo.c
Difficulty.cpp	9	c:/dev/Tiger/DL_Default/TigerCode/Code/Golf/AI/Difficulty.cpp
Difficulty.h	4	../../../../../TIGERCODE/Code/Golf/AI/Headers/Difficulty.h
DrawFadeIndicator.cpp	21	c:/dev/Tiger/DL_Default/TigerCode/Code/golf/hi-rendering/DrawFadeIndicator.cpp
DrawFadeIndicator.h	3	../../../../../TIGERCODE/Code/Golf/Hi-Rendering/Headers/DrawFadeIndicator.h
DrawFadeIndicator.h.2	3	c:/dev/Tiger/DL_Default/TigerCode/Code/golf/hi-rendering/Headers/DrawFadeIndicator.h
DrawFadeIndicator.h.3	1	c:/dev/Tiger/DL_Default/TigerCode/Code/Golf/Hi-Rendering/Headers/DrawFadeIndicator.h
DynamicSkeletonFilter.cpp	4	c:/dev/Tiger/DL_Default/TigerCode/packages/ears_rt_cct/dev/api_src/Internal/DynamicSkeletonFilter.cpp
DynamicSkeletonFilter.h	2	c:/dev/Tiger/DL_Default/TigerCode/packages/ears_rt_cct/dev/api_src/Internal/DynamicSkeletonFilter.h
EAGeneralAllocator.cpp	85	c:/dev/Tiger/DL_Default/TigerCode/packages/PPMalloc/1.08.00/source/cmn/EAGeneralAllocator.cpp
EAGeneralAllocator.h	50	../../../PPMalloc/1.08.00/include/PPMalloc/EAGeneralAllocator.h
EAGeneralAllocator.h.2	1	c:/dev/Tiger/DL_Default/TigerCode/packages/PPMalloc/1.08.00/include/PPMalloc/EAGeneralAllocator.h
EASportsLogin.c	16	c:/dev/Tiger/DL_Default/TigerCode/Code/golf/EASportsShared/EASportsLogin.c
EASportsLogin.h	4	c:/dev/Tiger/DL_Default/TigerCode/Code/golf/EASportsShared/Headers/EASportsLogin.h
Earnings.c	50	c:/dev/Tiger/DL_Default/TigerCode/Code/golf/gamemode/Earnings.c
EarningsInfo.cpp	20	c:/dev/Tiger/DL_Default/TigerCode/Code/golf/earnings/EarningsInfo.cpp
EarningsInfo.h	13	../../../../../TIGERCODE/Code/Golf/Earnings/Headers/EarningsInfo.h
EarningsManager.cpp	18	c:/dev/Tiger/DL_Default/TigerCode/Code/golf/earnings/EarningsManager.cpp
EarningsManager.h	5	../../../../../TIGERCODE/Code/Golf/Earnings/Headers/EarningsManager.h
EarningsManager.h.2	6	c:/dev/Tiger/DL_Default/TigerCode/Code/golf/earnings/Headers/EarningsManager.h
Emotion.c	23	c:/dev/Tiger/DL_Default/TigerCode/Code/Golf/AI/Emotion.c
EndOfHoleVideo.c	2	c:/dev/Tiger/DL_Default/TigerCode/Code/golf/gamemode/EndOfHoleVideo.c
Endianize.cpp	3	c:/dev/Tiger/DL_Default/TigerCode/Code/Headgate/SOURCE/CourseData/Endianize.cpp
Engine.cpp	49	c:/dev/Tiger/DL_Default/TigerCode/Code/Headgate/SOURCE/Game/Engine/Engine.cpp
EnvInfluenceMap.cpp	12	c:/dev/Tiger/DL_Default/TigerCode/Code/Golf/IngameTools/EnvInfluenceMap/EnvInfluenceMap.cpp
EventRecord.cpp	1	c:/dev/Tiger/DL_Default/TigerCode/packages/ears_rt_cct/dev/api_src/Internal/EventRecord.cpp
EventRecord.h	1	../ears_rt_cct/dev/api/ears_rt_cct/Internal/EventRecord.h
Expert.c	66	c:/dev/Tiger/DL_Default/TigerCode/Code/Golf/AI/Expert.c
ExprCursor.cpp	9	C:/Dev/Tiger/DL_Default/TigerCode/packages/t3db/2.21.03-RW-EAC/source/common/ExprCursor.cpp
ExprCursor.h	2	C:/Dev/Tiger/DL_Default/TigerCode/packages/t3db/2.21.03-RW-EAC/include/common/t3db/ExprCursor.h
ExprNode.cpp	101	C:/Dev/Tiger/DL_Default/TigerCode/packages/t3db/2.21.03-RW-EAC/source/common/ExprNode.cpp
ExprNode.h	4	C:/Dev/Tiger/DL_Default/TigerCode/packages/t3db/2.21.03-RW-EAC/include/common/t3db/ExprNode.h
ExtIoCallback.cpp	18	C:/Dev/Tiger/DL_Default/TigerCode/packages/t3db_ext/2.21.04-RW-EAC/source/common/ExtIoCallback.cpp
ExtraMath.cpp	5	C:/Dev/Tiger/DL_Default/TigerCode/packages/RNA/dev-2.0-golf/RNA/rnax/source/RNAUtils/ExtraMath.cpp
FEObject.c	12	c:/dev/Tiger/DL_Default/TigerCode/Code/golf/ui_core/istudio_runtime/FEObject.c
FETextureMgr.c	7	c:/dev/Tiger/DL_Default/TigerCode/Code/golf/ui_core/istudio_runtime/FETextureMgr.c
FE_Calendar.c	50	c:/dev/Tiger/DL_Default/TigerCode/Code/golf/ui_core/frontend/FE_Calendar.c
FE_CalendarPopups.c	10	c:/dev/Tiger/DL_Default/TigerCode/Code/golf/ui_core/frontend/FE_CalendarPopups.c
FE_CrAPDB.c	204	c:/dev/Tiger/DL_Default/TigerCode/Code/golf/ui_core/frontend/FE_CrAPDB.c
FE_CrAPDB.h	2	../../../../../TIGERCODE/Code/Golf/UI_Core/FrontEnd/Headers/FE_CrAPDB.h
FE_CrAPMessages.c	17	c:/dev/Tiger/DL_Default/TigerCode/Code/golf/ui_core/frontend/GameMessages/FE_CrAPMessages.c
FE_CrAPUtils.c	54	c:/dev/Tiger/DL_Default/TigerCode/Code/golf/ui_core/frontend/FE_CrAPUtils.c
FE_EraModeBall.cpp	13	c:/dev/Tiger/DL_Default/TigerCode/Code/golf/ui_core/frontend/FE_EraModeBall.cpp
FE_EraModeBall.h	1	c:/dev/Tiger/DL_Default/TigerCode/Code/golf/ui_core/frontend/Headers/FE_EraModeBall.h
FE_GameFace_Appearance.cpp	11	c:/dev/Tiger/DL_Default/TigerCode/Code/golf/ui_core/frontend/FE_GameFace_Appearance.cpp
FE_GolferThumbnail.cpp	11	c:/dev/Tiger/DL_Default/TigerCode/Code/golf/ui_core/frontend/FE_GolferThumbnail.cpp
FE_GolferThumbnail.h	5	../../../../../TIGERCODE/Code/Golf/UI_Core/Frontend/Headers/FE_GolferThumbnail.h
FE_LoadingScreen.cpp	26	c:/dev/Tiger/DL_Default/TigerCode/Code/golf/UI_Core/frontend/FE_LoadingScreen.cpp
FE_LoadingScreen.h	9	c:/dev/Tiger/DL_Default/TigerCode/Code/golf/UI_Core/frontend/headers/FE_LoadingScreen.h
FE_LoadingScreen.h.2	3	c:/dev/Tiger/DL_Default/TigerCode/Code/golf/UI_Core/FrontEnd/Headers/FE_LoadingScreen.h
FE_LoadingScreen.h.3	2	c:/dev/Tiger/DL_Default/TigerCode/Code/Golf/UI_Core/FrontEnd/Headers/FE_LoadingScreen.h
FE_LogoDesign.c	39	c:/dev/Tiger/DL_Default/TigerCode/Code/golf/ui_core/frontend/FE_LogoDesign.c
FE_Manager.c	15	c:/dev/Tiger/DL_Default/TigerCode/Code/golf/ui_core/frontend/FE_Manager.c
FE_Movies.c	22	c:/dev/Tiger/DL_Default/TigerCode/Code/golf/ui_core/frontend/FE_Movies.c
FE_OnlineUtils.c	8	c:/dev/Tiger/DL_Default/TigerCode/Code/golf/ui_core/frontend/FE_OnlineUtils.c
FE_ProShopPreviews.cpp	19	c:/dev/Tiger/DL_Default/TigerCode/Code/golf/ui_core/frontend/FE_ProShopPreviews.cpp
FE_ProShopPreviews.h	2	../../../../../TIGERCODE/Code/Golf/UI_Core/FrontEnd/Headers/FE_ProShopPreviews.h
FE_Stats.c	15	c:/dev/Tiger/DL_Default/TigerCode/Code/golf/ui_core/frontend/FE_Stats.c
FE_UserMgr.c	2	c:/dev/Tiger/DL_Default/TigerCode/Code/golf/ui_core/frontend/FE_UserMgr.c
FE_twCharResMan.cpp	69	c:/dev/Tiger/DL_Default/TigerCode/Code/golf/ui_core/frontend/FE_twCharResMan.cpp
FE_twCharResMan.h	2	../../../../../TIGERCODE/Code/Golf/UI_Core/FrontEnd/Headers/FE_twCharResMan.h
FEgolferanim.c	106	c:/dev/Tiger/DL_Default/TigerCode/Code/golf/ui_core/istudio_runtime/FEgolferanim.c
FEgolferanim.h	26	c:/dev/Tiger/DL_Default/TigerCode/Code/golf/ui_core/iStudio_Runtime/Headers/FEgolferanim.h
FEgolferanim.h.2	20	c:/dev/Tiger/DL_Default/TigerCode/Code/golf/UI_Core/iStudio_Runtime/Headers/FEgolferanim.h
FLAPClient.cpp	59	c:/dev/Tiger/DL_Default/TigerCode/Code/Golf/Rna/Flap/FLAPClient.cpp
FLAPNetConn.cpp	31	c:/dev/Tiger/DL_Default/TigerCode/Code/Golf/Rna/Flap/FLAPNetConn.cpp
FLAPNetConn.h	3	../../../../../TIGERCODE/Code/Golf/RNA/FLAP/FLAPNetConn.h
FaceBlend.h	1	c:/dev/Tiger/DL_Default/TigerCode/Code/golf/Animation/Headers/FaceBlend.h
FastMap.h	12	../ears_rt_cct/dev/api_src/Internal/FastMap.h
FastMap.h.2	4	c:/dev/Tiger/DL_Default/TigerCode/packages/ears_rt_cct/dev/api_src/Internal/FastMap.h
Frame.cpp	34	c:/dev/Tiger/DL_Default/TigerCode/packages/ears_rt_cct/dev/api_src/Frame.cpp
FrameBuilder.cpp	12	c:/dev/Tiger/DL_Default/TigerCode/packages/ears_rt_cct/dev/api_src/Internal/FrameBuilder.cpp
FrameBuilder.h	2	../ears_rt_cct/dev/api_src/Internal/FrameBuilder.h
FrameSlerp.cpp	2	c:/dev/Tiger/DL_Default/TigerCode/packages/ears_rt_cct/dev/api_src/Internal/FrameSlerp.cpp
FrameSlerp.h	4	../ears_rt_cct/dev/api_src/Internal/FrameSlerp.h
FrameStack.cpp	5	c:/dev/Tiger/DL_Default/TigerCode/packages/ears_rt_cct/dev/api_src/Internal/FrameStack.cpp
Frustum.cpp	14	c:/dev/Tiger/DL_Default/TigerCode/Code/Golf/Lo-Rendering/Frustum.cpp
Frustum.cpp.2	7	c:/dev/Tiger/DL_Default/TigerCode/Code/Golf/Rna/Frustum.cpp
Frustum.h	7	../../../../../TIGERCODE/Code/Golf/Lo-Rendering/Frustum.h
Frustum.h.2	3	../../../../../TIGERCODE/Code/Golf/RNA/Frustum.h
GOentry.c	28	c:/dev/Tiger/DL_Default/TigerCode/Code/Golf/entry/GOentry.c
GameAudio.c	233	c:/dev/Tiger/DL_Default/TigerCode/Code/golf/audio/GameAudio.c
GameAudio.h	4	../../../../../TIGERCODE/Code/Golf/audio/Headers/GameAudio.h
GameAudio.h.2	1	../../../../../TIGERCODE/Code/Golf/Audio/Headers/GameAudio.h
GameAudio.h.3	3	c:/dev/Tiger/DL_Default/TigerCode/Code/Golf/Audio/Headers/GameAudio.h
GameAudio.h.4	3	c:/dev/Tiger/DL_Default/TigerCode/Code/golf/Audio/Headers/GameAudio.h
GameEffects.c	29	c:/dev/Tiger/DL_Default/TigerCode/Code/golf/gamemode/GameEffects.c
GameEffects.h	8	c:/dev/Tiger/DL_Default/TigerCode/Code/Golf/GameMode/Headers/GameEffects.h
GameEffects.h.2	10	c:/dev/Tiger/DL_Default/TigerCode/Code/golf/GameMode/Headers/GameEffects.h
GameManager.cpp	66	c:/dev/Tiger/DL_Default/TigerCode/Code/Golf/MainLoop/GameManager.cpp
GameMode.c	75	c:/dev/Tiger/DL_Default/TigerCode/Code/golf/gamemode/GameMode.c
GameModeBase.cpp	171	c:/dev/Tiger/DL_Default/TigerCode/Code/golf/gamemode/GameModeBase.cpp
GameModeBase.h	72	../../../../../TIGERCODE/Code/Golf/GameMode/Headers/GameModeBase.h
GameModeConsole.c	41	c:/dev/Tiger/DL_Default/TigerCode/Code/golf/gamemode/GameModeConsole.c
GameModeCore.c	41	c:/dev/Tiger/DL_Default/TigerCode/Code/golf/gamemode/GameModeCore.c
GameModeCore.h	50	../../../../../TIGERCODE/Code/Golf/GameMode/Headers/GameModeCore.h
GameModeCore.h.2	4	../../../../../TIGERCODE/Code/golf/GameMode/Headers/GameModeCore.h
GameModeDriver.cpp	38	c:/dev/Tiger/DL_Default/TigerCode/Code/golf/gamemode/GameModeDriver.cpp
GameModeDriver.h	63	../../../../../TIGERCODE/Code/Golf/GameMode/Headers/GameModeDriver.h
GameModeDriverManager.cpp	13	c:/dev/Tiger/DL_Default/TigerCode/Code/golf/gamemode/GameModeDriverManager.cpp
GameModeDriver_Era.cpp	87	c:/dev/Tiger/DL_Default/TigerCode/Code/golf/gamemode/GameModeDriver_Era.cpp
GameModeDriver_Era.h	20	../../../../../TIGERCODE/Code/Golf/GameMode/Headers/GameModeDriver_Era.h
GameModeDriver_Facility.cpp	41	c:/dev/Tiger/DL_Default/TigerCode/Code/golf/gamemode/GameModeDriver_Facility.cpp
GameModeDriver_Facility.h	9	../../../../../TIGERCODE/Code/Golf/GameMode/Headers/GameModeDriver_Facility.h
GameModeDriver_PGAGrudgeMatch.cpp	5	c:/dev/Tiger/DL_Default/TigerCode/Code/golf/gamemode/GameModeDriver_PGAGrudgeMatch.cpp
GameModeDriver_PGAGrudgeMatch.h	2	../../../../../TIGERCODE/Code/Golf/GameMode/Headers/GameModeDriver_PGAGrudgeMatch.h
GameModeDriver_PGAGrudgeMatch.h.2	1	c:/dev/Tiger/DL_Default/TigerCode/Code/golf/gamemode/Headers/GameModeDriver_PGAGrudgeMatch.h
GameModeDriver_PGATour.cpp	173	c:/dev/Tiger/DL_Default/TigerCode/Code/golf/gamemode/GameModeDriver_PGATour.cpp
GameModeDriver_PGATour.h	13	../../../../../TIGERCODE/Code/Golf/GameMode/Headers/GameModeDriver_PGATour.h
GameModeDriver_PGATour.h.2	2	c:/dev/Tiger/DL_Default/TigerCode/Code/golf/GameMode/Headers/GameModeDriver_PGATour.h
GameModeDriver_PGATour.h.3	1	c:/dev/Tiger/DL_Default/TigerCode/Code/Golf/GameMode/Headers/GameModeDriver_PGATour.h
GameModeDriver_RealTimeEvents.cpp	77	c:/dev/Tiger/DL_Default/TigerCode/Code/golf/gamemode/GameModeDriver_RealTimeEvents.cpp
GameModeDriver_RealTimeEvents.h	2	c:/dev/Tiger/DL_Default/TigerCode/Code/golf/gamemode/Headers/GameModeDriver_RealTimeEvents.h
GameModeDriver_TigerChallenge.cpp	27	c:/dev/Tiger/DL_Default/TigerCode/Code/golf/gamemode/GameModeDriver_TigerChallenge.cpp
GameModeDriver_TigerChallenge.h	7	c:/dev/Tiger/DL_Default/TigerCode/Code/golf/gamemode/Headers/GameModeDriver_TigerChallenge.h
GameModeDriver_TigerChallenge.h.2	1	c:/dev/Tiger/DL_Default/TigerCode/Code/Golf/GameMode/Headers/GameModeDriver_TigerChallenge.h
GameModeDriver_TigerChallengeDefs.h	1	../../../../../TIGERCODE/Code/Golf/GameMode/Headers/GameModeDriver_TigerChallengeDefs.h
GameModeDriver_Traditional.cpp	6	c:/dev/Tiger/DL_Default/TigerCode/Code/golf/gamemode/GameModeDriver_Traditional.cpp
GameModeDriver_Traditional.h	2	c:/dev/Tiger/DL_Default/TigerCode/Code/golf/gamemode/Headers/GameModeDriver_Traditional.h
GameModeDriver_TrainingChallenges.cpp	33	c:/dev/Tiger/DL_Default/TigerCode/Code/golf/gamemode/GameModeDriver_TrainingChallenges.cpp
GameModeDriver_TrainingChallenges.h	10	../../../../../TIGERCODE/Code/Golf/GameMode/Headers/GameModeDriver_TrainingChallenges.h
GameModeDriver_UCAPSkillChallenges.cpp	29	c:/dev/Tiger/DL_Default/TigerCode/Code/golf/gamemode/GameModeDriver_UCAPSkillChallenges.cpp
GameModeDriver_UCAPSkillChallenges.h	5	../../../../../TIGERCODE/Code/Golf/GameMode/Headers/GameModeDriver_UCAPSkillChallenges.h
GameModeDriver_UCAPSkillChallengesDefs.h	2	../../../../../TIGERCODE/Code/Golf/GameMode/Headers/GameModeDriver_UCAPSkillChallengesDefs.h
GameMode_AlternateShot.cpp	32	c:/dev/Tiger/DL_Default/TigerCode/Code/golf/gamemode/GameMode_AlternateShot.cpp
GameMode_AlternateShot.h	5	../../../../../TIGERCODE/Code/Golf/GameMode/Headers/GameMode_AlternateShot.h
GameMode_Battle.cpp	34	c:/dev/Tiger/DL_Default/TigerCode/Code/golf/gamemode/GameMode_Battle.cpp
GameMode_Battle.h	6	c:/dev/Tiger/DL_Default/TigerCode/Code/Golf/GameMode/Headers/GameMode_Battle.h
GameMode_BestBall.cpp	23	c:/dev/Tiger/DL_Default/TigerCode/Code/golf/gamemode/GameMode_BestBall.cpp
GameMode_BestBall.h	4	c:/dev/Tiger/DL_Default/TigerCode/Code/golf/gamemode/Headers/GameMode_BestBall.h
GameMode_BeyondTheMax.cpp	32	c:/dev/Tiger/DL_Default/TigerCode/Code/golf/gamemode/GameMode_BeyondTheMax.cpp
GameMode_BeyondTheMax.h	16	c:/dev/Tiger/DL_Default/TigerCode/Code/golf/gamemode/Headers/GameMode_BeyondTheMax.h
GameMode_BloodGreenSome.cpp	31	c:/dev/Tiger/DL_Default/TigerCode/Code/golf/gamemode/GameMode_BloodGreenSome.cpp
GameMode_BloodGreenSome.h	2	../../../../../TIGERCODE/Code/Golf/GameMode/Headers/GameMode_BloodGreenSome.h
GameMode_ClubHouse.cpp	32	c:/dev/Tiger/DL_Default/TigerCode/Code/golf/gamemode/GameMode_ClubHouse.cpp
GameMode_ClubHouse.h	15	../../../../../TIGERCODE/Code/Golf/GameMode/Headers/GameMode_ClubHouse.h
GameMode_ClubHouse.h.2	1	c:/dev/Tiger/DL_Default/TigerCode/Code/Golf/GameMode/Headers/GameMode_ClubHouse.h
GameMode_Facility.cpp	13	c:/dev/Tiger/DL_Default/TigerCode/Code/golf/gamemode/GameMode_Facility.cpp
GameMode_FourBall.cpp	24	c:/dev/Tiger/DL_Default/TigerCode/Code/golf/gamemode/GameMode_FourBall.cpp
GameMode_FourBall.h	4	c:/dev/Tiger/DL_Default/TigerCode/Code/golf/gamemode/Headers/GameMode_FourBall.h
GameMode_GreenToGreen.cpp	37	c:/dev/Tiger/DL_Default/TigerCode/Code/golf/gamemode/GameMode_GreenToGreen.cpp
GameMode_GreenToGreen.h	15	c:/dev/Tiger/DL_Default/TigerCode/Code/golf/gamemode/Headers/GameMode_GreenToGreen.h
GameMode_HitShorterFarther.cpp	25	c:/dev/Tiger/DL_Default/TigerCode/Code/golf/gamemode/GameMode_HitShorterFarther.cpp
GameMode_HitShorterFarther.h	11	c:/dev/Tiger/DL_Default/TigerCode/Code/golf/gamemode/Headers/GameMode_HitShorterFarther.h
GameMode_HitTheBaskets.cpp	37	c:/dev/Tiger/DL_Default/TigerCode/Code/golf/gamemode/GameMode_HitTheBaskets.cpp
GameMode_HitTheBaskets.h	21	c:/dev/Tiger/DL_Default/TigerCode/Code/golf/gamemode/Headers/GameMode_HitTheBaskets.h
GameMode_Match.cpp	23	c:/dev/Tiger/DL_Default/TigerCode/Code/golf/gamemode/GameMode_Match.cpp
GameMode_Match.h	6	c:/dev/Tiger/DL_Default/TigerCode/Code/Golf/GameMode/Headers/GameMode_Match.h
GameMode_OneBall.cpp	35	c:/dev/Tiger/DL_Default/TigerCode/Code/GOLF/GameMode/GameMode_OneBall.cpp
GameMode_OneBall.h	19	../../../../../TIGERCODE/Code/Golf/GameMode/Headers/GameMode_OneBall.h
GameMode_OnlineTour.cpp	3	c:/dev/Tiger/DL_Default/TigerCode/Code/golf/gamemode/GameMode_OnlineTour.cpp
GameMode_OnlineUserTourney.cpp	5	c:/dev/Tiger/DL_Default/TigerCode/Code/golf/gamemode/GameMode_OnlineUserTourney.cpp
GameMode_Practice.cpp	13	c:/dev/Tiger/DL_Default/TigerCode/Code/golf/gamemode/GameMode_Practice.cpp
GameMode_Practice.h	2	c:/dev/Tiger/DL_Default/TigerCode/Code/golf/gamemode/Headers/GameMode_Practice.h
GameMode_PureGame.cpp	36	c:/dev/Tiger/DL_Default/TigerCode/Code/golf/gamemode/GameMode_PureGame.cpp
GameMode_PureGame.h	4	c:/dev/Tiger/DL_Default/TigerCode/Code/golf/gamemode/Headers/GameMode_PureGame.h
GameMode_Replay.cpp	14	c:/dev/Tiger/DL_Default/TigerCode/Code/golf/gamemode/GameMode_Replay.cpp
GameMode_Seve21.cpp	58	c:/dev/Tiger/DL_Default/TigerCode/Code/golf/gamemode/GameMode_Seve21.cpp
GameMode_Seve21.h	30	c:/dev/Tiger/DL_Default/TigerCode/Code/golf/gamemode/Headers/GameMode_Seve21.h
GameMode_SkillZoneBase.cpp	48	c:/dev/Tiger/DL_Default/TigerCode/Code/golf/gamemode/GameMode_SkillZoneBase.cpp
GameMode_SkillZoneBase.h	9	c:/dev/Tiger/DL_Default/TigerCode/Code/golf/gamemode/Headers/GameMode_SkillZoneBase.h
GameMode_SkillZoneCapture.cpp	40	c:/dev/Tiger/DL_Default/TigerCode/Code/golf/gamemode/GameMode_SkillZoneCapture.cpp
GameMode_SkillZoneCapture.h	5	c:/dev/Tiger/DL_Default/TigerCode/Code/golf/gamemode/Headers/GameMode_SkillZoneCapture.h
GameMode_SkillZoneHorse.cpp	35	c:/dev/Tiger/DL_Default/TigerCode/Code/golf/gamemode/GameMode_SkillZoneHorse.cpp
GameMode_SkillZoneHorse.h	4	c:/dev/Tiger/DL_Default/TigerCode/Code/golf/gamemode/Headers/GameMode_SkillZoneHorse.h
GameMode_SkillZoneTarget.cpp	36	c:/dev/Tiger/DL_Default/TigerCode/Code/golf/gamemode/GameMode_SkillZoneTarget.cpp
GameMode_SkillZoneTarget.h	4	c:/dev/Tiger/DL_Default/TigerCode/Code/golf/gamemode/Headers/GameMode_SkillZoneTarget.h
GameMode_SkillZoneTargetToTarget.cpp	36	c:/dev/Tiger/DL_Default/TigerCode/Code/golf/gamemode/GameMode_SkillZoneTargetToTarget.cpp
GameMode_SkillZoneTargetToTarget.h	3	c:/dev/Tiger/DL_Default/TigerCode/Code/golf/gamemode/Headers/GameMode_SkillZoneTargetToTarget.h
GameMode_SkillZoneTimed.cpp	31	c:/dev/Tiger/DL_Default/TigerCode/Code/golf/gamemode/GameMode_SkillZoneTimed.cpp
GameMode_SkillsChallenge.cpp	45	c:/dev/Tiger/DL_Default/TigerCode/Code/golf/gamemode/GameMode_SkillsChallenge.cpp
GameMode_SkillsChallenge.h	10	c:/dev/Tiger/DL_Default/TigerCode/Code/Golf/GameMode/Headers/GameMode_SkillsChallenge.h
GameMode_Skins.cpp	23	c:/dev/Tiger/DL_Default/TigerCode/Code/golf/gamemode/GameMode_Skins.cpp
GameMode_Skins.h	6	c:/dev/Tiger/DL_Default/TigerCode/Code/golf/gamemode/Headers/GameMode_Skins.h
GameMode_Stableford.cpp	19	c:/dev/Tiger/DL_Default/TigerCode/Code/golf/gamemode/GameMode_Stableford.cpp
GameMode_Stableford.h	3	c:/dev/Tiger/DL_Default/TigerCode/Code/golf/gamemode/Headers/GameMode_Stableford.h
GameMode_Stroke.cpp	18	c:/dev/Tiger/DL_Default/TigerCode/Code/golf/gamemode/GameMode_Stroke.cpp
GameMode_Stroke.h	4	c:/dev/Tiger/DL_Default/TigerCode/Code/Golf/GameMode/Headers/GameMode_Stroke.h
GameMode_TestEquipment.cpp	18	c:/dev/Tiger/DL_Default/TigerCode/Code/golf/gamemode/GameMode_TestEquipment.cpp
GameMode_TestEquipment.h	5	c:/dev/Tiger/DL_Default/TigerCode/Code/golf/gamemode/Headers/GameMode_TestEquipment.h
GameMode_ThreeHoleStroke.cpp	5	c:/dev/Tiger/DL_Default/TigerCode/Code/golf/gamemode/GameMode_ThreeHoleStroke.cpp
GameMode_TimedChallenges.cpp	33	c:/dev/Tiger/DL_Default/TigerCode/Code/golf/gamemode/GameMode_TimedChallenges.cpp
GameMode_TimedChallenges.h	13	c:/dev/Tiger/DL_Default/TigerCode/Code/golf/gamemode/Headers/GameMode_TimedChallenges.h
GameMode_Tutorial.cpp	52	c:/dev/Tiger/DL_Default/TigerCode/Code/golf/gamemode/GameMode_Tutorial.cpp
GameMode_Tutorial.h	1	../../../../../TIGERCODE/Code/Golf/GameMode/Headers/GameMode_Tutorial.h
GameMode_Tutorial.h.2	4	c:/dev/Tiger/DL_Default/TigerCode/Code/golf/gamemode/Headers/GameMode_Tutorial.h
GamePlayer.cpp	44	c:/dev/Tiger/DL_Default/TigerCode/Code/Golf/GamePlayer/GamePlayer.cpp
GamePlayer.h	76	../../../../../TIGERCODE/Code/Golf/GamePlayer/Headers/GamePlayer.h
GamePlayerManager.cpp	38	c:/dev/Tiger/DL_Default/TigerCode/Code/Golf/GamePlayer/GamePlayerManager.cpp
GamePlayerManager.h	4	../../../../../TIGERCODE/Code/Golf/GamePlayer/Headers/GamePlayerManager.h
GameUI.c	84	c:/dev/Tiger/DL_Default/TigerCode/Code/golf/gamemode/GameUI.c
GameUI.h	11	../../../../../TIGERCODE/Code/Golf/GameMode/Headers/GameUI.h
GameUI.h.2	7	c:/dev/Tiger/DL_Default/TigerCode/Code/golf/GameMode/Headers/GameUI.h
GameXml.cpp	14	c:/dev/Tiger/DL_Default/TigerCode/Code/Golf/GameData/GameXml.cpp
GameXmlSettings.cpp	27	c:/dev/Tiger/DL_Default/TigerCode/Code/Golf/GameData/GameXmlSettings.cpp
GameXmlSettings.h	1	../../../../../TIGERCODE/Code/Golf/GameData/Headers/GameXmlSettings.h
GenericActor.cpp	46	c:/dev/Tiger/DL_Default/TigerCode/Code/Golf/Actors/GenericActor.cpp
Globals.h	201	../../../../../TIGERCODE/Code/Golf/Globals/Headers/Globals.h
GlowMgr.c	4	c:/dev/Tiger/DL_Default/TigerCode/Code/Golf/SunFlare/GlowMgr.c
GlowsRenderData.c	12	c:/dev/Tiger/DL_Default/TigerCode/Code/Golf/SunFlare/GlowsRenderData.c
GoActorCollision.c	2	c:/dev/Tiger/DL_Default/TigerCode/Code/golf/hi-rendering/GoActorCollision.c
GoBallFX.c	3	c:/dev/Tiger/DL_Default/TigerCode/Code/golf/hi-rendering/GoBallFX.c
GoBallShadow.c	4	c:/dev/Tiger/DL_Default/TigerCode/Code/golf/hi-rendering/GoBallShadow.c
GoBlendNormals.c	26	c:/dev/Tiger/DL_Default/TigerCode/Code/Golf/Lo-Rendering/GoBlendNormals.c
GoBlendNormals.h	3	../../../../../TIGERCODE/Code/Golf/Lo-Rendering/GoBlendNormals.h
GoBlendTextures.c	16	c:/dev/Tiger/DL_Default/TigerCode/Code/Golf/Lo-Rendering/GoBlendTextures.c
GoBreakLine.c	44	c:/dev/Tiger/DL_Default/TigerCode/Code/golf/hi-rendering/GoBreakLine.c
GoCamAnimDebug.c	70	c:/dev/Tiger/DL_Default/TigerCode/Code/golf/cameras/GoCamAnimDebug.c
GoCamCont.c	31	c:/dev/Tiger/DL_Default/TigerCode/Code/golf/cameras/GoCamCont.c
GoCamCont.h	11	../../../../../TIGERCODE/Code/Golf/Cameras/Headers/GoCamCont.h
GoCamCont.h.2	2	c:/dev/Tiger/DL_Default/TigerCode/Code/Golf/Cameras/Headers/GoCamCont.h
GoCamScripts.c	68	c:/dev/Tiger/DL_Default/TigerCode/Code/golf/cameras/GoCamScripts.c
GoCamScripts.h	7	../../../../../TIGERCODE/Code/Golf/Cameras/Headers/GoCamScripts.h
GoCamTuningVars.c	3	c:/dev/Tiger/DL_Default/TigerCode/Code/golf/cameras/GoCamTuningVars.c
GoCamera.c	8	c:/dev/Tiger/DL_Default/TigerCode/Code/golf/hi-rendering/GoCamera.c
GoCamera.h	11	../../../../../TIGERCODE/Code/Golf/Hi-Rendering/Headers/GoCamera.h
GoComicCam.c	15	c:/dev/Tiger/DL_Default/TigerCode/Code/golf/cameras/GoComicCam.c
GoDebugCam.c	36	c:/dev/Tiger/DL_Default/TigerCode/Code/golf/cameras/GoDebugCam.c
GoDynObj.c	60	c:/dev/Tiger/DL_Default/TigerCode/Code/golf/hi-rendering/GoDynObj.c
GoDynamicCam.c	99	c:/dev/Tiger/DL_Default/TigerCode/Code/golf/cameras/GoDynamicCam.c
GoDynamicCam.h	2	../../../../../TIGERCODE/Code/Golf/Cameras/Headers/GoDynamicCam.h
GoEntry.h	1	../../../../../TIGERCODE/Code/Golf/Entry/Headers/GoEntry.h
GoFrameBuf.c	5	c:/dev/Tiger/DL_Default/TigerCode/Code/golf/hi-rendering/GoFrameBuf.c
GoFrameBuf.h	10	../../../../../TIGERCODE/Code/Golf/Hi-Rendering/Headers/GoFrameBuf.h
GoGolfCam.c	203	c:/dev/Tiger/DL_Default/TigerCode/Code/golf/cameras/GoGolfCam.c
GoGreenGrid.c	28	c:/dev/Tiger/DL_Default/TigerCode/Code/golf/hi-rendering/GoGreenGrid.c
GoHoleLoader.c	9	c:/dev/Tiger/DL_Default/TigerCode/Code/golf/HoleLoader/GoHoleLoader.c
GoHoleLoader.h	1	c:/dev/Tiger/DL_Default/TigerCode/Code/golf/HoleLoader/Headers/GoHoleLoader.h
GoHoleLoader.h.2	1	c:/dev/Tiger/DL_Default/TigerCode/Code/Golf/HoleLoader/Headers/GoHoleLoader.h
GoLightFogEnv.c	5	c:/dev/Tiger/DL_Default/TigerCode/Code/golf/hi-rendering/GoLightFogEnv.c
GoLightFogEnv.h	10	../../../../../TIGERCODE/Code/Golf/Hi-Rendering/Headers/GoLightFogEnv.h
GoLighting.c	21	c:/dev/Tiger/DL_Default/TigerCode/Code/golf/hi-rendering/GoLighting.c
GoLighting.h	1	../../../../../TIGERCODE/Code/Golf/Hi-Rendering/Headers/GoLighting.h
GoMainLoop.c	53	c:/dev/Tiger/DL_Default/TigerCode/Code/Golf/MainLoop/GoMainLoop.c
GoPostFx.h	9	c:/dev/Tiger/DL_Default/TigerCode/Code/Golf/Hi-Rendering/Headers/GoPostFx.h
GoPostFx.h.2	6	c:/dev/Tiger/DL_Default/TigerCode/Code/golf/Hi-Rendering/Headers/GoPostFx.h
GoRenderCtx.c	6	c:/dev/Tiger/DL_Default/TigerCode/Code/golf/hi-rendering/GoRenderCtx.c
GoRenderCtx.h	20	../../../../../TIGERCODE/Code/Golf/Hi-Rendering/Headers/GoRenderCtx.h
GoRenderUtils.c	15	c:/dev/Tiger/DL_Default/TigerCode/Code/Golf/Lo-Rendering/GoRenderUtils.c
GoRenderUtils.h	3	../../../../../TIGERCODE/Code/Golf/Lo-Rendering/GoRenderUtils.h
GoSafeZone.c	1	c:/dev/Tiger/DL_Default/TigerCode/Code/golf/hi-rendering/GoSafeZone.c
GoSelfShadow.c	17	c:/dev/Tiger/DL_Default/TigerCode/Code/Golf/Lo-Rendering/GoSelfShadow.c
GoStaticCam.c	34	c:/dev/Tiger/DL_Default/TigerCode/Code/golf/cameras/GoStaticCam.c
GoTemple.cpp	22	c:/dev/Tiger/DL_Default/TigerCode/Code/Golf/Temple/GoTemple.cpp
GoTemple.h	16	../../../../../TIGERCODE/Code/Golf/Temple/GoTemple.h
GoTempleEnv.cpp	12	c:/dev/Tiger/DL_Default/TigerCode/Code/Golf/Temple/GoTempleEnv.cpp
GoTempleEnv.h	13	../../../../../TIGERCODE/Code/Golf/Temple/GoTempleEnv.h
GoTempleVideoPlayer.cpp	4	c:/dev/Tiger/DL_Default/TigerCode/Code/Golf/Temple/GoTempleVideoPlayer.cpp
GoTempleVideoPlayer.h	4	../../../../../TIGERCODE/Code/Golf/Temple/GoTempleVideoPlayer.h
GoTerrainCollision.c	29	c:/dev/Tiger/DL_Default/TigerCode/Code/golf/hi-rendering/GoTerrainCollision.c
GoTerrainCollision_Headgate.c	35	c:/dev/Tiger/DL_Default/TigerCode/Code/golf/hi-rendering/GoTerrainCollision_Headgate.c
GoTerrainUtils.c	27	c:/dev/Tiger/DL_Default/TigerCode/Code/golf/hi-rendering/GoTerrainUtils.c
GoTerrain_HeadGate.c	38	c:/dev/Tiger/DL_Default/TigerCode/Code/golf/hi-rendering/GoTerrain_HeadGate.c
GoTerrain_TGD.c	14	c:/dev/Tiger/DL_Default/TigerCode/Code/golf/hi-rendering/GoTerrain_TGD.c
GoVersion.cpp	4	c:/dev/Tiger/DL_Default/TigerCode/Code/Golf/Version/GoVersion.cpp
GoViewCont.c	16	c:/dev/Tiger/DL_Default/TigerCode/Code/golf/hi-rendering/GoViewCont.c
GoViewport.c	5	c:/dev/Tiger/DL_Default/TigerCode/Code/golf/hi-rendering/GoViewport.c
GoViewport.h	9	../../../../../TIGERCODE/Code/Golf/Hi-Rendering/Headers/GoViewport.h
GolfScene.cpp	38	c:/dev/Tiger/DL_Default/TigerCode/Code/Golf/Rna/Scene/GolfScene.cpp
GolfScene.h	3	../../../../../TIGERCODE/Code/Golf/RNA/Scene/GolfScene.h
GolfSceneTraversal.cpp	12	c:/dev/Tiger/DL_Default/TigerCode/Code/Golf/Rna/Scene/GolfSceneTraversal.cpp
GolfSceneTraversal.h	11	../../../../../TIGERCODE/Code/Golf/RNA/Scene/GolfSceneTraversal.h
GolfSceneUserData.h	30	../../../../../TIGERCODE/Code/Golf/RNA/Scene/GolfSceneUserData.h
GolfTimer.h	1	../../../../../TIGERCODE/Code/Golf/Lo-Math/Headers/GolfTimer.h
GolfTimer.h.2	2	c:/dev/Tiger/DL_Default/TigerCode/Code/golf/Lo-Math/Headers/GolfTimer.h
GolfTimer.h.3	2	c:/dev/Tiger/DL_Default/TigerCode/Code/Golf/Lo-Math/Headers/GolfTimer.h
Golf_Module_Manager.h	1	../../../../../TIGERCODE/Code/GolfModule/Golf_Module_Manager.h
GolferStats.cpp	21	c:/dev/Tiger/DL_Default/TigerCode/Code/Golf/GamePlayer/GolferStats.cpp
GolferStats.h	2	../../../../../TIGERCODE/Code/Golf/GamePlayer/Headers/GolferStats.h
HLAudEmitter.c	28	c:/dev/Tiger/DL_Default/TigerCode/Code/golf/audio/engine/hl/HLAudEmitter.c
HLAudEmitterPool.c	69	c:/dev/Tiger/DL_Default/TigerCode/Code/golf/audio/engine/special/HLAudEmitterPool.c
HLAudMaster.c	10	c:/dev/Tiger/DL_Default/TigerCode/Code/golf/audio/engine/hl/HLAudMaster.c
HLAudMaster.h	2	../../../../../TIGERCODE/Code/Golf/Audio/Engine/HL/Headers/HLAudMaster.h
HLAudMic.c	7	c:/dev/Tiger/DL_Default/TigerCode/Code/golf/audio/engine/hl/HLAudMic.c
HLAudSession.c	24	c:/dev/Tiger/DL_Default/TigerCode/Code/golf/audio/engine/hl/HLAudSession.c
HLAudSession.h	2	../../../../../TIGERCODE/Code/Golf/Audio/Engine/HL/Headers/HLAudSession.h
HLAudSession.h.2	1	../../../../../TIGERCODE/Code/golf/audio/engine/HL/headers/HLAudSession.h
HLAudTrack.c	26	c:/dev/Tiger/DL_Default/TigerCode/Code/golf/audio/engine/hl/HLAudTrack.c
HLAudTrackSeq.c	32	c:/dev/Tiger/DL_Default/TigerCode/Code/golf/audio/engine/hl/HLAudTrackSeq.c
HLAudTrackSeq.h	1	c:/dev/Tiger/DL_Default/TigerCode/Code/golf/audio/engine/hl/Headers/HLAudTrackSeq.h
HLAudTrackStm.c	21	c:/dev/Tiger/DL_Default/TigerCode/Code/golf/audio/engine/hl/HLAudTrackStm.c
HLAudVoice.c	18	c:/dev/Tiger/DL_Default/TigerCode/Code/golf/audio/engine/hl/HLAudVoice.c
Hash.cpp	9	c:/dev/Tiger/DL_Default/TigerCode/packages/ears_common/dev/src/Hash.cpp
Hash.h	1	../../../ears_common/dev/include/ears_common/Hash.h
Hash.h.2	1	../ears_common/dev/include/ears_common/Hash.h
HashTable.h	13	../ears_common/dev/include/ears_common/HashTable.h
HighLevel_AnimFrame.c	4	c:/dev/Tiger/DL_Default/TigerCode/packages/ears_rt_cct/dev/src/HighLevel/HighLevel_AnimFrame.c
HighLevel_Character.c	14	c:/dev/Tiger/DL_Default/TigerCode/packages/ears_rt_cct/dev/src/HighLevel/HighLevel_Character.c
HighLevel_EventsOut.c	3	c:/dev/Tiger/DL_Default/TigerCode/packages/ears_rt_cct/dev/src/HighLevel/HighLevel_EventsOut.c
HighLevel_Extensions.c	17	c:/dev/Tiger/DL_Default/TigerCode/packages/ears_rt_cct/dev/src/HighLevel/HighLevel_Extensions.c
HighLevel_Motion.c	5	c:/dev/Tiger/DL_Default/TigerCode/packages/ears_rt_cct/dev/src/HighLevel/HighLevel_Motion.c
HighScoreRecords.cpp	11	c:/dev/Tiger/DL_Default/TigerCode/Code/golf/earnings/HighScoreRecords.cpp
Http.c	10	c:/dev/Tiger/DL_Default/TigerCode/Code/golf/online/Http.c
Huffman.cpp	4	C:/Dev/Tiger/DL_Default/TigerCode/packages/t3db/2.21.03-RW-EAC/source/common/Huffman.cpp
Huffman.h	2	C:/Dev/Tiger/DL_Default/TigerCode/packages/t3db/2.21.03-RW-EAC/include/common/t3db/Huffman.h
IAllocator.h	2	../../../../../TIGERCODE/packages/Allocator/1.07.00/include/Allocator/IAllocator.h
IAllocator.h.2	2	../../../Allocator/1.07.00/include/Allocator/IAllocator.h
ICodec.h	1	../ears_rt_cct/dev/api/ears_rt_cct/Interfaces/ICodec.h
ICollection.h	1	C:/Dev/Tiger/DL_Default/TigerCode/packages/t3db/2.21.03-RW-EAC/include/common/t3db/ICollection.h
IGameData.cpp	69	c:/dev/Tiger/DL_Default/TigerCode/Code/golf/gamemode/IGameData.cpp
IGameData.h	1	../../../../../TIGERCODE/Code/Golf/GameMode/Headers/IGameData.h
IO.cpp	16	C:/Dev/Tiger/DL_Default/TigerCode/packages/t3db/2.21.03-RW-EAC/source/common/IO.cpp
IOStream.cpp	102	C:/Dev/Tiger/DL_Default/TigerCode/packages/RNA/dev-2.0-golf/RNA/rnax/source/RNAUtils/IOStream.cpp
IOStream.h	1	../../../../../TIGERCODE/packages/RNA/dev-2.0-golf/RNA/RNAX/include/RNAUtils/IOStream.h
IOStream.h.2	8	C:/Dev/Tiger/DL_Default/TigerCode/packages/RNA/dev-2.0-golf/RNA/RNAX/include/RNAUtils/IOStream.h
InGameTune.c	40	c:/dev/Tiger/DL_Default/TigerCode/Code/InGameTune/InGameTune.c
Inline.h.2	5	C:/Dev/Tiger/DL_Default/TigerCode/packages/t3db/2.21.03-RW-EAC/include/common/t3db/Inline.h
InstVars.cpp	6	c:/dev/Tiger/DL_Default/TigerCode/packages/ears_rt_cct/dev/api_src/Internal/InstVars.cpp
InstVars.h	2	../ears_rt_cct/dev/api/ears_rt_cct/Internal/InstVars.h
Interpolator.cpp	9	c:/dev/Tiger/DL_Default/TigerCode/packages/ears_trinity/trinity/Runtime/src/Interpolator.cpp
Interpolator.h	1	../ears_trinity/Trinity/Runtime/src/Interpolator.h
Intersect.cpp	16	c:/dev/Tiger/DL_Default/TigerCode/Code/Headgate/SOURCE/Utils/Intersect.cpp
JuiceOsdkApi.h	16	C:/Dev/Tiger/DL_Default/TigerCode/packages/OSDK/2.06.04/core/include/common/OSDK/Juice/JuiceOsdkApi.h
Kickstart.h	3	../../../../../TIGERCODE/Code/Golf/Online/OSDK/Kickstart.h
LLCon.c	59	c:/dev/Tiger/DL_Default/TigerCode/Code/legacy/ll/LLCon.c
LLConCmd.c	129	c:/dev/Tiger/DL_Default/TigerCode/Code/legacy/ll/LLConCmd.c
LLConCmd.h	27	../../../../../TIGERCODE/Code/Legacy/LL/Headers/LLConCmd.h
LLDisSt.c	2	c:/dev/Tiger/DL_Default/TigerCode/Code/legacy/ll/LLDisSt.c
LLDisSt.h	1	../../../../../TIGERCODE/Code/Legacy/LL/Headers/LLDisSt.h
LLDisSt.h.2	1	c:/dev/Tiger/DL_Default/TigerCode/Code/legacy/LL/Headers/LLDisSt.h
LLDisSt_gcm.c	2	c:/dev/Tiger/DL_Default/TigerCode/Code/legacy/ll/ps3/LLDisSt_gcm.c
LLDisSt_gcm.h	14	../../../../../TIGERCODE/Code/Legacy/LL/PS3/Headers/LLDisSt_gcm.h
LLDisSt_gcm.h.2	12	c:/dev/Tiger/DL_Default/TigerCode/Code/legacy/LL/PS3/Headers/LLDisSt_gcm.h
LLDisp.h	1	../../../../../TIGERCODE/Code/Legacy/LL/Headers/LLDisp.h
LLDisp_common.c	14	c:/dev/Tiger/DL_Default/TigerCode/Code/Legacy/LL/LLDisp_common.c
LLDisp_gcm.c	32	c:/dev/Tiger/DL_Default/TigerCode/Code/legacy/ll/ps3/LLDisp_gcm.c
LLDynTex.c	43	c:/dev/Tiger/DL_Default/TigerCode/Code/legacy/ll/LLDynTex.c
LLEdramEmu_ps3.c	6	c:/dev/Tiger/DL_Default/TigerCode/Code/legacy/ll/ps3/LLEdramEmu_ps3.c
LLFailHUD.c	5	c:/dev/Tiger/DL_Default/TigerCode/Code/legacy/ll/LLFailHUD.c
LLFileIO.c	5	c:/dev/Tiger/DL_Default/TigerCode/Code/legacy/ll/LLFileIO.c
LLFileIO.h	1	../../../../../TIGERCODE/Code/Legacy/LL/Headers/LLFileIO.h
LLFileIO.h.2	1	c:/dev/Tiger/DL_Default/TigerCode/Code/legacy/LL/Headers/LLFileIO.h
LLInput.c	7	c:/dev/Tiger/DL_Default/TigerCode/Code/legacy/ll/LLInput.c
LLInputStress.c	6	c:/dev/Tiger/DL_Default/TigerCode/Code/legacy/ll/LLInputStress.c
LLJobScheduler_ps3.c	6	c:/dev/Tiger/DL_Default/TigerCode/Code/legacy/ll/ps3/LLJobScheduler_ps3.c
LLJrnl.c	4	c:/dev/Tiger/DL_Default/TigerCode/Code/legacy/ll/LLJrnl.c
LLKey.c	9	c:/dev/Tiger/DL_Default/TigerCode/Code/legacy/ll/LLKey.c
LLList_gcm.c	10	c:/dev/Tiger/DL_Default/TigerCode/Code/legacy/ll/ps3/LLList_gcm.c
LLMask_ps3.c	6	c:/dev/Tiger/DL_Default/TigerCode/Code/legacy/ll/ps3/LLMask_ps3.c
LLMath_PS3.c	21	c:/dev/Tiger/DL_Default/TigerCode/Code/legacy/ll/ps3/LLMath_PS3.c
LLMath_PS3.h	43	../../../../../TIGERCODE/Code/Legacy/LL/PS3/Headers/LLMath_PS3.h
LLMem.c	7	c:/dev/Tiger/DL_Default/TigerCode/Code/legacy/ll/LLMem.c
LLMem_PS3.c	4	c:/dev/Tiger/DL_Default/TigerCode/Code/legacy/ll/ps3/LLMem_PS3.c
LLParse.cpp	9	c:/dev/Tiger/DL_Default/TigerCode/Code/legacy/ll/LLParse.cpp
LLParse.h	6	c:/dev/Tiger/DL_Default/TigerCode/Code/legacy/ll/headers/LLParse.h
LLPoolAllocator.cpp	12	c:/dev/Tiger/DL_Default/TigerCode/Code/legacy/ll/LLPoolAllocator.cpp
LLPoolAllocator.h	1	../../../../../TIGERCODE/Code/Legacy/LL/Headers/LLPoolAllocator.h
LLPoolAllocator.h.2	1	c:/dev/Tiger/DL_Default/TigerCode/Code/legacy/ll/./Headers/LLPoolAllocator.h
LLPrims.c	10	c:/dev/Tiger/DL_Default/TigerCode/Code/legacy/ll/LLPrims.c
LLPrims.h	5	../../../../../TIGERCODE/Code/Legacy/LL/Headers/LLPrims.h
LLPrims.h.2	5	c:/dev/Tiger/DL_Default/TigerCode/Code/legacy/LL/Headers/LLPrims.h
LLPrimsLib.c	8	c:/dev/Tiger/DL_Default/TigerCode/Code/legacy/ll/LLPrimsLib.c
LLPrint.c	22	c:/dev/Tiger/DL_Default/TigerCode/Code/legacy/ll/LLPrint.c
LLRTClock.c	1	c:/dev/Tiger/DL_Default/TigerCode/Code/legacy/ll/LLRTClock.c
LLRTClock_PS3.c	1	c:/dev/Tiger/DL_Default/TigerCode/Code/legacy/ll/ps3/LLRTClock_PS3.c
LLReadValidator.cpp	2	c:/dev/Tiger/DL_Default/TigerCode/Code/legacy/ll/LLReadValidator.cpp
LLRealFileIO.cpp	32	c:/dev/Tiger/DL_Default/TigerCode/Code/legacy/ll/LLRealFileIO.cpp
LLRes.c	1	c:/dev/Tiger/DL_Default/TigerCode/Code/legacy/ll/LLRes.c
LLShader_gcm.cpp	36	c:/dev/Tiger/DL_Default/TigerCode/Code/legacy/ll/ps3/LLShader_gcm.cpp
LLSnap.c	29	c:/dev/Tiger/DL_Default/TigerCode/Code/legacy/ll/LLSnap.c
LLSnap.h	1	c:/dev/Tiger/DL_Default/TigerCode/Code/legacy/ll/Headers/LLSnap.h
LLSnap.h.2	2	c:/dev/Tiger/DL_Default/TigerCode/Code/Legacy/LL/Headers/LLSnap.h
LLSnap_ps3.c	3	c:/dev/Tiger/DL_Default/TigerCode/Code/legacy/ll/ps3/LLSnap_ps3.c
LLSync_gcm.cpp	8	c:/dev/Tiger/DL_Default/TigerCode/Code/legacy/ll/ps3/LLSync_gcm.cpp
LLTex.c	17	c:/dev/Tiger/DL_Default/TigerCode/Code/legacy/ll/LLTex.c
LLTex.h	10	../../../../../TIGERCODE/Code/Legacy/LL/Headers/LLTex.h
LLTexGrp.c	30	c:/dev/Tiger/DL_Default/TigerCode/Code/legacy/ll/LLTexGrp.c
LLTexture.c	19	c:/dev/Tiger/DL_Default/TigerCode/Code/legacy/ll/LLTexture.c
LLTexture.h	2	../../../../../TIGERCODE/Code/Legacy/LL/Headers/LLTexture.h
LLTextureCompression.c	22	c:/dev/Tiger/DL_Default/TigerCode/Code/legacy/ll/LLTextureCompression.c
LLTextureDebug.c	15	c:/dev/Tiger/DL_Default/TigerCode/Code/legacy/ll/LLTextureDebug.c
LLTextureGroup.c	35	c:/dev/Tiger/DL_Default/TigerCode/Code/legacy/ll/LLTextureGroup.c
LLTextureGroupShared.cpp	3	c:/dev/Tiger/DL_Default/TigerCode/Code/legacy/ll/LLTextureGroupShared.cpp
LLTextureResize.c	14	c:/dev/Tiger/DL_Default/TigerCode/Code/legacy/ll/LLTextureResize.c
LLTextureShared.cpp	8	c:/dev/Tiger/DL_Default/TigerCode/Code/legacy/ll/LLTextureShared.cpp
LLTextureShared.h	11	../../../../../TIGERCODE/Code/Legacy/LL/Headers/LLTextureShared.h
LLTexture_PS3GCM.c	16	c:/dev/Tiger/DL_Default/TigerCode/Code/legacy/ll/LLTexture_PS3GCM.c
LLTexture_PS3GCM.h	1	c:/dev/Tiger/DL_Default/TigerCode/Code/legacy/ll/Headers/LLTexture_PS3GCM.h
LLTexture_internal.h	4	c:/dev/Tiger/DL_Default/TigerCode/Code/legacy/ll/Headers/LLTexture_internal.h
LLTime.c	17	c:/dev/Tiger/DL_Default/TigerCode/Code/legacy/ll/LLTime.c
LLTime.h	4	../../../../../TIGERCODE/Code/Legacy/LL/Headers/LLTime.h
LLUIWidget.c	6	c:/dev/Tiger/DL_Default/TigerCode/Code/legacy/ll/LLUIWidget.c
LLUIWidget.h	3	../../../../../TIGERCODE/Code/Legacy/LL/Headers/LLUIWidget.h
Legacy_unity.cpp	4	c:/dev/Tiger/DL_Default/TigerCode/Code/Legacy_unity.cpp
Lexer.cpp	10	C:/Dev/Tiger/DL_Default/TigerCode/packages/t3db/2.21.03-RW-EAC/source/common/Parser/Lexer.cpp
Lexer.h	5	C:/Dev/Tiger/DL_Default/TigerCode/packages/t3db/2.21.03-RW-EAC/include/common/t3db/Lexer.h
List.h.2	10	../ears_common/dev/include/ears_common/List.h
Lobby.c	23	c:/dev/Tiger/DL_Default/TigerCode/Code/golf/online/Lobby.c
Lobby.h	2	../../../../../TIGERCODE/Code/Golf/Online/Lobby.h
LobbyMatch.c	129	c:/dev/Tiger/DL_Default/TigerCode/Code/golf/online/LobbyMatch.c
LobbyMatch.h	15	../../../../../TIGERCODE/Code/Golf/Online/LobbyMatch.h
LocalLoad.cpp	1	c:/dev/Tiger/DL_Default/TigerCode/Code/Golf/Misc/LocalLoad.cpp
LuaTuningFileManager.cpp	1	c:/dev/Tiger/DL_Default/TigerCode/Code/InGameTune/LuaTuningFileManager.cpp
LuaTuningFileManager.h	12	../../../../../TIGERCODE/Code/InGameTune/Headers/LuaTuningFileManager.h
MC.c	81	c:/dev/Tiger/DL_Default/TigerCode/Code/Golf/Memory_Card/MC.c
MC.h	5	../../../../../TIGERCODE/Code/Golf/Memory_Card/Headers/MC.h
MC_PS3.c	146	c:/dev/Tiger/DL_Default/TigerCode/Code/Golf/Memory_Card/PS3/MC_PS3.c
Main.c	8	c:/dev/Tiger/DL_Default/TigerCode/Code/Legacy/Main/Main.c
ManagedArray.h	8	../ears_common/dev/include/ears_common/ManagedArray.h
MaterialListController.cpp	13	c:/dev/Tiger/DL_Default/TigerCode/Code/Golf/Rna/RuntimeTools/MaterialListController.cpp
MaterialListController.h	6	../../../../../TIGERCODE/Code/Golf/RNA/RuntimeTools/MaterialListController.h
MaterialTypes.c	17	c:/dev/Tiger/DL_Default/TigerCode/Code/Golf/Physics/MaterialTypes.c
MaterialXMLAsset.cpp	12	c:/dev/Tiger/DL_Default/TigerCode/Code/Golf/Rna/Asset/Common/MaterialXMLAsset.cpp
MaterialXMLAsset.h	2	../../../../../TIGERCODE/Code/Golf/RNA/Asset/Common/MaterialXMLAsset.h
MathQuat.c	22	c:/dev/Tiger/DL_Default/TigerCode/Code/legacy/lib/MathQuat.c
MathQuat.c.2	23	c:/dev/Tiger/DL_Default/TigerCode/packages/ears_rt_math/dev/src/MathQuat.c
MathQuat.h	4	../../../../../TIGERCODE/Code/Legacy/Lib/Headers/MathQuat.h
MathQuat.h.2	3	../ears_rt_math/dev/include/ears_rt_math/MathQuat.h
MathQuat.h.4	3	c:/dev/Tiger/DL_Default/TigerCode/Code/legacy/lib/Headers/MathQuat.h
MemParser.c	6	c:/dev/Tiger/DL_Default/TigerCode/Code/golf/animation/MemParser.c
MemPool.inl	7	C:/Dev/Tiger/DL_Default/TigerCode/packages/t3db/2.21.03-RW-EAC/include/common/t3db/MemPool.inl
MemoryManager.cpp	22	C:/Dev/Tiger/DL_Default/TigerCode/packages/t3db_ext/2.21.04-RW-EAC/source/common/MemoryManager.cpp
MotionDefinition.cpp	3	c:/dev/Tiger/DL_Default/TigerCode/packages/ears_rt_cct/dev/api_src/Internal/MotionDefinition.cpp
MotionDefinitionMap.h	1	c:/dev/Tiger/DL_Default/TigerCode/packages/ears_rt_cct/dev/api_src/Internal/MotionDefinitionMap.h
NameNode.cpp	3	c:/dev/Tiger/DL_Default/TigerCode/packages/ears_rt_cct/dev/api_src/Internal/NameNode.cpp
NameNode.h	2	../ears_rt_cct/dev/api_src/Internal/NameNode.h
NameNodeHash.h	1	c:/dev/Tiger/DL_Default/TigerCode/packages/ears_rt_cct/dev/api_src/Internal/NameNodeHash.h
NetGame.c	15	c:/dev/Tiger/DL_Default/TigerCode/Code/golf/online/NetGame.c
ObjectStack.cpp	7	C:/Dev/Tiger/DL_Default/TigerCode/packages/t3db/2.21.03-RW-EAC/source/common/ObjectStack.cpp
ObjectStack.h	3	C:/Dev/Tiger/DL_Default/TigerCode/packages/t3db/2.21.03-RW-EAC/include/common/t3db/ObjectStack.h
Online.c	29	c:/dev/Tiger/DL_Default/TigerCode/Code/golf/online/Online.c
OnlineGolf.c	188	c:/dev/Tiger/DL_Default/TigerCode/Code/golf/gamemode/OnlineGolf.c
OnlineManager.cpp	137	c:/dev/Tiger/DL_Default/TigerCode/Code/golf/online/OnlineManager.cpp
OnlineManager.h	30	../../../../../TIGERCODE/Code/Golf/Online/OnlineManager.h
OnlineManager.h.2	6	c:/dev/Tiger/DL_Default/TigerCode/Code/Golf/Online/OnlineManager.h
OnlineTourn.c	1	c:/dev/Tiger/DL_Default/TigerCode/Code/golf/online/OnlineTourn.c
PGATourSimulation.c	177	c:/dev/Tiger/DL_Default/TigerCode/Code/golf/gamemode/PGATourSimulation.c
PS3ControllerPull.c	4	c:/dev/Tiger/DL_Default/TigerCode/Code/Golf/UI_Core/Common/PS3ControllerPull.c
PasswordManager.cpp	9	c:/dev/Tiger/DL_Default/TigerCode/Code/golf/earnings/PasswordManager.cpp
PasswordManager.h	1	../../../../../TIGERCODE/Code/Golf/Earnings/Headers/PasswordManager.h
PasswordManager.h.2	3	c:/dev/Tiger/DL_Default/TigerCode/Code/Golf/Earnings/Headers/PasswordManager.h
Path.cpp	14	C:/Dev/Tiger/DL_Default/TigerCode/packages/RNA/dev-2.0-golf/RNA/rnax/source/RNAUtils/Path.cpp
Path.h	2	C:/Dev/Tiger/DL_Default/TigerCode/packages/RNA/dev-2.0-golf/RNA/RNAX/include/RNAUtils/Path.h
PerfGraph.c	7	c:/dev/Tiger/DL_Default/TigerCode/Code/Golf/Performance/PerfGraph.c
Physics.c	119	c:/dev/Tiger/DL_Default/TigerCode/Code/Golf/Physics/Physics.c
PhysicsDefinitions.h	4	c:/dev/Tiger/DL_Default/TigerCode/Code/Golf/Physics/Headers/PhysicsDefinitions.h
PhysicsDefinitions.h.2	3	c:/dev/Tiger/DL_Default/TigerCode/Code/golf/Physics/Headers/PhysicsDefinitions.h
PhysicsTypes.h	7	../../../../../TIGERCODE/Code/Golf/Physics/Headers/PhysicsTypes.h
PipCamera.cpp	16	c:/dev/Tiger/DL_Default/TigerCode/Code/golf/cameras/PipCamera.cpp
Position.cpp	27	c:/dev/Tiger/DL_Default/TigerCode/Code/Headgate/SOURCE/Utils/Position.cpp
PositionsFrameCache.cpp	12	c:/dev/Tiger/DL_Default/TigerCode/packages/ears_rt_cct/dev/api_src/Internal/PositionsFrameCache.cpp
PositionsFrameCache.h	1	c:/dev/Tiger/DL_Default/TigerCode/packages/ears_rt_cct/dev/api_src/Internal/PositionsFrameCache.h
PovFrustum.cpp	3	c:/dev/Tiger/DL_Default/TigerCode/Code/Golf/Spectator/PovFrustum.cpp
PovFrustum.h	4	c:/dev/Tiger/DL_Default/TigerCode/Code/Golf/Spectator/PovFrustum.h
PovLinkedList.h	22	../../../../../TIGERCODE/Code/Golf/Spectator/PovLinkedList.h
PovMatrix.cpp	65	c:/dev/Tiger/DL_Default/TigerCode/Code/Golf/Spectator/PovMatrix.cpp
PovMatrix.h	25	c:/dev/Tiger/DL_Default/TigerCode/Code/Golf/Spectator/PovMatrix.h
PovVector.cpp	4	c:/dev/Tiger/DL_Default/TigerCode/Code/Golf/Spectator/PovVector.cpp
PovVector.h	50	../../../../../TIGERCODE/Code/Golf/Spectator/PovVector.h
PrevStateInfo.cpp	1	c:/dev/Tiger/DL_Default/TigerCode/packages/ears_rt_cct/dev/api_src/Internal/PrevStateInfo.cpp
PrevStateInfo.h	1	../ears_rt_cct/dev/api/ears_rt_cct/Internal/PrevStateInfo.h
Query.cpp	20	C:/Dev/Tiger/DL_Default/TigerCode/packages/t3db/2.21.03-RW-EAC/source/common/Query.cpp
Query.h	8	C:/Dev/Tiger/DL_Default/TigerCode/packages/t3db/2.21.03-RW-EAC/include/common/t3db/Query.h
QueryHelper.cpp	17	C:/Dev/Tiger/DL_Default/TigerCode/packages/t3db/2.21.03-RW-EAC/source/common/QueryHelper.cpp
QueryHelper.h	2	C:/Dev/Tiger/DL_Default/TigerCode/packages/t3db/2.21.03-RW-EAC/include/common/t3db/QueryHelper.h
QueryIndex.cpp	10	C:/Dev/Tiger/DL_Default/TigerCode/packages/t3db/2.21.03-RW-EAC/source/common/QueryIndex.cpp
QueryIndex.h	3	C:/Dev/Tiger/DL_Default/TigerCode/packages/t3db/2.21.03-RW-EAC/include/common/t3db/QueryIndex.h
QuerySearch.cpp	24	C:/Dev/Tiger/DL_Default/TigerCode/packages/t3db/2.21.03-RW-EAC/source/common/Query/QuerySearch.cpp
QuerySearch.h	4	C:/Dev/Tiger/DL_Default/TigerCode/packages/t3db/2.21.03-RW-EAC/include/common/t3db/QuerySearch.h
RBTree.cpp	29	C:/Dev/Tiger/DL_Default/TigerCode/packages/t3db/2.21.03-RW-EAC/source/common/Index/RBTree.cpp
RBTree.h	4	C:/Dev/Tiger/DL_Default/TigerCode/packages/t3db/2.21.03-RW-EAC/include/common/t3db/RBTree.h
RNAAllocatorStandard.cpp	4	C:/Dev/Tiger/DL_Default/TigerCode/packages/RNA/dev-2.0-golf/RNA/rnacore/source/RNABase/RNAAllocatorStandard.cpp
RNAAllocatorStandard.h	1	C:/Dev/Tiger/DL_Default/TigerCode/packages/RNA/dev-2.0-golf/RNA/RNACore/Include/RNABase/RNAAllocatorStandard.h
RNAAllocatorString.cpp	6	C:/Dev/Tiger/DL_Default/TigerCode/packages/RNA/dev-2.0-golf/RNA/rnacore/source/RNABase/RNAAllocatorString.cpp
RNAAllocatorString.h	1	C:/Dev/Tiger/DL_Default/TigerCode/packages/RNA/dev-2.0-golf/RNA/RNACore/Include/RNABase/RNAAllocatorString.h
RNAAssert.h	1	../../../../../TIGERCODE/packages/RNA/dev-2.0-golf/RNA/RNACore/include/RNABase/RNAAssert.h
RNAAssert.h.2	1	C:/Dev/Tiger/DL_Default/TigerCode/packages/RNA/dev-2.0-golf/RNA/RNACore/Include/RNABase/RNAAssert.h
RNABuilder.cpp	37	C:/Dev/Tiger/DL_Default/TigerCode/packages/RNA/dev-2.0-golf/RNA/rnax/source/RNAX/RNABuilder.cpp
RNABuilder.h	1	../../../../../TIGERCODE/packages/RNA/dev-2.0-golf/RNA/RNAX/include/RNAX/RNABuilder.h
RNABuilder.h.2	4	C:/Dev/Tiger/DL_Default/TigerCode/packages/RNA/dev-2.0-golf/RNA/RNAX/include/RNAX/RNABuilder.h
RNABuilder.inl	3	../../../../../TIGERCODE/packages/RNA/dev-2.0-golf/RNA/RNAX/include/RNAX/RNABuilder.inl
RNABuilder.inl.2	8	C:/Dev/Tiger/DL_Default/TigerCode/packages/RNA/dev-2.0-golf/RNA/RNAX/include/RNAX/RNABuilder.inl
RNABuilderTarget.cpp	21	C:/Dev/Tiger/DL_Default/TigerCode/packages/RNA/dev-2.0-golf/RNA/rnax/source/RNAX/RNABuilderTarget.cpp
RNABuilderTarget.h	6	C:/Dev/Tiger/DL_Default/TigerCode/packages/RNA/dev-2.0-golf/RNA/RNAX/include/RNAX/RNABuilderTarget.h
RNAChunkReader.cpp	9	C:/Dev/Tiger/DL_Default/TigerCode/packages/RNA/dev-2.0-golf/RNA/rnax/source/RNAX/RNAChunkReader.cpp
RNAChunkReader.h	2	C:/Dev/Tiger/DL_Default/TigerCode/packages/RNA/dev-2.0-golf/RNA/RNAX/include/RNAX/RNAChunkReader.h
RNACircularBuffer.cpp	11	C:/Dev/Tiger/DL_Default/TigerCode/packages/RNA/dev-2.0-golf/RNA/rnacore/source/RNARender/PS3/RNACircularBuffer.cpp
RNACircularBuffer.h	3	C:/Dev/Tiger/DL_Default/TigerCode/packages/RNA/dev-2.0-golf/RNA/RNACore/Include/RNARender/ps3/RNARender/RNACircularBuffer.h
RNACmdBuffer.cpp	29	C:/Dev/Tiger/DL_Default/TigerCode/packages/RNA/dev-2.0-golf/RNA/rnacore/source/RNARender/PS3/RNACmdBuffer.cpp
RNACmdBuffer.h	3	C:/Dev/Tiger/DL_Default/TigerCode/packages/RNA/dev-2.0-golf/RNA/RNACore/Include/RNARender/ps3/RNARender/RNACmdBuffer.h
RNADebug.cpp	4	C:/Dev/Tiger/DL_Default/TigerCode/packages/RNA/dev-2.0-golf/RNA/rnacore/source/RNAScope/RNADebug.cpp
RNADebugMenuView_PC.cpp	13	c:/dev/Tiger/DL_Default/TigerCode/Code/Golf/Rna/RNADebugMenuView_PC.cpp
RNADebugMenuView_PC.h	1	../../../../../TIGERCODE/Code/Golf/Rna/RNADebugMenuView_PC.h
RNADebugMenus.cpp	10	C:/Dev/Tiger/DL_Default/TigerCode/packages/RNA/dev-2.0-golf/RNA/rnax/source/rnadebugmenus/RNADebugMenus.cpp
RNADebugPrint.cpp	7	C:/Dev/Tiger/DL_Default/TigerCode/packages/RNA/dev-2.0-golf/RNA/rnacore/source/RNARender/PS3/RNADebugPrint.cpp
RNADevice.cpp	30	C:/Dev/Tiger/DL_Default/TigerCode/packages/RNA/dev-2.0-golf/RNA/rnacore/source/RNARender/RNADevice.cpp
RNADevice.h	9	../../../../../TIGERCODE/packages/RNA/dev-2.0-golf/RNA/RNACore/include/RNARender/RNADevice.h
RNADevice.h.2	34	C:/Dev/Tiger/DL_Default/TigerCode/packages/RNA/dev-2.0-golf/RNA/RNACore/Include/RNARender/RNADevice.h
RNADeviceDebug.cpp	10	C:/Dev/Tiger/DL_Default/TigerCode/packages/RNA/dev-2.0-golf/RNA/rnacore/source/RNARender/PS3/RNADeviceDebug.cpp
RNADevicePlat.cpp	46	C:/Dev/Tiger/DL_Default/TigerCode/packages/RNA/dev-2.0-golf/RNA/rnacore/source/RNARender/PS3/RNADevicePlat.cpp
RNADevicePlat.h	1	../../../../../TIGERCODE/packages/RNA/dev-2.0-golf/RNA/RNACore/include/RNARender/PS3/RNARender/RNADevicePlat.h
RNADevicePlat.h.2	7	C:/Dev/Tiger/DL_Default/TigerCode/packages/RNA/dev-2.0-golf/RNA/RNACore/Include/RNARender/ps3/RNARender/RNADevicePlat.h
RNADrawImmediate.cpp	31	C:/Dev/Tiger/DL_Default/TigerCode/packages/RNA/dev-2.0-golf/RNA/rnax/source/RNAX/PS3/RNADrawImmediate.cpp
RNADrawImmediate.h	2	C:/Dev/Tiger/DL_Default/TigerCode/packages/RNA/dev-2.0-golf/RNA/RNAX/include/RNAX/PS3/RNAX/RNADrawImmediate.h
RNAFISTData_PS3.cpp	1	c:/dev/Tiger/DL_Default/TigerCode/Code/Golf/Rna/Asset/Fist/RNAFISTData_PS3.cpp
RNAFX.cpp	98	C:/Dev/Tiger/DL_Default/TigerCode/packages/RNA/dev-2.0-golf/RNA/rnax/source/RNAX/RNAFX.cpp
RNAFX.h	35	C:/Dev/Tiger/DL_Default/TigerCode/packages/RNA/dev-2.0-golf/RNA/RNAX/include/RNAX/RNAFX.h
RNAFlap.cpp	17	c:/dev/Tiger/DL_Default/TigerCode/Code/Golf/Rna/RNAFlap.cpp
RNAGeom.cpp	7	C:/Dev/Tiger/DL_Default/TigerCode/packages/RNA/dev-2.0-golf/RNA/rnacore/source/RNARender/RNAGeom.cpp
RNAGeom.h	4	../../../../../TIGERCODE/packages/RNA/dev-2.0-golf/RNA/RNACore/include/RNARender/RNAGeom.h
RNAGeom.h.2	7	C:/Dev/Tiger/DL_Default/TigerCode/packages/RNA/dev-2.0-golf/RNA/RNACore/Include/RNARender/RNAGeom.h
RNAGeomList.cpp	8	C:/Dev/Tiger/DL_Default/TigerCode/packages/RNA/dev-2.0-golf/RNA/rnax/source/RNAX/RNAGeomList.cpp
RNAGeomList.h	2	../../../../../TIGERCODE/packages/RNA/dev-2.0-golf/RNA/RNAX/include/RNAX/RNAGeomList.h
RNAGeomList.h.2	4	C:/Dev/Tiger/DL_Default/TigerCode/packages/RNA/dev-2.0-golf/RNA/RNAX/include/RNAX/RNAGeomList.h
RNAGlue.cpp	65	c:/dev/Tiger/DL_Default/TigerCode/Code/Golf/Rna/RNAGlue.cpp
RNAIndices.cpp	12	C:/Dev/Tiger/DL_Default/TigerCode/packages/RNA/dev-2.0-golf/RNA/rnacore/source/RNARender/PS3/RNAIndices.cpp
RNAIndices.h	2	../../../../../TIGERCODE/packages/RNA/dev-2.0-golf/RNA/RNACore/include/RNARender/PS3/RNARender/RNAIndices.h
RNAIndices.h.2	7	C:/Dev/Tiger/DL_Default/TigerCode/packages/RNA/dev-2.0-golf/RNA/RNACore/Include/RNARender/ps3/RNARender/RNAIndices.h
RNAJob.h	2	../../../../../TIGERCODE/packages/RNA/dev-2.0-golf/RNA/RNAX/include/RNAX/RNAJob.h
RNAJob.h.2	2	C:/Dev/Tiger/DL_Default/TigerCode/packages/RNA/dev-2.0-golf/RNA/RNAX/include/RNAX/RNAJob.h
RNAJobPlat.cpp	28	C:/Dev/Tiger/DL_Default/TigerCode/packages/RNA/dev-2.0-golf/RNA/rnax/source/RNAX/PS3/RNAJobPlat.cpp
RNAJobPlat.h	17	C:/Dev/Tiger/DL_Default/TigerCode/packages/RNA/dev-2.0-golf/RNA/RNAX/include/RNAX/PS3/RNAX/RNAJobPlat.h
RNAList.h	9	C:/Dev/Tiger/DL_Default/TigerCode/packages/RNA/dev-2.0-golf/RNA/RNACore/Include/RNABase/RNAList.h
RNAMapping.cpp	17	C:/Dev/Tiger/DL_Default/TigerCode/packages/RNA/dev-2.0-golf/RNA/rnacore/source/RNAScope/RNAMapping.cpp
RNAMapping.h	2	../../../../../TIGERCODE/packages/RNA/dev-2.0-golf/RNA/RNACore/include/RNAScope/RNAMapping.h
RNAMapping.h.2	10	C:/Dev/Tiger/DL_Default/TigerCode/packages/RNA/dev-2.0-golf/RNA/RNACore/Include/RNAScope/RNAMapping.h
RNAMaterial.cpp	13	C:/Dev/Tiger/DL_Default/TigerCode/packages/RNA/dev-2.0-golf/RNA/rnacore/source/RNARender/RNAMaterial.cpp
RNAMaterial.h	19	../../../../../TIGERCODE/packages/RNA/dev-2.0-golf/RNA/RNACore/include/RNARender/RNAMaterial.h
RNAMaterial.h.2	13	C:/Dev/Tiger/DL_Default/TigerCode/packages/RNA/dev-2.0-golf/RNA/RNACore/Include/RNARender/RNAMaterial.h
RNAMaterialList.cpp	10	C:/Dev/Tiger/DL_Default/TigerCode/packages/RNA/dev-2.0-golf/RNA/rnacore/source/RNARender/RNAMaterialList.cpp
RNAMaterialList.h	4	../../../../../TIGERCODE/packages/RNA/dev-2.0-golf/RNA/RNACore/include/RNARender/RNAMaterialList.h
RNAMaterialList.h.2	4	C:/Dev/Tiger/DL_Default/TigerCode/packages/RNA/dev-2.0-golf/RNA/RNACore/Include/RNARender/RNAMaterialList.h
RNAMath.h	1	../../../../../TIGERCODE/packages/RNA/dev-2.0-golf/RNA/RNACore/include/RNABase/RNAMath.h
RNAMesh.cpp	6	C:/Dev/Tiger/DL_Default/TigerCode/packages/RNA/dev-2.0-golf/RNA/rnacore/source/RNARender/RNAMesh.cpp
RNAMesh.h	4	../../../../../TIGERCODE/packages/RNA/dev-2.0-golf/RNA/RNACore/include/RNARender/RNAMesh.h
RNAMesh.h.2	6	C:/Dev/Tiger/DL_Default/TigerCode/packages/RNA/dev-2.0-golf/RNA/RNACore/Include/RNARender/RNAMesh.h
RNAMeshPlat.cpp	9	C:/Dev/Tiger/DL_Default/TigerCode/packages/RNA/dev-2.0-golf/RNA/rnacore/source/RNARender/PS3/RNAMeshPlat.cpp
RNAMeshPlat.h	5	C:/Dev/Tiger/DL_Default/TigerCode/packages/RNA/dev-2.0-golf/RNA/RNACore/Include/RNARender/ps3/RNARender/RNAMeshPlat.h
RNAMeshPlat.h.2	3	C:/Dev/Tiger/DL_Default/TigerCode/packages/RNA/dev-2.0-golf/RNA/RNACore/Include/RNARender/PS3/RNARender/RNAMeshPlat.h
RNAMeshProcessorImmediate.cpp	7	C:/Dev/Tiger/DL_Default/TigerCode/packages/RNA/dev-2.0-golf/RNA/rnax/source/RNAX/PS3/RNAMeshProcessorImmediate.cpp
RNAObject.cpp	4	C:/Dev/Tiger/DL_Default/TigerCode/packages/RNA/dev-2.0-golf/RNA/rnacore/source/RNABase/RNAObject.cpp
RNAObject.h	4	../../../../../TIGERCODE/packages/RNA/dev-2.0-golf/RNA/RNACore/include/RNABase/RNAObject.h
RNAObject.h.2	9	C:/Dev/Tiger/DL_Default/TigerCode/packages/RNA/dev-2.0-golf/RNA/RNACore/Include/RNABase/RNAObject.h
RNAParm.cpp	10	C:/Dev/Tiger/DL_Default/TigerCode/packages/RNA/dev-2.0-golf/RNA/rnacore/source/RNAScope/RNAParm.cpp
RNAParm.h	6	../../../../../TIGERCODE/packages/RNA/dev-2.0-golf/RNA/RNACore/include/RNAScope/RNAParm.h
RNAParm.h.2	9	C:/Dev/Tiger/DL_Default/TigerCode/packages/RNA/dev-2.0-golf/RNA/RNACore/Include/RNAScope/RNAParm.h
RNAParmBlock.cpp	12	C:/Dev/Tiger/DL_Default/TigerCode/packages/RNA/dev-2.0-golf/RNA/rnacore/source/RNAScope/RNAParmBlock.cpp
RNAParmBlock.h	22	../../../../../TIGERCODE/packages/RNA/dev-2.0-golf/RNA/RNACore/include/RNAScope/RNAParmBlock.h
RNAParmBlock.h.2	26	C:/Dev/Tiger/DL_Default/TigerCode/packages/RNA/dev-2.0-golf/RNA/RNACore/Include/RNAScope/RNAParmBlock.h
RNAParmList.cpp	16	C:/Dev/Tiger/DL_Default/TigerCode/packages/RNA/dev-2.0-golf/RNA/rnacore/source/RNAScope/RNAParmList.cpp
RNAParmList.h	1	../../../../../TIGERCODE/packages/RNA/dev-2.0-golf/RNA/RNACore/include/RNAScope/RNAParmList.h
RNAParmList.h.2	6	C:/Dev/Tiger/DL_Default/TigerCode/packages/RNA/dev-2.0-golf/RNA/RNACore/Include/RNAScope/RNAParmList.h
RNAPrimType.h	1	C:/Dev/Tiger/DL_Default/TigerCode/packages/RNA/dev-2.0-golf/RNA/RNACore/Include/RNARender/ps3/RNARender/RNAPrimType.h
RNARefCount.h	13	../../../../../TIGERCODE/packages/RNA/dev-2.0-golf/RNA/RNACore/include/RNABase/RNARefCount.h
RNARefCount.h.2	16	C:/Dev/Tiger/DL_Default/TigerCode/packages/RNA/dev-2.0-golf/RNA/RNACore/Include/RNABase/RNARefCount.h
RNASafeAssign.h	1	C:/Dev/Tiger/DL_Default/TigerCode/packages/RNA/dev-2.0-golf/RNA/RNACore/Include/RNABase/RNASafeAssign.h
RNAScene.cpp	23	C:/Dev/Tiger/DL_Default/TigerCode/packages/RNA/dev-2.0-golf/RNA/rnax/source/RNAX/RNAScene.cpp
RNAScene.h	4	../../../../../TIGERCODE/packages/RNA/dev-2.0-golf/RNA/RNAX/include/RNAX/RNAScene.h
RNAScene.h.2	9	C:/Dev/Tiger/DL_Default/TigerCode/packages/RNA/dev-2.0-golf/RNA/RNAX/include/RNAX/RNAScene.h
RNAScope.cpp	28	C:/Dev/Tiger/DL_Default/TigerCode/packages/RNA/dev-2.0-golf/RNA/rnacore/source/RNAScope/RNAScope.cpp
RNAScope.h	21	../../../../../TIGERCODE/packages/RNA/dev-2.0-golf/RNA/RNACore/include/RNAScope/RNAScope.h
RNAScope.h.2	75	C:/Dev/Tiger/DL_Default/TigerCode/packages/RNA/dev-2.0-golf/RNA/RNACore/Include/RNAScope/RNAScope.h
RNAShader.cpp	23	C:/Dev/Tiger/DL_Default/TigerCode/packages/RNA/dev-2.0-golf/RNA/rnacore/source/RNARender/RNAShader.cpp
RNAShader.h	8	../../../../../TIGERCODE/packages/RNA/dev-2.0-golf/RNA/RNACore/include/RNARender/RNAShader.h
RNAShader.h.2	3	C:/Dev/Tiger/DL_Default/TigerCode/packages/RNA/dev-2.0-golf/RNA/RNACore/Include/RNARender/RNAShader.h
RNAStateManager.cpp	60	C:/Dev/Tiger/DL_Default/TigerCode/packages/RNA/dev-2.0-golf/RNA/rnacore/source/RNARender/PS3/RNAStateManager.cpp
RNAStateManager.h	2	C:/Dev/Tiger/DL_Default/TigerCode/packages/RNA/dev-2.0-golf/RNA/RNACore/Include/RNARender/RNAStateManager.h
RNAStateManager_common.cpp	47	C:/Dev/Tiger/DL_Default/TigerCode/packages/RNA/dev-2.0-golf/RNA/rnacore/source/RNARender/RNAStateManager_common.cpp
RNAStream.cpp	2	C:/Dev/Tiger/DL_Default/TigerCode/packages/RNA/dev-2.0-golf/RNA/rnacore/source/RNARender/RNAStream.cpp
RNAStream.h	5	../../../../../TIGERCODE/packages/RNA/dev-2.0-golf/RNA/RNACore/include/RNARender/RNAStream.h
RNAStream.h.2	4	C:/Dev/Tiger/DL_Default/TigerCode/packages/RNA/dev-2.0-golf/RNA/RNACore/Include/RNARender/RNAStream.h
RNAStreamPlat.cpp	11	C:/Dev/Tiger/DL_Default/TigerCode/packages/RNA/dev-2.0-golf/RNA/rnacore/source/RNARender/PS3/RNAStreamPlat.cpp
RNAStreamPlat.h	1	../../../../../TIGERCODE/packages/RNA/dev-2.0-golf/RNA/RNACore/include/RNARender/PS3/RNARender/RNAStreamPlat.h
RNAStreamPlat.h.2	5	C:/Dev/Tiger/DL_Default/TigerCode/packages/RNA/dev-2.0-golf/RNA/RNACore/Include/RNARender/ps3/RNARender/RNAStreamPlat.h
RNAStreamPlat.h.3	2	C:/Dev/Tiger/DL_Default/TigerCode/packages/RNA/dev-2.0-golf/RNA/RNACore/Include/RNARender/PS3/RNARender/RNAStreamPlat.h
RNAString.cpp	4	C:/Dev/Tiger/DL_Default/TigerCode/packages/RNA/dev-2.0-golf/RNA/rnacore/source/RNABase/RNAString.cpp
RNAString.h	7	../../../../../TIGERCODE/packages/RNA/dev-2.0-golf/RNA/RNACore/include/RNABase/RNAString.h
RNAString.h.2	13	C:/Dev/Tiger/DL_Default/TigerCode/packages/RNA/dev-2.0-golf/RNA/RNACore/Include/RNABase/RNAString.h
RNASurface.cpp	2	C:/Dev/Tiger/DL_Default/TigerCode/packages/RNA/dev-2.0-golf/RNA/rnacore/source/RNARender/RNASurface.cpp
RNASurface.h	5	C:/Dev/Tiger/DL_Default/TigerCode/packages/RNA/dev-2.0-golf/RNA/RNACore/Include/RNARender/RNASurface.h
RNASurfaceFormat.cpp	5	C:/Dev/Tiger/DL_Default/TigerCode/packages/RNA/dev-2.0-golf/RNA/rnacore/source/RNARender/PS3/RNASurfaceFormat.cpp
RNASurfacePlat.cpp	13	C:/Dev/Tiger/DL_Default/TigerCode/packages/RNA/dev-2.0-golf/RNA/rnacore/source/RNARender/PS3/RNASurfacePlat.cpp
RNASurfacePlat.h	5	C:/Dev/Tiger/DL_Default/TigerCode/packages/RNA/dev-2.0-golf/RNA/RNACore/Include/RNARender/ps3/RNARender/RNASurfacePlat.h
RNASurfacePlat.h.2	2	C:/Dev/Tiger/DL_Default/TigerCode/packages/RNA/dev-2.0-golf/RNA/RNACore/Include/RNARender/PS3/RNARender/RNASurfacePlat.h
RNATexture.cpp	2	C:/Dev/Tiger/DL_Default/TigerCode/packages/RNA/dev-2.0-golf/RNA/rnacore/source/RNARender/RNATexture.cpp
RNATexture.h	5	../../../../../TIGERCODE/packages/RNA/dev-2.0-golf/RNA/RNACore/include/RNARender/RNATexture.h
RNATexture.h.2	9	C:/Dev/Tiger/DL_Default/TigerCode/packages/RNA/dev-2.0-golf/RNA/RNACore/Include/RNARender/RNATexture.h
RNATextureDDS.cpp	12	C:/Dev/Tiger/DL_Default/TigerCode/packages/RNA/dev-2.0-golf/RNA/rnax/source/RNAX/PS3/RNATextureDDS.cpp
RNATexturePlat.cpp	15	C:/Dev/Tiger/DL_Default/TigerCode/packages/RNA/dev-2.0-golf/RNA/rnacore/source/RNARender/PS3/RNATexturePlat.cpp
RNATexturePlat.h	2	../../../../../TIGERCODE/packages/RNA/dev-2.0-golf/RNA/RNACore/include/RNARender/PS3/RNARender/RNATexturePlat.h
RNATexturePlat.h.2	5	C:/Dev/Tiger/DL_Default/TigerCode/packages/RNA/dev-2.0-golf/RNA/RNACore/Include/RNARender/ps3/RNARender/RNATexturePlat.h
RNATexturePlat.h.3	2	C:/Dev/Tiger/DL_Default/TigerCode/packages/RNA/dev-2.0-golf/RNA/RNACore/Include/RNARender/PS3/RNARender/RNATexturePlat.h
RNATigerAllocator.cpp	6	c:/dev/Tiger/DL_Default/TigerCode/Code/Golf/RNA/RNATigerAllocator.cpp
RNATigerAllocator.h	1	../../../../../TIGERCODE/Code/Golf/RNA/RNATigerAllocator.h
RNAType.cpp	10	C:/Dev/Tiger/DL_Default/TigerCode/packages/RNA/dev-2.0-golf/RNA/rnacore/source/RNAScope/RNAType.cpp
RNAType.h	9	C:/Dev/Tiger/DL_Default/TigerCode/packages/RNA/dev-2.0-golf/RNA/RNACore/Include/RNAScope/RNAType.h
RNATypeEnum.h	11	../../../../../TIGERCODE/packages/RNA/dev-2.0-golf/RNA/RNACore/include/RNAScope/RNATypeEnum.h
RNATypeEnum.h.2	9	C:/Dev/Tiger/DL_Default/TigerCode/packages/RNA/dev-2.0-golf/RNA/RNACore/Include/RNAScope/RNATypeEnum.h
RNAVector.h	13	../../../../../TIGERCODE/packages/RNA/dev-2.0-golf/RNA/RNACore/include/RNABase/RNAVector.h
RNAVector.h.2	21	C:/Dev/Tiger/DL_Default/TigerCode/packages/RNA/dev-2.0-golf/RNA/RNACore/Include/RNABase/RNAVector.h
RNAVectorSerialization.h	20	C:/Dev/Tiger/DL_Default/TigerCode/packages/RNA/dev-2.0-golf/RNA/RNAX/include/RNAUtils/RNAVectorSerialization.h
RNAVertexElement.cpp	8	C:/Dev/Tiger/DL_Default/TigerCode/packages/RNA/dev-2.0-golf/RNA/rnacore/source/RNARender/PS3/RNAVertexElement.cpp
RNAVertexFormat.cpp	12	C:/Dev/Tiger/DL_Default/TigerCode/packages/RNA/dev-2.0-golf/RNA/rnacore/source/RNARender/PS3/RNAVertexFormat.cpp
RNAVertexFormat.h	11	C:/Dev/Tiger/DL_Default/TigerCode/packages/RNA/dev-2.0-golf/RNA/RNACore/Include/RNARender/ps3/RNARender/RNAVertexFormat.h
RNAViewport.cpp	3	C:/Dev/Tiger/DL_Default/TigerCode/packages/RNA/dev-2.0-golf/RNA/rnacore/source/RNARender/RNAViewport.cpp
RNAViewport.h	4	../../../../../TIGERCODE/packages/RNA/dev-2.0-golf/RNA/RNACore/include/RNARender/RNAViewport.h
RNAViewport.h.2	8	C:/Dev/Tiger/DL_Default/TigerCode/packages/RNA/dev-2.0-golf/RNA/RNACore/Include/RNARender/RNAViewport.h
RSXDisasm.cpp	14	C:/Dev/Tiger/DL_Default/TigerCode/packages/rsxgpu/dev/source/rsxgpu/RSXDisasm.cpp
RSXFifo.cpp	18	C:/Dev/Tiger/DL_Default/TigerCode/packages/rsxgpu/dev/source/rsxgpu/RSXFifo.cpp
RSXGPU.cpp	94	C:/Dev/Tiger/DL_Default/TigerCode/packages/rsxgpu/dev/source/rsxgpu/RSXGPU.cpp
RSXGPU.h	4	C:/Dev/Tiger/DL_Default/TigerCode/packages/rsxgpu/dev/include/rsxgpu/RSXGPU.h
RSXOptimizer.cpp	19	C:/Dev/Tiger/DL_Default/TigerCode/packages/rsxgpu/dev/source/rsxgpu/RSXOptimizer.cpp
Random.h	1	../ears_common/dev/include/ears_common/Random.h
RefCounter.h	7	../../../../../TigerCode/packages/COM/4.05.01-rw-modified/include/COM/RefCounter.h
RegisterRuntimeNodes.cpp	4	C:/Dev/Tiger/DL_Default/TigerCode/packages/RNA/dev-2.0-golf/RNA/scenegraph/source/SceneGraph/Runtime/RegisterRuntimeNodes.cpp
Replay.c	22	c:/dev/Tiger/DL_Default/TigerCode/Code/Golf/Replay/Replay.c
ReplayCameraMgr.cpp	5	c:/dev/Tiger/DL_Default/TigerCode/Code/Golf/Replay/ReplayCameraMgr.cpp
ReplayCameraMgr.h	1	../../../../../TIGERCODE/Code/Golf/Replay/Headers/ReplayCameraMgr.h
ReplayCameraMgr.h.2	4	c:/dev/Tiger/DL_Default/TigerCode/Code/Golf/Replay/Headers/ReplayCameraMgr.h
RwAudioCoreWrapper.cpp	98	c:/dev/Tiger/DL_Default/TigerCode/Code/golf/audio/RwAudioCoreWrapper.cpp
SGInterfaces.h	1	../../../../../TIGERCODE/packages/RNA/dev-2.0-golf/RNA/SceneGraph/include/SceneGraph/SGInterfaces.h
SGInterfaces.h.2	6	C:/Dev/Tiger/DL_Default/TigerCode/packages/RNA/dev-2.0-golf/RNA/SceneGraph/include/SceneGraph/SGInterfaces.h
SGManager.cpp	33	C:/Dev/Tiger/DL_Default/TigerCode/packages/RNA/dev-2.0-golf/RNA/scenegraph/source/SceneGraph/SGManager.cpp
SGManager.h	2	C:/Dev/Tiger/DL_Default/TigerCode/packages/RNA/dev-2.0-golf/RNA/SceneGraph/include/SceneGraph/SGManager.h
SGNode.cpp	27	C:/Dev/Tiger/DL_Default/TigerCode/packages/RNA/dev-2.0-golf/RNA/scenegraph/source/SceneGraph/SGNode.cpp
SGNode.h	5	../../../../../TIGERCODE/packages/RNA/dev-2.0-golf/RNA/SceneGraph/include/SceneGraph/SGNode.h
SGNode.h.2	22	C:/Dev/Tiger/DL_Default/TigerCode/packages/RNA/dev-2.0-golf/RNA/SceneGraph/include/SceneGraph/SGNode.h
SGNodeBSPCulledRenderable.cpp	19	C:/Dev/Tiger/DL_Default/TigerCode/packages/RNA/dev-2.0-golf/RNA/scenegraph/source/SceneGraph/Runtime/Nodes/SGNodeBSPCulledRenderable.cpp
SGNodeBSPCulledRenderable.h	2	../../../../../TIGERCODE/packages/RNA/dev-2.0-golf/RNA/SceneGraph/include/SceneGraph/Runtime/Nodes/SGNodeBSPCulledRenderable.h
SGNodeBSPCulledRenderable.h.2	12	C:/Dev/Tiger/DL_Default/TigerCode/packages/RNA/dev-2.0-golf/RNA/SceneGraph/include/SceneGraph/Runtime/Nodes/SGNodeBSPCulledRenderable.h
SGNodeBoundingVolume.cpp	16	C:/Dev/Tiger/DL_Default/TigerCode/packages/RNA/dev-2.0-golf/RNA/scenegraph/source/SceneGraph/Runtime/Nodes/SGNodeBoundingVolume.cpp
SGNodeBoundingVolume.h	7	C:/Dev/Tiger/DL_Default/TigerCode/packages/RNA/dev-2.0-golf/RNA/SceneGraph/include/SceneGraph/Runtime/Nodes/SGNodeBoundingVolume.h
SGNodeGroup.cpp	17	C:/Dev/Tiger/DL_Default/TigerCode/packages/RNA/dev-2.0-golf/RNA/scenegraph/source/SceneGraph/Runtime/Nodes/SGNodeGroup.cpp
SGNodeGroup.h	3	C:/Dev/Tiger/DL_Default/TigerCode/packages/RNA/dev-2.0-golf/RNA/SceneGraph/include/SceneGraph/Runtime/Nodes/SGNodeGroup.h
SGNodeJoint.cpp	30	C:/Dev/Tiger/DL_Default/TigerCode/packages/RNA/dev-2.0-golf/RNA/scenegraph/source/SceneGraph/Runtime/Nodes/SGNodeJoint.cpp
SGNodeJoint.h	5	C:/Dev/Tiger/DL_Default/TigerCode/packages/RNA/dev-2.0-golf/RNA/SceneGraph/include/SceneGraph/Runtime/Nodes/SGNodeJoint.h
SGNodeLODTransform.cpp	14	C:/Dev/Tiger/DL_Default/TigerCode/packages/RNA/dev-2.0-golf/RNA/scenegraph/source/SceneGraph/Runtime/Nodes/SGNodeLODTransform.cpp
SGNodeLODTransform.h	6	C:/Dev/Tiger/DL_Default/TigerCode/packages/RNA/dev-2.0-golf/RNA/SceneGraph/include/SceneGraph/Runtime/Nodes/SGNodeLODTransform.h
SGNodeLattice.cpp	15	C:/Dev/Tiger/DL_Default/TigerCode/packages/RNA/dev-2.0-golf/RNA/scenegraph/source/SceneGraph/Runtime/Nodes/SGNodeLattice.cpp
SGNodeLattice.h	7	C:/Dev/Tiger/DL_Default/TigerCode/packages/RNA/dev-2.0-golf/RNA/SceneGraph/include/SceneGraph/Runtime/Nodes/SGNodeLattice.h
SGNodeLocator.cpp	14	C:/Dev/Tiger/DL_Default/TigerCode/packages/RNA/dev-2.0-golf/RNA/scenegraph/source/SceneGraph/Runtime/Nodes/SGNodeLocator.cpp
SGNodeLocator.h	5	C:/Dev/Tiger/DL_Default/TigerCode/packages/RNA/dev-2.0-golf/RNA/SceneGraph/include/SceneGraph/Runtime/Nodes/SGNodeLocator.h
SGNodeMayaLight.cpp	14	C:/Dev/Tiger/DL_Default/TigerCode/packages/RNA/dev-2.0-golf/RNA/scenegraph/source/SceneGraph/Runtime/Nodes/SGNodeMayaLight.cpp
SGNodeMayaLight.h	3	C:/Dev/Tiger/DL_Default/TigerCode/packages/RNA/dev-2.0-golf/RNA/SceneGraph/include/SceneGraph/Runtime/Nodes/SGNodeMayaLight.h
SGNodeNURBSSurface.cpp	17	C:/Dev/Tiger/DL_Default/TigerCode/packages/RNA/dev-2.0-golf/RNA/scenegraph/source/SceneGraph/Runtime/Nodes/SGNodeNURBSSurface.cpp
SGNodeNURBSSurface.h	19	C:/Dev/Tiger/DL_Default/TigerCode/packages/RNA/dev-2.0-golf/RNA/SceneGraph/include/SceneGraph/Runtime/Nodes/SGNodeNURBSSurface.h
SGNodeReference.cpp	16	C:/Dev/Tiger/DL_Default/TigerCode/packages/RNA/dev-2.0-golf/RNA/scenegraph/source/SceneGraph/Runtime/Nodes/SGNodeReference.cpp
SGNodeReference.h	3	C:/Dev/Tiger/DL_Default/TigerCode/packages/RNA/dev-2.0-golf/RNA/SceneGraph/include/SceneGraph/Runtime/Nodes/SGNodeReference.h
SGNodeRenderable.cpp	50	C:/Dev/Tiger/DL_Default/TigerCode/packages/RNA/dev-2.0-golf/RNA/scenegraph/source/SceneGraph/Runtime/Nodes/SGNodeRenderable.cpp
SGNodeRenderable.h	2	../../../../../TIGERCODE/packages/RNA/dev-2.0-golf/RNA/SceneGraph/include/SceneGraph/Runtime/Nodes/SGNodeRenderable.h
SGNodeRenderable.h.2	6	C:/Dev/Tiger/DL_Default/TigerCode/packages/RNA/dev-2.0-golf/RNA/SceneGraph/include/SceneGraph/Runtime/Nodes/SGNodeRenderable.h
SGNodeSwitch.cpp	17	C:/Dev/Tiger/DL_Default/TigerCode/packages/RNA/dev-2.0-golf/RNA/scenegraph/source/SceneGraph/Runtime/Nodes/SGNodeSwitch.cpp
SGNodeSwitch.h	6	C:/Dev/Tiger/DL_Default/TigerCode/packages/RNA/dev-2.0-golf/RNA/SceneGraph/include/SceneGraph/Runtime/Nodes/SGNodeSwitch.h
SGNodeTransform.cpp	19	C:/Dev/Tiger/DL_Default/TigerCode/packages/RNA/dev-2.0-golf/RNA/scenegraph/source/SceneGraph/Runtime/Nodes/SGNodeTransform.cpp
SGNodeTransform.h	3	C:/Dev/Tiger/DL_Default/TigerCode/packages/RNA/dev-2.0-golf/RNA/SceneGraph/include/SceneGraph/Runtime/Nodes/SGNodeTransform.h
SGTraversal.cpp	10	C:/Dev/Tiger/DL_Default/TigerCode/packages/RNA/dev-2.0-golf/RNA/scenegraph/source/SceneGraph/SGTraversals/SGTraversal.cpp
SKA.cpp	7	c:/dev/Tiger/DL_Default/TigerCode/packages/ears_rt_cct/dev/codec/Ska/src/SKA.cpp
SKA.h	1	../ears_rt_cct/dev/codec/SKA/api/ears_rt_cct/codec/SKA.h
SKA_Base.c	8	c:/dev/Tiger/DL_Default/TigerCode/packages/ears_rt_cct/dev/src/Ska/SKA_Base.c
SKA_Util.c	25	c:/dev/Tiger/DL_Default/TigerCode/packages/ears_rt_cct/dev/src/Ska/SKA_Util.c
SKA_Util_XBox.c	8	c:/dev/Tiger/DL_Default/TigerCode/packages/ears_rt_cct/dev/src/Ska/XBox/SKA_Util_XBox.c
SM_AptFontFusion.cpp	6	c:/dev/Tiger/DL_Default/TigerCode/Code/Golf/Lo-Rendering/ShaderWrappers/SM_AptFontFusion.cpp
SM_AptPrimNonTextured.cpp	6	c:/dev/Tiger/DL_Default/TigerCode/Code/Golf/Lo-Rendering/ShaderWrappers/SM_AptPrimNonTextured.cpp
SM_AptPrimTextured.cpp	23	c:/dev/Tiger/DL_Default/TigerCode/Code/Golf/Lo-Rendering/ShaderWrappers/SM_AptPrimTextured.cpp
SM_AptShaderManagerBase.cpp	1	c:/dev/Tiger/DL_Default/TigerCode/Code/Golf/Lo-Rendering/ShaderWrappers/SM_AptShaderManagerBase.cpp
SM_AptShaderManagerBase.h	1	c:/dev/Tiger/DL_Default/TigerCode/Code/Golf/Lo-Rendering/ShaderWrappers/SM_AptShaderManagerBase.h
SM_BlendNormals.cpp	8	c:/dev/Tiger/DL_Default/TigerCode/Code/Golf/Lo-Rendering/ShaderWrappers/SM_BlendNormals.cpp
SM_BlendNormals.h	1	../../../../../TIGERCODE/Code/Golf/Lo-Rendering/ShaderWrappers/SM_BlendNormals.h
SM_BlendTextures.cpp	14	c:/dev/Tiger/DL_Default/TigerCode/Code/Golf/Lo-Rendering/ShaderWrappers/SM_BlendTextures.cpp
SM_BlendTextures.h	1	../../../../../TIGERCODE/Code/Golf/Lo-Rendering/ShaderWrappers/SM_BlendTextures.h
SM_CastTerrainShadow.cpp	3	c:/dev/Tiger/DL_Default/TigerCode/Code/Golf/Lo-Rendering/ShaderWrappers/SM_CastTerrainShadow.cpp
SM_CharEye.cpp	20	c:/dev/Tiger/DL_Default/TigerCode/Code/Golf/Lo-Rendering/ShaderWrappers/SM_CharEye.cpp
SM_CharEye.h	1	c:/dev/Tiger/DL_Default/TigerCode/Code/Golf/Lo-Rendering/ShaderWrappers/SM_CharEye.h
SM_CharFace.cpp	6	c:/dev/Tiger/DL_Default/TigerCode/Code/Golf/Lo-Rendering/ShaderWrappers/SM_CharFace.cpp
SM_CharFace.h	1	c:/dev/Tiger/DL_Default/TigerCode/Code/Golf/Lo-Rendering/ShaderWrappers/SM_CharFace.h
SM_CharGeneric.cpp	22	c:/dev/Tiger/DL_Default/TigerCode/Code/Golf/Lo-Rendering/ShaderWrappers/SM_CharGeneric.cpp
SM_CharGeneric.h	1	c:/dev/Tiger/DL_Default/TigerCode/Code/Golf/Lo-Rendering/ShaderWrappers/SM_CharGeneric.h
SM_CharGenericLogo.cpp	7	c:/dev/Tiger/DL_Default/TigerCode/Code/Golf/Lo-Rendering/ShaderWrappers/SM_CharGenericLogo.cpp
SM_CharGenericLogo.h	1	c:/dev/Tiger/DL_Default/TigerCode/Code/Golf/Lo-Rendering/ShaderWrappers/SM_CharGenericLogo.h
SM_CharHair.cpp	20	c:/dev/Tiger/DL_Default/TigerCode/Code/Golf/Lo-Rendering/ShaderWrappers/SM_CharHair.cpp
SM_CharHair.h	1	c:/dev/Tiger/DL_Default/TigerCode/Code/Golf/Lo-Rendering/ShaderWrappers/SM_CharHair.h
SM_CharTerrainShadow.cpp	4	c:/dev/Tiger/DL_Default/TigerCode/Code/Golf/Lo-Rendering/ShaderWrappers/SM_CharTerrainShadow.cpp
SM_CharUcap.cpp	8	c:/dev/Tiger/DL_Default/TigerCode/Code/Golf/Lo-Rendering/ShaderWrappers/SM_CharUcap.cpp
SM_CharUcap.h	1	c:/dev/Tiger/DL_Default/TigerCode/Code/Golf/Lo-Rendering/ShaderWrappers/SM_CharUcap.h
SM_Cup.cpp	8	c:/dev/Tiger/DL_Default/TigerCode/Code/Golf/Lo-Rendering/ShaderWrappers/SM_Cup.cpp
SM_Cup.h	1	c:/dev/Tiger/DL_Default/TigerCode/Code/Golf/Lo-Rendering/ShaderWrappers/SM_Cup.h
SM_FastGrass.cpp	16	c:/dev/Tiger/DL_Default/TigerCode/Code/Golf/Lo-Rendering/ShaderWrappers/SM_FastGrass.cpp
SM_FastGrass.h	1	c:/dev/Tiger/DL_Default/TigerCode/Code/Golf/Lo-Rendering/ShaderWrappers/SM_FastGrass.h
SM_Filter.cpp	9	c:/dev/Tiger/DL_Default/TigerCode/Code/Golf/Lo-Rendering/ShaderWrappers/SM_Filter.cpp
SM_Filter.h	1	c:/dev/Tiger/DL_Default/TigerCode/Code/Golf/Lo-Rendering/ShaderWrappers/SM_Filter.h
SM_FilterFast.cpp	7	c:/dev/Tiger/DL_Default/TigerCode/Code/Golf/Lo-Rendering/ShaderWrappers/SM_FilterFast.cpp
SM_FilterFast.h	1	c:/dev/Tiger/DL_Default/TigerCode/Code/Golf/Lo-Rendering/ShaderWrappers/SM_FilterFast.h
SM_GenericTerrain.cpp	10	c:/dev/Tiger/DL_Default/TigerCode/Code/Golf/Lo-Rendering/ShaderWrappers/SM_GenericTerrain.cpp
SM_GenericTerrain.h	1	c:/dev/Tiger/DL_Default/TigerCode/Code/Golf/Lo-Rendering/ShaderWrappers/SM_GenericTerrain.h
SM_GolfBall.cpp	11	c:/dev/Tiger/DL_Default/TigerCode/Code/Golf/Lo-Rendering/ShaderWrappers/SM_GolfBall.cpp
SM_GolfBall.h	1	c:/dev/Tiger/DL_Default/TigerCode/Code/Golf/Lo-Rendering/ShaderWrappers/SM_GolfBall.h
SM_Grass.cpp	32	c:/dev/Tiger/DL_Default/TigerCode/Code/Golf/Lo-Rendering/ShaderWrappers/SM_Grass.cpp
SM_Grass.h	1	c:/dev/Tiger/DL_Default/TigerCode/Code/Golf/Lo-Rendering/ShaderWrappers/SM_Grass.h
SM_GreenGrid.cpp	5	c:/dev/Tiger/DL_Default/TigerCode/Code/Golf/Lo-Rendering/ShaderWrappers/SM_GreenGrid.cpp
SM_GreenGrid.h	1	c:/dev/Tiger/DL_Default/TigerCode/Code/Golf/Lo-Rendering/ShaderWrappers/SM_GreenGrid.h
SM_Hole.cpp	5	c:/dev/Tiger/DL_Default/TigerCode/Code/Golf/Lo-Rendering/ShaderWrappers/SM_Hole.cpp
SM_Hole.h	1	c:/dev/Tiger/DL_Default/TigerCode/Code/Golf/Lo-Rendering/ShaderWrappers/SM_Hole.h
SM_LeafShadow.cpp	6	c:/dev/Tiger/DL_Default/TigerCode/Code/Golf/Lo-Rendering/ShaderWrappers/SM_LeafShadow.cpp
SM_LeafShadow.h	1	c:/dev/Tiger/DL_Default/TigerCode/Code/Golf/Lo-Rendering/ShaderWrappers/SM_LeafShadow.h
SM_NonRotatingLeaf.cpp	20	c:/dev/Tiger/DL_Default/TigerCode/Code/Golf/Lo-Rendering/ShaderWrappers/SM_NonRotatingLeaf.cpp
SM_NonRotatingLeaf.h	1	c:/dev/Tiger/DL_Default/TigerCode/Code/Golf/Lo-Rendering/ShaderWrappers/SM_NonRotatingLeaf.h
SM_NonRotatingLeafShadow.cpp	5	c:/dev/Tiger/DL_Default/TigerCode/Code/Golf/Lo-Rendering/ShaderWrappers/SM_NonRotatingLeafShadow.cpp
SM_NonRotatingLeafShadow.h	1	c:/dev/Tiger/DL_Default/TigerCode/Code/Golf/Lo-Rendering/ShaderWrappers/SM_NonRotatingLeafShadow.h
SM_ParticleEffect.cpp	4	c:/dev/Tiger/DL_Default/TigerCode/Code/Golf/Lo-Rendering/ShaderWrappers/SM_ParticleEffect.cpp
SM_PrelitUVAnimation.cpp	5	c:/dev/Tiger/DL_Default/TigerCode/Code/Golf/Lo-Rendering/ShaderWrappers/SM_PrelitUVAnimation.cpp
SM_PrelitUVAnimation.h	1	c:/dev/Tiger/DL_Default/TigerCode/Code/Golf/Lo-Rendering/ShaderWrappers/SM_PrelitUVAnimation.h
SM_Prim3DTextured.cpp	2	c:/dev/Tiger/DL_Default/TigerCode/Code/Golf/Lo-Rendering/ShaderWrappers/SM_Prim3DTextured.cpp
SM_PrimConstColor.cpp	3	c:/dev/Tiger/DL_Default/TigerCode/Code/Golf/Lo-Rendering/ShaderWrappers/SM_PrimConstColor.cpp
SM_PrimNonTextured.cpp	2	c:/dev/Tiger/DL_Default/TigerCode/Code/Golf/Lo-Rendering/ShaderWrappers/SM_PrimNonTextured.cpp
SM_PrimTextured.cpp	11	c:/dev/Tiger/DL_Default/TigerCode/Code/Golf/Lo-Rendering/ShaderWrappers/SM_PrimTextured.cpp
SM_PropGeneric.cpp	17	c:/dev/Tiger/DL_Default/TigerCode/Code/Golf/Lo-Rendering/ShaderWrappers/SM_PropGeneric.cpp
SM_PropGeneric.h	1	c:/dev/Tiger/DL_Default/TigerCode/Code/Golf/Lo-Rendering/ShaderWrappers/SM_PropGeneric.h
SM_QuadEffect.cpp	16	c:/dev/Tiger/DL_Default/TigerCode/Code/Golf/Lo-Rendering/ShaderWrappers/SM_QuadEffect.cpp
SM_RotatingLeaf.cpp	22	c:/dev/Tiger/DL_Default/TigerCode/Code/Golf/Lo-Rendering/ShaderWrappers/SM_RotatingLeaf.cpp
SM_RotatingLeaf.h	1	c:/dev/Tiger/DL_Default/TigerCode/Code/Golf/Lo-Rendering/ShaderWrappers/SM_RotatingLeaf.h
SM_ShadowMap.cpp	6	c:/dev/Tiger/DL_Default/TigerCode/Code/Golf/Lo-Rendering/ShaderWrappers/SM_ShadowMap.cpp
SM_ShadowMap.h	1	c:/dev/Tiger/DL_Default/TigerCode/Code/Golf/Lo-Rendering/ShaderWrappers/SM_ShadowMap.h
SM_SimpleTexture.cpp	1	c:/dev/Tiger/DL_Default/TigerCode/Code/Golf/Lo-Rendering/ShaderWrappers/SM_SimpleTexture.cpp
SM_SpectatorCardDraw.cpp	15	c:/dev/Tiger/DL_Default/TigerCode/Code/Golf/Lo-Rendering/ShaderWrappers/SM_SpectatorCardDraw.cpp
SM_SpectatorCardMaker.cpp	8	c:/dev/Tiger/DL_Default/TigerCode/Code/Golf/Lo-Rendering/ShaderWrappers/SM_SpectatorCardMaker.cpp
SM_SpectatorCardShadow.cpp	4	c:/dev/Tiger/DL_Default/TigerCode/Code/Golf/Lo-Rendering/ShaderWrappers/SM_SpectatorCardShadow.cpp
SM_SpectatorMesh.cpp	8	c:/dev/Tiger/DL_Default/TigerCode/Code/Golf/Lo-Rendering/ShaderWrappers/SM_SpectatorMesh.cpp
SM_SpectatorMeshNormal.cpp	10	c:/dev/Tiger/DL_Default/TigerCode/Code/Golf/Lo-Rendering/ShaderWrappers/SM_SpectatorMeshNormal.cpp
SM_SphereizerBase.cpp	4	c:/dev/Tiger/DL_Default/TigerCode/Code/Golf/Lo-Rendering/ShaderWrappers/SM_SphereizerBase.cpp
SM_SphereizerBase.h	1	c:/dev/Tiger/DL_Default/TigerCode/Code/Golf/Lo-Rendering/ShaderWrappers/SM_SphereizerBase.h
SM_Terrain.cpp	36	c:/dev/Tiger/DL_Default/TigerCode/Code/Golf/Lo-Rendering/ShaderWrappers/SM_Terrain.cpp
SM_Terrain.h	1	c:/dev/Tiger/DL_Default/TigerCode/Code/Golf/Lo-Rendering/ShaderWrappers/SM_Terrain.h
SM_TerrainClipping.cpp	7	c:/dev/Tiger/DL_Default/TigerCode/Code/Golf/Lo-Rendering/ShaderWrappers/SM_TerrainClipping.cpp
SM_TerrainClipping.h	1	c:/dev/Tiger/DL_Default/TigerCode/Code/Golf/Lo-Rendering/ShaderWrappers/SM_TerrainClipping.h
SM_TerrainLo.cpp	29	c:/dev/Tiger/DL_Default/TigerCode/Code/Golf/Lo-Rendering/ShaderWrappers/SM_TerrainLo.cpp
SM_TerrainLo.h	1	c:/dev/Tiger/DL_Default/TigerCode/Code/Golf/Lo-Rendering/ShaderWrappers/SM_TerrainLo.h
SM_TerrainReflection.cpp	8	c:/dev/Tiger/DL_Default/TigerCode/Code/Golf/Lo-Rendering/ShaderWrappers/SM_TerrainReflection.cpp
SM_TerrainReflection.h	1	c:/dev/Tiger/DL_Default/TigerCode/Code/Golf/Lo-Rendering/ShaderWrappers/SM_TerrainReflection.h
SM_TerrainShadow.cpp	4	c:/dev/Tiger/DL_Default/TigerCode/Code/Golf/Lo-Rendering/ShaderWrappers/SM_TerrainShadow.cpp
SM_TerrainShadow.h	1	c:/dev/Tiger/DL_Default/TigerCode/Code/Golf/Lo-Rendering/ShaderWrappers/SM_TerrainShadow.h
SM_TreeBB.cpp	8	c:/dev/Tiger/DL_Default/TigerCode/Code/Golf/Lo-Rendering/ShaderWrappers/SM_TreeBB.cpp
SM_TreeBB.h	1	c:/dev/Tiger/DL_Default/TigerCode/Code/Golf/Lo-Rendering/ShaderWrappers/SM_TreeBB.h
SM_TreeSimple.cpp	11	c:/dev/Tiger/DL_Default/TigerCode/Code/Golf/Lo-Rendering/ShaderWrappers/SM_TreeSimple.cpp
SM_TreeSimple.h	1	c:/dev/Tiger/DL_Default/TigerCode/Code/Golf/Lo-Rendering/ShaderWrappers/SM_TreeSimple.h
SM_Trunk.cpp	28	c:/dev/Tiger/DL_Default/TigerCode/Code/Golf/Lo-Rendering/ShaderWrappers/SM_Trunk.cpp
SM_Trunk.h	1	c:/dev/Tiger/DL_Default/TigerCode/Code/Golf/Lo-Rendering/ShaderWrappers/SM_Trunk.h
SM_TrunkShadow.cpp	5	c:/dev/Tiger/DL_Default/TigerCode/Code/Golf/Lo-Rendering/ShaderWrappers/SM_TrunkShadow.cpp
SM_TrunkShadow.h	1	c:/dev/Tiger/DL_Default/TigerCode/Code/Golf/Lo-Rendering/ShaderWrappers/SM_TrunkShadow.h
SM_WaterOcean.cpp	51	c:/dev/Tiger/DL_Default/TigerCode/Code/Golf/Lo-Rendering/ShaderWrappers/SM_WaterOcean.cpp
SM_WaterOcean.h	3	c:/dev/Tiger/DL_Default/TigerCode/Code/Golf/Lo-Rendering/ShaderWrappers/SM_WaterOcean.h
SM_WaterPond.cpp	31	c:/dev/Tiger/DL_Default/TigerCode/Code/Golf/Lo-Rendering/ShaderWrappers/SM_WaterPond.cpp
SM_WaterPond.h	1	c:/dev/Tiger/DL_Default/TigerCode/Code/Golf/Lo-Rendering/ShaderWrappers/SM_WaterPond.h
SW_ThreeButtonClick.cpp	36	c:/dev/Tiger/DL_Default/TigerCode/Code/Golf/AI/SW_ThreeButtonClick.cpp
SW_ThreeButtonClick.h	1	../../../../../TIGERCODE/Code/Golf/Ai/Headers/SW_ThreeButtonClick.h
SW_ThreeButtonClick.h.2	1	../../../../../TIGERCODE/Code/Golf/AI/Headers/SW_ThreeButtonClick.h
SW_ThreeButtonClick.h.3	2	c:/dev/Tiger/DL_Default/TigerCode/Code/Golf/AI/Headers/SW_ThreeButtonClick.h
SafeString.cpp	13	c:/dev/Tiger/DL_Default/TigerCode/Code/Shared/SafeString.cpp
SaveGameSM.cpp	25	c:/dev/Tiger/DL_Default/TigerCode/Code/Golf/UI_Core/Common/SaveGameSM.cpp
SaveGameSM.h	16	../../../../../TIGERCODE/Code/Golf/UI_Core/Common/Headers/SaveGameSM.h
SaveGameSM_TW_PS3.cpp	28	c:/dev/Tiger/DL_Default/TigerCode/Code/Golf/UI_Core/Common/PS3/SaveGameSM_TW_PS3.cpp
SaveGameSM_UI.cpp	16	c:/dev/Tiger/DL_Default/TigerCode/Code/Golf/UI_Core/Common/SaveGameSM_UI.cpp
SceneAsset.cpp	12	c:/dev/Tiger/DL_Default/TigerCode/Code/Golf/Rna/Asset/Common/SceneAsset.cpp
SceneAsset.h	2	../../../../../TIGERCODE/Code/Golf/RNA/Asset/Common/SceneAsset.h
ScopeBlockManager.cpp	14	c:/dev/Tiger/DL_Default/TigerCode/Code/Golf/Rna/ScopeBlockManager.cpp
ScopeBlockManager.h	4	../../../../../TIGERCODE/Code/Golf/RNA/ScopeBlockManager.h
Scrape.cpp	29	C:/Dev/Tiger/DL_Default/TigerCode/packages/RNA/dev-2.0-golf/RNA/rnax/source/scrape/Scrape.cpp
Scrape.h	1	../../../../../TIGERCODE/packages/RNA/dev-2.0-golf/RNA/RNAX/include/Scrape/Scrape.h
Scrape.h.2	12	C:/Dev/Tiger/DL_Default/TigerCode/packages/RNA/dev-2.0-golf/RNA/RNAX/include/Scrape/Scrape.h
ScrapeAsset.cpp	20	c:/dev/Tiger/DL_Default/TigerCode/Code/Golf/Rna/Asset/Common/ScrapeAsset.cpp
ScrapeAsset.h	18	../../../../../TIGERCODE/Code/Golf/RNA/Asset/Common/ScrapeAsset.h
ScrapeCompiler.cpp	12	C:/Dev/Tiger/DL_Default/TigerCode/packages/RNA/dev-2.0-golf/RNA/rnax/source/scrape/ScrapeCompiler.cpp
ScreenEffects.cpp	43	c:/dev/Tiger/DL_Default/TigerCode/Code/ScreenEffects/ScreenEffects.cpp
ScreenEffects.h	6	../../../../../TIGERCODE/Code/ScreenEffects/ScreenEffects.h
ScreenEffects.h.2	3	c:/dev/Tiger/DL_Default/TigerCode/Code/ScreenEffects/ScreenEffects.h
Sequence.cpp	53	c:/dev/Tiger/DL_Default/TigerCode/packages/ears_trinity/trinity/Runtime/src/Sequence.cpp
Sequence.h	4	c:/dev/Tiger/DL_Default/TigerCode/packages/ears_trinity/trinity/runtime/src/Sequence.h
Sequence.h.2	5	c:/dev/Tiger/DL_Default/TigerCode/packages/ears_trinity/trinity/Runtime/src/Sequence.h
SequenceBin.cpp	5	c:/dev/Tiger/DL_Default/TigerCode/packages/ears_trinity/trinity/Runtime/src/SequenceBin.cpp
ShaderAsset.cpp	13	c:/dev/Tiger/DL_Default/TigerCode/Code/Golf/Rna/Asset/PS3/ShaderAsset.cpp
ShaderAsset.h	2	../../../../../TIGERCODE/Code/Golf/RNA/Asset/PS3/ShaderAsset.h
ShaderManager.cpp	31	c:/dev/Tiger/DL_Default/TigerCode/Code/Golf/Lo-Rendering/ShaderManager.cpp
ShaderManager.h	5	../../../../../TIGERCODE/Code/Golf/Lo-Rendering/ShaderManager.h
ShaderManager.h.2	4	c:/dev/Tiger/DL_Default/TigerCode/Code/Golf/Lo-Rendering/ShaderManager.h
SharedFileIOCallbacks.c	22	c:/dev/Tiger/DL_Default/TigerCode/Code/Tiburon/Eassdk/SharedFileIOCallbacks.c
ShotClock.c	15	c:/dev/Tiger/DL_Default/TigerCode/Code/golf/gamemode/ShotClock.c
ShotHistory.cpp	16	c:/dev/Tiger/DL_Default/TigerCode/Code/Golf/AI/ShotHistory.cpp
ShotHistory.h	1	../../../../../TIGERCODE/Code/Golf/AI/Headers/ShotHistory.h
ShotLinkWaypoint.cpp	1	c:/dev/Tiger/DL_Default/TigerCode/Code/ShotLink/ShotLinkWaypoint.cpp
ShotLinkWaypoint.h	3	../../../../../TIGERCODE/Code/ShotLink/ShotLinkWaypoint.h
SingleList.h	15	../../../../../TIGERCODE/Code/AptInterface/AptPackage/CommonSense/SingleList/SingleList.h
Singleton.h	3	../ears_common/dev/include/ears_common/Singleton.h
SitDev.c	10	c:/dev/Tiger/DL_Default/TigerCode/Code/Golf/SitDev/SitDev.c
SitDevAction.h	2	../../../../../TIGERCODE/Code/Golf/SitDev/Headers/Shared/SitDevAction.h
SitDevCommentaryZones.c	3	c:/dev/Tiger/DL_Default/TigerCode/Code/Golf/SitDev/SitDevCommentaryZones.c
SitDevFile.c	14	c:/dev/Tiger/DL_Default/TigerCode/Code/Golf/SitDev/SitDevFile.c
SitDevLog.c	10	c:/dev/Tiger/DL_Default/TigerCode/Code/Golf/SitDev/SitDevLog.c
SitDevMisc.c	32	c:/dev/Tiger/DL_Default/TigerCode/Code/Golf/SitDev/SitDevMisc.c
SitDevSituation.h	1	../../../../../TIGERCODE/Code/Golf/SitDev/Headers/Shared/SitDevSituation.h
SitDevStateVector.c	9	c:/dev/Tiger/DL_Default/TigerCode/Code/Golf/SitDev/SitDevStateVector.c
SitDevStateVector.h	1	c:/dev/Tiger/DL_Default/TigerCode/Code/Golf/SitDev/Headers/SitDevStateVector.h
SitDevTrigger.c	17	c:/dev/Tiger/DL_Default/TigerCode/Code/Golf/SitDev/SitDevTrigger.c
Skeleton.c	17	c:/dev/Tiger/DL_Default/TigerCode/Code/golf/animation/Skeleton.c
Skeleton.cpp	5	c:/dev/Tiger/DL_Default/TigerCode/packages/ears_rt_cct/dev/api_src/Skeleton.cpp
Skeleton.h	3	../../../../../TIGERCODE/Code/Golf/Animation/Headers/Skeleton.h
Skeleton.h.3	1	../ears_rt_cct/dev/api/ears_rt_cct/Skeleton.h
SkeletonFilter.cpp	9	c:/dev/Tiger/DL_Default/TigerCode/packages/ears_rt_cct/dev/api_src/SkeletonFilter.cpp
SkeletonFilter.h	11	../ears_rt_cct/dev/api/ears_rt_cct/SkeletonFilter.h
SkeletonFilterMap.h	2	c:/dev/Tiger/DL_Default/TigerCode/packages/ears_rt_cct/dev/api_src/Internal/SkeletonFilterMap.h
Skin.c	3	c:/dev/Tiger/DL_Default/TigerCode/Code/golf/animation/Skin.c
Skin.h	2	../../../../../TIGERCODE/Code/Golf/Animation/Headers/Skin.h
SkinMorph.c	4	c:/dev/Tiger/DL_Default/TigerCode/Code/golf/animation/SkinMorph.c
SpectatorModel.h	2	../../../../../TIGERCODE/Code/Golf/Spectator/SpectatorModel.h
SpectatorSystem.h	11	c:/dev/Tiger/DL_Default/TigerCode/Code/Golf/Spectator/SpectatorSystem.h
SponsorshipInfo.cpp	1	c:/dev/Tiger/DL_Default/TigerCode/Code/golf/earnings/SponsorshipInfo.cpp
SpudUI.c	15	c:/dev/Tiger/DL_Default/TigerCode/Code/golf/gamemode/SpudUI.c
StateGolfer.c	11	c:/dev/Tiger/DL_Default/TigerCode/Code/Golf/State_Engine/StateGolfer.c
StatsStrategy.h	1	../../../../../TIGERCODE/packages/osdk/2.06.04/core/include/common/OSDK/GameFacade/StatsStrategy.h
StreamManager.cpp	19	c:/dev/Tiger/DL_Default/TigerCode/Code/golf/streaming/StreamManager.cpp
StreamManager.h	1	c:/dev/Tiger/DL_Default/TigerCode/Code/Golf/Streaming/Headers/StreamManager.h
StreamManagerBase.cpp	9	c:/dev/Tiger/DL_Default/TigerCode/Code/golf/streaming/StreamManagerBase.cpp
StreamManagerDNAS.cpp	4	c:/dev/Tiger/DL_Default/TigerCode/Code/golf/streaming/StreamManagerDNAS.cpp
StreamManagerFEChar.cpp	3	c:/dev/Tiger/DL_Default/TigerCode/Code/golf/streaming/StreamManagerFEChar.cpp
StreamManagerFacility.cpp	7	c:/dev/Tiger/DL_Default/TigerCode/Code/golf/streaming/StreamManagerFacility.cpp
StreamManagerFrontend.cpp	7	c:/dev/Tiger/DL_Default/TigerCode/Code/golf/streaming/StreamManagerFrontend.cpp
StreamManagerGlobals.cpp	4	c:/dev/Tiger/DL_Default/TigerCode/Code/golf/streaming/StreamManagerGlobals.cpp
StreamManagerHole.cpp	5	c:/dev/Tiger/DL_Default/TigerCode/Code/golf/streaming/StreamManagerHole.cpp
StreamManagerIngame.cpp	7	c:/dev/Tiger/DL_Default/TigerCode/Code/golf/streaming/StreamManagerIngame.cpp
StreamManagerStartup.cpp	2	c:/dev/Tiger/DL_Default/TigerCode/Code/golf/streaming/StreamManagerStartup.cpp
StringFunctions.cpp	2	C:/Dev/Tiger/DL_Default/TigerCode/packages/RNA/dev-2.0-golf/RNA/rnax/source/RNAUtils/StringFunctions.cpp
StringHash.c	12	c:/dev/Tiger/DL_Default/TigerCode/Code/Shared/StringHash/StringHash.c
StringHash.h	2	../../../../../TIGERCODE/Code/Shared/StringHash/StringHash.h
SunFlr.c	11	c:/dev/Tiger/DL_Default/TigerCode/Code/Golf/SunFlare/SunFlr.c
SunFlr.h	4	../../../../../TIGERCODE/Code/Golf/SunFlare/SunFlr.h
SunFlr_Ps3.c	9	c:/dev/Tiger/DL_Default/TigerCode/Code/Golf/SunFlare/Ps3/SunFlr_Ps3.c
Swing.c	117	c:/dev/Tiger/DL_Default/TigerCode/Code/Golf/AI/Swing.c
T3dbDebug.cpp	21	C:/Dev/Tiger/DL_Default/TigerCode/packages/t3db/2.21.03-RW-EAC/source/common/T3dbDebug.cpp
T3dbDebug.h	1	C:/Dev/Tiger/DL_Default/TigerCode/packages/t3db/2.21.03-RW-EAC/include/common/t3db/T3dbDebug.h
T3dbLock.h	2	C:/Dev/Tiger/DL_Default/TigerCode/packages/t3db/2.21.03-RW-EAC/include/common/t3db/T3dbLock.h
TCrossPl.h	4	../../../../../TIGERCODE/Code/Legacy/Lib/Headers/TCrossPl.h
TVPContainer.h.3	3	../ears_common/dev/include/ears_common/TVPContainer.h
TWMovieFileStreamer.cpp	3	c:/dev/Tiger/DL_Default/TigerCode/Code/Golf/MoviePlayer/TWMovieFileStreamer.cpp
TWMoviePlayer.cpp	12	c:/dev/Tiger/DL_Default/TigerCode/Code/Golf/MoviePlayer/TWMoviePlayer.cpp
TXRFile.h	8	../../../../../TIGERCODE/Code/Golf/TextureFX/Headers/TXRFile.h
TXUFile.h	8	../../../../../TIGERCODE/Code/Golf/TextureFX/Headers/TXUFile.h
Table.cpp	56	C:/Dev/Tiger/DL_Default/TigerCode/packages/t3db/2.21.03-RW-EAC/source/common/Table.cpp
Table.h.2	14	C:/Dev/Tiger/DL_Default/TigerCode/packages/t3db/2.21.03-RW-EAC/include/common/t3db/Table.h
TableIndex.cpp	19	C:/Dev/Tiger/DL_Default/TigerCode/packages/t3db/2.21.03-RW-EAC/source/common/TableIndex.cpp
TableIndex.h	7	C:/Dev/Tiger/DL_Default/TigerCode/packages/t3db/2.21.03-RW-EAC/include/common/t3db/TableIndex.h
TalkyManager.cpp	30	c:/dev/Tiger/DL_Default/TigerCode/Code/Golf/Talky/TalkyManager.cpp
Target.c	34	c:/dev/Tiger/DL_Default/TigerCode/Code/Golf/AI/Target.c
Terrain.cpp	1	c:/dev/Tiger/DL_Default/TigerCode/Code/Golf/Rna/GolfRender/Terrain.cpp
TerrainData.cpp	1	c:/dev/Tiger/DL_Default/TigerCode/Code/Headgate/SOURCE/Game/Engine/TerrainData.cpp
TerrainGrass.cpp	44	c:/dev/Tiger/DL_Default/TigerCode/Code/Headgate/SOURCE/Game/Engine/TerrainGrass.cpp
TerrainGrass.h	23	c:/dev/Tiger/DL_Default/TigerCode/Code/Headgate/SOURCE/Game/Engine/TerrainGrass.h
TerrainMesh.cpp	43	c:/dev/Tiger/DL_Default/TigerCode/Code/Headgate/SOURCE/Game/Engine/TerrainMesh.cpp
TerrainMesh.h	18	c:/dev/Tiger/DL_Default/TigerCode/Code/Headgate/SOURCE/Game/Engine/TerrainMesh.h
TerrainMeshWrapper.cpp	20	c:/dev/Tiger/DL_Default/TigerCode/Code/Headgate/SOURCE/Game/Engine/TerrainMeshWrapper.cpp
TextureAsset.cpp	15	c:/dev/Tiger/DL_Default/TigerCode/Code/Golf/Rna/Asset/PS3/TextureAsset.cpp
TextureAsset.h	2	../../../../../TIGERCODE/Code/Golf/RNA/Asset/PS3/TextureAsset.h
Thumbnails.cpp	5	c:/dev/Tiger/DL_Default/TigerCode/Code/Golf/Thumbnails/Thumbnails.cpp
Thumbnails.h	2	../../../../../TIGERCODE/Code/Golf/Thumbnails/Headers/Thumbnails.h
TibExt.c	6	c:/dev/Tiger/DL_Default/TigerCode/Code/Tiburon/Eassdk/TibExt.c
TigerClips.cpp	29	c:/dev/Tiger/DL_Default/TigerCode/Code/Golf/TigerClips/TigerClips.cpp
TigerClipsDBAccess.cpp	32	c:/dev/Tiger/DL_Default/TigerCode/Code/Golf/TigerClips/TigerClipsDBAccess.cpp
TigerNetLobbyInterface.cpp	29	c:/dev/Tiger/DL_Default/TigerCode/Code/Golf/TigerNet/TigerNetLobbyInterface.cpp
TigerNetLobbyInterface.h	1	c:/dev/Tiger/DL_Default/TigerCode/Code/Golf/TigerNet/TigerNetLobbyInterface.h
TigerNetLockerInterface.cpp	16	c:/dev/Tiger/DL_Default/TigerCode/Code/Golf/TigerNet/TigerNetLockerInterface.cpp
TigerNetManager.cpp	23	c:/dev/Tiger/DL_Default/TigerCode/Code/Golf/TigerNet/TigerNetManager.cpp
TigerNetTestHarness.cpp	23	c:/dev/Tiger/DL_Default/TigerCode/Code/Golf/TigerNet/TigerNetTestHarness.cpp
Timer.cpp	15	C:/Dev/Tiger/DL_Default/TigerCode/packages/RNA/dev-2.0-golf/RNA/rnax/source/RNAUtils/Timer.cpp
Timer.h.3	1	C:/Dev/Tiger/DL_Default/TigerCode/packages/RNA/dev-2.0-golf/RNA/RNAX/include/RNAUtils/Timer.h
Transform.cpp	7	c:/dev/Tiger/DL_Default/TigerCode/packages/ears_rt_cct/dev/api_src/Transform.cpp
Transform.h	1	../ears_rt_cct/dev/api/ears_rt_cct/Transform.h
TransformStack.c	42	c:/dev/Tiger/DL_Default/TigerCode/Code/Golf/Lo-Rendering/TransformStack.c
TransitionDefinitionList.h	1	c:/dev/Tiger/DL_Default/TigerCode/packages/ears_rt_cct/dev/api_src/Internal/TransitionDefinitionList.h
TranstionInfo.cpp	2	c:/dev/Tiger/DL_Default/TigerCode/packages/ears_rt_cct/dev/api_src/Internal/TranstionInfo.cpp
Tricky.cpp	7	c:/dev/Tiger/DL_Default/TigerCode/packages/ears_rt_cct/dev/codec/Tricky/src/Tricky.cpp
Tricky.h	1	../ears_rt_cct/dev/codec/Tricky/api/ears_rt_cct/codec/Tricky.h
TrickyDecoder.cpp	14	c:/dev/Tiger/DL_Default/TigerCode/packages/ears_rt_cct/dev/src/Tricky/TrickyDecoder.cpp
Tricky_CompressFormula.h	2	c:/dev/Tiger/DL_Default/TigerCode/packages/ears_rt_cct/dev/include/ears_rt_cct/Tricky/Tricky_CompressFormula.h
Trinity.cpp	47	c:/dev/Tiger/DL_Default/TigerCode/packages/ears_trinity/trinity/Runtime/src/Trinity.cpp
Trinity.h	1	../ears_trinity/Trinity/Runtime/include/Trinity.h
TrinityActor.cpp	16	c:/dev/Tiger/DL_Default/TigerCode/packages/ears_trinity/trinity/Runtime/src/TrinityActor.cpp
TrinityActor.h	14	../ears_trinity/Trinity/Runtime/include/TrinityActor.h
TrinityCamera.cpp	8	c:/dev/Tiger/DL_Default/TigerCode/packages/ears_trinity/trinity/Runtime/src/TrinityCamera.cpp
TrinityCamera.h	5	../ears_trinity/Trinity/Runtime/include/TrinityCamera.h
TrinityCore.h	1	c:/dev/Tiger/DL_Default/TigerCode/packages/ears_trinity/trinity/runtime/include/TrinityCore.h
TrinityCreationInterface.cpp	20	c:/dev/Tiger/DL_Default/TigerCode/packages/ears_trinity/trinity/Runtime/src/TrinityCreationInterface.cpp
TrinityManager.cpp	16	c:/dev/Tiger/DL_Default/TigerCode/packages/ears_trinity/trinity/Runtime/src/TrinityManager.cpp
TrinityMath.h	1	c:/dev/Tiger/DL_Default/TigerCode/packages/ears_trinity/trinity/runtime/include/TrinityMath.h
TrinityScreenFx.cpp	11	c:/dev/Tiger/DL_Default/TigerCode/packages/ears_trinity/trinity/Runtime/src/TrinityScreenFx.cpp
TrinityScreenFx.h	17	../ears_trinity/Trinity/Runtime/include/TrinityScreenFx.h
TrinityScriptedEvents.cpp	3	c:/dev/Tiger/DL_Default/TigerCode/packages/ears_trinity/trinity/Runtime/src/TrinityScriptedEvents.cpp
TrinityTransformBase.cpp	20	c:/dev/Tiger/DL_Default/TigerCode/packages/ears_trinity/trinity/Runtime/src/TrinityTransformBase.cpp
TrinityVfx.cpp	5	c:/dev/Tiger/DL_Default/TigerCode/packages/ears_trinity/trinity/Runtime/src/TrinityVfx.cpp
TrinityVfx.h	6	../ears_trinity/Trinity/Runtime/include/TrinityVfx.h
UAllocator.c	2	c:/dev/Tiger/DL_Default/TigerCode/Code/legacy/lib/UAllocator.c
UAllocator.h	7	../../../../../TIGERCODE/Code/Legacy/Lib/Headers/UAllocator.h
UAllocator.h.2	8	c:/dev/Tiger/DL_Default/TigerCode/Code/legacy/lib/Headers/UAllocator.h
UAudContainers.c	23	c:/dev/Tiger/DL_Default/TigerCode/Code/golf/audio/engine/utils/UAudContainers.c
UAudFrac.c	5	c:/dev/Tiger/DL_Default/TigerCode/Code/golf/audio/engine/utils/UAudFrac.c
UAudFrac.h	3	../../../../../TIGERCODE/Code/Golf/Audio/Engine/Utils/Headers/UAudFrac.h
UAudMem.c	4	c:/dev/Tiger/DL_Default/TigerCode/Code/golf/audio/engine/utils/UAudMem.c
UAudMemStack.c	8	c:/dev/Tiger/DL_Default/TigerCode/Code/golf/audio/engine/utils/UAudMemStack.c
UAudVector.c	26	c:/dev/Tiger/DL_Default/TigerCode/Code/golf/audio/engine/utils/UAudVector.c
UAudVector.h	9	../../../../../TIGERCODE/Code/Golf/Audio/Engine/Utils/Headers/UAudVector.h
UBitArray.h	7	../../../../../TIGERCODE/Code/Legacy/Lib/Headers/UBitArray.h
UBitArray.h.2	4	c:/dev/Tiger/DL_Default/TigerCode/Code/legacy/lib/Headers/UBitArray.h
UByteStream.c	33	c:/dev/Tiger/DL_Default/TigerCode/Code/legacy/lib/UByteStream.c
UByteSwap.c	1	c:/dev/Tiger/DL_Default/TigerCode/Code/legacy/lib/UByteSwap.c
UByteSwap.h	1	../../../../../TIGERCODE/Code/Legacy/Lib/Headers/UByteSwap.h
UByteSwap.h.2	1	c:/dev/Tiger/DL_Default/TigerCode/Code/Legacy/Lib/Headers/UByteSwap.h
UByteSwap.h.3	1	c:/dev/Tiger/DL_Default/TigerCode/Code/legacy/lib/Headers/UByteSwap.h
UCirc.c	45	c:/dev/Tiger/DL_Default/TigerCode/Code/legacy/lib/UCirc.c
UCtrlFct.c	6	c:/dev/Tiger/DL_Default/TigerCode/Code/legacy/specif/UCtrlFct.c
UDynMemPool.c	4	c:/dev/Tiger/DL_Default/TigerCode/Code/legacy/lib/UDynMemPool.c
UFailure.c	9	c:/dev/Tiger/DL_Default/TigerCode/Code/legacy/lib/UFailure.c
UFont.c	27	c:/dev/Tiger/DL_Default/TigerCode/Code/legacy/specif/UFont.c
UHashString.cpp	13	c:/dev/Tiger/DL_Default/TigerCode/Code/Shared/UHashString.cpp
UHashString.h	2	../../../../../TIGERCODE/Code/Shared/Headers/UHashString.h
UHashString.h.2	2	c:/dev/Tiger/DL_Default/TigerCode/Code/Shared/Headers/UHashString.h
UHeap.c	35	c:/dev/Tiger/DL_Default/TigerCode/Code/legacy/lib/UHeap.c
UIDMgr.c	28	c:/dev/Tiger/DL_Default/TigerCode/Code/legacy/lib/UIDMgr.c
UIGameOptionsI.c	38	c:/dev/Tiger/DL_Default/TigerCode/Code/golf/ui_core/UIInterface/UIGameOptionsI.c
UIGlobals.cpp	6	c:/dev/Tiger/DL_Default/TigerCode/Code/golf/ui_core/UIInterface/UIGlobals.cpp
UIGlobals.h.2	36	c:/dev/Tiger/DL_Default/TigerCode/Code/golf/ui_core/UIInterface/Headers/UIGlobals.h
UIPlayNowOptionsI.c	45	c:/dev/Tiger/DL_Default/TigerCode/Code/golf/ui_core/UIInterface/UIPlayNowOptionsI.c
UI_AptHintHelper.cpp	1	c:/dev/Tiger/DL_Default/TigerCode/Code/Golf/UI_Core/Common/UI_AptHintHelper.cpp
UI_Apt_MemoryCardUI.cpp	22	c:/dev/Tiger/DL_Default/TigerCode/Code/Golf/UI_Core/Common/UI_Apt_MemoryCardUI.cpp
UI_AttributeWrapHelp.cpp	6	c:/dev/Tiger/DL_Default/TigerCode/Code/Golf/UI_Core/AptRuntime/UI_AttributeWrapHelp.cpp
UI_AttributeWrapHelp.h	5	c:/dev/Tiger/DL_Default/TigerCode/Code/golf/ui_core/AptRuntime/Headers/UI_AttributeWrapHelp.h
UI_AttributeWrapUp.cpp	18	c:/dev/Tiger/DL_Default/TigerCode/Code/Golf/UI_Core/AptRuntime/UI_AttributeWrapUp.cpp
UI_AttributeWrapUp.h	6	c:/dev/Tiger/DL_Default/TigerCode/Code/golf/UI_Core/AptRuntime/headers/UI_AttributeWrapUp.h
UI_Awards.cpp	10	c:/dev/Tiger/DL_Default/TigerCode/Code/Golf/UI_Core/AptRuntime/UI_Awards.cpp
UI_Awards.h	3	c:/dev/Tiger/DL_Default/TigerCode/Code/golf/UI_Core/AptRuntime/headers/UI_Awards.h
UI_BattleGolf_ChooseAddRemove.cpp	8	c:/dev/Tiger/DL_Default/TigerCode/Code/Golf/UI_Core/AptRuntime/UI_BattleGolf_ChooseAddRemove.cpp
UI_BattleGolf_ChooseAddRemove.h	6	c:/dev/Tiger/DL_Default/TigerCode/Code/golf/UI_Core/AptRuntime/headers/UI_BattleGolf_ChooseAddRemove.h
UI_BattleGolf_ChooseClub.cpp	18	c:/dev/Tiger/DL_Default/TigerCode/Code/Golf/UI_Core/AptRuntime/UI_BattleGolf_ChooseClub.cpp
UI_BattleGolf_ChooseClub.h	13	c:/dev/Tiger/DL_Default/TigerCode/Code/golf/UI_Core/AptRuntime/headers/UI_BattleGolf_ChooseClub.h
UI_BloodSome.cpp	12	c:/dev/Tiger/DL_Default/TigerCode/Code/Golf/UI_Core/AptRuntime/UI_BloodSome.cpp
UI_BloodSome.h	3	c:/dev/Tiger/DL_Default/TigerCode/Code/golf/UI_Core/AptRuntime/headers/UI_BloodSome.h
UI_CSP.cpp	29	c:/dev/Tiger/DL_Default/TigerCode/Code/Golf/UI_Core/AptRuntime/UI_CSP.cpp
UI_CSP.h	10	c:/dev/Tiger/DL_Default/TigerCode/Code/golf/ui_core/AptRuntime/Headers/UI_CSP.h
UI_Calendar.cpp	52	c:/dev/Tiger/DL_Default/TigerCode/Code/Golf/UI_Core/AptRuntime/UI_Calendar.cpp
UI_Calendar.h	11	c:/dev/Tiger/DL_Default/TigerCode/Code/golf/ui_core/AptRuntime/Headers/UI_Calendar.h
UI_CharBio.cpp	9	c:/dev/Tiger/DL_Default/TigerCode/Code/Golf/UI_Core/AptRuntime/UI_CharBio.cpp
UI_CharBio.h	6	c:/dev/Tiger/DL_Default/TigerCode/Code/golf/ui_core/AptRuntime/Headers/UI_CharBio.h
UI_CharacterSel_Xenon.cpp	46	c:/dev/Tiger/DL_Default/TigerCode/Code/Golf/UI_Core/AptRuntime/UI_CharacterSel_Xenon.cpp
UI_CharacterSel_Xenon.h	1	../../../../../TIGERCODE/Code/Golf/UI_Core/AptRuntime/Headers/UI_CharacterSel_Xenon.h
UI_CharacterSel_Xenon.h.2	7	c:/dev/Tiger/DL_Default/TigerCode/Code/golf/ui_core/AptRuntime/Headers/UI_CharacterSel_Xenon.h
UI_Chiron.cpp	4	c:/dev/Tiger/DL_Default/TigerCode/Code/Golf/UI_Core/AptRuntime/UI_Chiron.cpp
UI_Chiron.h	5	c:/dev/Tiger/DL_Default/TigerCode/Code/golf/ui_core/AptRuntime/Headers/UI_Chiron.h
UI_CommentaryPopup.cpp	8	c:/dev/Tiger/DL_Default/TigerCode/Code/Golf/UI_Core/AptRuntime/UI_CommentaryPopup.cpp
UI_CommentaryPopup.h	1	c:/dev/Tiger/DL_Default/TigerCode/Code/Golf/UI_Core/AptRuntime/Headers/UI_CommentaryPopup.h
UI_ComponentManager.c	2	c:/dev/Tiger/DL_Default/TigerCode/Code/Golf/UI_Core/AptRuntime/UI_ComponentManager.c
UI_ComponentManager.h	38	../../../../../TIGERCODE/Code/Golf/UI_Core/AptRuntime/Headers/UI_ComponentManager.h
UI_ComponentManager.h.2	87	c:/dev/Tiger/DL_Default/TigerCode/Code/golf/ui_core/AptRuntime/Headers/UI_ComponentManager.h
UI_ComponentManager.h.3	7	c:/dev/Tiger/DL_Default/TigerCode/Code/Golf/UI_Core/AptRuntime/Headers/UI_ComponentManager.h
UI_ControllerPull.cpp	5	c:/dev/Tiger/DL_Default/TigerCode/Code/Golf/UI_Core/AptRuntime/UI_ControllerPull.cpp
UI_ControllerPull.h	2	c:/dev/Tiger/DL_Default/TigerCode/Code/golf/ui_core/AptRuntime/Headers/UI_ControllerPull.h
UI_CourseSelect.cpp	27	c:/dev/Tiger/DL_Default/TigerCode/Code/Golf/UI_Core/AptRuntime/UI_CourseSelect.cpp
UI_CourseSelect.h	8	../../../../../TIGERCODE/Code/Golf/UI_Core/AptRuntime/Headers/UI_CourseSelect.h
UI_CreateACourse.cpp	20	c:/dev/Tiger/DL_Default/TigerCode/Code/Golf/UI_Core/AptRuntime/UI_CreateACourse.cpp
UI_CreateACourse.h	11	c:/dev/Tiger/DL_Default/TigerCode/Code/golf/ui_core/AptRuntime/Headers/UI_CreateACourse.h
UI_Credits.cpp	14	c:/dev/Tiger/DL_Default/TigerCode/Code/Golf/UI_Core/AptRuntime/UI_Credits.cpp
UI_Credits.h	8	c:/dev/Tiger/DL_Default/TigerCode/Code/golf/ui_core/AptRuntime/Headers/UI_Credits.h
UI_EASportsTrax.cpp	7	c:/dev/Tiger/DL_Default/TigerCode/Code/Golf/UI_Core/AptRuntime/UI_EASportsTrax.cpp
UI_EASportsTrax.h	3	c:/dev/Tiger/DL_Default/TigerCode/Code/golf/ui_core/AptRuntime/Headers/UI_EASportsTrax.h
UI_ESPNNews.cpp	15	c:/dev/Tiger/DL_Default/TigerCode/Code/Golf/UI_Core/AptRuntime/UI_ESPNNews.cpp
UI_ESPNNews.h	6	c:/dev/Tiger/DL_Default/TigerCode/Code/golf/ui_core/AptRuntime/Headers/UI_ESPNNews.h
UI_ESPNNewsDetail.cpp	11	c:/dev/Tiger/DL_Default/TigerCode/Code/Golf/UI_Core/AptRuntime/UI_ESPNNewsDetail.cpp
UI_ESPNNewsDetail.h	1	../../../../../TIGERCODE/Code/Golf/UI_Core/AptRuntime/Headers/UI_ESPNNewsDetail.h
UI_ESPNNewsDetail.h.2	4	c:/dev/Tiger/DL_Default/TigerCode/Code/golf/ui_core/AptRuntime/Headers/UI_ESPNNewsDetail.h
UI_EndGame.cpp	24	c:/dev/Tiger/DL_Default/TigerCode/Code/Golf/UI_Core/AptRuntime/UI_EndGame.cpp
UI_EndGame.h	1	c:/dev/Tiger/DL_Default/TigerCode/Code/golf/UI_Core/AptRuntime/headers/UI_EndGame.h
UI_FacilityMap.cpp	9	c:/dev/Tiger/DL_Default/TigerCode/Code/Golf/UI_Core/AptRuntime/UI_FacilityMap.cpp
UI_FacilityMap.h	3	c:/dev/Tiger/DL_Default/TigerCode/Code/golf/ui_core/AptRuntime/Headers/UI_FacilityMap.h
UI_FlashUtilities.cpp	7	c:/dev/Tiger/DL_Default/TigerCode/Code/Golf/UI_Core/AptRuntime/UI_FlashUtilities.cpp
UI_FlashUtilities.h	5	c:/dev/Tiger/DL_Default/TigerCode/Code/golf/ui_core/AptRuntime/Headers/UI_FlashUtilities.h
UI_GFGolfer.cpp	5	c:/dev/Tiger/DL_Default/TigerCode/Code/Golf/UI_Core/AptRuntime/UI_GFGolfer.cpp
UI_GFGolfer.h	2	c:/dev/Tiger/DL_Default/TigerCode/Code/golf/ui_core/AptRuntime/Headers/UI_GFGolfer.h
UI_GFLoading.cpp	9	c:/dev/Tiger/DL_Default/TigerCode/Code/Golf/UI_Core/AptRuntime/UI_GFLoading.cpp
UI_GFLoading.h	3	c:/dev/Tiger/DL_Default/TigerCode/Code/golf/ui_core/AptRuntime/Headers/UI_GFLoading.h
UI_GameFace.cpp	237	c:/dev/Tiger/DL_Default/TigerCode/Code/Golf/UI_Core/AptRuntime/UI_GameFace.cpp
UI_GameFace.h	1	../../../../../TIGERCODE/Code/Golf/UI_Core/AptRuntime/Headers/UI_GameFace.h
UI_GameFace.h.2	47	c:/dev/Tiger/DL_Default/TigerCode/Code/golf/ui_core/AptRuntime/Headers/UI_GameFace.h
UI_HUD.cpp	119	c:/dev/Tiger/DL_Default/TigerCode/Code/Golf/UI_Core/AptRuntime/UI_HUD.cpp
UI_HUD.h	10	c:/dev/Tiger/DL_Default/TigerCode/Code/golf/UI_Core/AptRuntime/headers/UI_HUD.h
UI_HUDComponentManager.c	2	c:/dev/Tiger/DL_Default/TigerCode/Code/Golf/UI_Core/AptRuntime/UI_HUDComponentManager.c
UI_HUDComponentManager.h	10	../../../../../TIGERCODE/Code/Golf/UI_Core/AptRuntime/Headers/UI_HUDComponentManager.h
UI_HUDComponentManager.h.2	20	c:/dev/Tiger/DL_Default/TigerCode/Code/golf/UI_Core/AptRuntime/headers/UI_HUDComponentManager.h
UI_HUDComponentManager.h.3	15	c:/dev/Tiger/DL_Default/TigerCode/Code/golf/UI_Core/AptRuntime/Headers/UI_HUDComponentManager.h
UI_HUDFlashText.cpp	14	c:/dev/Tiger/DL_Default/TigerCode/Code/Golf/UI_Core/AptRuntime/UI_HUDFlashText.cpp
UI_HUDFlashText.h	3	c:/dev/Tiger/DL_Default/TigerCode/Code/golf/UI_Core/AptRuntime/headers/UI_HUDFlashText.h
UI_Helpers.cpp	99	c:/dev/Tiger/DL_Default/TigerCode/Code/Golf/UI_Core/AptRuntime/UI_Helpers.cpp
UI_Helpers.h	353	../../../../../TIGERCODE/Code/Golf/UI_Core/AptRuntime/Headers/UI_Helpers.h
UI_HighImpactMessages.cpp	42	c:/dev/Tiger/DL_Default/TigerCode/Code/Golf/UI_Core/AptRuntime/UI_HighImpactMessages.cpp
UI_HighImpactMessages.h	10	c:/dev/Tiger/DL_Default/TigerCode/Code/golf/UI_Core/AptRuntime/headers/UI_HighImpactMessages.h
UI_HudHelpers.c	3	c:/dev/Tiger/DL_Default/TigerCode/Code/Golf/UI_Core/AptRuntime/UI_HudHelpers.c
UI_HudShotInfo.cpp	8	c:/dev/Tiger/DL_Default/TigerCode/Code/Golf/UI_Core/AptRuntime/UI_HudShotInfo.cpp
UI_HudShotInfo.h	4	c:/dev/Tiger/DL_Default/TigerCode/Code/golf/UI_Core/AptRuntime/headers/UI_HudShotInfo.h
UI_InTheBag.cpp	20	c:/dev/Tiger/DL_Default/TigerCode/Code/Golf/UI_Core/AptRuntime/UI_InTheBag.cpp
UI_InTheBag.h	6	c:/dev/Tiger/DL_Default/TigerCode/Code/golf/ui_core/AptRuntime/Headers/UI_InTheBag.h
UI_IngameMessageBG.cpp	11	c:/dev/Tiger/DL_Default/TigerCode/Code/Golf/UI_Core/AptRuntime/UI_IngameMessageBG.cpp
UI_IngameMessageBG.h	3	c:/dev/Tiger/DL_Default/TigerCode/Code/golf/UI_Core/AptRuntime/headers/UI_IngameMessageBG.h
UI_LoadProfile.cpp	47	c:/dev/Tiger/DL_Default/TigerCode/Code/Golf/UI_Core/AptRuntime/UI_LoadProfile.cpp
UI_LoadProfile.h	7	c:/dev/Tiger/DL_Default/TigerCode/Code/golf/ui_core/AptRuntime/Headers/UI_LoadProfile.h
UI_LoadProfileWidget.cpp	10	c:/dev/Tiger/DL_Default/TigerCode/Code/Golf/UI_Core/AptRuntime/UI_LoadProfileWidget.cpp
UI_LoadProfileWidget.h	4	c:/dev/Tiger/DL_Default/TigerCode/Code/golf/ui_core/AptRuntime/Headers/UI_LoadProfileWidget.h
UI_Loader.cpp	4	c:/dev/Tiger/DL_Default/TigerCode/Code/golf/ui_core/istudio_runtime/UI_Loader.cpp
UI_Loader.h	2	../../../../../TIGERCODE/Code/Golf/UI_Core/iStudio_Runtime/Headers/UI_Loader.h
UI_LoadingScreen.cpp	11	c:/dev/Tiger/DL_Default/TigerCode/Code/Golf/UI_Core/AptRuntime/UI_LoadingScreen.cpp
UI_LogoEditor.cpp	14	c:/dev/Tiger/DL_Default/TigerCode/Code/Golf/UI_Core/AptRuntime/UI_LogoEditor.cpp
UI_LogoEditor.h	4	c:/dev/Tiger/DL_Default/TigerCode/Code/golf/ui_core/AptRuntime/Headers/UI_LogoEditor.h
UI_LowImpactMessages.cpp	27	c:/dev/Tiger/DL_Default/TigerCode/Code/Golf/UI_Core/AptRuntime/UI_LowImpactMessages.cpp
UI_LowImpactMessages.h	4	c:/dev/Tiger/DL_Default/TigerCode/Code/golf/UI_Core/AptRuntime/headers/UI_LowImpactMessages.h
UI_MC_MemCardPopup.cpp	44	c:/dev/Tiger/DL_Default/TigerCode/Code/Golf/UI_Core/AptRuntime/UI_MC_MemCardPopup.cpp
UI_MC_MemCardPopup.h	28	../../../../../TIGERCODE/Code/Golf/UI_Core/AptRuntime/Headers/UI_MC_MemCardPopup.h
UI_MC_MemCardPopup.h.2	1	c:/dev/Tiger/DL_Default/TigerCode/Code/golf/UI_Core/AptRuntime/Headers/UI_MC_MemCardPopup.h
UI_MainMenu.cpp	109	c:/dev/Tiger/DL_Default/TigerCode/Code/Golf/UI_Core/AptRuntime/UI_MainMenu.cpp
UI_MainMenu.h	3	../../../../../TIGERCODE/Code/Golf/UI_Core/AptRuntime/Headers/UI_MainMenu.h
UI_MainMenu.h.2	49	c:/dev/Tiger/DL_Default/TigerCode/Code/golf/ui_core/AptRuntime/Headers/UI_MainMenu.h
UI_MemCard_PS3.cpp	31	c:/dev/Tiger/DL_Default/TigerCode/Code/Golf/UI_Core/Common/PS3/UI_MemCard_PS3.cpp
UI_MemoryCard.cpp	89	c:/dev/Tiger/DL_Default/TigerCode/Code/Golf/UI_Core/Common/UI_MemoryCard.cpp
UI_MemoryCardDefs.h	9	../../../../../TIGERCODE/Code/Golf/UI_Core/Common/Headers/UI_MemoryCardDefs.h
UI_MenuBase.cpp	25	c:/dev/Tiger/DL_Default/TigerCode/Code/Golf/UI_Core/AptRuntime/UI_MenuBase.cpp
UI_MenuCirc.cpp	37	c:/dev/Tiger/DL_Default/TigerCode/Code/Golf/UI_Core/AptRuntime/UI_MenuCirc.cpp
UI_MenuGFToggle.cpp	22	c:/dev/Tiger/DL_Default/TigerCode/Code/Golf/UI_Core/AptRuntime/UI_MenuGFToggle.cpp
UI_MenuGFToggle.h	3	c:/dev/Tiger/DL_Default/TigerCode/Code/golf/ui_core/AptRuntime/Headers/UI_MenuGFToggle.h
UI_MenuToggle.cpp	22	c:/dev/Tiger/DL_Default/TigerCode/Code/Golf/UI_Core/AptRuntime/UI_MenuToggle.cpp
UI_MenuToggle.h	7	c:/dev/Tiger/DL_Default/TigerCode/Code/golf/ui_core/AptRuntime/Headers/UI_MenuToggle.h
UI_MenuTutorial.cpp	14	c:/dev/Tiger/DL_Default/TigerCode/Code/Golf/UI_Core/AptRuntime/UI_MenuTutorial.cpp
UI_MenuTutorial.h	14	c:/dev/Tiger/DL_Default/TigerCode/Code/golf/ui_core/AptRuntime/Headers/UI_MenuTutorial.h
UI_MenuVert.cpp	10	c:/dev/Tiger/DL_Default/TigerCode/Code/Golf/UI_Core/AptRuntime/UI_MenuVert.cpp
UI_MenuVert.h	11	../../../../../TIGERCODE/Code/Golf/UI_Core/AptRuntime/Headers/UI_MenuVert.h
UI_Minigames.cpp	31	c:/dev/Tiger/DL_Default/TigerCode/Code/Golf/UI_Core/AptRuntime/UI_Minigames.cpp
UI_Minigames.h	5	c:/dev/Tiger/DL_Default/TigerCode/Code/golf/UI_Core/AptRuntime/headers/UI_Minigames.h
UI_Minigames.h.2	1	c:/dev/Tiger/DL_Default/TigerCode/Code/golf/UI_Core/AptRuntime/Headers/UI_Minigames.h
UI_Money.cpp	8	c:/dev/Tiger/DL_Default/TigerCode/Code/Golf/UI_Core/AptRuntime/UI_Money.cpp
UI_Money.h	3	c:/dev/Tiger/DL_Default/TigerCode/Code/golf/UI_Core/AptRuntime/headers/UI_Money.h
UI_MyTour_AllTimeRecords.cpp	8	c:/dev/Tiger/DL_Default/TigerCode/Code/Golf/UI_Core/AptRuntime/UI_MyTour_AllTimeRecords.cpp
UI_MyTour_AllTimeRecords.h	5	c:/dev/Tiger/DL_Default/TigerCode/Code/golf/ui_core/AptRuntime/Headers/UI_MyTour_AllTimeRecords.h
UI_MyTour_Resume.cpp	14	c:/dev/Tiger/DL_Default/TigerCode/Code/Golf/UI_Core/AptRuntime/UI_MyTour_Resume.cpp
UI_MyTour_Resume.h	5	c:/dev/Tiger/DL_Default/TigerCode/Code/golf/ui_core/AptRuntime/Headers/UI_MyTour_Resume.h
UI_MyTour_SponsorshipItems.cpp	7	c:/dev/Tiger/DL_Default/TigerCode/Code/Golf/UI_Core/AptRuntime/UI_MyTour_SponsorshipItems.cpp
UI_MyTour_SponsorshipItems.h	3	c:/dev/Tiger/DL_Default/TigerCode/Code/golf/ui_core/AptRuntime/Headers/UI_MyTour_SponsorshipItems.h
UI_MyTour_Sponsorships.cpp	7	c:/dev/Tiger/DL_Default/TigerCode/Code/Golf/UI_Core/AptRuntime/UI_MyTour_Sponsorships.cpp
UI_MyTour_Sponsorships.h	3	c:/dev/Tiger/DL_Default/TigerCode/Code/golf/ui_core/AptRuntime/Headers/UI_MyTour_Sponsorships.h
UI_MyTour_UserRecords.cpp	4	c:/dev/Tiger/DL_Default/TigerCode/Code/Golf/UI_Core/AptRuntime/UI_MyTour_UserRecords.cpp
UI_MyTour_UserRecords.h	5	c:/dev/Tiger/DL_Default/TigerCode/Code/golf/ui_core/AptRuntime/Headers/UI_MyTour_UserRecords.h
UI_NewsTicker.cpp	12	c:/dev/Tiger/DL_Default/TigerCode/Code/Golf/UI_Core/AptRuntime/UI_NewsTicker.cpp
UI_NewsTicker.h	1	../../../../../TIGERCODE/Code/Golf/UI_Core/AptRuntime/Headers/UI_NewsTicker.h
UI_NewsTicker.h.2	3	c:/dev/Tiger/DL_Default/TigerCode/Code/golf/ui_core/AptRuntime/Headers/UI_NewsTicker.h
UI_OnlineAPopHelper.cpp	18	c:/dev/Tiger/DL_Default/TigerCode/Code/Golf/UI_Core/AptRuntime/UI_OnlineAPopHelper.cpp
UI_OnlineAPopHelper.h	1	c:/dev/Tiger/DL_Default/TigerCode/Code/golf/ui_core/AptRuntime/Headers/UI_OnlineAPopHelper.h
UI_OnlineChatBox.cpp	16	c:/dev/Tiger/DL_Default/TigerCode/Code/Golf/UI_Core/AptRuntime/UI_OnlineChatBox.cpp
UI_OnlineChatBox.h	4	c:/dev/Tiger/DL_Default/TigerCode/Code/golf/ui_core/AptRuntime/Headers/UI_OnlineChatBox.h
UI_OnlineCreateAccountMoreInfo.cpp	10	c:/dev/Tiger/DL_Default/TigerCode/Code/Golf/UI_Core/AptRuntime/UI_OnlineCreateAccountMoreInfo.cpp
UI_OnlineCreateAccountMoreInfo.h	13	c:/dev/Tiger/DL_Default/TigerCode/Code/golf/ui_core/AptRuntime/Headers/UI_OnlineCreateAccountMoreInfo.h
UI_OnlineEAMessenger.cpp	60	c:/dev/Tiger/DL_Default/TigerCode/Code/Golf/UI_Core/AptRuntime/UI_OnlineEAMessenger.cpp
UI_OnlineEAMessenger.h	5	c:/dev/Tiger/DL_Default/TigerCode/Code/golf/ui_core/AptRuntime/Headers/UI_OnlineEAMessenger.h
UI_OnlineFAQ.cpp	10	c:/dev/Tiger/DL_Default/TigerCode/Code/Golf/UI_Core/AptRuntime/UI_OnlineFAQ.cpp
UI_OnlineFAQ.h	5	c:/dev/Tiger/DL_Default/TigerCode/Code/golf/ui_core/AptRuntime/Headers/UI_OnlineFAQ.h
UI_OnlineGameAdvertisement.cpp	15	c:/dev/Tiger/DL_Default/TigerCode/Code/Golf/UI_Core/AptRuntime/UI_OnlineGameAdvertisement.cpp
UI_OnlineGameAdvertisement.h	1	../../../../../TIGERCODE/Code/Golf/UI_Core/AptRuntime/Headers/UI_OnlineGameAdvertisement.h
UI_OnlineGameAdvertisement.h.2	12	c:/dev/Tiger/DL_Default/TigerCode/Code/golf/ui_core/AptRuntime/Headers/UI_OnlineGameAdvertisement.h
UI_OnlineGameModes_Gotw.cpp	7	c:/dev/Tiger/DL_Default/TigerCode/Code/Golf/UI_Core/AptRuntime/UI_OnlineGameModes_Gotw.cpp
UI_OnlineGameModes_Gotw.h	4	c:/dev/Tiger/DL_Default/TigerCode/Code/golf/ui_core/AptRuntime/Headers/UI_OnlineGameModes_Gotw.h
UI_OnlineGameModes_LeaderBoards.h	4	c:/dev/Tiger/DL_Default/TigerCode/Code/golf/ui_core/AptRuntime/Headers/UI_OnlineGameModes_LeaderBoards.h
UI_OnlineGameModes_Leaderboards.cpp	10	c:/dev/Tiger/DL_Default/TigerCode/Code/Golf/UI_Core/AptRuntime/UI_OnlineGameModes_Leaderboards.cpp
UI_OnlineGameSetup.cpp	38	c:/dev/Tiger/DL_Default/TigerCode/Code/Golf/UI_Core/AptRuntime/UI_OnlineGameSetup.cpp
UI_OnlineGameSetup.h	3	c:/dev/Tiger/DL_Default/TigerCode/Code/golf/ui_core/AptRuntime/Headers/UI_OnlineGameSetup.h
UI_OnlineLegalAgreement.cpp	14	c:/dev/Tiger/DL_Default/TigerCode/Code/Golf/UI_Core/AptRuntime/UI_OnlineLegalAgreement.cpp
UI_OnlineLegalAgreement.h	6	c:/dev/Tiger/DL_Default/TigerCode/Code/golf/ui_core/AptRuntime/Headers/UI_OnlineLegalAgreement.h
UI_OnlineLobbyRoom.cpp	16	c:/dev/Tiger/DL_Default/TigerCode/Code/Golf/UI_Core/AptRuntime/UI_OnlineLobbyRoom.cpp
UI_OnlineLobbyRoom.h	5	c:/dev/Tiger/DL_Default/TigerCode/Code/golf/ui_core/AptRuntime/Headers/UI_OnlineLobbyRoom.h
UI_OnlineLobbyRoomMatches.cpp	21	c:/dev/Tiger/DL_Default/TigerCode/Code/Golf/UI_Core/AptRuntime/UI_OnlineLobbyRoomMatches.cpp
UI_OnlineLobbyRoomMatches.h	4	c:/dev/Tiger/DL_Default/TigerCode/Code/golf/ui_core/AptRuntime/Headers/UI_OnlineLobbyRoomMatches.h
UI_OnlineMainMenu.cpp	13	c:/dev/Tiger/DL_Default/TigerCode/Code/Golf/UI_Core/AptRuntime/UI_OnlineMainMenu.cpp
UI_OnlineMainMenu.h	8	c:/dev/Tiger/DL_Default/TigerCode/Code/golf/ui_core/AptRuntime/Headers/UI_OnlineMainMenu.h
UI_OnlineMyQuickMessages.cpp	11	c:/dev/Tiger/DL_Default/TigerCode/Code/Golf/UI_Core/AptRuntime/UI_OnlineMyQuickMessages.cpp
UI_OnlineMyQuickMessages.h	5	c:/dev/Tiger/DL_Default/TigerCode/Code/golf/ui_core/AptRuntime/Headers/UI_OnlineMyQuickMessages.h
UI_OnlineNews.cpp	9	c:/dev/Tiger/DL_Default/TigerCode/Code/Golf/UI_Core/AptRuntime/UI_OnlineNews.cpp
UI_OnlineNews.h	4	c:/dev/Tiger/DL_Default/TigerCode/Code/golf/ui_core/AptRuntime/Headers/UI_OnlineNews.h
UI_OnlinePopupDisconnect.cpp	12	c:/dev/Tiger/DL_Default/TigerCode/Code/Golf/UI_Core/AptRuntime/UI_OnlinePopupDisconnect.cpp
UI_OnlinePopupDisconnect.h	1	../../../../../TIGERCODE/Code/Golf/UI_Core/AptRuntime/Headers/UI_OnlinePopupDisconnect.h
UI_OnlinePopupDisconnect.h.2	6	c:/dev/Tiger/DL_Default/TigerCode/Code/golf/ui_core/AptRuntime/Headers/UI_OnlinePopupDisconnect.h
UI_OnlineStats_Category.cpp	15	c:/dev/Tiger/DL_Default/TigerCode/Code/Golf/UI_Core/AptRuntime/UI_OnlineStats_Category.cpp
UI_OnlineStats_Category.h	3	c:/dev/Tiger/DL_Default/TigerCode/Code/golf/ui_core/AptRuntime/Headers/UI_OnlineStats_Category.h
UI_OnlineStats_Player.cpp	13	c:/dev/Tiger/DL_Default/TigerCode/Code/Golf/UI_Core/AptRuntime/UI_OnlineStats_Player.cpp
UI_OnlineStats_Player.h	3	c:/dev/Tiger/DL_Default/TigerCode/Code/golf/ui_core/AptRuntime/Headers/UI_OnlineStats_Player.h
UI_OnlineTermsConditions.cpp	10	c:/dev/Tiger/DL_Default/TigerCode/Code/Golf/UI_Core/AptRuntime/UI_OnlineTermsConditions.cpp
UI_OnlineTermsConditions.h	5	c:/dev/Tiger/DL_Default/TigerCode/Code/golf/ui_core/AptRuntime/Headers/UI_OnlineTermsConditions.h
UI_OnlineTournament_Gotw.cpp	6	c:/dev/Tiger/DL_Default/TigerCode/Code/Golf/UI_Core/AptRuntime/UI_OnlineTournament_Gotw.cpp
UI_OnlineTournament_Gotw.h	4	c:/dev/Tiger/DL_Default/TigerCode/Code/golf/ui_core/AptRuntime/Headers/UI_OnlineTournament_Gotw.h
UI_OnlineTournament_LeaderBoard.cpp	6	c:/dev/Tiger/DL_Default/TigerCode/Code/Golf/UI_Core/AptRuntime/UI_OnlineTournament_LeaderBoard.cpp
UI_OnlineTournament_LeaderBoard.h	4	c:/dev/Tiger/DL_Default/TigerCode/Code/golf/ui_core/AptRuntime/Headers/UI_OnlineTournament_LeaderBoard.h
UI_OnlineTournament_TourWins.cpp	6	c:/dev/Tiger/DL_Default/TigerCode/Code/Golf/UI_Core/AptRuntime/UI_OnlineTournament_TourWins.cpp
UI_OnlineTournament_TourWins.h	4	c:/dev/Tiger/DL_Default/TigerCode/Code/golf/ui_core/AptRuntime/Headers/UI_OnlineTournament_TourWins.h
UI_OnlineTournament_Wml.cpp	8	c:/dev/Tiger/DL_Default/TigerCode/Code/Golf/UI_Core/AptRuntime/UI_OnlineTournament_Wml.cpp
UI_OnlineTournament_Wml.h	4	c:/dev/Tiger/DL_Default/TigerCode/Code/golf/ui_core/AptRuntime/Headers/UI_OnlineTournament_Wml.h
UI_OnlineUserFeedback.cpp	6	c:/dev/Tiger/DL_Default/TigerCode/Code/Golf/UI_Core/AptRuntime/UI_OnlineUserFeedback.cpp
UI_OnlineUserFeedback.h	3	c:/dev/Tiger/DL_Default/TigerCode/Code/golf/ui_core/AptRuntime/Headers/UI_OnlineUserFeedback.h
UI_OnlineWaitingRoom.cpp	19	c:/dev/Tiger/DL_Default/TigerCode/Code/Golf/UI_Core/AptRuntime/UI_OnlineWaitingRoom.cpp
UI_OnlineWaitingRoom.h	1	../../../../../TIGERCODE/Code/Golf/UI_Core/AptRuntime/Headers/UI_OnlineWaitingRoom.h
UI_OnlineWaitingRoom.h.2	4	c:/dev/Tiger/DL_Default/TigerCode/Code/golf/ui_core/AptRuntime/Headers/UI_OnlineWaitingRoom.h
UI_Online_Resume.cpp	9	c:/dev/Tiger/DL_Default/TigerCode/Code/Golf/UI_Core/AptRuntime/UI_Online_Resume.cpp
UI_Online_Resume.h	4	c:/dev/Tiger/DL_Default/TigerCode/Code/golf/ui_core/AptRuntime/Headers/UI_Online_Resume.h
UI_Options.cpp	43	c:/dev/Tiger/DL_Default/TigerCode/Code/Golf/UI_Core/AptRuntime/UI_Options.cpp
UI_Options.h	4	c:/dev/Tiger/DL_Default/TigerCode/Code/golf/ui_core/AptRuntime/Headers/UI_Options.h
UI_PGATourAwards.cpp	5	c:/dev/Tiger/DL_Default/TigerCode/Code/Golf/UI_Core/AptRuntime/UI_PGATourAwards.cpp
UI_PGATourAwards.h	3	c:/dev/Tiger/DL_Default/TigerCode/Code/golf/UI_Core/AptRuntime/headers/UI_PGATourAwards.h
UI_PSMBehaviorHeadStart.cpp	4	c:/dev/Tiger/DL_Default/TigerCode/Code/Golf/UI_Core/AptRuntime/UI_PSMBehaviorHeadStart.cpp
UI_PSMBehaviorHeadStart.h	1	c:/dev/Tiger/DL_Default/TigerCode/Code/Golf/UI_Core/AptRuntime/Headers/UI_PSMBehaviorHeadStart.h
UI_PSMBehaviorMySkills.cpp	4	c:/dev/Tiger/DL_Default/TigerCode/Code/Golf/UI_Core/AptRuntime/UI_PSMBehaviorMySkills.cpp
UI_PSMBehaviorMySkills.h	1	c:/dev/Tiger/DL_Default/TigerCode/Code/Golf/UI_Core/AptRuntime/Headers/UI_PSMBehaviorMySkills.h
UI_PSMBehaviorProShop.cpp	6	c:/dev/Tiger/DL_Default/TigerCode/Code/Golf/UI_Core/AptRuntime/UI_PSMBehaviorProShop.cpp
UI_PSMBehaviorProShop.h	1	c:/dev/Tiger/DL_Default/TigerCode/Code/Golf/UI_Core/AptRuntime/Headers/UI_PSMBehaviorProShop.h
UI_PgaTourLeaderboard.cpp	6	c:/dev/Tiger/DL_Default/TigerCode/Code/Golf/UI_Core/AptRuntime/UI_PgaTourLeaderboard.cpp
UI_PgaTourLeaderboard.h	7	c:/dev/Tiger/DL_Default/TigerCode/Code/golf/ui_core/AptRuntime/Headers/UI_PgaTourLeaderboard.h
UI_PgaTourStats_Category.cpp	18	c:/dev/Tiger/DL_Default/TigerCode/Code/Golf/UI_Core/AptRuntime/UI_PgaTourStats_Category.cpp
UI_PgaTourStats_Category.h	7	c:/dev/Tiger/DL_Default/TigerCode/Code/golf/ui_core/AptRuntime/Headers/UI_PgaTourStats_Category.h
UI_PgaTourStats_Player.cpp	11	c:/dev/Tiger/DL_Default/TigerCode/Code/Golf/UI_Core/AptRuntime/UI_PgaTourStats_Player.cpp
UI_PgaTourStats_Player.h	3	c:/dev/Tiger/DL_Default/TigerCode/Code/golf/ui_core/AptRuntime/Headers/UI_PgaTourStats_Player.h
UI_PgaTournament_TourWins.cpp	6	c:/dev/Tiger/DL_Default/TigerCode/Code/Golf/UI_Core/AptRuntime/UI_PgaTournament_TourWins.cpp
UI_PgaTournament_TourWins.h	3	c:/dev/Tiger/DL_Default/TigerCode/Code/golf/ui_core/AptRuntime/Headers/UI_PgaTournament_TourWins.h
UI_PopupDef.cpp	17	c:/dev/Tiger/DL_Default/TigerCode/Code/Golf/UI_Core/AptRuntime/UI_PopupDef.cpp
UI_PopupDef.h	1	../../../../../TIGERCODE/Code/Golf/UI_Core/AptRuntime/Headers/UI_PopupDef.h
UI_PopupDef.h.2	4	c:/dev/Tiger/DL_Default/TigerCode/Code/golf/ui_core/AptRuntime/Headers/UI_PopupDef.h
UI_PopupMenuVert.cpp	2	c:/dev/Tiger/DL_Default/TigerCode/Code/Golf/UI_Core/AptRuntime/UI_PopupMenuVert.cpp
UI_PopupMenuVert.h	3	c:/dev/Tiger/DL_Default/TigerCode/Code/golf/ui_core/AptRuntime/Headers/UI_PopupMenuVert.h
UI_ProShopMenu.cpp	45	c:/dev/Tiger/DL_Default/TigerCode/Code/Golf/UI_Core/AptRuntime/UI_ProShopMenu.cpp
UI_ProShopMenu.h	6	c:/dev/Tiger/DL_Default/TigerCode/Code/golf/ui_core/AptRuntime/Headers/UI_ProShopMenu.h
UI_ProShopMenuBehaviorBase.h	3	c:/dev/Tiger/DL_Default/TigerCode/Code/Golf/UI_Core/AptRuntime/Headers/UI_ProShopMenuBehaviorBase.h
UI_ProShopPopup.cpp	9	c:/dev/Tiger/DL_Default/TigerCode/Code/Golf/UI_Core/AptRuntime/UI_ProShopPopup.cpp
UI_ProShopPopup.h	3	c:/dev/Tiger/DL_Default/TigerCode/Code/golf/ui_core/AptRuntime/Headers/UI_ProShopPopup.h
UI_ReplayIcon.cpp	4	c:/dev/Tiger/DL_Default/TigerCode/Code/Golf/UI_Core/AptRuntime/UI_ReplayIcon.cpp
UI_ReplayIcon.h	2	c:/dev/Tiger/DL_Default/TigerCode/Code/golf/ui_core/AptRuntime/Headers/UI_ReplayIcon.h
UI_Rivals.cpp	16	c:/dev/Tiger/DL_Default/TigerCode/Code/Golf/UI_Core/AptRuntime/UI_Rivals.cpp
UI_Rivals.h	1	../../../../../TIGERCODE/Code/Golf/UI_Core/AptRuntime/Headers/UI_Rivals.h
UI_Rivals.h.2	5	c:/dev/Tiger/DL_Default/TigerCode/Code/golf/ui_core/AptRuntime/Headers/UI_Rivals.h
UI_RivalsChallenge.cpp	18	c:/dev/Tiger/DL_Default/TigerCode/Code/Golf/UI_Core/AptRuntime/UI_RivalsChallenge.cpp
UI_RivalsChallenge.h	10	c:/dev/Tiger/DL_Default/TigerCode/Code/golf/ui_core/AptRuntime/Headers/UI_RivalsChallenge.h
UI_RivalsChallengeBoard.cpp	11	c:/dev/Tiger/DL_Default/TigerCode/Code/Golf/UI_Core/AptRuntime/UI_RivalsChallengeBoard.cpp
UI_RivalsChallengeBoard.h	4	c:/dev/Tiger/DL_Default/TigerCode/Code/golf/ui_core/AptRuntime/Headers/UI_RivalsChallengeBoard.h
UI_RivalsMessenger.cpp	16	c:/dev/Tiger/DL_Default/TigerCode/Code/Golf/UI_Core/AptRuntime/UI_RivalsMessenger.cpp
UI_RivalsMessenger.h	1	../../../../../TIGERCODE/Code/Golf/UI_Core/AptRuntime/Headers/UI_RivalsMessenger.h
UI_RivalsMessenger.h.2	5	c:/dev/Tiger/DL_Default/TigerCode/Code/golf/ui_core/AptRuntime/Headers/UI_RivalsMessenger.h
UI_RivalsTrophies.cpp	10	c:/dev/Tiger/DL_Default/TigerCode/Code/Golf/UI_Core/AptRuntime/UI_RivalsTrophies.cpp
UI_RivalsTrophies.h	3	c:/dev/Tiger/DL_Default/TigerCode/Code/golf/ui_core/AptRuntime/Headers/UI_RivalsTrophies.h
UI_ScoreCard.cpp	77	c:/dev/Tiger/DL_Default/TigerCode/Code/Golf/UI_Core/AptRuntime/UI_ScoreCard.cpp
UI_ScoreCard.h	12	c:/dev/Tiger/DL_Default/TigerCode/Code/golf/UI_Core/AptRuntime/headers/UI_ScoreCard.h
UI_ScoreCardManager.cpp	25	c:/dev/Tiger/DL_Default/TigerCode/Code/Golf/UI_Core/AptRuntime/UI_ScoreCardManager.cpp
UI_ScoreCardManager.h	6	c:/dev/Tiger/DL_Default/TigerCode/Code/golf/UI_Core/AptRuntime/headers/UI_ScoreCardManager.h
UI_SecondAnalogStick.cpp	9	c:/dev/Tiger/DL_Default/TigerCode/Code/Golf/UI_Core/AptRuntime/UI_SecondAnalogStick.cpp
UI_SecondAnalogStick.h	1	../../../../../TIGERCODE/Code/Golf/UI_Core/AptRuntime/Headers/UI_SecondAnalogStick.h
UI_SecondAnalogStick.h.2	2	c:/dev/Tiger/DL_Default/TigerCode/Code/golf/UI_Core/AptRuntime/headers/UI_SecondAnalogStick.h
UI_SeveTwentyOne.cpp	26	c:/dev/Tiger/DL_Default/TigerCode/Code/Golf/UI_Core/AptRuntime/UI_SeveTwentyOne.cpp
UI_SeveTwentyOne.h	4	c:/dev/Tiger/DL_Default/TigerCode/Code/golf/UI_Core/AptRuntime/headers/UI_SeveTwentyOne.h
UI_SeveTwentyOne.h.2	1	c:/dev/Tiger/DL_Default/TigerCode/Code/golf/UI_Core/AptRuntime/Headers/UI_SeveTwentyOne.h
UI_SkillChallenge.cpp	6	c:/dev/Tiger/DL_Default/TigerCode/Code/Golf/UI_Core/AptRuntime/UI_SkillChallenge.cpp
UI_SkillChallenge.h	3	c:/dev/Tiger/DL_Default/TigerCode/Code/golf/ui_core/AptRuntime/Headers/UI_SkillChallenge.h
UI_SkillZone.cpp	27	c:/dev/Tiger/DL_Default/TigerCode/Code/Golf/UI_Core/AptRuntime/UI_SkillZone.cpp
UI_SkillZone.h	5	c:/dev/Tiger/DL_Default/TigerCode/Code/golf/UI_Core/AptRuntime/headers/UI_SkillZone.h
UI_Skills.cpp	20	c:/dev/Tiger/DL_Default/TigerCode/Code/Golf/UI_Core/AptRuntime/UI_Skills.cpp
UI_Skills.h	1	c:/dev/Tiger/DL_Default/TigerCode/Code/golf/ui_core/AptRuntime/Headers/UI_Skills.h
UI_SpinnaOption.cpp	7	c:/dev/Tiger/DL_Default/TigerCode/Code/Golf/UI_Core/AptRuntime/UI_SpinnaOption.cpp
UI_SpinnaOption.h	5	c:/dev/Tiger/DL_Default/TigerCode/Code/golf/ui_core/AptRuntime/Headers/UI_SpinnaOption.h
UI_SponsorPopup.cpp	4	c:/dev/Tiger/DL_Default/TigerCode/Code/Golf/UI_Core/AptRuntime/UI_SponsorPopup.cpp
UI_SponsorPopup.h	2	c:/dev/Tiger/DL_Default/TigerCode/Code/golf/ui_core/AptRuntime/Headers/UI_SponsorPopup.h
UI_SpudHud.cpp	17	c:/dev/Tiger/DL_Default/TigerCode/Code/Golf/UI_Core/AptRuntime/UI_SpudHud.cpp
UI_SpudHud.h	5	c:/dev/Tiger/DL_Default/TigerCode/Code/golf/UI_Core/AptRuntime/headers/UI_SpudHud.h
UI_SwitchSticks.cpp	6	c:/dev/Tiger/DL_Default/TigerCode/Code/Golf/UI_Core/AptRuntime/UI_SwitchSticks.cpp
UI_SwitchSticks.h	5	c:/dev/Tiger/DL_Default/TigerCode/Code/golf/UI_Core/AptRuntime/headers/UI_SwitchSticks.h
UI_TigerChallenge.cpp	25	c:/dev/Tiger/DL_Default/TigerCode/Code/Golf/UI_Core/AptRuntime/UI_TigerChallenge.cpp
UI_TigerChallenge.h	9	c:/dev/Tiger/DL_Default/TigerCode/Code/golf/ui_core/AptRuntime/Headers/UI_TigerChallenge.h
UI_TopElements.cpp	7	c:/dev/Tiger/DL_Default/TigerCode/Code/Golf/UI_Core/AptRuntime/UI_TopElements.cpp
UI_TopElements.h	7	c:/dev/Tiger/DL_Default/TigerCode/Code/golf/ui_core/AptRuntime/Headers/UI_TopElements.h
UI_TrainingChallenge.cpp	18	c:/dev/Tiger/DL_Default/TigerCode/Code/Golf/UI_Core/AptRuntime/UI_TrainingChallenge.cpp
UI_TrainingChallenge.h	9	c:/dev/Tiger/DL_Default/TigerCode/Code/golf/ui_core/AptRuntime/Headers/UI_TrainingChallenge.h
UI_Tutorial.cpp	10	c:/dev/Tiger/DL_Default/TigerCode/Code/Golf/UI_Core/AptRuntime/UI_Tutorial.cpp
UI_Tutorial.h	3	c:/dev/Tiger/DL_Default/TigerCode/Code/golf/UI_Core/AptRuntime/headers/UI_Tutorial.h
UI_Tutorial.h.2	1	c:/dev/Tiger/DL_Default/TigerCode/Code/golf/UI_Core/AptRuntime/Headers/UI_Tutorial.h
UI_VirtualKeyboard.cpp	28	c:/dev/Tiger/DL_Default/TigerCode/Code/Golf/UI_Core/AptRuntime/UI_VirtualKeyboard.cpp
UI_VirtualKeyboard.h	15	c:/dev/Tiger/DL_Default/TigerCode/Code/golf/ui_core/AptRuntime/Headers/UI_VirtualKeyboard.h
UI_Wager.cpp	6	c:/dev/Tiger/DL_Default/TigerCode/Code/Golf/UI_Core/AptRuntime/UI_Wager.cpp
UI_Wager.h	3	c:/dev/Tiger/DL_Default/TigerCode/Code/golf/ui_core/AptRuntime/Headers/UI_Wager.h
UI_WeatherInfo.cpp	3	c:/dev/Tiger/DL_Default/TigerCode/Code/Golf/UI_Core/AptRuntime/UI_WeatherInfo.cpp
UI_WeatherInfo.h	1	c:/dev/Tiger/DL_Default/TigerCode/Code/Golf/UI_Core/AptRuntime/Headers/UI_WeatherInfo.h
UI_Widget.cpp	34	c:/dev/Tiger/DL_Default/TigerCode/Code/Golf/UI_Core/AptRuntime/UI_Widget.cpp
UI_Widget.h	1	../../../../../TIGERCODE/Code/Golf/UI_Core/AptRuntime/Headers/UI_Widget.h
UI_Widget.h.2	15	c:/dev/Tiger/DL_Default/TigerCode/Code/golf/ui_core/AptRuntime/Headers/UI_Widget.h
UI_WorldTour.cpp	6	c:/dev/Tiger/DL_Default/TigerCode/Code/Golf/UI_Core/AptRuntime/UI_WorldTour.cpp
UI_WorldTour.h	6	c:/dev/Tiger/DL_Default/TigerCode/Code/golf/ui_core/AptRuntime/Headers/UI_WorldTour.h
UI_XBoxLiveSettings.cpp	15	c:/dev/Tiger/DL_Default/TigerCode/Code/Golf/UI_Core/AptRuntime/UI_XBoxLiveSettings.cpp
UI_XBoxLiveSettings.h	10	c:/dev/Tiger/DL_Default/TigerCode/Code/golf/ui_core/AptRuntime/Headers/UI_XBoxLiveSettings.h
UInterrupt.h	2	c:/dev/Tiger/DL_Default/TigerCode/Code/legacy/lib/Headers/UInterrupt.h
UKernel.c	3	c:/dev/Tiger/DL_Default/TigerCode/Code/legacy/specif/UKernel.c
UMatFlt.c	5	c:/dev/Tiger/DL_Default/TigerCode/Code/legacy/lib/UMatFlt.c
UMath.c	4	c:/dev/Tiger/DL_Default/TigerCode/Code/legacy/lib/UMath.c
UMemBudgetTable.cpp	1	c:/dev/Tiger/DL_Default/TigerCode/Code/legacy/lib/UMemBudgetTable.cpp
UMemBudgetTracker.cpp	37	c:/dev/Tiger/DL_Default/TigerCode/Code/legacy/lib/UMemBudgetTracker.cpp
UMemBudgetTracker.h	2	../../../../../TIGERCODE/Code/Legacy/Lib/Headers/UMemBudgetTracker.h
UMemManager.c	17	c:/dev/Tiger/DL_Default/TigerCode/Code/legacy/lib/UMemManager.c
UMemNew.cpp	19	c:/dev/Tiger/DL_Default/TigerCode/Code/legacy/lib/UMemNew.cpp
UMemPool.c	5	c:/dev/Tiger/DL_Default/TigerCode/Code/legacy/lib/UMemPool.c
UMemPoolResizeable.cpp	15	c:/dev/Tiger/DL_Default/TigerCode/Code/legacy/lib/UMemPoolResizeable.cpp
UMemPoolResizeable.h	2	../../../../../TIGERCODE/Code/Legacy/Lib/Headers/UMemPoolResizeable.h
UNetwork.c	26	c:/dev/Tiger/DL_Default/TigerCode/Code/legacy/specif/UNetwork.c
UNetwork.h	2	../../../../../TIGERCODE/Code/Legacy/SPECIF/Headers/UNetwork.h
UNetwork.h.2	2	c:/dev/Tiger/DL_Default/TigerCode/Code/legacy/specif/Headers/UNetwork.h
UObject.c	2	c:/dev/Tiger/DL_Default/TigerCode/Code/legacy/lib/UObject.c
UObject.h	1	../../../../../TIGERCODE/Code/Legacy/Lib/Headers/UObject.h
URandom.c	10	c:/dev/Tiger/DL_Default/TigerCode/Code/legacy/lib/URandom.c
URandom.h	1	../../../../../TIGERCODE/Code/Legacy/Lib/Headers/URandom.h
URes.c	16	c:/dev/Tiger/DL_Default/TigerCode/Code/legacy/lib/URes.c
USingleton.h	41	../../../../../TIGERCODE/Code/Legacy/Lib/Headers/USingleton.h
UStream.c	53	c:/dev/Tiger/DL_Default/TigerCode/Code/legacy/specif/UStream.c
UStreamAllocator.c	1	c:/dev/Tiger/DL_Default/TigerCode/Code/legacy/specif/UStreamAllocator.c
UStreamScheduler.c	34	c:/dev/Tiger/DL_Default/TigerCode/Code/legacy/specif/UStreamScheduler.c
UTiming.c	33	c:/dev/Tiger/DL_Default/TigerCode/Code/legacy/lib/UTiming.c
UUberparserUtils.cpp	8	c:/dev/Tiger/DL_Default/TigerCode/Code/legacy/lib/UUberparserUtils.cpp
UUberparserUtils.h	2	c:/dev/Tiger/DL_Default/TigerCode/Code/Legacy/Lib/Headers/UUberparserUtils.h
UUberparserUtils.h.2	6	c:/dev/Tiger/DL_Default/TigerCode/Code/legacy/lib/Headers/UUberparserUtils.h
UVecFlt.h	9	../../../../../TIGERCODE/Code/Legacy/Lib/Headers/UVecFlt.h
UVecFlt.h.3	3	../ears_rt_math/dev/include/ears_rt_math/UVecFlt.h
UnitTester.c	1	c:/dev/Tiger/DL_Default/TigerCode/Code/Misc/UnitTester.c
UnlockInfo.cpp	9	c:/dev/Tiger/DL_Default/TigerCode/Code/golf/earnings/UnlockInfo.cpp
UnlockInfo.h	4	../../../../../TIGERCODE/Code/Golf/Earnings/Headers/UnlockInfo.h
UserInfo.cpp	138	c:/dev/Tiger/DL_Default/TigerCode/Code/Golf/User/UserInfo.cpp
UserInfo.h.2	77	../../../../../TIGERCODE/Code/Golf/User/Headers/UserInfo.h
UserInfoStructs.h	11	../../../../../TIGERCODE/Code/Golf/User/Headers/UserInfoStructs.h
UserInfoStructs.h.2	8	../../../../../TIGERCODE/Code/Golf/user/Headers/UserInfoStructs.h
UserManager.cpp	43	c:/dev/Tiger/DL_Default/TigerCode/Code/Golf/User/UserManager.cpp
UserManager.h	2	../../../../../TIGERCODE/Code/Golf/User/Headers/UserManager.h
Util.cpp.3	28	C:/Dev/Tiger/DL_Default/TigerCode/packages/t3db/2.21.03-RW-EAC/source/common/Util.cpp
Variable.cpp	2	c:/dev/Tiger/DL_Default/TigerCode/packages/ears_rt_cct/dev/api_src/Variable.cpp
VisualEntity.c	1	c:/dev/Tiger/DL_Default/TigerCode/Code/Golf/Actors/VisualEntity.c
Wind.c	9	c:/dev/Tiger/DL_Default/TigerCode/Code/Golf/Physics/Wind.c
Wind1.h	1	c:/dev/Tiger/DL_Default/TigerCode/Code/Headgate/SOURCE/Game/Engine/Wind1.h
_Apt.h	57	../../../../../TIGERCODE/Code/AptInterface/AptPackage/_Apt.h
_AptActions.h	3	../../../../../TIGERCODE/Code/AptInterface/AptPackage/_AptActions.h
_AptLoad.h	35	../../../../../TIGERCODE/Code/AptInterface/AptPackage/_AptLoad.h
_AptSet.h	7	../../../../../TIGERCODE/Code/AptInterface/AptPackage/_AptSet.h
_AptStack.h	19	../../../../../TIGERCODE/Code/AptInterface/AptPackage/_AptStack.h
_AptString.h	3	../../../../../TIGERCODE/Code/AptInterface/AptPackage/_AptString.h
_AptValue.h	97	../../../../../TIGERCODE/Code/AptInterface/AptPackage/_AptValue.h
_AptVector.h	7	../../../../../TIGERCODE/Code/AptInterface/AptPackage/_AptVector.h
action.cpp	2	C:/Dev/Tiger/DL_Default/TigerCode/packages/OSDK/2.06.04/core/source/common/action.cpp
actionabstract.cpp	6	C:/Dev/Tiger/DL_Default/TigerCode/packages/OSDK/2.06.04/core/source/common/actionabstract.cpp
actionabstract.h	2	C:/Dev/Tiger/DL_Default/TigerCode/packages/OSDK/2.06.04/core/source/common/./actionabstract.h
actionalertabstract.cpp	3	C:/Dev/Tiger/DL_Default/TigerCode/packages/OSDK/2.06.04/core/source/common/actionalertabstract.cpp
actionalertloginabort.cpp	2	C:/Dev/Tiger/DL_Default/TigerCode/packages/OSDK/2.06.04/core/source/common/actionalertloginabort.cpp
actionalertloginabort.h	1	C:/Dev/Tiger/DL_Default/TigerCode/packages/OSDK/2.06.04/core/source/common/./actionalertloginabort.h
actioncallback.cpp	2	C:/Dev/Tiger/DL_Default/TigerCode/packages/OSDK/2.06.04/core/source/common/actioncallback.cpp
actionuserstrategyabstract.cpp	7	C:/Dev/Tiger/DL_Default/TigerCode/packages/OSDK/2.06.04/core/source/common/actionuserstrategyabstract.cpp
activitymanager.cpp	2	C:/Dev/Tiger/DL_Default/TigerCode/packages/OSDK/2.06.04/core/source/common/activitymanager.cpp
activitymanagerconcrete.cpp	9	C:/Dev/Tiger/DL_Default/TigerCode/packages/OSDK/2.06.04/core/source/common/activitymanagerconcrete.cpp
addativetinter.cpp	3	c:/dev/Tiger/DL_Default/TigerCode/Code/golf/TextureFX/addativetinter.cpp
adler32.c	1	c:/dev/Tiger/DL_Default/TigerCode/Code/Shared/XceedZip_ZLib64/adler32.c
alert.cpp	2	C:/Dev/Tiger/DL_Default/TigerCode/packages/OSDK/2.06.04/core/source/common/alert.cpp
alertconcrete.cpp	6	C:/Dev/Tiger/DL_Default/TigerCode/packages/OSDK/2.06.04/core/source/common/alertconcrete.cpp
algorithm	18	C:/dev/Tiger/DL_Default/TigerCode/packages/PlayStation3GCC/110.006/installed/target/ppu/include/algorithm
altivec.h	47	c:/dev/tiger/dl_default/tigercode/packages/playstation3gcc/110.006/installed/host-win32/ppu/lib/gcc/ppu-lv2/4.0.2/include/altivec.h
altivec.h.2	13	C:/Dev/Tiger/DL_Default/TigerCode/packages/PlayStation3GCC/110.006/installed/host-win32/ppu/lib/gcc/ppu-lv2/4.0.2/include/altivec.h
apt_unity.cpp	48	c:/dev/Tiger/DL_Default/TigerCode/Code/apt_unity.cpp
ariesoperationabstract.cpp	9	C:/Dev/Tiger/DL_Default/TigerCode/packages/OSDK/2.06.04/core/source/common/ariesoperationabstract.cpp
arraytemplate.h	511	../../../../../TIGERCODE/Code/AptInterface/arraytemplate.h
assert.h	1	../../../ears_common/dev/include/ears_common/assert.h
async.h	2	C:/Dev/Tiger/DL_Default/TigerCode/RW45/platform/include/native/ps3-ppu-gcc/rw/core/filesys/async.h
atomic.h	3	../../../../../TIGERCODE/RW45/platform/include/native/ps3-ppu-gcc/rw/core/thread/atomic.h
atomic.h.2	4	C:/Dev/Tiger/DL_Default/TigerCode/RW45/platform/include/native/ps3-ppu-gcc/rw/core/thread/atomic.h
atomic.h.3	1	C:/packages/PlayStation3GCC/096.002/Installed/target/ppu/include/cell/atomic.h
audiodecoder_snd9.cpp	7	c:/dev/Tiger/DL_Default/TigerCode/Code/Golf/MoviePlayer/audiodecoder_snd9.cpp
audiorenderable.cpp	3	C:/packages/rwmovie/1.04.01/source/movielib/movieplayer/cmn/audiorenderable.cpp
audiorenderer_snd9.cpp	14	c:/dev/Tiger/DL_Default/TigerCode/Code/Golf/MoviePlayer/audiorenderer_snd9.cpp
base.cpp	10	C:/Dev/Tiger/DL_Default/TigerCode/packages/OSDK/2.06.04/core/source/common/base.cpp
base.h	3	C:/Dev/Tiger/DL_Default/TigerCode/packages/OSDK/2.06.04/core/include/common/osdk/base.h
basepersistent.cpp	2	C:/Dev/Tiger/DL_Default/TigerCode/packages/OSDK/2.06.04/core/source/common/basepersistent.cpp
basepersistent.h	2	C:/Dev/Tiger/DL_Default/TigerCode/packages/OSDK/2.06.04/core/include/common/osdk/basepersistent.h
baseresource.h	4	../../../../../TIGERCODE/RW45/platform/include/native/ps3-ppu-gcc/rw/core/resource/baseresource.h
baseresource.h.2	2	../../../../rw45/platform/include/native/ps3-ppu-gcc/rw/core/resource/baseresource.h
baseresource.h.3	10	C:/Dev/Tiger/DL_Default/TigerCode/RW45/platform/include/native/ps3-ppu-gcc/rw/core/resource/baseresource.h
basic_string.h	35	../../../../../TIGERCODE/Code/AptInterface/AptPackage/ea/string/basic_string.h
bitflags.h	5	../ears_common/dev/include/ears_common/bitflags.h
bitgetter.h	2	../../../../../TIGERCODE/packages/rwaudiocore/2.08.01/include/rw/audio/core/private/bitgetter.h
bitgetter.h.2	3	C:/packages/rwaudiocore/2.08.01/include/rw/audio/core/private/bitgetter.h
cachemgr.cpp	12	c:/dev/Tiger/DL_Default/TigerCode/Code/AptInterface/AptPackage/AptFF/core/cachemanager/cachemgr.cpp
callbacks.h.3	1	C:/Dev/Tiger/DL_Default/TigerCode/packages/t3db/2.21.03-RW-EAC/include/common/t3db/callbacks.h
careercompare.cpp	2	C:/Dev/Tiger/DL_Default/TigerCode/packages/OSDK/2.06.04/extensions/career/source/common/careercompare.cpp
careercomparecallback.cpp	2	C:/Dev/Tiger/DL_Default/TigerCode/packages/OSDK/2.06.04/extensions/career/source/common/careercomparecallback.cpp
careercompareconcrete.cpp	18	C:/Dev/Tiger/DL_Default/TigerCode/packages/OSDK/2.06.04/extensions/career/source/common/careercompareconcrete.cpp
careercompareconcrete.h	5	C:/Dev/Tiger/DL_Default/TigerCode/packages/OSDK/2.06.04/extensions/career/source/common/./careercompareconcrete.h
careerdynamiclayout.cpp	2	C:/Dev/Tiger/DL_Default/TigerCode/packages/OSDK/2.06.04/extensions/career/source/common/careerdynamiclayout.cpp
careerdynamiclayoutcallback.cpp	2	C:/Dev/Tiger/DL_Default/TigerCode/packages/OSDK/2.06.04/extensions/career/source/common/careerdynamiclayoutcallback.cpp
careerdynamiclayoutconcrete.cpp	8	C:/Dev/Tiger/DL_Default/TigerCode/packages/OSDK/2.06.04/extensions/career/source/common/careerdynamiclayoutconcrete.cpp
careerdynamiclayoutconcrete.h	5	C:/Dev/Tiger/DL_Default/TigerCode/packages/OSDK/2.06.04/extensions/career/source/common/./careerdynamiclayoutconcrete.h
careerextension.h	1	C:/Dev/Tiger/DL_Default/TigerCode/packages/OSDK/2.06.04/extensions/career/include/common/osdk/career/careerextension.h
careerextensionconcrete.cpp	26	C:/Dev/Tiger/DL_Default/TigerCode/packages/OSDK/2.06.04/extensions/career/source/common/careerextensionconcrete.cpp
careerextensionconcrete.h	1	C:/Dev/Tiger/DL_Default/TigerCode/packages/OSDK/2.06.04/extensions/career/source/common/./careerextensionconcrete.h
careerfacade.h	1	C:/Dev/Tiger/DL_Default/TigerCode/packages/OSDK/2.06.04/extensions/career/include/common/osdk/career/careerfacade.h
careerfacadeconcrete.cpp	7	C:/Dev/Tiger/DL_Default/TigerCode/packages/OSDK/2.06.04/extensions/career/source/common/careerfacadeconcrete.cpp
careerfacadeconcrete.h	4	C:/Dev/Tiger/DL_Default/TigerCode/packages/OSDK/2.06.04/extensions/career/source/common/./careerfacadeconcrete.h
careergamefacade.h	2	../../../../../TIGERCODE/packages/osdk/2.06.04/extensions/career/include/common/osdk/career/gamefacade/careergamefacade.h
careergamefacade.h.2	1	C:/Dev/Tiger/DL_Default/TigerCode/packages/OSDK/2.06.04/extensions/career/include/common/osdk/career/gamefacade/careergamefacade.h
careergameparameters.cpp	4	C:/Dev/Tiger/DL_Default/TigerCode/packages/OSDK/2.06.04/extensions/career/source/common/gamefacade/careergameparameters.cpp
careerspreadsheet.cpp	2	C:/Dev/Tiger/DL_Default/TigerCode/packages/OSDK/2.06.04/extensions/career/source/common/careerspreadsheet.cpp
careerspreadsheetcallback.cpp	2	C:/Dev/Tiger/DL_Default/TigerCode/packages/OSDK/2.06.04/extensions/career/source/common/careerspreadsheetcallback.cpp
careerspreadsheetconcrete.cpp	22	C:/Dev/Tiger/DL_Default/TigerCode/packages/OSDK/2.06.04/extensions/career/source/common/careerspreadsheetconcrete.cpp
careerspreadsheetconcrete.h	6	C:/Dev/Tiger/DL_Default/TigerCode/packages/OSDK/2.06.04/extensions/career/source/common/./careerspreadsheetconcrete.h
careerstatbook.cpp	2	C:/Dev/Tiger/DL_Default/TigerCode/packages/OSDK/2.06.04/extensions/career/source/common/careerstatbook.cpp
careerstatbookcallback.cpp	2	C:/Dev/Tiger/DL_Default/TigerCode/packages/OSDK/2.06.04/extensions/career/source/common/careerstatbookcallback.cpp
careerstatbookconcrete.cpp	31	C:/Dev/Tiger/DL_Default/TigerCode/packages/OSDK/2.06.04/extensions/career/source/common/careerstatbookconcrete.cpp
careerstatbookconcrete.h	6	C:/Dev/Tiger/DL_Default/TigerCode/packages/OSDK/2.06.04/extensions/career/source/common/./careerstatbookconcrete.h
careerstrategy.h	1	../../../../../TIGERCODE/packages/osdk/2.06.04/extensions/career/include/common/osdk/career/gamefacade/careerstrategy.h
careerstrategyconcrete.cpp	3	c:/dev/Tiger/DL_Default/TigerCode/Code/golf/online/osdk/careerstrategyconcrete.cpp
careertrophies.cpp	2	C:/Dev/Tiger/DL_Default/TigerCode/packages/OSDK/2.06.04/extensions/career/source/common/careertrophies.cpp
careertrophiescallback.cpp	2	C:/Dev/Tiger/DL_Default/TigerCode/packages/OSDK/2.06.04/extensions/career/source/common/careertrophiescallback.cpp
careertrophiesconcrete.cpp	16	C:/Dev/Tiger/DL_Default/TigerCode/packages/OSDK/2.06.04/extensions/career/source/common/careertrophiesconcrete.cpp
careertrophiesconcrete.h	8	C:/Dev/Tiger/DL_Default/TigerCode/packages/OSDK/2.06.04/extensions/career/source/common/./careertrophiesconcrete.h
careertrophiesobserver.cpp	2	C:/Dev/Tiger/DL_Default/TigerCode/packages/OSDK/2.06.04/extensions/career/source/common/careertrophiesobserver.cpp
careerview.cpp	2	C:/Dev/Tiger/DL_Default/TigerCode/packages/OSDK/2.06.04/extensions/career/source/common/careerview.cpp
careerviewconcrete.cpp	2	C:/Dev/Tiger/DL_Default/TigerCode/packages/OSDK/2.06.04/extensions/career/source/common/careerviewconcrete.cpp
careerviewconcrete.h	3	C:/Dev/Tiger/DL_Default/TigerCode/packages/OSDK/2.06.04/extensions/career/source/common/./careerviewconcrete.h
char.c	120	c:/dev/Tiger/DL_Default/TigerCode/Code/golf/animation/char.c
char.h	19	../../../../../TIGERCODE/Code/Golf/Animation/Headers/char.h
char_State.c	14	c:/dev/Tiger/DL_Default/TigerCode/Code/golf/animation/char_State.c
char_lighting.cpp	6	c:/dev/Tiger/DL_Default/TigerCode/Code/golf/animation/char_lighting.cpp
char_tex_manager.c	24	c:/dev/Tiger/DL_Default/TigerCode/Code/golf/animation/char_tex_manager.c
char_util.c	2	c:/dev/Tiger/DL_Default/TigerCode/Code/golf/animation/char_util.c
char_util_shared.c	1	c:/dev/Tiger/DL_Default/TigerCode/Code/golf/animation/char_util_shared.c
chatstream.cpp	2	C:/Dev/Tiger/DL_Default/TigerCode/packages/OSDK/2.06.04/core/source/common/chatstream.cpp
chatstream.h	2	C:/Dev/Tiger/DL_Default/TigerCode/packages/OSDK/2.06.04/core/include/common/osdk/chatstream.h
chatstreamabstract.cpp	3	C:/Dev/Tiger/DL_Default/TigerCode/packages/OSDK/2.06.04/core/source/common/chatstreamabstract.cpp
chatstreamabstract.h	2	C:/Dev/Tiger/DL_Default/TigerCode/packages/OSDK/2.06.04/core/source/common/./chatstreamabstract.h
chatstreamgamesetupconcrete.cpp	10	C:/Dev/Tiger/DL_Default/TigerCode/packages/OSDK/2.06.04/core/source/common/chatstreamgamesetupconcrete.cpp
chatstreamgamesetupconcrete.h	5	C:/Dev/Tiger/DL_Default/TigerCode/packages/OSDK/2.06.04/core/source/common/./chatstreamgamesetupconcrete.h
chatstreamlobbymsgconcrete.cpp	8	C:/Dev/Tiger/DL_Default/TigerCode/packages/OSDK/2.06.04/core/source/common/chatstreamlobbymsgconcrete.cpp
chatstreamlobbymsgconcrete.h	1	C:/Dev/Tiger/DL_Default/TigerCode/packages/OSDK/2.06.04/core/source/common/./chatstreamlobbymsgconcrete.h
chatstreammanager.cpp	2	C:/Dev/Tiger/DL_Default/TigerCode/packages/OSDK/2.06.04/core/source/common/chatstreammanager.cpp
chatstreammanagerconcrete.cpp	5	C:/Dev/Tiger/DL_Default/TigerCode/packages/OSDK/2.06.04/core/source/common/chatstreammanagerconcrete.cpp
chatstreamobserver.cpp	2	C:/Dev/Tiger/DL_Default/TigerCode/packages/OSDK/2.06.04/core/source/common/chatstreamobserver.cpp
chatstreamsendcallback.cpp	2	C:/Dev/Tiger/DL_Default/TigerCode/packages/OSDK/2.06.04/core/source/common/chatstreamsendcallback.cpp
checked_delete.h	31	../../../../../TIGERCODE/Code/AptInterface/AptPackage/checked_delete.h
clock.h	3	../../../../../TIGERCODE/Code/Headgate/SOURCE/Utils/clock.h
clutgenfuplus.cpp	18	c:/dev/Tiger/DL_Default/TigerCode/Code/golf/TextureFX/clutgenfuplus.cpp
clutgenfuplus.h	2	c:/dev/Tiger/DL_Default/TigerCode/Code/golf/TextureFX/Headers/clutgenfuplus.h
clutgenopaqfuplus.cpp	17	c:/dev/Tiger/DL_Default/TigerCode/Code/golf/TextureFX/clutgenopaqfuplus.cpp
coda.cpp	2	C:/packages/rwaudiocore/2.08.01/source/9/extern/coda/cmn/coda.cpp
coda.h	3	C:/packages/rwaudiocore/2.08.01/source/9/extern/coda/include/coda.h
collection.cpp	11	C:/packages/rwaudiocore/2.08.01/source/cmn/collection.cpp
collection.h	3	C:/packages/rwaudiocore/2.08.01/include/rw/audio/core/private/collection.h
color.cpp	2	C:/Dev/Tiger/DL_Default/TigerCode/packages/OSDK/2.06.04/core/source/common/color.cpp
colorconcrete.cpp	9	C:/Dev/Tiger/DL_Default/TigerCode/packages/OSDK/2.06.04/core/source/common/colorconcrete.cpp
commontypes.h	2	../ears_common/dev/include/ears_common/commontypes.h
comparator.h	1	C:/Dev/Tiger/DL_Default/TigerCode/packages/OSDK/2.06.04/core/include/common/osdk/comparator.h
copywithgain.cpp	3	C:/packages/rwaudiocore/2.08.01/source/cmn/copywithgain.cpp
coregamefacade.cpp	13	C:/Dev/Tiger/DL_Default/TigerCode/packages/OSDK/2.06.04/core/source/common/gamefacade/coregamefacade.cpp
coregamefacade.h	1	../../../../../TIGERCODE/packages/osdk/2.06.04/core/include/common/osdk/gamefacade/coregamefacade.h
coregamefacade.h.2	2	C:/Dev/Tiger/DL_Default/TigerCode/packages/OSDK/2.06.04/core/include/common/osdk/gamefacade/coregamefacade.h
coregameparameters.cpp	4	C:/Dev/Tiger/DL_Default/TigerCode/packages/OSDK/2.06.04/core/source/common/gamefacade/coregameparameters.cpp
coregameparametersclient.cpp	5	C:/Dev/Tiger/DL_Default/TigerCode/packages/OSDK/2.06.04/core/source/common/gamefacade/coregameparametersclient.cpp
coregameparametersclientplatform.cpp	4	C:/Dev/Tiger/DL_Default/TigerCode/packages/OSDK/2.06.04/core/source/ps3/gamefacade/coregameparametersclientplatform.cpp
coregameparametersserver.cpp	5	C:/Dev/Tiger/DL_Default/TigerCode/packages/OSDK/2.06.04/core/source/common/gamefacade/coregameparametersserver.cpp
course.cpp	11	c:/dev/Tiger/DL_Default/TigerCode/Code/Headgate/SOURCE/Game/Engine/course.cpp
cpuloadbalancer.cpp	7	C:/packages/rwaudiocore/2.08.01/source/cmn/cpuloadbalancer.cpp
cpuloadbalancer.h	3	C:/packages/rwaudiocore/2.08.01/include/rw/audio/core/private/cpuloadbalancer.h
crap_structs.cpp	18	c:/dev/Tiger/DL_Default/TigerCode/Code/golf/animation/crap_structs.cpp
crap_structs.h	4	../../../../../TIGERCODE/Code/Golf/Animation/Headers/crap_structs.h
crc32.c	3	c:/dev/Tiger/DL_Default/TigerCode/Code/Shared/XceedZip_ZLib64/crc32.c
crtfunctions.cpp	3	C:/Dev/Tiger/DL_Default/TigerCode/packages/OSDK/2.06.04/core/source/common/crtfunctions.cpp
ctype.h	9	C:/dev/Tiger/DL_Default/TigerCode/packages/PlayStation3GCC/110.006/installed/target/ppu/include/ctype.h
ctype.h.2	7	C:/Dev/Tiger/DL_Default/TigerCode/packages/PlayStation3GCC/110.006/installed/target/ppu/include/ctype.h
dac.cpp	17	C:/packages/rwaudiocore/2.08.01/source/plugins/dac.cpp
dac.h	1	C:/packages/rwaudiocore/2.08.01/include/rw/audio/core/plugins/dac.h
dailytourn.cpp	10	c:/dev/Tiger/DL_Default/TigerCode/Code/golf/online/osdk/dailytourn.cpp
dailytourn.h	1	../../../../../TIGERCODE/Code/Golf/Online/OSDK/dailytourn.h
dailytourn.h.2	3	../../../../../TIGERCODE/Code/Golf/online/osdk/dailytourn.h
dailytournextensionconcrete.cpp	12	C:/Dev/Tiger/DL_Default/TigerCode/packages/OSDK/2.06.04/extensions/dailytourn/source/common/dailytournextensionconcrete.cpp
dailytournfacadeconcrete.cpp	5	C:/Dev/Tiger/DL_Default/TigerCode/packages/OSDK/2.06.04/extensions/dailytourn/source/common/dailytournfacadeconcrete.cpp
dailytournoperation.cpp	2	C:/Dev/Tiger/DL_Default/TigerCode/packages/OSDK/2.06.04/extensions/dailytourn/source/common/dailytournoperation.cpp
dailytournoperationconcrete.cpp	5	C:/Dev/Tiger/DL_Default/TigerCode/packages/OSDK/2.06.04/extensions/dailytourn/source/common/dailytournoperationconcrete.cpp
dailytournoperationconcrete.h	1	C:/Dev/Tiger/DL_Default/TigerCode/packages/OSDK/2.06.04/extensions/dailytourn/source/common/./dailytournoperationconcrete.h
dashboardutil.cpp	2	C:/Dev/Tiger/DL_Default/TigerCode/packages/OSDK/2.06.04/core/source/common/dashboardutil.cpp
dashboardutilconcrete.cpp	7	C:/Dev/Tiger/DL_Default/TigerCode/packages/OSDK/2.06.04/core/source/ps3/dashboardutilconcrete.cpp
database.h	4	../../../../../TIGERCODE/packages/t3db/2.21.03-RW-EAC/include/common/t3db/database.h
db_gamemode.cpp	7	c:/dev/Tiger/DL_Default/TigerCode/Code/Golf/Database/db_gamemode.cpp
db_manager.cpp	2	c:/dev/Tiger/DL_Default/TigerCode/Code/Golf/Database/db_manager.cpp
db_static.cpp	6	c:/dev/Tiger/DL_Default/TigerCode/Code/Golf/Database/db_static.cpp
db_streamed.cpp	4	c:/dev/Tiger/DL_Default/TigerCode/Code/Golf/Database/db_streamed.cpp
dbmanager.h	1	../../../../../TIGERCODE/packages/t3db/2.21.03-RW-EAC/include/common/t3db/dbmanager.h
dcmputil.h	3	c:/dev/Tiger/DL_Default/TigerCode/Code/golf/animation/Headers/dcmputil.h
debug.h	3	../../../../../TIGERCODE/RW45/platform/include/native/ps3-ppu-gcc/rw/core/debug/debug.h
debug.h.2	4	C:/Dev/Tiger/DL_Default/TigerCode/RW45/platform/include/native/ps3-ppu-gcc/rw/core/debug/debug.h
debugstrategy.h	1	../../../../../TIGERCODE/packages/osdk/2.06.04/core/include/common/osdk/gamefacade/debugstrategy.h
debugstrategyconcrete.cpp	5	c:/dev/Tiger/DL_Default/TigerCode/Code/golf/online/osdk/debugstrategyconcrete.cpp
decealayer3.cpp	4	C:/packages/rwaudiocore/2.08.01/source/decoders/ealayer31/decealayer3.cpp
decoder.cpp	1	C:/packages/rwaudiocore/2.08.01/source/cmn/decoder.cpp
decoder.h	12	C:/packages/rwaudiocore/2.08.01/include/rw/audio/core/decoder.h
decoderregistry.cpp	5	C:/packages/rwaudiocore/2.08.01/source/cmn/decoderregistry.cpp
decoderregistry.h	1	C:/packages/rwaudiocore/2.08.01/include/rw/audio/core/decoderregistry.h
decxas1.cpp	2	C:/packages/rwaudiocore/2.08.01/source/decoders/decxas1.cpp
decxas1.h	2	C:/packages/rwaudiocore/2.08.01/include/rw/audio/core/decoders/decxas1.h
default_policy.h	7	../../../../../TIGERCODE/Code/AptInterface/AptPackage/ea/string/default_policy.h
deflate.c	18	../../../Shared/XceedZip_ZLib64/deflate.c
device.h	14	C:/Dev/Tiger/DL_Default/TigerCode/RW45/platform/include/native/ps3-ppu-gcc/rw/core/filesys/device.h
deviceinfo.h	2	../../../../../TIGERCODE/RW45/platform/include/native/ps3-ppu-gcc/rw/core/controller/deviceinfo.h
dictionary.cpp	2	C:/Dev/Tiger/DL_Default/TigerCode/packages/OSDK/2.06.04/core/source/common/dictionary.cpp
dictionaryconcrete.cpp	37	C:/Dev/Tiger/DL_Default/TigerCode/packages/OSDK/2.06.04/core/source/common/dictionaryconcrete.cpp
dictionaryconcrete.h	3	C:/Dev/Tiger/DL_Default/TigerCode/packages/OSDK/2.06.04/core/source/common/./././dictionaryconcrete.h
directory.h	1	C:/Dev/Tiger/DL_Default/TigerCode/RW45/platform/include/native/ps3-ppu-gcc/rw/core/filesys/directory.h
disconnectobserver.cpp	2	C:/Dev/Tiger/DL_Default/TigerCode/packages/OSDK/2.06.04/core/source/common/disconnectobserver.cpp
downloadstreamer.cpp	11	C:/Dev/Tiger/DL_Default/TigerCode/packages/OSDK/2.06.04/core/source/common/downloadstreamer.cpp
downloadstreamer.h	1	C:/Dev/Tiger/DL_Default/TigerCode/packages/OSDK/2.06.04/core/source/common/./downloadstreamer.h
dxtngen.cpp	13	c:/dev/Tiger/DL_Default/TigerCode/Code/golf/TextureFX/dxtngen.cpp
dxtngen.h	1	c:/dev/Tiger/DL_Default/TigerCode/Code/golf/TextureFX/Headers/dxtngen.h
dxtnpixelcache.cpp	4	c:/dev/Tiger/DL_Default/TigerCode/Code/golf/TextureFX/dxtnpixelcache.cpp
dxtnpixelcache.h	2	c:/dev/Tiger/DL_Default/TigerCode/Code/golf/TextureFX/Headers/dxtnpixelcache.h
ealayer3core.cpp	2	C:/packages/rwaudiocore/2.08.01/source/decoders/ealayer31/ealayer3core.cpp
eaxadecf.cpp	8	C:/packages/rwaudiocore/2.08.01/source/9/extern/coda/cmn/eaxadecf.cpp
encoder.h	3	C:/packages/rwaudiocore/2.08.01/include/rw/audio/core/encoder.h
encoderregistry.cpp	5	C:/packages/rwaudiocore/2.08.01/source/cmn/encoderregistry.cpp
encoderregistry.h	1	C:/packages/rwaudiocore/2.08.01/include/rw/audio/core/encoderregistry.h
endian.h	33	C:/packages/rwaudiocore/2.08.01/source/extern/endian.h
endian_inlines.h	1	../../../../../TIGERCODE/RW45/platform/include/native/ps3-ppu-gcc/rw/core/endian/detail/endian_inlines.h
endian_inlines.h.2	3	C:/RW45/platform/include/native/ps3-ppu-gcc/rw/core/endian/detail/endian_inlines.h
event.c	92	c:/dev/Tiger/DL_Default/TigerCode/Code/golf/EventManager/event.c
event.h	8	C:/Dev/Tiger/DL_Default/TigerCode/packages/PlayStation3GCC/110.006/installed/target/ppu/include/sys/event.h
event.h.2	10	C:/packages/PlayStation3GCC/096.002/Installed/target/ppu/include/sys/event.h
eventlogger.cpp	11	C:/packages/rwmovie/1.04.01/source/movielib/movieplayer/cmn/eventlogger.cpp
eventlogger.h	8	C:/packages/rwmovie/1.04.01/include/rwmovie/supplemental/eventlogger.h
facade.cpp	2	C:/Dev/Tiger/DL_Default/TigerCode/packages/OSDK/2.06.04/core/source/common/facade.cpp
facadeconcrete.cpp	56	C:/Dev/Tiger/DL_Default/TigerCode/packages/OSDK/2.06.04/core/source/common/facadeconcrete.cpp
facadeconcrete.h	70	C:/Dev/Tiger/DL_Default/TigerCode/packages/OSDK/2.06.04/core/source/common/./facadeconcrete.h
faceblend.cpp	46	c:/dev/Tiger/DL_Default/TigerCode/Code/golf/animation/faceblend.cpp
faceblend.h.2	5	c:/dev/Tiger/DL_Default/TigerCode/Code/golf/animation/Headers/faceblend.h
fastfloat.h	3	../../../../../TIGERCODE/RW45/platform/include/native/ps3-ppu-gcc/rw/math/vpu/fastfloat.h
fastfloat.h.2	2	C:/Dev/Tiger/DL_Default/TigerCode/RW45/platform/include/native/ps3-ppu-gcc/rw/math/vpu/fastfloat.h
fastfloat_operation_inline.h	18	../../../../../TIGERCODE/RW45/platform/include/native/ps3-ppu-gcc/rw/math/vpu/detail/fastfloat_operation_inline.h
fastfloat_operation_inline.h.2	7	C:/Dev/Tiger/DL_Default/TigerCode/RW45/platform/include/native/ps3-ppu-gcc/rw/math/vpu/detail/fastfloat_operation_inline.h
fastfloat_type_inline.h	6	../../../../../TIGERCODE/RW45/platform/include/native/ps3-ppu-gcc/rw/math/vpu/detail/fastfloat_type_inline.h
fastfloat_type_inline.h.2	9	C:/Dev/Tiger/DL_Default/TigerCode/RW45/platform/include/native/ps3-ppu-gcc/rw/math/vpu/detail/fastfloat_type_inline.h
ffApt.h	5	../../../../../TIGERCODE/Code/AptInterface/AptPackage/aptff/ffApt.h
ff_fm.cpp	18	c:/dev/Tiger/DL_Default/TigerCode/Code/AptInterface/AptPackage/AptFF/core/fontmanager/ff_fm.cpp
ffapt.cpp	17	c:/dev/Tiger/DL_Default/TigerCode/Code/AptInterface/AptPackage/AptFF/ffapt.cpp
ffstub.c	4	c:/dev/Tiger/DL_Default/TigerCode/Code/AptInterface/AptPackage/AptFF/core/ffstub.c
ftoi.h	2	C:/packages/rwaudiocore/2.08.01/source/extern/ftoi.h
gain.cpp	3	C:/packages/rwaudiocore/2.08.01/source/plugins/gain.cpp
gain.h	1	C:/packages/rwaudiocore/2.08.01/include/rw/audio/core/plugins/gain.h
gainfader.cpp	5	C:/packages/rwaudiocore/2.08.01/source/plugins/gainfader.cpp
gainfader.h	1	C:/packages/rwaudiocore/2.08.01/include/rw/audio/core/plugins/gainfader.h
gamefacadeconcrete.cpp	7	c:/dev/Tiger/DL_Default/TigerCode/Code/golf/online/osdk/gamefacadeconcrete.cpp
gamefacadeconcrete.h	14	../../../../../TIGERCODE/Code/Golf/Online/OSDK/gamefacadeconcrete.h
gamemanageroperation.cpp	7	C:/Dev/Tiger/DL_Default/TigerCode/packages/OSDK/2.06.04/core/source/common/gamemanageroperation.cpp
gamemanageroperation.h	2	C:/Dev/Tiger/DL_Default/TigerCode/packages/OSDK/2.06.04/core/source/common/./gamemanageroperation.h
gamesession.cpp	2	C:/Dev/Tiger/DL_Default/TigerCode/packages/OSDK/2.06.04/core/source/common/gamesession.cpp
gamesessionconcrete.cpp	51	C:/Dev/Tiger/DL_Default/TigerCode/packages/OSDK/2.06.04/core/source/common/gamesessionconcrete.cpp
gamesessionconcrete.h	18	C:/Dev/Tiger/DL_Default/TigerCode/packages/OSDK/2.06.04/core/source/common/././gamesessionconcrete.h
gamesessionjoincallback.cpp	2	C:/Dev/Tiger/DL_Default/TigerCode/packages/OSDK/2.06.04/core/source/common/gamesessionjoincallback.cpp
gamesessionleavecallback.cpp	2	C:/Dev/Tiger/DL_Default/TigerCode/packages/OSDK/2.06.04/core/source/common/gamesessionleavecallback.cpp
gamesessionlockcallback.cpp	2	C:/Dev/Tiger/DL_Default/TigerCode/packages/OSDK/2.06.04/core/source/common/gamesessionlockcallback.cpp
gamesessionmanagerconcrete.cpp	11	C:/Dev/Tiger/DL_Default/TigerCode/packages/OSDK/2.06.04/core/source/common/gamesessionmanagerconcrete.cpp
gamesessionmanagerconcrete.h	1	C:/Dev/Tiger/DL_Default/TigerCode/packages/OSDK/2.06.04/core/source/common/./gamesessionmanagerconcrete.h
gamesessionobserver.cpp	2	C:/Dev/Tiger/DL_Default/TigerCode/packages/OSDK/2.06.04/core/source/common/gamesessionobserver.cpp
gamesessionpersistent.cpp	2	C:/Dev/Tiger/DL_Default/TigerCode/packages/OSDK/2.06.04/core/source/common/gamesessionpersistent.cpp
gamesessionpersistentconcrete.cpp	9	C:/Dev/Tiger/DL_Default/TigerCode/packages/OSDK/2.06.04/core/source/common/gamesessionpersistentconcrete.cpp
gamesessionpersistentconcrete.h	9	C:/Dev/Tiger/DL_Default/TigerCode/packages/OSDK/2.06.04/core/source/common/./gamesessionpersistentconcrete.h
gamesessionstartcallback.cpp	2	C:/Dev/Tiger/DL_Default/TigerCode/packages/OSDK/2.06.04/core/source/common/gamesessionstartcallback.cpp
gamesessionstatecallback.cpp	2	C:/Dev/Tiger/DL_Default/TigerCode/packages/OSDK/2.06.04/core/source/common/gamesessionstatecallback.cpp
gamesessionunlockcallback.cpp	2	C:/Dev/Tiger/DL_Default/TigerCode/packages/OSDK/2.06.04/core/source/common/gamesessionunlockcallback.cpp
gamesetup.cpp	2	C:/Dev/Tiger/DL_Default/TigerCode/packages/OSDK/2.06.04/core/source/common/gamesetup.cpp
gamesetupconcrete.cpp	47	C:/Dev/Tiger/DL_Default/TigerCode/packages/OSDK/2.06.04/core/source/common/gamesetupconcrete.cpp
gamesetupconcrete.h	4	C:/Dev/Tiger/DL_Default/TigerCode/packages/OSDK/2.06.04/core/source/common/./././gamesetupconcrete.h
gamesetuphostuser.cpp	2	C:/Dev/Tiger/DL_Default/TigerCode/packages/OSDK/2.06.04/core/source/common/gamesetuphostuser.cpp
gamesetuphostuserconcrete.cpp	6	C:/Dev/Tiger/DL_Default/TigerCode/packages/OSDK/2.06.04/core/source/common/gamesetuphostuserconcrete.cpp
gamesetuphostuserconcrete.h	1	C:/Dev/Tiger/DL_Default/TigerCode/packages/OSDK/2.06.04/core/source/common/./gamesetuphostuserconcrete.h
gamesetuplocaluser.cpp	2	C:/Dev/Tiger/DL_Default/TigerCode/packages/OSDK/2.06.04/core/source/common/gamesetuplocaluser.cpp
gamesetuplocaluserconcrete.cpp	11	C:/Dev/Tiger/DL_Default/TigerCode/packages/OSDK/2.06.04/core/source/common/gamesetuplocaluserconcrete.cpp
gamesetuplocaluserconcrete.h	5	C:/Dev/Tiger/DL_Default/TigerCode/packages/OSDK/2.06.04/core/source/common/././././gamesetuplocaluserconcrete.h
gamesetupobserver.cpp	2	C:/Dev/Tiger/DL_Default/TigerCode/packages/OSDK/2.06.04/core/source/common/gamesetupobserver.cpp
gamesetupsendmessagecallback.cpp	2	C:/Dev/Tiger/DL_Default/TigerCode/packages/OSDK/2.06.04/core/source/common/gamesetupsendmessagecallback.cpp
gamesetupuser.cpp	2	C:/Dev/Tiger/DL_Default/TigerCode/packages/OSDK/2.06.04/core/source/common/gamesetupuser.cpp
gamesetupuserconcrete.cpp	6	C:/Dev/Tiger/DL_Default/TigerCode/packages/OSDK/2.06.04/core/source/common/gamesetupuserconcrete.cpp
gameuser.cpp	2	C:/Dev/Tiger/DL_Default/TigerCode/packages/OSDK/2.06.04/core/source/common/gameuser.cpp
gameuserconcrete.cpp	10	C:/Dev/Tiger/DL_Default/TigerCode/packages/OSDK/2.06.04/core/source/common/gameuserconcrete.cpp
gameuserconcrete.h	15	C:/Dev/Tiger/DL_Default/TigerCode/packages/OSDK/2.06.04/core/source/common/./gameuserconcrete.h
gameuserkickcallback.cpp	2	C:/Dev/Tiger/DL_Default/TigerCode/packages/OSDK/2.06.04/core/source/common/gameuserkickcallback.cpp
gameuserstatecallback.cpp	2	C:/Dev/Tiger/DL_Default/TigerCode/packages/OSDK/2.06.04/core/source/common/gameuserstatecallback.cpp
gamexmlcallback.cpp	33	c:/dev/Tiger/DL_Default/TigerCode/Code/Golf/gamexml/gamexmlcallback.cpp
gamexmlcallback.h	13	../../../../../TIGERCODE/Code/golf/gamexml/gamexmlcallback.h
garbagecollectorconcrete.cpp	6	C:/Dev/Tiger/DL_Default/TigerCode/packages/OSDK/2.06.04/core/source/common/garbagecollectorconcrete.cpp
garbagecollectorconcrete.h	4	C:/Dev/Tiger/DL_Default/TigerCode/packages/OSDK/2.06.04/core/source/common/././garbagecollectorconcrete.h
gcm_global_implementation.h	63	C:/dev/Tiger/DL_Default/TigerCode/packages/PlayStation3GCC/110.006/installed/target/ppu/include/cell/gcm/gcm_global_implementation.h
gcm_global_implementation.h.2	59	C:/Dev/Tiger/DL_Default/TigerCode/packages/PlayStation3GCC/110.006/installed/target/ppu/include/cell/gcm/gcm_global_implementation.h
generalallocatordebug.h	1	../../../../../TIGERCODE/RW45/platform/include/native/ps3-ppu-gcc/rw/core/generalallocator/generalallocatordebug.h
globals.c	62	c:/dev/Tiger/DL_Default/TigerCode/Code/golf/globals/globals.c
glyph.cpp	11	c:/dev/Tiger/DL_Default/TigerCode/Code/AptInterface/AptPackage/AptFF/core/glyph.cpp
golf2_unity.cpp	12	c:/dev/Tiger/DL_Default/TigerCode/Code/golf2_unity.cpp
golfAI.h	2	../../../../../TIGERCODE/Code/Golf/AI/Headers/golfAI.h
golf_module.cpp	17	../../../../../TIGERCODE/Code/GolfModule/golf_module.cpp
golf_module_allocator_profile.cpp	6	../../../../../TIGERCODE/Code/GolfModule/golf_module_allocator_profile.cpp
golf_module_apt_debug.cpp	10	../../../../../TIGERCODE/Code/GolfModule/golf_module_apt_debug.cpp
golf_module_cct.cpp	35	../../../../../TIGERCODE/Code/GolfModule/golf_module_cct.cpp
golf_module_cct.h	2	../../../../../TIGERCODE/Code/GolfModule/golf_module_cct.h
golf_module_com.cpp	1	../../../../../TIGERCODE/Code/GolfModule/golf_module_com.cpp
golf_module_com_interface.cpp	3	../../../../../TIGERCODE/Code/GolfModule/golf_module_com_interface.cpp
golf_module_global_interface.cpp	30	../../../../../TIGERCODE/Code/GolfModule/golf_module_global_interface.cpp
golf_module_interface.cpp	65	../../../../../TIGERCODE/Code/GolfModule/golf_module_interface.cpp
golf_module_lua.cpp	3	../../../../../TIGERCODE/Code/GolfModule/golf_module_lua.cpp
golf_module_manager.cpp	12	../../../../../TIGERCODE/Code/GolfModule/golf_module_manager.cpp
golf_module_trinity.cpp	69	../../../../../TIGERCODE/Code/GolfModule/golf_module_trinity.cpp
golf_module_trinity.h	2	../../../../../TIGERCODE/Code/GolfModule/golf_module_trinity.h
golf_module_trinity.h.2	2	c:/dev/Tiger/DL_Default/TigerCode/Code/GolfModule/golf_module_trinity.h
golf_module_ucap.cpp	8	../../../../../TIGERCODE/Code/GolfModule/golf_module_ucap.cpp
golf_module_ucap.h	2	../../../../../TIGERCODE/Code/golfmodule/golf_module_ucap.h
golf_module_ucap.h.2	1	../../../../../TIGERCODE/Code/GolfModule/golf_module_ucap.h
golf_unity.cpp	64	c:/dev/Tiger/DL_Default/TigerCode/Code/golf_unity.cpp
golftimer.cpp	9	c:/dev/Tiger/DL_Default/TigerCode/Code/golf/lo-math/golftimer.cpp
handles.h	7	C:/Dev/Tiger/DL_Default/TigerCode/packages/quick_spu/dev-football/include/quick_spu/handles.h
hash.h.3	1	../ears_common/dev/include/ears_common/hash.h
headgate_unity.cpp	1	c:/dev/Tiger/DL_Default/TigerCode/Code/headgate_unity.cpp
helper.h	4	../../../../../TIGERCODE/packages/t3db/2.21.03-RW-EAC/include/common/t3db/helper.h
highpassiir2.cpp	3	C:/packages/rwaudiocore/2.08.01/source/plugins/highpassiir2.cpp
highpassiir2.h	1	C:/packages/rwaudiocore/2.08.01/include/rw/audio/core/plugins/highpassiir2.h
host_inlines.h	2	C:/RW45/platform/include/native/ps3-ppu-gcc/rw/core/timer/detail/host_inlines.h
hud.cpp	2	C:/Dev/Tiger/DL_Default/TigerCode/packages/OSDK/2.06.04/core/source/common/hud.cpp
hudconcrete.cpp	11	C:/Dev/Tiger/DL_Default/TigerCode/packages/OSDK/2.06.04/core/source/ps3/hudconcrete.cpp
hudconcrete.h	3	C:/Dev/Tiger/DL_Default/TigerCode/packages/OSDK/2.06.04/core/source/ps3/./hudconcrete.h
hudobserver.cpp	2	C:/Dev/Tiger/DL_Default/TigerCode/packages/OSDK/2.06.04/core/source/common/hudobserver.cpp
hudshowprofilecallback.cpp	2	C:/Dev/Tiger/DL_Default/TigerCode/packages/OSDK/2.06.04/core/source/common/hudshowprofilecallback.cpp
hudshowsendmessagecallback.cpp	2	C:/Dev/Tiger/DL_Default/TigerCode/packages/OSDK/2.06.04/core/source/common/hudshowsendmessagecallback.cpp
ibase.h	14	C:/packages/rwaudiocore/2.08.01/source/cmn/ibase.h
icoreallocator_interface.h	1	../../../../../TIGERCODE/packages/coreAllocator/1.02.03/include/coreallocator/icoreallocator_interface.h
icoreallocator_interface.h.2	1	C:/Dev/Tiger/DL_Default/TigerCode/packages/coreallocator/1.02.03/include/coreallocator/icoreallocator_interface.h
idecoder.h	2	../../../../packages/rwmovie/1.04.01/include/rwmovie/idecoder.h
ieventhandler.h	1	../../../ears_rt_cct/dev/api/ears_rt_cct/interfaces/ieventhandler.h
iir2.cpp	1	C:/packages/rwaudiocore/2.08.01/source/cmn/iir2.cpp
ilist.h	2	C:/packages/rwmovie/1.04.01/include/rwmovie/private/ilist.h
image.cpp	2	C:/Dev/Tiger/DL_Default/TigerCode/packages/OSDK/2.06.04/core/source/common/image.cpp
imageconcrete.cpp	15	C:/Dev/Tiger/DL_Default/TigerCode/packages/OSDK/2.06.04/core/source/common/imageconcrete.cpp
imageconcrete.h	8	C:/Dev/Tiger/DL_Default/TigerCode/packages/OSDK/2.06.04/core/source/common/././imageconcrete.h
infblock.c	6	c:/dev/Tiger/DL_Default/TigerCode/Code/Shared/XceedZip_ZLib64/infblock.c
infcodes.c	3	c:/dev/Tiger/DL_Default/TigerCode/Code/Shared/XceedZip_ZLib64/infcodes.c
inffast.c	1	c:/dev/Tiger/DL_Default/TigerCode/Code/Shared/XceedZip_ZLib64/inffast.c
inflate.c	9	c:/dev/Tiger/DL_Default/TigerCode/Code/Shared/XceedZip_ZLib64/inflate.c
inftrees.c	4	c:/dev/Tiger/DL_Default/TigerCode/Code/Shared/XceedZip_ZLib64/inftrees.c
infutil.c	1	c:/dev/Tiger/DL_Default/TigerCode/Code/Shared/XceedZip_ZLib64/infutil.c
inline.h	3	../../../../../TIGERCODE/packages/t3db/2.21.03-RW-EAC/include/common/t3db/inline.h
inline.h.3	3	C:/Dev/Tiger/DL_Default/TigerCode/packages/t3db/2.21.03-RW-EAC/include/common/t3db/inline.h
inlines.h	1	C:/RW45/platform/include/native/ps3-ppu-gcc/rw/core/timer/detail/inlines.h
interrupt.h	4	C:/dev/Tiger/DL_Default/TigerCode/packages/PlayStation3GCC/110.006/installed/target/ppu/include/sys/interrupt.h
intersect.h	3	c:/dev/Tiger/DL_Default/TigerCode/Code/Headgate/SOURCE/Utils/intersect.h
invitationabstract.cpp	5	C:/Dev/Tiger/DL_Default/TigerCode/packages/OSDK/2.06.04/core/source/common/invitationabstract.cpp
invitationabstract.h	18	C:/Dev/Tiger/DL_Default/TigerCode/packages/OSDK/2.06.04/core/source/common/././invitationabstract.h
invitationacceptcallback.cpp	2	C:/Dev/Tiger/DL_Default/TigerCode/packages/OSDK/2.06.04/core/source/common/invitationacceptcallback.cpp
invitationdeclinecallback.cpp	2	C:/Dev/Tiger/DL_Default/TigerCode/packages/OSDK/2.06.04/core/source/common/invitationdeclinecallback.cpp
invitationfilter.cpp	2	C:/Dev/Tiger/DL_Default/TigerCode/packages/OSDK/2.06.04/core/source/common/invitationfilter.cpp
invitationfilterincominggameconcrete.cpp	3	C:/Dev/Tiger/DL_Default/TigerCode/packages/OSDK/2.06.04/core/source/common/invitationfilterincominggameconcrete.cpp
invitationfilterincominggameconcrete.h	1	C:/Dev/Tiger/DL_Default/TigerCode/packages/OSDK/2.06.04/core/source/common/./invitationfilterincominggameconcrete.h
invitationgameconcrete.cpp	23	C:/Dev/Tiger/DL_Default/TigerCode/packages/OSDK/2.06.04/core/source/common/invitationgameconcrete.cpp
invitationincoming.cpp	2	C:/Dev/Tiger/DL_Default/TigerCode/packages/OSDK/2.06.04/core/source/common/invitationincoming.cpp
invitationmanager.cpp	2	C:/Dev/Tiger/DL_Default/TigerCode/packages/OSDK/2.06.04/core/source/common/invitationmanager.cpp
invitationmanagerconcrete.cpp	44	C:/Dev/Tiger/DL_Default/TigerCode/packages/OSDK/2.06.04/core/source/common/invitationmanagerconcrete.cpp
invitationobserver.cpp	2	C:/Dev/Tiger/DL_Default/TigerCode/packages/OSDK/2.06.04/core/source/common/invitationobserver.cpp
invitationoutgoing.cpp	2	C:/Dev/Tiger/DL_Default/TigerCode/packages/OSDK/2.06.04/core/source/common/invitationoutgoing.cpp
invitationrevokecallback.cpp	2	C:/Dev/Tiger/DL_Default/TigerCode/packages/OSDK/2.06.04/core/source/common/invitationrevokecallback.cpp
invitationsendcallback.cpp	2	C:/Dev/Tiger/DL_Default/TigerCode/packages/OSDK/2.06.04/core/source/common/invitationsendcallback.cpp
invitationstrategyabstract.cpp	7	C:/Dev/Tiger/DL_Default/TigerCode/packages/OSDK/2.06.04/core/source/common/invitationstrategyabstract.cpp
invitationstrategyabstract.h	1	C:/Dev/Tiger/DL_Default/TigerCode/packages/OSDK/2.06.04/core/source/common/./invitationstrategyabstract.h
iosfwd	4	C:/dev/Tiger/DL_Default/TigerCode/packages/PlayStation3GCC/110.006/installed/target/ppu/include/iosfwd
irenderer.h	2	../../../../packages/rwmovie/1.04.01/include/rwmovie/irenderer.h
ischannelmapsupported.cpp	1	C:/packages/rwaudiocore/2.08.01/source/cmn/ischannelmapsupported.cpp
job.cpp	21	C:/packages/job_manager/1.11.00/source/common/job.cpp
job.h	4	C:/packages/job_manager/1.11.00/include/job_manager/job.h
job_header.cpp	2	C:/packages/job_manager/1.11.00/source/common/detail/job_header.cpp
job_header.h	9	C:/packages/job_manager/1.11.00/include/job_manager/detail/job_header.h
job_scheduler.cpp	5	C:/packages/job_manager/1.11.00/source/common/job_scheduler.cpp
job_scheduler.h	1	../../../../../TIGERCODE/packages/job_manager/1.11.00/include/job_manager/job_scheduler.h
job_scheduler.h.2	2	C:/packages/job_manager/1.11.00/include/job_manager/job_scheduler.h
job_scheduler_config.cpp	7	C:/packages/job_manager/1.11.00/source/common/job_scheduler_config.cpp
job_scheduler_internal.cpp	13	C:/packages/job_manager/1.11.00/source/common/detail/job_scheduler_internal.cpp
job_scheduler_internal.h	4	C:/packages/job_manager/1.11.00/include/job_manager/detail/job_scheduler_internal.h
job_scheduler_platform.cpp	17	C:/packages/job_manager/1.11.00/source/ps3/ppu/job_scheduler_platform.cpp
job_thread.cpp	5	C:/packages/job_manager/1.11.00/source/ps3/ppu/job_thread.cpp
job_thread.h	4	C:/packages/job_manager/1.11.00/include/job_manager/detail/job_thread.h
kickstart.cpp	8	c:/dev/Tiger/DL_Default/TigerCode/Code/golf/online/osdk/kickstart.cpp
kickstartcallback.h	1	../../../../../TIGERCODE/packages/osdk/2.06.04/extensions/kickstart/include/common/osdk/kickstart/kickstartcallback.h
kickstartextension.h	1	C:/Dev/Tiger/DL_Default/TigerCode/packages/OSDK/2.06.04/extensions/kickstart/include/common/osdk/kickstart/kickstartextension.h
kickstartextensionconcrete.cpp	41	C:/Dev/Tiger/DL_Default/TigerCode/packages/OSDK/2.06.04/extensions/kickstart/source/common/kickstartextensionconcrete.cpp
kickstartextensionconcrete.h	11	C:/Dev/Tiger/DL_Default/TigerCode/packages/OSDK/2.06.04/extensions/kickstart/source/common/./kickstartextensionconcrete.h
kickstartfacade.h	1	C:/Dev/Tiger/DL_Default/TigerCode/packages/OSDK/2.06.04/extensions/kickstart/include/common/osdk/kickstart/kickstartfacade.h
kickstartfacadeconcrete.cpp	5	C:/Dev/Tiger/DL_Default/TigerCode/packages/OSDK/2.06.04/extensions/kickstart/source/common/kickstartfacadeconcrete.cpp
kickstartfacadeconcrete.h	3	C:/Dev/Tiger/DL_Default/TigerCode/packages/OSDK/2.06.04/extensions/kickstart/source/common/./kickstartfacadeconcrete.h
kickstartoperation.cpp	2	C:/Dev/Tiger/DL_Default/TigerCode/packages/OSDK/2.06.04/extensions/kickstart/source/common/kickstartoperation.cpp
kickstartoperationconcrete.cpp	4	C:/Dev/Tiger/DL_Default/TigerCode/packages/OSDK/2.06.04/extensions/kickstart/source/common/kickstartoperationconcrete.cpp
kickstartoperationconcrete.h	1	C:/Dev/Tiger/DL_Default/TigerCode/packages/OSDK/2.06.04/extensions/kickstart/source/common/./kickstartoperationconcrete.h
lapi.c	70	c:/dev/Tiger/DL_Default/TigerCode/packages/lua-5.0.2/src/lapi.c
lauxlib.c	43	c:/dev/Tiger/DL_Default/TigerCode/packages/lua-5.0.2/src/lib/lauxlib.c
lbaselib.c	41	c:/dev/Tiger/DL_Default/TigerCode/packages/lua-5.0.2/src/lib/lbaselib.c
lbmpeg.cpp	15	C:/packages/rwaudiocore/2.08.01/source/9/extern/coda/cmn/lbmpeg.cpp
lbmpeg_layer3.cpp	16	C:/packages/rwaudiocore/2.08.01/source/9/extern/coda/cmn/lbmpeg_layer3.cpp
lbmpegpoly_c.cpp	2	C:/packages/rwaudiocore/2.08.01/source/9/extern/coda/cmn/lbmpegpoly_c.cpp
lcode.c	48	c:/dev/Tiger/DL_Default/TigerCode/packages/lua-5.0.2/src/lcode.c
ldblib.c	16	c:/dev/Tiger/DL_Default/TigerCode/packages/lua-5.0.2/src/lib/ldblib.c
ldebug.c	32	c:/dev/Tiger/DL_Default/TigerCode/packages/lua-5.0.2/src/ldebug.c
ldo.c	23	c:/dev/Tiger/DL_Default/TigerCode/packages/lua-5.0.2/src/ldo.c
ldump.c	14	c:/dev/Tiger/DL_Default/TigerCode/packages/lua-5.0.2/src/ldump.c
leaderboard.cpp	2	C:/Dev/Tiger/DL_Default/TigerCode/packages/OSDK/2.06.04/core/source/common/leaderboard.cpp
leaderboard_impl.cpp	26	c:/dev/Tiger/DL_Default/TigerCode/Code/golf/online/osdk/leaderboard_impl.cpp
leaderboardcallback.cpp	2	C:/Dev/Tiger/DL_Default/TigerCode/packages/OSDK/2.06.04/core/source/common/leaderboardcallback.cpp
leaderboardcategory.cpp	2	C:/Dev/Tiger/DL_Default/TigerCode/packages/OSDK/2.06.04/core/source/common/leaderboardcategory.cpp
leaderboardcategoryconcrete.cpp	3	C:/Dev/Tiger/DL_Default/TigerCode/packages/OSDK/2.06.04/core/source/common/leaderboardcategoryconcrete.cpp
leaderboardcategoryconcrete.h	1	C:/Dev/Tiger/DL_Default/TigerCode/packages/OSDK/2.06.04/core/source/common/././leaderboardcategoryconcrete.h
leaderboardconcrete.cpp	17	C:/Dev/Tiger/DL_Default/TigerCode/packages/OSDK/2.06.04/core/source/common/leaderboardconcrete.cpp
leaderboardindex.cpp	2	C:/Dev/Tiger/DL_Default/TigerCode/packages/OSDK/2.06.04/core/source/common/leaderboardindex.cpp
leaderboardindexconcrete.cpp	3	C:/Dev/Tiger/DL_Default/TigerCode/packages/OSDK/2.06.04/core/source/common/leaderboardindexconcrete.cpp
leaderboardindexconcrete.h	1	C:/Dev/Tiger/DL_Default/TigerCode/packages/OSDK/2.06.04/core/source/common/./leaderboardindexconcrete.h
lfunc.c	8	c:/dev/Tiger/DL_Default/TigerCode/packages/lua-5.0.2/src/lfunc.c
lgc.c	24	c:/dev/Tiger/DL_Default/TigerCode/packages/lua-5.0.2/src/lgc.c
linklist.h	17	C:/packages/rwaudiocore/2.08.01/include/rw/audio/core/private/linklist.h
list.h	30	../../../../../TIGERCODE/packages/osdk/2.06.04/core/include/common/osdk/list.h
list.h.3	13	C:/Dev/Tiger/DL_Default/TigerCode/packages/OSDK/2.06.04/core/include/common/osdk/list.h
listarray.cpp	11	C:/Dev/Tiger/DL_Default/TigerCode/packages/OSDK/2.06.04/core/source/common/listarray.cpp
listarray.h	1	../../../../../TIGERCODE/packages/osdk/2.06.04/core/include/common/osdk/listarray.h
listarray.h.2	3	C:/Dev/Tiger/DL_Default/TigerCode/packages/OSDK/2.06.04/core/include/common/osdk/listarray.h
listarraybase.cpp	13	C:/Dev/Tiger/DL_Default/TigerCode/packages/OSDK/2.06.04/core/source/common/listarraybase.cpp
listsorted.h	6	C:/Dev/Tiger/DL_Default/TigerCode/packages/OSDK/2.06.04/core/include/common/osdk/listsorted.h
llFileCache.c	5	c:/dev/Tiger/DL_Default/TigerCode/Code/legacy/ll/llFileCache.c
lldyntex.h	3	../../../../../TIGERCODE/Code/Legacy/LL/Headers/lldyntex.h
llex.c	14	c:/dev/Tiger/DL_Default/TigerCode/packages/lua-5.0.2/src/llex.c
llinput_rw.c	27	c:/dev/Tiger/DL_Default/TigerCode/Code/legacy/ll/llinput_rw.c
llmathps3.h	24	../ears_rt_math/dev/include/ears_rt_math/ps3/llmathps3.h
lmathlib.c	25	c:/dev/Tiger/DL_Default/TigerCode/packages/lua-5.0.2/src/lib/lmathlib.c
lmem.c	2	c:/dev/Tiger/DL_Default/TigerCode/packages/lua-5.0.2/src/lmem.c
lobby.cpp	2	C:/Dev/Tiger/DL_Default/TigerCode/packages/OSDK/2.06.04/core/source/common/lobby.cpp
lobby.h.2	2	C:/Dev/Tiger/DL_Default/TigerCode/packages/OSDK/2.06.04/core/include/common/osdk/lobby.h
lobbycancelmatchupgamecallback.cpp	2	C:/Dev/Tiger/DL_Default/TigerCode/packages/OSDK/2.06.04/core/source/common/lobbycancelmatchupgamecallback.cpp
lobbycategory.cpp	2	C:/Dev/Tiger/DL_Default/TigerCode/packages/OSDK/2.06.04/core/source/common/lobbycategory.cpp
lobbycategoryconcrete.cpp	10	C:/Dev/Tiger/DL_Default/TigerCode/packages/OSDK/2.06.04/core/source/common/lobbycategoryconcrete.cpp
lobbycategoryobserver.cpp	2	C:/Dev/Tiger/DL_Default/TigerCode/packages/OSDK/2.06.04/core/source/common/lobbycategoryobserver.cpp
lobbyconcrete.cpp	171	C:/Dev/Tiger/DL_Default/TigerCode/packages/OSDK/2.06.04/core/source/common/lobbyconcrete.cpp
lobbyconcrete.h	9	C:/Dev/Tiger/DL_Default/TigerCode/packages/OSDK/2.06.04/core/source/common/./lobbyconcrete.h
lobbycreategamecallback.cpp	2	C:/Dev/Tiger/DL_Default/TigerCode/packages/OSDK/2.06.04/core/source/common/lobbycreategamecallback.cpp
lobbycreateroomcallback.cpp	2	C:/Dev/Tiger/DL_Default/TigerCode/packages/OSDK/2.06.04/core/source/common/lobbycreateroomcallback.cpp
lobbycustomariescommandcallback.cpp	2	C:/Dev/Tiger/DL_Default/TigerCode/packages/OSDK/2.06.04/core/source/common/lobbycustomariescommandcallback.cpp
lobbydestroygamecallback.cpp	2	C:/Dev/Tiger/DL_Default/TigerCode/packages/OSDK/2.06.04/core/source/common/lobbydestroygamecallback.cpp
lobbydispatchobserver.h	1	C:/Dev/Tiger/DL_Default/TigerCode/packages/OSDK/2.06.04/core/source/common/././lobbydispatchobserver.h
lobbygetonlinestatecallback.h	1	C:/Dev/Tiger/DL_Default/TigerCode/packages/OSDK/2.06.04/core/source/common/././lobbygetonlinestatecallback.h
lobbygetusercallback.h	1	C:/Dev/Tiger/DL_Default/TigerCode/packages/OSDK/2.06.04/core/source/common/././lobbygetusercallback.h
lobbymatchupgamecallback.cpp	2	C:/Dev/Tiger/DL_Default/TigerCode/packages/OSDK/2.06.04/core/source/common/lobbymatchupgamecallback.cpp
lobbyobserver.cpp	2	C:/Dev/Tiger/DL_Default/TigerCode/packages/OSDK/2.06.04/core/source/common/lobbyobserver.cpp
lobbyroom.cpp	2	C:/Dev/Tiger/DL_Default/TigerCode/packages/OSDK/2.06.04/core/source/common/lobbyroom.cpp
lobbyroomconcrete.cpp	28	C:/Dev/Tiger/DL_Default/TigerCode/packages/OSDK/2.06.04/core/source/common/lobbyroomconcrete.cpp
lobbyroomjoincallback.cpp	2	C:/Dev/Tiger/DL_Default/TigerCode/packages/OSDK/2.06.04/core/source/common/lobbyroomjoincallback.cpp
lobbyroomleavecallback.cpp	2	C:/Dev/Tiger/DL_Default/TigerCode/packages/OSDK/2.06.04/core/source/common/lobbyroomleavecallback.cpp
lobbyroomobserver.cpp	2	C:/Dev/Tiger/DL_Default/TigerCode/packages/OSDK/2.06.04/core/source/common/lobbyroomobserver.cpp
lobbyroomsendmessagecallback.cpp	2	C:/Dev/Tiger/DL_Default/TigerCode/packages/OSDK/2.06.04/core/source/common/lobbyroomsendmessagecallback.cpp
lobbyroomsorter.cpp	2	C:/Dev/Tiger/DL_Default/TigerCode/packages/OSDK/2.06.04/core/source/common/lobbyroomsorter.cpp
lobbysearchgamescallback.cpp	2	C:/Dev/Tiger/DL_Default/TigerCode/packages/OSDK/2.06.04/core/source/common/lobbysearchgamescallback.cpp
lobbysettingstorage.cpp	14	C:/Dev/Tiger/DL_Default/TigerCode/packages/OSDK/2.06.04/core/source/common/lobbysettingstorage.cpp
lobbysetupconcrete.cpp	8	C:/Dev/Tiger/DL_Default/TigerCode/packages/OSDK/2.06.04/core/source/common/lobbysetupconcrete.cpp
lobbysetupconcrete.h	1	C:/Dev/Tiger/DL_Default/TigerCode/packages/OSDK/2.06.04/core/source/common/./lobbysetupconcrete.h
lobbysetupobserver.h	1	C:/Dev/Tiger/DL_Default/TigerCode/packages/OSDK/2.06.04/core/source/common/././lobbysetupobserver.h
lobbysetupstrategy.h	2	C:/Dev/Tiger/DL_Default/TigerCode/packages/OSDK/2.06.04/core/source/common/././lobbysetupstrategy.h
lobject.c	8	c:/dev/Tiger/DL_Default/TigerCode/packages/lua-5.0.2/src/lobject.c
localization.c	65	c:/dev/Tiger/DL_Default/TigerCode/Code/Golf/Localization/localization.c
lockerbuffer.cpp	6	C:/Dev/Tiger/DL_Default/TigerCode/packages/OSDK/2.06.04/extensions/locker/source/common/lockerbuffer.cpp
lockerbufferconcrete.cpp	7	C:/Dev/Tiger/DL_Default/TigerCode/packages/OSDK/2.06.04/extensions/locker/source/common/lockerbufferconcrete.cpp
lockerbufferconcrete.h	12	C:/Dev/Tiger/DL_Default/TigerCode/packages/OSDK/2.06.04/extensions/locker/source/common/./lockerbufferconcrete.h
lockerchangecallback.h	1	../../../../../TIGERCODE/packages/osdk/2.06.04/extensions/locker/include/common/osdk/locker/lockerchangecallback.h
lockerextension.h	1	C:/Dev/Tiger/DL_Default/TigerCode/packages/OSDK/2.06.04/extensions/locker/include/common/osdk/locker/lockerextension.h
lockerextensionconcrete.cpp	28	C:/Dev/Tiger/DL_Default/TigerCode/packages/OSDK/2.06.04/extensions/locker/source/common/lockerextensionconcrete.cpp
lockerextensionconcrete.h	2	C:/Dev/Tiger/DL_Default/TigerCode/packages/OSDK/2.06.04/extensions/locker/source/common/./././lockerextensionconcrete.h
lockerfacade.h	1	C:/Dev/Tiger/DL_Default/TigerCode/packages/OSDK/2.06.04/extensions/locker/include/common/osdk/locker/lockerfacade.h
lockerfacadeconcrete.cpp	7	C:/Dev/Tiger/DL_Default/TigerCode/packages/OSDK/2.06.04/extensions/locker/source/common/lockerfacadeconcrete.cpp
lockerfacadeconcrete.h	3	C:/Dev/Tiger/DL_Default/TigerCode/packages/OSDK/2.06.04/extensions/locker/source/common/././lockerfacadeconcrete.h
lockerfile.h	1	C:/Dev/Tiger/DL_Default/TigerCode/packages/OSDK/2.06.04/extensions/locker/include/common/osdk/locker/lockerfile.h
lockerfileconcrete.cpp	22	C:/Dev/Tiger/DL_Default/TigerCode/packages/OSDK/2.06.04/extensions/locker/source/common/lockerfileconcrete.cpp
lockerfileoperationabstract.h	6	C:/Dev/Tiger/DL_Default/TigerCode/packages/OSDK/2.06.04/extensions/locker/source/common/./lockerfileoperationabstract.h
lockerfileoperationcallback.h	1	../../../../../TIGERCODE/packages/osdk/2.06.04/extensions/locker/include/common/osdk/locker/lockerfileoperationcallback.h
lockergamefacade.h	2	../../../../../TIGERCODE/packages/osdk/2.06.04/extensions/locker/include/common/osdk/locker/gamefacade/lockergamefacade.h
lockergamefacade.h.2	1	C:/Dev/Tiger/DL_Default/TigerCode/packages/OSDK/2.06.04/extensions/locker/include/common/osdk/locker/gamefacade/lockergamefacade.h
lockeroperationabstract.cpp	11	C:/Dev/Tiger/DL_Default/TigerCode/packages/OSDK/2.06.04/extensions/locker/source/common/lockeroperationabstract.cpp
lockeroperationabstract.h	2	C:/Dev/Tiger/DL_Default/TigerCode/packages/OSDK/2.06.04/extensions/locker/source/common/./lockeroperationabstract.h
lockerparameters.h	2	../../../../../TIGERCODE/packages/osdk/2.06.04/extensions/locker/include/common/osdk/locker/gamefacade/lockerparameters.h
lockerparametersconcrete.cpp	3	c:/dev/Tiger/DL_Default/TigerCode/Code/golf/online/osdk/lockerparametersconcrete.cpp
lockerparametersconcrete.h	2	../../../../../TIGERCODE/Code/Golf/Online/OSDK/lockerparametersconcrete.h
lockerstrategy.h	1	../../../../../TIGERCODE/packages/osdk/2.06.04/extensions/locker/include/common/osdk/locker/gamefacade/lockerstrategy.h
lockerstrategyconcrete.cpp	3	c:/dev/Tiger/DL_Default/TigerCode/Code/golf/online/osdk/lockerstrategyconcrete.cpp
lockerversiononefile.cpp	15	C:/Dev/Tiger/DL_Default/TigerCode/packages/OSDK/2.06.04/extensions/locker/source/common/lockerversiononefile.cpp
lockerversiontwofile.cpp	16	C:/Dev/Tiger/DL_Default/TigerCode/packages/OSDK/2.06.04/extensions/locker/source/common/lockerversiontwofile.cpp
logger.cpp	2	C:/Dev/Tiger/DL_Default/TigerCode/packages/OSDK/2.06.04/core/source/common/logger.cpp
loggerconcrete.cpp	22	C:/Dev/Tiger/DL_Default/TigerCode/packages/OSDK/2.06.04/core/source/common/loggerconcrete.cpp
loggerconcrete.h	1	C:/Dev/Tiger/DL_Default/TigerCode/packages/OSDK/2.06.04/core/source/common/./loggerconcrete.h
loginoperation.cpp	2	C:/Dev/Tiger/DL_Default/TigerCode/packages/OSDK/2.06.04/core/source/common/loginoperation.cpp
loginoperationconcrete.cpp	10	C:/Dev/Tiger/DL_Default/TigerCode/packages/OSDK/2.06.04/core/source/common/loginoperationconcrete.cpp
loginoperationconcrete.h	1	C:/Dev/Tiger/DL_Default/TigerCode/packages/OSDK/2.06.04/core/source/common/./loginoperationconcrete.h
loginslot.cpp	2	C:/Dev/Tiger/DL_Default/TigerCode/packages/OSDK/2.06.04/core/source/common/loginslot.cpp
loginslotabstract.cpp	6	C:/Dev/Tiger/DL_Default/TigerCode/packages/OSDK/2.06.04/core/source/common/loginslotabstract.cpp
loginslotabstract.h	1	C:/Dev/Tiger/DL_Default/TigerCode/packages/OSDK/2.06.04/core/source/common/./loginslotabstract.h
loginslotconcrete.cpp	13	C:/Dev/Tiger/DL_Default/TigerCode/packages/OSDK/2.06.04/core/source/ps3/loginslotconcrete.cpp
loginslotconcrete.h	1	C:/Dev/Tiger/DL_Default/TigerCode/packages/OSDK/2.06.04/core/source/ps3/./loginslotconcrete.h
loginslotobserver.cpp	2	C:/Dev/Tiger/DL_Default/TigerCode/packages/OSDK/2.06.04/core/source/common/loginslotobserver.cpp
loginstage.cpp	2	C:/Dev/Tiger/DL_Default/TigerCode/packages/OSDK/2.06.04/core/source/common/loginstage.cpp
loginstageabstract.cpp	5	C:/Dev/Tiger/DL_Default/TigerCode/packages/OSDK/2.06.04/core/source/common/loginstageabstract.cpp
loginstageobserver.cpp	2	C:/Dev/Tiger/DL_Default/TigerCode/packages/OSDK/2.06.04/core/source/common/loginstageobserver.cpp
loginstrategy.cpp	30	C:/Dev/Tiger/DL_Default/TigerCode/packages/OSDK/2.06.04/core/source/common/loginstrategy.cpp
loginstrategy.h	2	C:/Dev/Tiger/DL_Default/TigerCode/packages/OSDK/2.06.04/core/source/common/./loginstrategy.h
logintomasterserver.cpp	2	C:/Dev/Tiger/DL_Default/TigerCode/packages/OSDK/2.06.04/core/source/common/logintomasterserver.cpp
logintomasterserver.h	1	C:/Dev/Tiger/DL_Default/TigerCode/packages/OSDK/2.06.04/core/source/common/./././logintomasterserver.h
logintomasterserverabstract.cpp	27	C:/Dev/Tiger/DL_Default/TigerCode/packages/OSDK/2.06.04/core/source/common/logintomasterserverabstract.cpp
logintomasterserverabstract.h	1	C:/Dev/Tiger/DL_Default/TigerCode/packages/OSDK/2.06.04/core/source/common/././logintomasterserverabstract.h
logintomasterserverconcrete.cpp	3	C:/Dev/Tiger/DL_Default/TigerCode/packages/OSDK/2.06.04/core/source/ps3/logintomasterserverconcrete.cpp
logintomasterserverobserver.cpp	2	C:/Dev/Tiger/DL_Default/TigerCode/packages/OSDK/2.06.04/core/source/common/logintomasterserverobserver.cpp
lowpassiir2.cpp	3	C:/packages/rwaudiocore/2.08.01/source/plugins/lowpassiir2.cpp
lowpassiir2.h	1	C:/packages/rwaudiocore/2.08.01/include/rw/audio/core/plugins/lowpassiir2.h
lparser.c	70	c:/dev/Tiger/DL_Default/TigerCode/packages/lua-5.0.2/src/lparser.c
lstate.c	13	c:/dev/Tiger/DL_Default/TigerCode/packages/lua-5.0.2/src/lstate.c
lstring.c	5	c:/dev/Tiger/DL_Default/TigerCode/packages/lua-5.0.2/src/lstring.c
lstrlib.c	35	c:/dev/Tiger/DL_Default/TigerCode/packages/lua-5.0.2/src/lib/lstrlib.c
ltable.c	20	c:/dev/Tiger/DL_Default/TigerCode/packages/lua-5.0.2/src/ltable.c
ltablib.c	12	c:/dev/Tiger/DL_Default/TigerCode/packages/lua-5.0.2/src/lib/ltablib.c
ltm.c	3	c:/dev/Tiger/DL_Default/TigerCode/packages/lua-5.0.2/src/ltm.c
lundump.c	21	c:/dev/Tiger/DL_Default/TigerCode/packages/lua-5.0.2/src/lundump.c
lvm.c	19	c:/dev/Tiger/DL_Default/TigerCode/packages/lua-5.0.2/src/lvm.c
lzio.c	5	c:/dev/Tiger/DL_Default/TigerCode/packages/lua-5.0.2/src/lzio.c
manager.h	1	../../../../../TIGERCODE/RW45/platform/include/native/ps3-ppu-gcc/rw/core/filesys/manager.h
manager.h.2	6	C:/Dev/Tiger/DL_Default/TigerCode/packages/quick_spu/dev-football/include/quick_spu/manager.h
managerplat.cpp	72	C:/Dev/Tiger/DL_Default/TigerCode/packages/quick_spu/dev-football/source/quick_spu/ppu/managerplat.cpp
managerplat.h	3	C:/Dev/Tiger/DL_Default/TigerCode/packages/quick_spu/dev-football/include/quick_spu/ppu/managerplat.h
marketplace.cpp	2	C:/Dev/Tiger/DL_Default/TigerCode/packages/OSDK/2.06.04/core/source/common/marketplace.cpp
marketplaceconcrete.cpp	9	C:/Dev/Tiger/DL_Default/TigerCode/packages/OSDK/2.06.04/core/source/ps3/marketplaceconcrete.cpp
marketplaceconcrete.h	1	C:/Dev/Tiger/DL_Default/TigerCode/packages/OSDK/2.06.04/core/source/ps3/./marketplaceconcrete.h
math.h	15	C:/dev/Tiger/DL_Default/TigerCode/packages/PlayStation3GCC/110.006/installed/target/ppu/include/math.h
math.h.2	4	C:/Dev/Tiger/DL_Default/TigerCode/packages/PlayStation3GCC/110.006/installed/target/ppu/include/math.h
math.h.3	3	c:/dev/tiger/dl_default/tigercode/packages/playstation3gcc/110.006/installed/target/ppu/include/math.h
math.h.4	2	C:/packages/PlayStation3GCC/096.002/Installed/target/ppu/include/math.h
mathquat.h.3	3	../ears_rt_math/dev/include/ears_rt_math/mathquat.h
matrix33.h	1	../../../../../TIGERCODE/RW45/platform/include/native/ps3-ppu-gcc/rw/math/vpu/matrix33.h
matrix33_operation_inline.h	1	../../../../../TIGERCODE/RW45/platform/include/native/ps3-ppu-gcc/rw/math/vpu/detail/matrix33_operation_inline.h
matrix33_operation_inline.h.2	1	C:/Dev/Tiger/DL_Default/TigerCode/RW45/platform/include/native/ps3-ppu-gcc/rw/math/vpu/detail/matrix33_operation_inline.h
matrix33_type_inline.h	7	../../../../../TIGERCODE/RW45/platform/include/native/ps3-ppu-gcc/rw/math/vpu/detail/matrix33_type_inline.h
matrix33_type_inline.h.2	1	C:/Dev/Tiger/DL_Default/TigerCode/RW45/platform/include/native/ps3-ppu-gcc/rw/math/vpu/detail/matrix33_type_inline.h
matrix44_operation_inline.h	8	../../../../../TIGERCODE/RW45/platform/include/native/ps3-ppu-gcc/rw/math/vpu/detail/matrix44_operation_inline.h
matrix44_operation_inline.h.2	10	C:/Dev/Tiger/DL_Default/TigerCode/RW45/platform/include/native/ps3-ppu-gcc/rw/math/vpu/detail/matrix44_operation_inline.h
matrix44_operation_platform_inline.h	4	../../../../../TIGERCODE/RW45/platform/include/native/ps3-ppu-gcc/rw/math/vpu/detail/matrix44_operation_platform_inline.h
matrix44_operation_platform_inline.h.2	6	C:/Dev/Tiger/DL_Default/TigerCode/RW45/platform/include/native/ps3-ppu-gcc/rw/math/vpu/detail/matrix44_operation_platform_inline.h
matrix44_type_inline.h	17	../../../../../TIGERCODE/RW45/platform/include/native/ps3-ppu-gcc/rw/math/vpu/detail/matrix44_type_inline.h
matrix44_type_inline.h.2	15	C:/Dev/Tiger/DL_Default/TigerCode/RW45/platform/include/native/ps3-ppu-gcc/rw/math/vpu/detail/matrix44_type_inline.h
matrixpanner.cpp	3	C:/packages/rwaudiocore/2.08.01/source/plugins/matrixpanner.cpp
matrixpanner.h	1	C:/packages/rwaudiocore/2.08.01/include/rw/audio/core/plugins/matrixpanner.h
mediaplayer.cpp	2	C:/Dev/Tiger/DL_Default/TigerCode/packages/OSDK/2.06.04/core/source/common/mediaplayer.cpp
mediaplayer.h	2	C:/Dev/Tiger/DL_Default/TigerCode/packages/OSDK/2.06.04/core/include/common/osdk/mediaplayer.h
mem_tracker.cpp	1	c:/dev/Tiger/DL_Default/TigerCode/Code/Golf/network/mem_tracker.cpp
memory	14	C:/dev/Tiger/DL_Default/TigerCode/packages/PlayStation3GCC/110.006/installed/target/ppu/include/memory
memory.h	5	C:/dev/Tiger/DL_Default/TigerCode/packages/PlayStation3GCC/110.006/installed/target/ppu/include/sys/memory.h
memory.h.2	2	C:/Dev/Tiger/DL_Default/TigerCode/packages/PlayStation3GCC/110.006/installed/target/ppu/include/sys/memory.h
memorypool.cpp	6	C:/Dev/Tiger/DL_Default/TigerCode/packages/OSDK/2.06.04/core/source/common/memorypool.cpp
memorystrategy.h	3	../../../../../TIGERCODE/packages/osdk/2.06.04/core/include/common/osdk/gamefacade/memorystrategy.h
memorystrategy.h.2	3	C:/Dev/Tiger/DL_Default/TigerCode/packages/OSDK/2.06.04/core/include/common/osdk/gamefacade/memorystrategy.h
memorystrategyconcrete.cpp	8	c:/dev/Tiger/DL_Default/TigerCode/Code/golf/online/osdk/memorystrategyconcrete.cpp
message.cpp	2	C:/Dev/Tiger/DL_Default/TigerCode/packages/OSDK/2.06.04/core/source/common/message.cpp
messagechatconcrete.cpp	6	C:/Dev/Tiger/DL_Default/TigerCode/packages/OSDK/2.06.04/core/source/common/messagechatconcrete.cpp
messagechatconcrete.h	4	C:/Dev/Tiger/DL_Default/TigerCode/packages/OSDK/2.06.04/core/source/common/./messagechatconcrete.h
messageprivatesendcallback.cpp	2	C:/Dev/Tiger/DL_Default/TigerCode/packages/OSDK/2.06.04/core/source/common/messageprivatesendcallback.cpp
messenger.cpp	2	C:/Dev/Tiger/DL_Default/TigerCode/packages/OSDK/2.06.04/core/source/common/messenger.cpp
messengerconcrete.cpp	5	C:/Dev/Tiger/DL_Default/TigerCode/packages/OSDK/2.06.04/core/source/common/messengerconcrete.cpp
messengerconcrete.h	1	C:/Dev/Tiger/DL_Default/TigerCode/packages/OSDK/2.06.04/core/source/common/./messengerconcrete.h
mixwithgain.cpp	3	C:/packages/rwaudiocore/2.08.01/source/cmn/mixwithgain.cpp
moviedecoder.cpp	18	C:/packages/rwmovie/1.04.01/source/movielib/moviedecoder/cmn/moviedecoder.cpp
moviedecoder.h	2	C:/packages/rwmovie/1.04.01/include/rwmovie/supplemental/moviedecoder.h
movieplayer.cpp	45	C:/packages/rwmovie/1.04.01/source/movielib/movieplayer/cmn/movieplayer.cpp
movieplayer.h	1	../../../../packages/rwmovie/1.04.01/include/rwmovie/movieplayer.h
movieplayer.h.2	2	C:/packages/rwmovie/1.04.01/include/rwmovie/movieplayer.h
movierenderer.cpp	25	C:/packages/rwmovie/1.04.01/source/movielib/movierenderer/cmn/movierenderer.cpp
movierenderer.h	2	C:/packages/rwmovie/1.04.01/include/rwmovie/supplemental/movierenderer.h
movietimer.cpp	10	C:/packages/rwmovie/1.04.01/source/movielib/movieplayer/cmn/movietimer.cpp
movietimer.h	2	C:/packages/rwmovie/1.04.01/source/movielib/movieplayer/cmn/movietimer.h
mpeg.cpp	6	C:/packages/rwaudiocore/2.08.01/source/decoders/ealayer31/mpeg.cpp
mpegl3base.cpp	17	C:/packages/rwaudiocore/2.08.01/source/9/extern/coda/cmn/mpegl3base.cpp
mpegl3base.cpp.2	4	C:/packages/rwaudiocore/2.08.01/source/decoders/ealayer31/mpegl3base.cpp
mpegl3decf.cpp	5	C:/packages/rwaudiocore/2.08.01/source/9/extern/coda/cmn/mpegl3decf.cpp
mtdecf.cpp	15	C:/packages/rwaudiocore/2.08.01/source/9/extern/coda/cmn/mtdecf.cpp
multiplytinter.cpp	3	c:/dev/Tiger/DL_Default/TigerCode/Code/golf/TextureFX/multiplytinter.cpp
netradioextension.h	1	C:/Dev/Tiger/DL_Default/TigerCode/packages/OSDK/2.06.04/extensions/netradio/include/common/osdk/netradio/netradioextension.h
netradioextensionconcrete.cpp	12	C:/Dev/Tiger/DL_Default/TigerCode/packages/OSDK/2.06.04/extensions/netradio/source/common/netradioextensionconcrete.cpp
netradioextensionconcrete.h	2	C:/Dev/Tiger/DL_Default/TigerCode/packages/OSDK/2.06.04/extensions/netradio/source/common/./netradioextensionconcrete.h
netradiofacade.h	1	C:/Dev/Tiger/DL_Default/TigerCode/packages/OSDK/2.06.04/extensions/netradio/include/common/osdk/netradio/netradiofacade.h
netradiofacadeconcrete.cpp	7	C:/Dev/Tiger/DL_Default/TigerCode/packages/OSDK/2.06.04/extensions/netradio/source/common/netradiofacadeconcrete.cpp
netradiofacadeconcrete.h	5	C:/Dev/Tiger/DL_Default/TigerCode/packages/OSDK/2.06.04/extensions/netradio/source/common/./netradiofacadeconcrete.h
netradiogamefacade.h	1	../../../../../TIGERCODE/packages/osdk/2.06.04/extensions/netradio/include/common/osdk/netradio/gamefacade/netradiogamefacade.h
netradiogamefacade.h.2	1	C:/Dev/Tiger/DL_Default/TigerCode/packages/OSDK/2.06.04/extensions/netradio/include/common/osdk/netradio/gamefacade/netradiogamefacade.h
netradiostrategy.h	2	../../../../../TIGERCODE/packages/osdk/2.06.04/extensions/netradio/include/common/osdk/netradio/gamefacade/netradiostrategy.h
netradiostrategyconcrete.cpp	12	c:/dev/Tiger/DL_Default/TigerCode/Code/golf/online/osdk/netradiostrategyconcrete.cpp
networkactivityobserver.cpp	2	C:/Dev/Tiger/DL_Default/TigerCode/packages/OSDK/2.06.04/core/source/common/networkactivityobserver.cpp
networkoperationstrategy.cpp	2	C:/Dev/Tiger/DL_Default/TigerCode/packages/OSDK/2.06.04/core/source/common/networkoperationstrategy.cpp
new	3	C:/dev/Tiger/DL_Default/TigerCode/packages/PlayStation3GCC/110.006/installed/target/ppu/include/new
new.2	1	C:/Dev/Tiger/DL_Default/TigerCode/packages/PlayStation3GCC/110.006/installed/target/ppu/include/new
new.3	2	C:/packages/PlayStation3GCC/096.002/Installed/target/ppu/include/new
observable.cpp	2	C:/Dev/Tiger/DL_Default/TigerCode/packages/OSDK/2.06.04/core/source/common/observable.cpp
observable.h	2	../../../../../TIGERCODE/packages/osdk/2.06.04/core/include/common/osdk/observable.h
observable.h.2	6	C:/Dev/Tiger/DL_Default/TigerCode/packages/OSDK/2.06.04/core/include/common/osdk/observable.h
operation.cpp	2	C:/Dev/Tiger/DL_Default/TigerCode/packages/OSDK/2.06.04/core/source/common/operation.cpp
operationconcrete.cpp	4	C:/Dev/Tiger/DL_Default/TigerCode/packages/OSDK/2.06.04/core/source/common/operationconcrete.cpp
operationconcrete.h	2	C:/Dev/Tiger/DL_Default/TigerCode/packages/OSDK/2.06.04/core/source/common/././operationconcrete.h
operationmanagerconcrete.cpp	6	C:/Dev/Tiger/DL_Default/TigerCode/packages/OSDK/2.06.04/core/source/common/operationmanagerconcrete.cpp
operationstrategy.h	1	C:/Dev/Tiger/DL_Default/TigerCode/packages/OSDK/2.06.04/core/source/common/././operationstrategy.h
osdkstatechangeobserver.cpp	2	C:/Dev/Tiger/DL_Default/TigerCode/packages/OSDK/2.06.04/core/source/common/osdkstatechangeobserver.cpp
osdkstatemachine.cpp	25	C:/Dev/Tiger/DL_Default/TigerCode/packages/OSDK/2.06.04/core/source/common/osdkstatemachine.cpp
osdkstatemachine.h	1	C:/Dev/Tiger/DL_Default/TigerCode/packages/OSDK/2.06.04/core/source/common/././osdkstatemachine.h
ostypes.h	1	C:/RW45/platform/include/native/ps3-ppu-gcc/rw/core/base/ostypes.h
other_unity.cpp	35	c:/dev/Tiger/DL_Default/TigerCode/Code/other_unity.cpp
pan2d1.cpp	11	C:/packages/rwaudiocore/2.08.01/source/plugins/pan2d1.cpp
pan2d1.h	1	C:/packages/rwaudiocore/2.08.01/include/rw/audio/core/plugins/pan2d1.h
parse.cpp	29	c:/dev/Tiger/DL_Default/TigerCode/Code/golf/Filecom/parse.cpp
particle_emitter.cpp	20	c:/dev/Tiger/DL_Default/TigerCode/Code/ParticleSystem/source/particle_emitter.cpp
particle_emitter.h	2	../../../../../TIGERCODE/code/ParticleSystem/include/particle_emitter.h
particle_eruption.cpp	1	c:/dev/Tiger/DL_Default/TigerCode/Code/ParticleSystem/source/particle_eruption.cpp
particle_manager.cpp	16	c:/dev/Tiger/DL_Default/TigerCode/Code/ParticleSystem/source/particle_manager.cpp
particle_manager.h	1	../../../../../TIGERCODE/code/ParticleSystem/include/particle_manager.h
particle_system.cpp	26	c:/dev/Tiger/DL_Default/TigerCode/Code/ParticleSystem/source/particle_system.cpp
particle_system.h	1	c:/dev/Tiger/DL_Default/TigerCode/Code/ParticleSystem/include/particle_system.h
particle_system_file.cpp	31	c:/dev/Tiger/DL_Default/TigerCode/Code/ParticleSystem/source/particle_system_file.cpp
particle_system_file.h	168	c:/dev/Tiger/DL_Default/TigerCode/Code/ParticleSystem/source/particle_system_file.h
particle_system_fvec.cpp	28	c:/dev/Tiger/DL_Default/TigerCode/Code/ParticleSystem/source/particle_system_fvec.cpp
particle_system_fvec.h	2	c:/dev/Tiger/DL_Default/TigerCode/Code/ParticleSystem/source/particle_system_fvec.h
particle_system_internal.cpp	42	c:/dev/Tiger/DL_Default/TigerCode/Code/ParticleSystem/source/particle_system_internal.cpp
particle_system_macros.h	1	c:/dev/Tiger/DL_Default/TigerCode/Code/ParticleSystem/source/particle_system_macros.h
particle_unity.cpp	1	c:/dev/Tiger/DL_Default/TigerCode/Code/particle_unity.cpp
pbase.h	11	C:/packages/rwaudiocore/2.08.01/include/rw/audio/core/private/pbase.h
peerconnection.cpp	2	C:/Dev/Tiger/DL_Default/TigerCode/packages/OSDK/2.06.04/core/source/common/peerconnection.cpp
peerconnectionconcrete.cpp	12	C:/Dev/Tiger/DL_Default/TigerCode/packages/OSDK/2.06.04/core/source/common/peerconnectionconcrete.cpp
peerconnectionconcrete.h	3	C:/Dev/Tiger/DL_Default/TigerCode/packages/OSDK/2.06.04/core/source/common/./peerconnectionconcrete.h
peerconnectionmanager.cpp	2	C:/Dev/Tiger/DL_Default/TigerCode/packages/OSDK/2.06.04/core/source/common/peerconnectionmanager.cpp
peerconnectionmanagerconcrete.cpp	38	C:/Dev/Tiger/DL_Default/TigerCode/packages/OSDK/2.06.04/core/source/common/peerconnectionmanagerconcrete.cpp
peerconnectionmanagerconcrete.h	4	C:/Dev/Tiger/DL_Default/TigerCode/packages/OSDK/2.06.04/core/source/common/./peerconnectionmanagerconcrete.h
peerconnectionobserver.cpp	2	C:/Dev/Tiger/DL_Default/TigerCode/packages/OSDK/2.06.04/core/source/common/peerconnectionobserver.cpp
peerconnectionstreamed.cpp	2	C:/Dev/Tiger/DL_Default/TigerCode/packages/OSDK/2.06.04/core/source/common/peerconnectionstreamed.cpp
peerconnectionstreamedconcrete.cpp	12	C:/Dev/Tiger/DL_Default/TigerCode/packages/OSDK/2.06.04/core/source/common/peerconnectionstreamedconcrete.cpp
peerconnectionstreamedconcrete.h	1	C:/Dev/Tiger/DL_Default/TigerCode/packages/OSDK/2.06.04/core/source/common/./peerconnectionstreamedconcrete.h
peerconnectionstreamedobserver.h	1	C:/Dev/Tiger/DL_Default/TigerCode/packages/OSDK/2.06.04/core/include/common/osdk/peerconnectionstreamedobserver.h
peerconnectsessionobserver.cpp	2	C:/Dev/Tiger/DL_Default/TigerCode/packages/OSDK/2.06.04/core/source/common/peerconnectsessionobserver.cpp
pfrread.cpp	34	c:/dev/Tiger/DL_Default/TigerCode/Code/AptInterface/AptPackage/AptFF/core/pfrread.cpp
pingcallback.cpp	2	C:/Dev/Tiger/DL_Default/TigerCode/packages/OSDK/2.06.04/core/source/common/pingcallback.cpp
plane_type_inline.h	17	../../../../../TIGERCODE/RW45/platform/include/native/ps3-ppu-gcc/rw/math/vpu/detail/plane_type_inline.h
plane_type_inline.h.2	7	C:/Dev/Tiger/DL_Default/TigerCode/RW45/platform/include/native/ps3-ppu-gcc/rw/math/vpu/detail/plane_type_inline.h
plugin.cpp	6	C:/packages/rwaudiocore/2.08.01/source/cmn/plugin.cpp
plugin.h	24	C:/packages/rwaudiocore/2.08.01/include/rw/audio/core/plugin.h
pluginregistry.cpp	5	C:/packages/rwaudiocore/2.08.01/source/cmn/pluginregistry.cpp
pluginregistry.h	3	C:/packages/rwaudiocore/2.08.01/include/rw/audio/core/pluginregistry.h
pluginregistryruntime.cpp	15	C:/packages/rwaudiocore/2.08.01/source/cmn/pluginregistryruntime.cpp
position.h	8	c:/dev/Tiger/DL_Default/TigerCode/Code/Headgate/SOURCE/Utils/position.h
ppu_intrinsics.h	1	C:/dev/Tiger/DL_Default/TigerCode/packages/PlayStation3GCC/110.006/installed/target/ppu/include/ppu_intrinsics.h
ppu_thread.h	1	c:/dev/tiger/dl_default/tigercode/packages/playstation3gcc/110.006/installed/target/ppu/include/sys/ppu_thread.h
ppu_thread.h.2	1	C:/Dev/Tiger/DL_Default/TigerCode/packages/PlayStation3GCC/110.006/installed/target/ppu/include/sys/ppu_thread.h
ppu_thread.h.3	3	C:/packages/PlayStation3GCC/096.002/Installed/target/ppu/include/sys/ppu_thread.h
processobserver.cpp	2	C:/Dev/Tiger/DL_Default/TigerCode/packages/OSDK/2.06.04/core/source/common/processobserver.cpp
productupdateapplystrategy.cpp	3	C:/Dev/Tiger/DL_Default/TigerCode/packages/OSDK/2.06.04/core/source/common/productupdateapplystrategy.cpp
productupdatecleanupstrategy.cpp	4	C:/Dev/Tiger/DL_Default/TigerCode/packages/OSDK/2.06.04/core/source/common/productupdatecleanupstrategy.cpp
productupdatedeploystrategy.cpp	6	C:/Dev/Tiger/DL_Default/TigerCode/packages/OSDK/2.06.04/core/source/common/productupdatedeploystrategy.cpp
productupdatedownloadcallback.h	1	C:/Dev/Tiger/DL_Default/TigerCode/packages/OSDK/2.06.04/core/source/common/./././productupdatedownloadcallback.h
productupdatedownloadstrategy.cpp	6	C:/Dev/Tiger/DL_Default/TigerCode/packages/OSDK/2.06.04/core/source/common/productupdatedownloadstrategy.cpp
productupdategesystemtinfostrategy.cpp	5	C:/Dev/Tiger/DL_Default/TigerCode/packages/OSDK/2.06.04/core/source/common/productupdategesystemtinfostrategy.cpp
productupdategetserverinfostrategy.cpp	4	C:/Dev/Tiger/DL_Default/TigerCode/packages/OSDK/2.06.04/core/source/common/productupdategetserverinfostrategy.cpp
productupdateinfo.cpp	11	C:/Dev/Tiger/DL_Default/TigerCode/packages/OSDK/2.06.04/core/source/common/productupdateinfo.cpp
productupdateinfo.h	18	C:/Dev/Tiger/DL_Default/TigerCode/packages/OSDK/2.06.04/core/source/common/././productupdateinfo.h
productupdatemanagerconcrete.cpp	4	C:/Dev/Tiger/DL_Default/TigerCode/packages/OSDK/2.06.04/core/source/common/productupdatemanagerconcrete.cpp
productupdatemanagerstrategy.cpp	6	C:/Dev/Tiger/DL_Default/TigerCode/packages/OSDK/2.06.04/core/source/common/productupdatemanagerstrategy.cpp
productupdatemanagerstrategy.h	3	C:/Dev/Tiger/DL_Default/TigerCode/packages/OSDK/2.06.04/core/source/common/./productupdatemanagerstrategy.h
productupdatestage.h	1	C:/Dev/Tiger/DL_Default/TigerCode/packages/OSDK/2.06.04/core/source/common/././././productupdatestage.h
productupdatestagefactory.cpp	1	C:/Dev/Tiger/DL_Default/TigerCode/packages/OSDK/2.06.04/core/source/common/productupdatestagefactory.cpp
profile_bars.cpp	5	c:/dev/Tiger/DL_Default/TigerCode/Code/ProfileBars/profile_bars.cpp
profile_bars.h	1	../../../../../TIGERCODE/Code/ProfileBars/profile_bars.h
profile_bars.h.2	2	c:/dev/Tiger/DL_Default/TigerCode/Code/ProfileBars/profile_bars.h
profiler.cpp	6	C:/packages/rwaudiocore/2.08.01/source/cmn/profiler.cpp
ps3utils.cpp	10	C:/packages/job_manager/1.11.00/source/ps3/ppu/ps3utils.cpp
pure.cc	1	/home/fnami/svn/toolchain/libsupcxx/pure.cc
quaternion_type_inline.h	5	C:/Dev/Tiger/DL_Default/TigerCode/RW45/platform/include/native/ps3-ppu-gcc/rw/math/vpu/detail/quaternion_type_inline.h
query.h.2	5	C:/Dev/Tiger/DL_Default/TigerCode/packages/t3db/2.21.03-RW-EAC/include/common/t3db/query.h
quick_spu_internal.h	37	C:/Dev/Tiger/DL_Default/TigerCode/packages/quick_spu/dev-football/source/quick_spu/ppu/quick_spu_internal.h
raw_spu.h	9	C:/dev/Tiger/DL_Default/TigerCode/packages/PlayStation3GCC/110.006/installed/target/ppu/include/sys/raw_spu.h
rawtexture.cpp	5	c:/dev/Tiger/DL_Default/TigerCode/Code/golf/TextureFX/rawtexture.cpp
rawtexture.h	13	../../../../../TIGERCODE/Code/Golf/TextureFX/Headers/rawtexture.h
rcpointer.h	9	../../../../../TIGERCODE/packages/osdk/2.06.04/core/include/common/osdk/rcpointer.h
rcpointer.h.2	83	C:/Dev/Tiger/DL_Default/TigerCode/packages/OSDK/2.06.04/core/include/common/osdk/rcpointer.h
rechannel.cpp	3	C:/packages/rwaudiocore/2.08.01/source/plugins/rechannel.cpp
rechannel.h	1	C:/packages/rwaudiocore/2.08.01/include/rw/audio/core/plugins/rechannel.h
rechannelgainwrite.cpp	17	C:/packages/rwaudiocore/2.08.01/source/cmn/rechannelgainwrite.cpp
refabout.cpp	1	c:/dev/Tiger/DL_Default/TigerCode/Code/Shared/refpack/refabout.cpp
refdecode.cpp	4	c:/dev/Tiger/DL_Default/TigerCode/Code/Shared/refpack/refdecode.cpp
refencode.cpp	4	c:/dev/Tiger/DL_Default/TigerCode/Code/Shared/refpack/refencode.cpp
registerstandardplugins.cpp	1	C:/packages/rwaudiocore/2.08.01/source/cmn/registerstandardplugins.cpp
registerstandardruntimedecoders.cpp	1	C:/packages/rwaudiocore/2.08.01/source/cmn/registerstandardruntimedecoders.cpp
renderable.h	19	../../../../packages/rwmovie/1.04.01/include/rwmovie/renderable.h
renderable.h.2	14	C:/packages/rwmovie/1.04.01/include/rwmovie/renderable.h
resample.cpp	4	C:/packages/rwaudiocore/2.08.01/source/plugins/resample.cpp
resample.h	1	C:/packages/rwaudiocore/2.08.01/include/rw/audio/core/plugins/resample.h
resetandlaunchcallback.cpp	2	C:/Dev/Tiger/DL_Default/TigerCode/packages/OSDK/2.06.04/core/source/common/resetandlaunchcallback.cpp
resource.cpp	2	C:/Dev/Tiger/DL_Default/TigerCode/packages/OSDK/2.06.04/core/source/common/resource.cpp
resource.h	7	../../../../../TIGERCODE/RW45/platform/include/native/ps3-ppu-gcc/rw/core/resource/resource.h
resource.h.2	2	../../../../rw45/platform/include/native/ps3-ppu-gcc/rw/core/resource/resource.h
resource.h.3	7	C:/Dev/Tiger/DL_Default/TigerCode/RW45/platform/include/native/ps3-ppu-gcc/rw/core/resource/resource.h
resource.h.4	2	C:/RW45/platform/include/native/ps3-ppu-gcc/rw/core/resource/resource.h
resourceallocator.h	7	../../../../../TIGERCODE/RW45/platform/include/native/ps3-ppu-gcc/rw/core/resource/resourceallocator.h
resourceallocator.h.2	2	C:/Dev/Tiger/DL_Default/TigerCode/RW45/platform/include/native/ps3-ppu-gcc/rw/core/resource/resourceallocator.h
resourceallocator.h.3	3	C:/RW45/platform/include/native/ps3-ppu-gcc/rw/core/resource/resourceallocator.h
resourceallocatorregistry.h	1	C:/Dev/Tiger/DL_Default/TigerCode/RW45/platform/include/native/ps3-ppu-gcc/rw/core/resource/resourceallocatorregistry.h
resourcecallback.cpp	2	C:/Dev/Tiger/DL_Default/TigerCode/packages/OSDK/2.06.04/core/source/common/resourcecallback.cpp
resourcemanager.cpp	2	C:/Dev/Tiger/DL_Default/TigerCode/packages/OSDK/2.06.04/core/source/common/resourcemanager.cpp
resourcemanagerconcrete.cpp	39	C:/Dev/Tiger/DL_Default/TigerCode/packages/OSDK/2.06.04/core/source/common/resourcemanagerconcrete.cpp
resourcemanagerconcrete.h	12	C:/Dev/Tiger/DL_Default/TigerCode/packages/OSDK/2.06.04/core/source/common/./resourcemanagerconcrete.h
resourceprotocol.cpp	2	C:/Dev/Tiger/DL_Default/TigerCode/packages/OSDK/2.06.04/core/source/common/resourceprotocol.cpp
resourceprotocolhttp.cpp	13	C:/Dev/Tiger/DL_Default/TigerCode/packages/OSDK/2.06.04/core/source/common/resourceprotocolhttp.cpp
resourceprotocolhttp.h	1	C:/Dev/Tiger/DL_Default/TigerCode/packages/OSDK/2.06.04/core/source/common/./resourceprotocolhttp.h
resourceprotocolserver.cpp	15	C:/Dev/Tiger/DL_Default/TigerCode/packages/OSDK/2.06.04/core/source/common/resourceprotocolserver.cpp
resourceprotocolserver.h	1	C:/Dev/Tiger/DL_Default/TigerCode/packages/OSDK/2.06.04/core/source/common/./resourceprotocolserver.h
resourcestrategy.h	3	../../../../../TIGERCODE/packages/osdk/2.06.04/core/include/common/osdk/gamefacade/resourcestrategy.h
resourcestrategyconcrete.cpp	4	c:/dev/Tiger/DL_Default/TigerCode/Code/golf/online/osdk/resourcestrategyconcrete.cpp
resourcetarget.h	5	../../../../../TIGERCODE/RW45/platform/include/native/ps3-ppu-gcc/rw/core/resource/resourcetarget.h
resourcetarget.h.2	3	../../../../rw45/platform/include/native/ps3-ppu-gcc/rw/core/resource/resourcetarget.h
resourcetarget.h.3	5	C:/Dev/Tiger/DL_Default/TigerCode/RW45/platform/include/native/ps3-ppu-gcc/rw/core/resource/resourcetarget.h
resourcetarget.h.4	1	C:/RW45/platform/include/native/ps3-ppu-gcc/rw/core/resource/resourcetarget.h
rnamaterialmgr.cpp	14	c:/dev/Tiger/DL_Default/TigerCode/Code/Golf/rnamaterialmgr/rnamaterialmgr.cpp
rnamaterialmgr.h	7	../../../../../TIGERCODE/Code/Golf/rnamaterialmgr/rnamaterialmgr.h
rnaunity.cpp	19	c:/dev/Tiger/DL_Default/TigerCode/Code/rnaunity.cpp
route.cpp	7	C:/packages/rwaudiocore/2.08.01/source/plugins/route.cpp
route.h	1	C:/packages/rwaudiocore/2.08.01/include/rw/audio/core/plugins/route.h
sabort.cpp	1	C:/packages/rwaudiocore/2.08.01/source/9/cmn/sabort.cpp
salloc.cpp	4	C:/packages/rwaudiocore/2.08.01/source/9/cmn/salloc.cpp
samplebuffer.h	1	C:/packages/rwaudiocore/2.08.01/include/rw/audio/core/samplebuffer.h
samplebuffercreateinstance.cpp	2	C:/packages/rwaudiocore/2.08.01/source/cmn/samplebuffercreateinstance.cpp
satospkr.cpp	5	C:/packages/rwaudiocore/2.08.01/source/9/cmn/satospkr.cpp
sattrdef.cpp	1	C:/packages/rwaudiocore/2.08.01/source/9/cmn/sattrdef.cpp
scalar.h	1	C:/Dev/Tiger/DL_Default/TigerCode/RW45/platform/include/native/ps3-ppu-gcc/rw/math/fpu/scalar.h
scalar_operation_inline.h	1	../../../../../TIGERCODE/RW45/platform/include/native/ps3-ppu-gcc/rw/math/vpu/detail/scalar_operation_inline.h
scalar_operation_inline.h.2	1	C:/Dev/Tiger/DL_Default/TigerCode/RW45/platform/include/native/ps3-ppu-gcc/rw/math/vpu/detail/scalar_operation_inline.h
scalar_operation_platform_inline.h	2	C:/Dev/Tiger/DL_Default/TigerCode/RW45/platform/include/native/ps3-ppu-gcc/rw/math/vpu/detail/scalar_operation_platform_inline.h
scheckpo.cpp	1	C:/packages/rwaudiocore/2.08.01/source/9/cmn/scheckpo.cpp
sclcptch.cpp	2	C:/packages/rwaudiocore/2.08.01/source/9/cmn/sclcptch.cpp
scope.h	2	C:/Dev/Tiger/DL_Default/TigerCode/packages/quick_spu/dev-football/include/quick_spu/scope.h
screentinter.cpp	3	c:/dev/Tiger/DL_Default/TigerCode/Code/golf/TextureFX/screentinter.cpp
scrsfc.cpp	1	C:/packages/rwaudiocore/2.08.01/source/9/mix/scrsfc.cpp
scrsfl.cpp	1	C:/packages/rwaudiocore/2.08.01/source/9/mix/scrsfl.cpp
sctlfilt.cpp	2	C:/packages/rwaudiocore/2.08.01/source/9/cmn/sctlfilt.cpp
sctrldry.cpp	1	C:/packages/rwaudiocore/2.08.01/source/9/cmn/sctrldry.cpp
sdownmix.cpp	1	C:/packages/rwaudiocore/2.08.01/source/9/cmn/sdownmix.cpp
sdriver.cpp	24	C:/packages/rwaudiocore/2.08.01/source/9/cmn/sdriver.cpp
semaphorefactory.cpp	8	C:/packages/rwmovie/1.04.01/source/movielib/private/semaphorefactory.cpp
send.cpp	8	C:/packages/rwaudiocore/2.08.01/source/plugins/send.cpp
send.h	1	C:/packages/rwaudiocore/2.08.01/include/rw/audio/core/plugins/send.h
setmemcpy.cpp	1	C:/packages/rwaudiocore/2.08.01/source/9/extern/coda/cmn/setmemcpy.cpp
setting.cpp	2	C:/Dev/Tiger/DL_Default/TigerCode/packages/OSDK/2.06.04/core/source/common/setting.cpp
settingabstract.cpp	4	C:/Dev/Tiger/DL_Default/TigerCode/packages/OSDK/2.06.04/core/source/common/settingabstract.cpp
settingabstract.h	3	C:/Dev/Tiger/DL_Default/TigerCode/packages/OSDK/2.06.04/core/source/common/./././settingabstract.h
settinginteger.cpp	2	C:/Dev/Tiger/DL_Default/TigerCode/packages/OSDK/2.06.04/core/source/common/settinginteger.cpp
settingintegerconcrete.cpp	14	C:/Dev/Tiger/DL_Default/TigerCode/packages/OSDK/2.06.04/core/source/common/settingintegerconcrete.cpp
settingintegerconcrete.h	11	C:/Dev/Tiger/DL_Default/TigerCode/packages/OSDK/2.06.04/core/source/common/././settingintegerconcrete.h
settingintegervalidator.cpp	2	C:/Dev/Tiger/DL_Default/TigerCode/packages/OSDK/2.06.04/core/source/common/settingintegervalidator.cpp
settingloadcallback.h	1	C:/Dev/Tiger/DL_Default/TigerCode/packages/OSDK/2.06.04/core/source/common/./././settingloadcallback.h
settingmanager.cpp	2	C:/Dev/Tiger/DL_Default/TigerCode/packages/OSDK/2.06.04/core/source/common/settingmanager.cpp
settingmanagerconcrete.cpp	33	C:/Dev/Tiger/DL_Default/TigerCode/packages/OSDK/2.06.04/core/source/common/settingmanagerconcrete.cpp
settingmanagerconcrete.h	1	C:/Dev/Tiger/DL_Default/TigerCode/packages/OSDK/2.06.04/core/source/common/././settingmanagerconcrete.h
settingobserver.cpp	2	C:/Dev/Tiger/DL_Default/TigerCode/packages/OSDK/2.06.04/core/source/common/settingobserver.cpp
settingsavecallback.cpp	2	C:/Dev/Tiger/DL_Default/TigerCode/packages/OSDK/2.06.04/core/source/common/settingsavecallback.cpp
settingstorage.h	1	C:/Dev/Tiger/DL_Default/TigerCode/packages/OSDK/2.06.04/core/source/common/././settingstorage.h
settingstring.cpp	2	C:/Dev/Tiger/DL_Default/TigerCode/packages/OSDK/2.06.04/core/source/common/settingstring.cpp
settingstringconcrete.cpp	10	C:/Dev/Tiger/DL_Default/TigerCode/packages/OSDK/2.06.04/core/source/common/settingstringconcrete.cpp
settingstringconcrete.h	11	C:/Dev/Tiger/DL_Default/TigerCode/packages/OSDK/2.06.04/core/source/common/././settingstringconcrete.h
settingstringvalidator.cpp	2	C:/Dev/Tiger/DL_Default/TigerCode/packages/OSDK/2.06.04/core/source/common/settingstringvalidator.cpp
sfamplf.cpp	3	C:/packages/rwaudiocore/2.08.01/source/9/mix/sfamplf.cpp
sfbpffir8.cpp	3	C:/packages/rwaudiocore/2.08.01/source/9/mix/sfbpffir8.cpp
sfecho.cpp	5	C:/packages/rwaudiocore/2.08.01/source/9/mix/sfecho.cpp
sfhpffir8.cpp	3	C:/packages/rwaudiocore/2.08.01/source/9/mix/sfhpffir8.cpp
sfilter.cpp	6	C:/packages/rwaudiocore/2.08.01/source/9/mix/sfilter.cpp
sfir.cpp	1	C:/packages/rwaudiocore/2.08.01/source/9/mix/sfir.cpp
sfir8.cpp	2	C:/packages/rwaudiocore/2.08.01/source/9/mix/sfir8.cpp
sflpf.cpp	3	C:/packages/rwaudiocore/2.08.01/source/9/mix/sflpf.cpp
sflpffir8.cpp	3	C:/packages/rwaudiocore/2.08.01/source/9/mix/sflpffir8.cpp
sfmixer.cpp	3	C:/packages/rwaudiocore/2.08.01/source/9/mix/sfmixer.cpp
sfreson.cpp	4	C:/packages/rwaudiocore/2.08.01/source/9/mix/sfreson.cpp
sfrsf.cpp	3	C:/packages/rwaudiocore/2.08.01/source/9/mix/sfrsf.cpp
sfsplit.cpp	3	C:/packages/rwaudiocore/2.08.01/source/9/mix/sfsplit.cpp
sfsrc.cpp	3	C:/packages/rwaudiocore/2.08.01/source/9/mix/sfsrc.cpp
sfupmpgp.cpp	3	C:/packages/rwaudiocore/2.08.01/source/9/mix/sfupmpgp.cpp
sfxlevel.cpp	1	C:/packages/rwaudiocore/2.08.01/source/9/cmn/sfxlevel.cpp
sfxrevc.cpp	10	C:/packages/rwaudiocore/2.08.01/source/9/mix/sfxrevc.cpp
sgetdata.cpp	1	C:/packages/rwaudiocore/2.08.01/source/9/cmn/sgetdata.cpp
sgettag.cpp	1	C:/packages/rwaudiocore/2.08.01/source/9/cmn/sgettag.cpp
sgp.cpp	28	C:/packages/rwaudiocore/2.08.01/source/9/cmn/sgp.cpp
sgparse.cpp	1	C:/packages/rwaudiocore/2.08.01/source/9/cmn/sgparse.cpp
sgpmp3.cpp	26	C:/packages/rwaudiocore/2.08.01/source/9/cmn/sgpmp3.cpp
shader_unity.cpp	24	c:/dev/Tiger/DL_Default/TigerCode/Code/shader_unity.cpp
shipass.cpp	1	C:/packages/rwaudiocore/2.08.01/source/9/cmn/shipass.cpp
silentsigninextension.cpp	2	C:/Dev/Tiger/DL_Default/TigerCode/packages/OSDK/2.06.04/extensions/silentsignin/source/common/silentsigninextension.cpp
silentsigninextensionconcrete.cpp	17	C:/Dev/Tiger/DL_Default/TigerCode/packages/OSDK/2.06.04/extensions/silentsignin/source/common/silentsigninextensionconcrete.cpp
silentsigninextensionconcrete.h	3	C:/Dev/Tiger/DL_Default/TigerCode/packages/OSDK/2.06.04/extensions/silentsignin/source/common/./silentsigninextensionconcrete.h
silentsigninfacade.h	1	C:/Dev/Tiger/DL_Default/TigerCode/packages/OSDK/2.06.04/extensions/silentsignin/include/common/osdk/silentsignin/silentsigninfacade.h
silentsigninfacadeconcrete.cpp	5	C:/Dev/Tiger/DL_Default/TigerCode/packages/OSDK/2.06.04/extensions/silentsignin/source/common/silentsigninfacadeconcrete.cpp
silentsigninfacadeconcrete.h	3	C:/Dev/Tiger/DL_Default/TigerCode/packages/OSDK/2.06.04/extensions/silentsignin/source/common/./silentsigninfacadeconcrete.h
silentsigninobserver.h	1	../../../../../TIGERCODE/packages/osdk/2.06.04/extensions/silentsignin/include/common/OSDK/silentsignin/silentsigninobserver.h
sincosf4.h	1	C:/Dev/Tiger/DL_Default/TigerCode/packages/PlayStation3GCC/110.006/installed/target/ppu/include/bits/sincosf4.h
sinit16.cpp	1	C:/packages/rwaudiocore/2.08.01/source/9/mix/sinit16.cpp
sinitl3.cpp	1	C:/packages/rwaudiocore/2.08.01/source/9/mix/sinitl3.cpp
sinitut.cpp	1	C:/packages/rwaudiocore/2.08.01/source/9/mix/sinitut.cpp
sinitxa.cpp	1	C:/packages/rwaudiocore/2.08.01/source/9/mix/sinitxa.cpp
sjisascii.c	6	c:/dev/Tiger/DL_Default/TigerCode/Code/Golf/Memory_Card/sjisascii.c
skadecomp.cpp	7	c:/dev/Tiger/DL_Default/TigerCode/packages/ears_rt_cct/dev/src/Ska/skadecomp.cpp
skalib.c	6	c:/dev/Tiger/DL_Default/TigerCode/Code/golf/animation/skalib.c
skeleton.h.2	1	../../../ears_rt_cct/dev/api/ears_rt_cct/skeleton.h
skeleton_shared.c	26	c:/dev/Tiger/DL_Default/TigerCode/Code/golf/animation/skeleton_shared.c
slib.cpp	1	C:/packages/rwaudiocore/2.08.01/source/9/cmn/slib.cpp
slinklist.h	14	C:/packages/rwaudiocore/2.08.01/source/9/cmn/slinklist.h
slinklst.cpp	5	C:/packages/rwaudiocore/2.08.01/source/9/cmn/slinklst.cpp
slist.cpp	34	C:/packages/rwmovie/1.04.01/source/movielib/private/slist.cpp
slist.h	19	C:/packages/rwmovie/1.04.01/include/rwmovie/private/slist.h
slowpass.cpp	1	C:/packages/rwaudiocore/2.08.01/source/9/cmn/slowpass.cpp
smixc.cpp	1	C:/packages/rwaudiocore/2.08.01/source/9/mix/smixc.cpp
smixer.cpp	17	C:/packages/rwaudiocore/2.08.01/source/9/mix/smixer.cpp
smixfilt.cpp	2	C:/packages/rwaudiocore/2.08.01/source/9/mix/smixfilt.cpp
smixfram.cpp	1	C:/packages/rwaudiocore/2.08.01/source/9/mix/smixfram.cpp
smixhip.cpp	1	C:/packages/rwaudiocore/2.08.01/source/9/mix/smixhip.cpp
smixlowp.cpp	1	C:/packages/rwaudiocore/2.08.01/source/9/mix/smixlowp.cpp
smixptch.cpp	1	C:/packages/rwaudiocore/2.08.01/source/9/mix/smixptch.cpp
smixtmul.cpp	1	C:/packages/rwaudiocore/2.08.01/source/9/mix/smixtmul.cpp
snd9.cpp	6	C:/packages/rwaudiocore/2.08.01/source/plugins/snd9.cpp
snd9.h	1	C:/packages/rwaudiocore/2.08.01/include/rw/audio/core/plugins/snd9.h
sndcmn.h	9	C:/packages/rwaudiocore/2.08.01/source/9/cmn/sndcmn.h
sndi_cos.cpp	1	C:/packages/rwaudiocore/2.08.01/source/9/cmn/sndi_cos.cpp
sndi_findprime.cpp	2	C:/packages/rwaudiocore/2.08.01/source/9/cmn/sndi_findprime.cpp
sndi_mult16.cpp	1	C:/packages/rwaudiocore/2.08.01/source/9/cmn/sndi_mult16.cpp
sndi_root1x.cpp	1	C:/packages/rwaudiocore/2.08.01/source/9/cmn/sndi_root1x.cpp
sndi_sin.cpp	1	C:/packages/rwaudiocore/2.08.01/source/9/cmn/sndi_sin.cpp
sndo.h	2	C:/packages/rwaudiocore/2.08.01/include/snd/sndo.h
sndplayer1.cpp	24	C:/packages/rwaudiocore/2.08.01/source/plugins/sndplayer1.cpp
sndplayer1.h	2	C:/packages/rwaudiocore/2.08.01/include/rw/audio/core/plugins/sndplayer1.h
sniffer.cpp	4	c:/dev/Tiger/DL_Default/TigerCode/Code/AptInterface/AptPackage/AptFF/core/sniffer.cpp
snode.cpp	8	C:/packages/rwmovie/1.04.01/source/movielib/private/snode.cpp
softlighttinter.cpp	3	c:/dev/Tiger/DL_Default/TigerCode/Code/golf/TextureFX/softlighttinter.cpp
soutputmap.cpp	1	C:/packages/rwaudiocore/2.08.01/source/9/cmn/soutputmap.cpp
spat2hdr.cpp	1	C:/packages/rwaudiocore/2.08.01/source/9/cmn/spat2hdr.cpp
spatkey.cpp	1	C:/packages/rwaudiocore/2.08.01/source/9/cmn/spatkey.cpp
spectator.c	52	c:/dev/Tiger/DL_Default/TigerCode/Code/Golf/Spectator/spectator.c
spectatorBehavior.cpp	16	c:/dev/Tiger/DL_Default/TigerCode/Code/Golf/Spectator/spectatorBehavior.cpp
spectatorBehavior.h	1	c:/dev/Tiger/DL_Default/TigerCode/Code/Golf/Spectator/spectatorBehavior.h
spectatorCloneGroup.cpp	43	c:/dev/Tiger/DL_Default/TigerCode/Code/Golf/Spectator/spectatorCloneGroup.cpp
spectatorCloneGroup.h	26	c:/dev/Tiger/DL_Default/TigerCode/Code/Golf/Spectator/spectatorCloneGroup.h
spectatorCollision.cpp	12	c:/dev/Tiger/DL_Default/TigerCode/Code/Golf/Spectator/spectatorCollision.cpp
spectatorCollision.h	4	c:/dev/Tiger/DL_Default/TigerCode/Code/Golf/Spectator/spectatorCollision.h
spectatorInstance.cpp	13	c:/dev/Tiger/DL_Default/TigerCode/Code/Golf/Spectator/spectatorInstance.cpp
spectatorInstance.h	57	../../../../../TIGERCODE/Code/Golf/Spectator/spectatorInstance.h
spectatorModel.cpp	8	c:/dev/Tiger/DL_Default/TigerCode/Code/Golf/Spectator/spectatorModel.cpp
spectatorPlacement.cpp	37	c:/dev/Tiger/DL_Default/TigerCode/Code/Golf/Spectator/spectatorPlacement.cpp
spectatorPose.cpp	13	c:/dev/Tiger/DL_Default/TigerCode/Code/Golf/Spectator/spectatorPose.cpp
spectatorPose.h	9	../../../../../TIGERCODE/Code/Golf/Spectator/spectatorPose.h
spectatorPoseOverride.cpp	5	c:/dev/Tiger/DL_Default/TigerCode/Code/Golf/Spectator/spectatorPoseOverride.cpp
spectatorPoseOverride.h	2	c:/dev/Tiger/DL_Default/TigerCode/Code/Golf/Spectator/spectatorPoseOverride.h
spectatorSystem.cpp	49	c:/dev/Tiger/DL_Default/TigerCode/Code/Golf/Spectator/spectatorSystem.cpp
spectatorTexture.cpp	9	c:/dev/Tiger/DL_Default/TigerCode/Code/Golf/Spectator/spectatorTexture.cpp
spectatorTexture.h	4	c:/dev/Tiger/DL_Default/TigerCode/Code/Golf/Spectator/spectatorTexture.h
spinlock.h	3	../../../../../TIGERCODE/RW45/platform/include/native/ps3-ppu-gcc/rw/core/thread/spinlock.h
spitch.cpp	1	C:/packages/rwaudiocore/2.08.01/source/9/cmn/spitch.cpp
spktctoh.cpp	1	C:/packages/rwaudiocore/2.08.01/source/9/cmn/spktctoh.cpp
spktplay.cpp	13	C:/packages/rwaudiocore/2.08.01/source/9/cmn/spktplay.cpp
splysdef.cpp	1	C:/packages/rwaudiocore/2.08.01/source/9/cmn/splysdef.cpp
spreadsheet.h	2	C:/Dev/Tiger/DL_Default/TigerCode/packages/OSDK/2.06.04/core/include/common/osdk/spreadsheet.h
spreadsheetcolumnformat.cpp	2	C:/Dev/Tiger/DL_Default/TigerCode/packages/OSDK/2.06.04/core/source/common/spreadsheetcolumnformat.cpp
spreadsheetcolumnformat.h	2	C:/Dev/Tiger/DL_Default/TigerCode/packages/OSDK/2.06.04/core/include/common/osdk/spreadsheetcolumnformat.h
spreadsheetleaderboard.cpp	2	C:/Dev/Tiger/DL_Default/TigerCode/packages/OSDK/2.06.04/core/source/common/spreadsheetleaderboard.cpp
spreadsheetleaderboardconcrete.cpp	13	C:/Dev/Tiger/DL_Default/TigerCode/packages/OSDK/2.06.04/core/source/common/spreadsheetleaderboardconcrete.cpp
spreadsheetstrategy.h	2	../../../../../TIGERCODE/packages/osdk/2.06.04/core/include/common/osdk/gamefacade/spreadsheetstrategy.h
spreadsheetstrategyconcrete.cpp	3	c:/dev/Tiger/DL_Default/TigerCode/Code/golf/online/osdk/spreadsheetstrategyconcrete.cpp
spreadsheetutility.cpp	3	C:/Dev/Tiger/DL_Default/TigerCode/packages/OSDK/2.06.04/core/source/common/spreadsheetutility.cpp
spreadsheetutility.h	1	../../../../../TIGERCODE/packages/osdk/2.06.04/core/include/common/osdk/spreadsheetutility.h
spreadsheetutility.h.2	4	C:/Dev/Tiger/DL_Default/TigerCode/packages/OSDK/2.06.04/core/include/common/osdk/spreadsheetutility.h
sprofvoc.cpp	2	C:/packages/rwaudiocore/2.08.01/source/9/cmn/sprofvoc.cpp
spu_image.h	1	C:/packages/PlayStation3GCC/096.002/Installed/target/ppu/include/sys/spu_image.h
spu_initialize.h	1	C:/dev/Tiger/DL_Default/TigerCode/packages/PlayStation3GCC/110.006/installed/target/ppu/include/sys/spu_initialize.h
spu_printf_server.cpp	5	C:/packages/job_manager/1.11.00/source/ps3/ppu/spu_printf_server.cpp
spu_state.h	8	C:/packages/job_manager/1.11.00/include/job_manager/detail/spu_state.h
spu_thread.h	5	C:/Dev/Tiger/DL_Default/TigerCode/packages/PlayStation3GCC/110.006/installed/target/ppu/include/sys/spu_thread.h
spu_thread.h.2	5	C:/packages/PlayStation3GCC/096.002/Installed/target/ppu/include/sys/spu_thread.h
spu_thread_group.h	6	C:/Dev/Tiger/DL_Default/TigerCode/packages/PlayStation3GCC/110.006/installed/target/ppu/include/sys/spu_thread_group.h
spu_thread_group.h.2	4	C:/packages/PlayStation3GCC/096.002/Installed/target/ppu/include/sys/spu_thread_group.h
srandom.cpp	2	C:/packages/rwaudiocore/2.08.01/source/9/cmn/srandom.cpp
sreallocbuf.cpp	1	C:/packages/rwaudiocore/2.08.01/source/9/cmn/sreallocbuf.cpp
sserver.cpp	6	C:/packages/rwaudiocore/2.08.01/source/9/cmn/sserver.cpp
sst.cpp	21	C:/packages/rwaudiocore/2.08.01/source/9/cmn/sst.cpp
sstautov.cpp	2	C:/packages/rwaudiocore/2.08.01/source/9/cmn/sstautov.cpp
sstcrtap.cpp	1	C:/packages/rwaudiocore/2.08.01/source/9/cmn/sstcrtap.cpp
sstgetrp.cpp	1	C:/packages/rwaudiocore/2.08.01/source/9/cmn/sstgetrp.cpp
ssthold.cpp	1	C:/packages/rwaudiocore/2.08.01/source/9/cmn/ssthold.cpp
sstop.cpp	1	C:/packages/rwaudiocore/2.08.01/source/9/cmn/sstop.cpp
sstovrhd.cpp	2	C:/packages/rwaudiocore/2.08.01/source/9/cmn/sstovrhd.cpp
sstpmult.cpp	1	C:/packages/rwaudiocore/2.08.01/source/9/cmn/sstpmult.cpp
sstqreqi.cpp	1	C:/packages/rwaudiocore/2.08.01/source/9/cmn/sstqreqi.cpp
sstrstat.cpp	1	C:/packages/rwaudiocore/2.08.01/source/9/cmn/sstrstat.cpp
sstsetgl.cpp	1	C:/packages/rwaudiocore/2.08.01/source/9/cmn/sstsetgl.cpp
sststat.cpp	1	C:/packages/rwaudiocore/2.08.01/source/9/cmn/sststat.cpp
sstvol.cpp	2	C:/packages/rwaudiocore/2.08.01/source/9/cmn/sstvol.cpp
ssys.cpp	18	C:/packages/rwaudiocore/2.08.01/source/9/cmn/ssys.cpp
ssysinit.cpp	5	C:/packages/rwaudiocore/2.08.01/source/9/cmn/ssysinit.cpp
ssysserv.cpp	3	C:/packages/rwaudiocore/2.08.01/source/9/cmn/ssysserv.cpp
startUp.c	2	c:/dev/Tiger/DL_Default/TigerCode/Code/Golf/UI_Core/Startup/startUp.c
stateFunc.c	110	c:/dev/Tiger/DL_Default/TigerCode/Code/Golf/State_Engine/stateFunc.c
statemain.c	7	c:/dev/Tiger/DL_Default/TigerCode/Code/Golf/State_Engine/statemain.c
statsmanager.cpp	2	C:/Dev/Tiger/DL_Default/TigerCode/packages/OSDK/2.06.04/core/source/common/statsmanager.cpp
statsmanagerconcrete.cpp	16	C:/Dev/Tiger/DL_Default/TigerCode/packages/OSDK/2.06.04/core/source/common/statsmanagerconcrete.cpp
statsmanagerconcrete.h	2	C:/Dev/Tiger/DL_Default/TigerCode/packages/OSDK/2.06.04/core/source/common/./statsmanagerconcrete.h
statsstrategy.h.2	1	C:/Dev/Tiger/DL_Default/TigerCode/packages/OSDK/2.06.04/core/include/common/osdk/gamefacade/statsstrategy.h
statsstrategyconcrete.cpp	4	c:/dev/Tiger/DL_Default/TigerCode/Code/golf/online/osdk/statsstrategyconcrete.cpp
stdexcept	5	C:/dev/Tiger/DL_Default/TigerCode/packages/PlayStation3GCC/110.006/installed/target/ppu/include/stdexcept
stdlib.h	4	C:/dev/Tiger/DL_Default/TigerCode/packages/PlayStation3GCC/110.006/installed/target/ppu/include/stdlib.h
stdlib.h.2	1	C:/Dev/Tiger/DL_Default/TigerCode/packages/PlayStation3GCC/110.006/installed/target/ppu/include/stdlib.h
stream.cpp	3	C:/Dev/Tiger/DL_Default/TigerCode/packages/OSDK/2.06.04/core/source/common/stream.cpp
streamconcrete.cpp	11	C:/Dev/Tiger/DL_Default/TigerCode/packages/OSDK/2.06.04/core/source/common/streamconcrete.cpp
streamconcrete.h	4	C:/Dev/Tiger/DL_Default/TigerCode/packages/OSDK/2.06.04/core/source/common/././streamconcrete.h
streampool.cpp	9	C:/packages/rwaudiocore/2.08.01/source/cmn/streampool.cpp
streampool.h	3	C:/packages/rwaudiocore/2.08.01/include/rw/audio/core/streampool.h
stretch.cpp	10	C:/packages/rwaudiocore/2.08.01/source/9/mix/stretch.cpp
string.cpp	2	C:/Dev/Tiger/DL_Default/TigerCode/packages/OSDK/2.06.04/core/source/common/string.cpp
string.h	3	C:/dev/Tiger/DL_Default/TigerCode/packages/PlayStation3GCC/110.006/installed/target/ppu/include/string.h
string.h.2	2	C:/Dev/Tiger/DL_Default/TigerCode/packages/PlayStation3GCC/110.006/installed/target/ppu/include/string.h
stringconcrete.cpp	12	C:/Dev/Tiger/DL_Default/TigerCode/packages/OSDK/2.06.04/core/source/common/stringconcrete.cpp
stringconcrete.h	4	C:/Dev/Tiger/DL_Default/TigerCode/packages/OSDK/2.06.04/core/source/common/././stringconcrete.h
struct.h	1	C:/packages/rwmovie/1.04.01/include/rwmovie/private/struct.h
structs.cpp	1	c:/dev/Tiger/DL_Default/TigerCode/Code/Headgate/SOURCE/CourseData/structs.cpp
structs.h	6	c:/dev/Tiger/DL_Default/TigerCode/Code/Headgate/SOURCE/CourseData/structs.h
submix.cpp	10	C:/packages/rwaudiocore/2.08.01/source/plugins/submix.cpp
submix.h	7	C:/packages/rwaudiocore/2.08.01/include/rw/audio/core/plugins/submix.h
subtitlerenderable.cpp	3	C:/packages/rwmovie/1.04.01/source/movielib/movieplayer/cmn/subtitlerenderable.cpp
supf.cpp	3	C:/packages/rwaudiocore/2.08.01/source/9/mix/supf.cpp
suplf.cpp	3	C:/packages/rwaudiocore/2.08.01/source/9/mix/suplf.cpp
supmutf.cpp	4	C:/packages/rwaudiocore/2.08.01/source/9/mix/supmutf.cpp
supmutlf.cpp	4	C:/packages/rwaudiocore/2.08.01/source/9/mix/supmutlf.cpp
supmutpf.cpp	3	C:/packages/rwaudiocore/2.08.01/source/9/mix/supmutpf.cpp
suppf.cpp	2	C:/packages/rwaudiocore/2.08.01/source/9/mix/suppf.cpp
supxaf.cpp	4	C:/packages/rwaudiocore/2.08.01/source/9/mix/supxaf.cpp
supxalf.cpp	4	C:/packages/rwaudiocore/2.08.01/source/9/mix/supxalf.cpp
supxapf.cpp	3	C:/packages/rwaudiocore/2.08.01/source/9/mix/supxapf.cpp
svol.cpp	2	C:/packages/rwaudiocore/2.08.01/source/9/cmn/svol.cpp
sx87d16.cpp	1	C:/packages/rwaudiocore/2.08.01/source/9/mix/sx87d16.cpp
synchronization.h	4	C:/dev/Tiger/DL_Default/TigerCode/packages/PlayStation3GCC/110.006/installed/target/ppu/include/sys/synchronization.h
sys_time.h	1	C:/dev/Tiger/DL_Default/TigerCode/packages/PlayStation3GCC/110.006/installed/target/ppu/include/sys/sys_time.h
sys_time.h.2	1	C:/Dev/Tiger/DL_Default/TigerCode/packages/PlayStation3GCC/110.006/installed/target/ppu/include/sys/sys_time.h
system.cpp	32	C:/packages/rwaudiocore/2.08.01/source/cmn/system.cpp
system.h	3	../../../../../TIGERCODE/packages/rwaudiocore/2.08.01/include/rw/audio/core/system.h
system.h.2	50	C:/packages/rwaudiocore/2.08.01/include/rw/audio/core/system.h
systemassert.cpp	1	C:/packages/rwaudiocore/2.08.01/source/cmn/systemassert.cpp
systemconstructor.cpp	2	C:/packages/rwaudiocore/2.08.01/source/cmn/systemconstructor.cpp
systemgetdecoderregistry.cpp	1	C:/packages/rwaudiocore/2.08.01/source/cmn/systemgetdecoderregistry.cpp
systemgetpluginregistry.cpp	1	C:/packages/rwaudiocore/2.08.01/source/cmn/systemgetpluginregistry.cpp
systemgetprofiler.cpp	1	C:/packages/rwaudiocore/2.08.01/source/cmn/systemgetprofiler.cpp
systemmasteringsubmix.cpp	2	C:/packages/rwaudiocore/2.08.01/source/cmn/systemmasteringsubmix.cpp
systemregisterstandardruntime.cpp	1	C:/packages/rwaudiocore/2.08.01/source/cmn/systemregisterstandardruntime.cpp
systemtimer.cpp	4	C:/packages/rwaudiocore/2.08.01/source/cmn/systemtimer.cpp
t2k.cpp	29	c:/dev/Tiger/DL_Default/TigerCode/Code/AptInterface/AptPackage/AptFF/core/t2k.cpp
t2ksc.cpp	12	c:/dev/Tiger/DL_Default/TigerCode/Code/AptInterface/AptPackage/AptFF/core/t2ksc.cpp
t2kstrm.cpp	14	c:/dev/Tiger/DL_Default/TigerCode/Code/AptInterface/AptPackage/AptFF/core/t2kstrm.cpp
t3dblock.h.2	2	C:/Dev/Tiger/DL_Default/TigerCode/packages/t3db/2.21.03-RW-EAC/include/common/t3db/t3dblock.h
table.h	1	../../../../../TIGERCODE/packages/t3db/2.21.03-RW-EAC/include/common/t3db/table.h
talkyManager.h	13	../../../../../TIGERCODE/Code/Golf/Talky/Headers/talkyManager.h
telemetrystrategy.h	1	../../../../../TIGERCODE/packages/osdk/2.06.04/core/include/common/osdk/gamefacade/telemetrystrategy.h
telemetrystrategyconcrete.cpp	10	c:/dev/Tiger/DL_Default/TigerCode/Code/golf/online/osdk/telemetrystrategyconcrete.cpp
templinkerhacks.cpp	4	c:/dev/Tiger/DL_Default/TigerCode/Code/Golf/Misc/Ps3/templinkerhacks.cpp
texblendNormal.h	2	c:/dev/Tiger/DL_Default/TigerCode/Code/golf/TextureFX/Headers/texblendNormal.h
texblendadd.cpp	3	c:/dev/Tiger/DL_Default/TigerCode/Code/golf/TextureFX/texblendadd.cpp
texblendadd.h	2	c:/dev/Tiger/DL_Default/TigerCode/Code/golf/TextureFX/Headers/texblendadd.h
texblender.cpp	3	c:/dev/Tiger/DL_Default/TigerCode/Code/golf/TextureFX/texblender.cpp
texblendlerp.cpp	5	c:/dev/Tiger/DL_Default/TigerCode/Code/golf/TextureFX/texblendlerp.cpp
texblendmultiply.cpp	3	c:/dev/Tiger/DL_Default/TigerCode/Code/golf/TextureFX/texblendmultiply.cpp
texblendmultiply.h	2	c:/dev/Tiger/DL_Default/TigerCode/Code/golf/TextureFX/Headers/texblendmultiply.h
texblendnormal.cpp	3	c:/dev/Tiger/DL_Default/TigerCode/Code/golf/TextureFX/texblendnormal.cpp
texblendoverlay.cpp	3	c:/dev/Tiger/DL_Default/TigerCode/Code/golf/TextureFX/texblendoverlay.cpp
texblendoverlay.h	2	c:/dev/Tiger/DL_Default/TigerCode/Code/golf/TextureFX/Headers/texblendoverlay.h
texblendsoftlight.cpp	6	c:/dev/Tiger/DL_Default/TigerCode/Code/golf/TextureFX/texblendsoftlight.cpp
texcomp.cpp	16	c:/dev/Tiger/DL_Default/TigerCode/Code/golf/TextureFX/texcomp.cpp
texcomp.h	4	../../../../../TIGERCODE/Code/Golf/TextureFX/Headers/texcomp.h
textfilter.cpp	2	C:/Dev/Tiger/DL_Default/TigerCode/packages/OSDK/2.06.04/core/source/common/textfilter.cpp
textfiltercallback.cpp	2	C:/Dev/Tiger/DL_Default/TigerCode/packages/OSDK/2.06.04/core/source/common/textfiltercallback.cpp
textfilterconcrete.cpp	7	C:/Dev/Tiger/DL_Default/TigerCode/packages/OSDK/2.06.04/core/source/common/textfilterconcrete.cpp
textlocalize.cpp	2	C:/Dev/Tiger/DL_Default/TigerCode/packages/OSDK/2.06.04/core/source/common/textlocalize.cpp
textlocalizecallback.cpp	2	C:/Dev/Tiger/DL_Default/TigerCode/packages/OSDK/2.06.04/core/source/common/textlocalizecallback.cpp
textlocalizeconcrete.cpp	9	C:/Dev/Tiger/DL_Default/TigerCode/packages/OSDK/2.06.04/core/source/common/textlocalizeconcrete.cpp
texture16b.cpp	11	c:/dev/Tiger/DL_Default/TigerCode/Code/golf/TextureFX/texture16b.cpp
texture16b.h	2	../../../../../TIGERCODE/Code/golf/texturefx/headers/texture16b.h
texture32b.cpp	11	c:/dev/Tiger/DL_Default/TigerCode/Code/golf/TextureFX/texture32b.cpp
texture32b.h	2	../../../../../TIGERCODE/Code/Golf/TextureFX/Headers/texture32b.h
texture4p.cpp	16	c:/dev/Tiger/DL_Default/TigerCode/Code/golf/TextureFX/texture4p.cpp
texture4p.h	1	../../../../../TIGERCODE/Code/Golf/TextureFX/Headers/texture4p.h
texture8p.cpp	16	c:/dev/Tiger/DL_Default/TigerCode/Code/golf/TextureFX/texture8p.cpp
texture8p.h	1	../../../../../TIGERCODE/Code/Golf/TextureFX/Headers/texture8p.h
texturedxt1i4.cpp	13	c:/dev/Tiger/DL_Default/TigerCode/Code/golf/TextureFX/texturedxt1i4.cpp
texturedxtn.cpp	26	c:/dev/Tiger/DL_Default/TigerCode/Code/golf/TextureFX/texturedxtn.cpp
texturedxtn.h	2	../../../../../TIGERCODE/Code/golf/texturefx/headers/texturedxtn.h
texturergb5a3.cpp	9	c:/dev/Tiger/DL_Default/TigerCode/Code/golf/TextureFX/texturergb5a3.cpp
texturergb5a3.h	2	c:/dev/Tiger/DL_Default/TigerCode/Code/golf/TextureFX/Headers/texturergb5a3.h
threadfactory.cpp	8	C:/packages/rwmovie/1.04.01/source/movielib/private/threadfactory.cpp
ticker.cpp	2	C:/Dev/Tiger/DL_Default/TigerCode/packages/OSDK/2.06.04/core/source/common/ticker.cpp
tickerconcrete.cpp	17	C:/Dev/Tiger/DL_Default/TigerCode/packages/OSDK/2.06.04/core/source/common/tickerconcrete.cpp
tickerconcrete.h	4	C:/Dev/Tiger/DL_Default/TigerCode/packages/OSDK/2.06.04/core/source/common/./tickerconcrete.h
tickerfilteroption.h	1	C:/Dev/Tiger/DL_Default/TigerCode/packages/OSDK/2.06.04/core/include/common/osdk/tickerfilteroption.h
tickermessage.cpp	2	C:/Dev/Tiger/DL_Default/TigerCode/packages/OSDK/2.06.04/core/source/common/tickermessage.cpp
tickermessageconcrete.cpp	4	C:/Dev/Tiger/DL_Default/TigerCode/packages/OSDK/2.06.04/core/source/common/tickermessageconcrete.cpp
tickermessageconcrete.h	4	C:/Dev/Tiger/DL_Default/TigerCode/packages/OSDK/2.06.04/core/source/common/./tickermessageconcrete.h
tickermessagesection.cpp	2	C:/Dev/Tiger/DL_Default/TigerCode/packages/OSDK/2.06.04/core/source/common/tickermessagesection.cpp
tickermessagesectionconcrete.cpp	1	C:/Dev/Tiger/DL_Default/TigerCode/packages/OSDK/2.06.04/core/source/common/tickermessagesectionconcrete.cpp
tickermessagesectionconcrete.h	3	C:/Dev/Tiger/DL_Default/TigerCode/packages/OSDK/2.06.04/core/source/common/tickermessagesectionconcrete.h
tickerobserver.cpp	2	C:/Dev/Tiger/DL_Default/TigerCode/packages/OSDK/2.06.04/core/source/common/tickerobserver.cpp
tiger_cct_internal.cpp	103	c:/dev/Tiger/DL_Default/TigerCode/packages/tiger_module/source/tiger_cct/tiger_cct_internal.cpp
tiger_cct_internal.h	3	c:/dev/Tiger/DL_Default/TigerCode/packages/tiger_module/source/tiger_cct/tiger_cct_internal.h
tiger_cct_internal_event_handler.cpp	5	c:/dev/Tiger/DL_Default/TigerCode/packages/tiger_module/source/tiger_cct/tiger_cct_internal_event_handler.cpp
tiger_cct_internal_event_handler.h	1	c:/dev/Tiger/DL_Default/TigerCode/packages/tiger_module/source/tiger_cct/tiger_cct_internal_event_handler.h
tiger_ik.cpp	40	c:/dev/Tiger/DL_Default/TigerCode/packages/tiger_module/source/tiger_ik/tiger_ik.cpp
tiger_ik_internal.cpp	43	c:/dev/Tiger/DL_Default/TigerCode/packages/tiger_module/source/tiger_ik/tiger_ik_internal.cpp
tiger_ik_internal.h	2	c:/dev/Tiger/DL_Default/TigerCode/packages/tiger_module/source/tiger_ik/tiger_ik_internal.h
tiger_lua_dynamic_program.cpp	7	c:/dev/Tiger/DL_Default/TigerCode/packages/tiger_module/source/tiger_lua/tiger_lua_dynamic_program.cpp
tiger_lua_function.cpp	10	c:/dev/Tiger/DL_Default/TigerCode/packages/tiger_module/source/tiger_lua/tiger_lua_function.cpp
tiger_lua_pack.cpp	5	c:/dev/Tiger/DL_Default/TigerCode/packages/tiger_module/source/tiger_lua/tiger_lua_pack.cpp
tiger_math.h	82	../../../tiger_math/dev/include/tiger_math/tiger_math.h
tiger_math.h.2	97	c:/dev/Tiger/DL_Default/TigerCode/packages/tiger_math/dev/include/tiger_math/tiger_math.h
tiger_module.cpp	3	c:/dev/Tiger/DL_Default/TigerCode/packages/tiger_module/source/tiger_module.cpp
tiger_module.h	28	../../../../../TIGERCODE/packages/tiger_module/include/tiger_module.h
tiger_module.h.2	28	c:/dev/Tiger/DL_Default/TigerCode/packages/tiger_module/include/tiger_module.h
tiger_module_actor.cpp	75	c:/dev/Tiger/DL_Default/TigerCode/packages/tiger_module/source/tiger_module_actor.cpp
tiger_module_actor.h	6	../../source/tiger_module_actor.h
tiger_module_actor.h.2	3	c:/dev/Tiger/DL_Default/TigerCode/packages/tiger_module/source/tiger_module_actor.h
tiger_module_allocatable.cpp	3	c:/dev/Tiger/DL_Default/TigerCode/packages/tiger_module/source/tiger_module_allocatable.cpp
tiger_module_allocatable.h	1	../../../../../TIGERCODE/packages/tiger_module/include/tiger_module_allocatable.h
tiger_module_allocatable.h.2	1	../../include/tiger_module_allocatable.h
tiger_module_allocatable.h.3	1	c:/dev/Tiger/DL_Default/TigerCode/packages/tiger_module/include/tiger_module_allocatable.h
tiger_module_allocator.cpp	19	c:/dev/Tiger/DL_Default/TigerCode/packages/tiger_module/source/tiger_module_allocator.cpp
tiger_module_allocator.h	1	../../../../../TIGERCODE/packages/tiger_module/include/tiger_module_allocator.h
tiger_module_allocator.h.2	2	c:/dev/Tiger/DL_Default/TigerCode/packages/tiger_module/include/tiger_module_allocator.h
tiger_module_bank.cpp	6	c:/dev/Tiger/DL_Default/TigerCode/packages/tiger_module/source/tiger_module_bank.cpp
tiger_module_bank.h	2	../../source/tiger_module_bank.h
tiger_module_cct.cpp	192	c:/dev/Tiger/DL_Default/TigerCode/packages/tiger_module/source/tiger_module_cct.cpp
tiger_module_cct.h	3	../../../../../TIGERCODE/packages/tiger_module/include/tiger_module_cct.h
tiger_module_cct.h.2	1	c:/dev/Tiger/DL_Default/TigerCode/packages/tiger_module/include/tiger_module_cct.h
tiger_module_cct_interface.h	1	../../../../../TIGERCODE/packages/tiger_module/include/tiger_module_cct_interface.h
tiger_module_collision.cpp	15	c:/dev/Tiger/DL_Default/TigerCode/packages/tiger_module/source/tiger_module_collision.cpp
tiger_module_collision.h	19	../../../../../TIGERCODE/packages/tiger_module/include/tiger_module_collision.h
tiger_module_collision.h.2	42	../../include/tiger_module_collision.h
tiger_module_com.cpp	31	c:/dev/Tiger/DL_Default/TigerCode/packages/tiger_module/source/tiger_module_com.cpp
tiger_module_com.h	1	../../../../../TIGERCODE/packages/tiger_module/include/tiger_module_com.h
tiger_module_global.cpp	59	c:/dev/Tiger/DL_Default/TigerCode/packages/tiger_module/source/tiger_module_global.cpp
tiger_module_global.h	4	../../../../../TIGERCODE/packages/tiger_module/include/tiger_module_global.h
tiger_module_global.h.2	5	c:/dev/Tiger/DL_Default/TigerCode/packages/tiger_module/include/tiger_module_global.h
tiger_module_global_context.cpp	19	c:/dev/Tiger/DL_Default/TigerCode/packages/tiger_module/source/tiger_module_global_context.cpp
tiger_module_list_node.cpp	6	c:/dev/Tiger/DL_Default/TigerCode/packages/tiger_module/source/tiger_module_list_node.cpp
tiger_module_list_node.h	1	../../../../../TIGERCODE/packages/tiger_module/source/tiger_module_list_node.h
tiger_module_list_node.h.2	1	../../source/tiger_module_list_node.h
tiger_module_list_node.h.3	1	c:/dev/Tiger/DL_Default/TigerCode/packages/tiger_module/source/tiger_module_list_node.h
tiger_module_lua.cpp	189	c:/dev/Tiger/DL_Default/TigerCode/packages/tiger_module/source/tiger_module_lua.cpp
tiger_module_lua_breakpoint.cpp	15	c:/dev/Tiger/DL_Default/TigerCode/packages/tiger_module/source/tiger_module_lua_breakpoint.cpp
tiger_module_lua_breakpoint.h	3	c:/dev/Tiger/DL_Default/TigerCode/packages/tiger_module/include/tiger_module_lua_breakpoint.h
tiger_module_lua_entity.cpp	5	c:/dev/Tiger/DL_Default/TigerCode/packages/tiger_module/source/tiger_module_lua_entity.cpp
tiger_module_lua_watch.cpp	10	c:/dev/Tiger/DL_Default/TigerCode/packages/tiger_module/source/tiger_module_lua_watch.cpp
tiger_module_lua_watch.h	3	c:/dev/Tiger/DL_Default/TigerCode/packages/tiger_module/include/tiger_module_lua_watch.h
tiger_module_manager.cpp	20	c:/dev/Tiger/DL_Default/TigerCode/packages/tiger_module/source/tiger_module_manager.cpp
tiger_module_named_list_node.cpp	1	c:/dev/Tiger/DL_Default/TigerCode/packages/tiger_module/source/tiger_module_named_list_node.cpp
tiger_module_named_list_node.h	1	../../source/tiger_module_named_list_node.h
tiger_module_named_list_node.h.2	1	c:/dev/Tiger/DL_Default/TigerCode/packages/tiger_module/source/tiger_module_named_list_node.h
tiger_module_rig.cpp	4	c:/dev/Tiger/DL_Default/TigerCode/packages/tiger_module/source/tiger_module_rig.cpp
tiger_module_rig.h	2	c:/dev/Tiger/DL_Default/TigerCode/packages/tiger_module/source/tiger_module_rig.h
tiger_module_stored_name_list_node.cpp	4	c:/dev/Tiger/DL_Default/TigerCode/packages/tiger_module/source/tiger_module_stored_name_list_node.cpp
tiger_module_stored_name_list_node.h	1	c:/dev/Tiger/DL_Default/TigerCode/packages/tiger_module/source/tiger_module_stored_name_list_node.h
tiger_module_stringFn.cpp	5	c:/dev/Tiger/DL_Default/TigerCode/packages/tiger_module/source/tiger_module_stringFn.cpp
tiger_module_trinity.cpp	49	c:/dev/Tiger/DL_Default/TigerCode/packages/tiger_module/source/tiger_module_trinity.cpp
tiger_module_trinity.h	24	../../../../../TIGERCODE/packages/tiger_module/include/tiger_module_trinity.h
tiger_module_trinity.h.2	5	c:/dev/Tiger/DL_Default/TigerCode/packages/tiger_module/include/tiger_module_trinity.h
tiger_module_trinity_actor.cpp	31	c:/dev/Tiger/DL_Default/TigerCode/packages/tiger_module/source/tiger_module_trinity_actor.cpp
tiger_module_trinity_camera.cpp	7	c:/dev/Tiger/DL_Default/TigerCode/packages/tiger_module/source/tiger_module_trinity_camera.cpp
tiger_module_trinity_camera.h	2	c:/dev/Tiger/DL_Default/TigerCode/packages/tiger_module/source/tiger_module_trinity_camera.h
tiger_module_trinity_core.cpp	26	c:/dev/Tiger/DL_Default/TigerCode/packages/tiger_module/source/tiger_module_trinity_core.cpp
tiger_module_trinity_core.h	1	c:/dev/Tiger/DL_Default/TigerCode/packages/tiger_module/source/tiger_module_trinity_core.h
tiger_module_trinity_creation_interface.cpp	10	c:/dev/Tiger/DL_Default/TigerCode/packages/tiger_module/source/tiger_module_trinity_creation_interface.cpp
tiger_module_trinity_internal.cpp	22	c:/dev/Tiger/DL_Default/TigerCode/packages/tiger_module/source/tiger_module_trinity_internal.cpp
tiger_module_trinity_internal.h	3	c:/dev/Tiger/DL_Default/TigerCode/packages/tiger_module/source/tiger_module_trinity_internal.h
tiger_module_trinity_manager.cpp	11	c:/dev/Tiger/DL_Default/TigerCode/packages/tiger_module/source/tiger_module_trinity_manager.cpp
tiger_module_trinity_manager.h	1	c:/dev/Tiger/DL_Default/TigerCode/packages/tiger_module/source/tiger_module_trinity_manager.h
tiger_module_trinity_math.cpp	33	c:/dev/Tiger/DL_Default/TigerCode/packages/tiger_module/source/tiger_module_trinity_math.cpp
tiger_module_trinity_node.cpp	6	c:/dev/Tiger/DL_Default/TigerCode/packages/tiger_module/source/tiger_module_trinity_node.cpp
tiger_module_trinity_node.h	3	c:/dev/Tiger/DL_Default/TigerCode/packages/tiger_module/source/tiger_module_trinity_node.h
tiger_module_trinity_screenfx.cpp	6	c:/dev/Tiger/DL_Default/TigerCode/packages/tiger_module/source/tiger_module_trinity_screenfx.cpp
tiger_module_trinity_screenfx.h	14	c:/dev/Tiger/DL_Default/TigerCode/packages/tiger_module/source/tiger_module_trinity_screenfx.h
tiger_module_trinity_scripted_events.cpp	5	c:/dev/Tiger/DL_Default/TigerCode/packages/tiger_module/source/tiger_module_trinity_scripted_events.cpp
tiger_module_trinity_sequence.cpp	7	c:/dev/Tiger/DL_Default/TigerCode/packages/tiger_module/source/tiger_module_trinity_sequence.cpp
tiger_module_trinity_sequence.h	1	../../../../../TIGERCODE/packages/tiger_module/source/tiger_module_trinity_sequence.h
tiger_module_trinity_sequence.h.2	3	c:/dev/Tiger/DL_Default/TigerCode/packages/tiger_module/source/tiger_module_trinity_sequence.h
tiger_module_trinity_vfx.cpp	7	c:/dev/Tiger/DL_Default/TigerCode/packages/tiger_module/source/tiger_module_trinity_vfx.cpp
tiger_module_ucap.cpp	27	c:/dev/Tiger/DL_Default/TigerCode/packages/tiger_module/source/tiger_module_ucap.cpp
tiger_module_ucap.h	7	../../../../../TIGERCODE/packages/tiger_module/include/tiger_module_ucap.h
tiger_module_ucap.h.2	6	c:/dev/Tiger/DL_Default/TigerCode/packages/tiger_module/include/tiger_module_ucap.h
tiger_mtx.cpp	15	c:/dev/Tiger/DL_Default/TigerCode/packages/tiger_math/dev/source/tiger_mtx.cpp
tiger_particle_emitter.cpp	4	c:/dev/Tiger/DL_Default/TigerCode/Code/Golf/Actors/tiger_particle_emitter.cpp
tiger_particle_mgr.cpp	15	c:/dev/Tiger/DL_Default/TigerCode/Code/Golf/Actors/tiger_particle_mgr.cpp
tiger_quat.cpp	17	c:/dev/Tiger/DL_Default/TigerCode/packages/tiger_math/dev/source/tiger_quat.cpp
tiger_vec.cpp	4	c:/dev/Tiger/DL_Default/TigerCode/packages/tiger_math/dev/source/tiger_vec.cpp
timer.h	1	C:/dev/Tiger/DL_Default/TigerCode/packages/PlayStation3GCC/110.006/installed/target/ppu/include/sys/timer.h
timer.h.2	2	C:/Dev/Tiger/DL_Default/TigerCode/packages/PlayStation3GCC/110.006/installed/target/ppu/include/sys/timer.h
timer.h.4	1	C:/packages/PlayStation3GCC/096.002/Installed/target/ppu/include/sys/timer.h
timermanager.cpp	5	C:/packages/rwaudiocore/2.08.01/source/cmn/timermanager.cpp
timestamp.cpp	2	C:/Dev/Tiger/DL_Default/TigerCode/packages/OSDK/2.06.04/core/source/common/timestamp.cpp
timestampconcrete.cpp	7	C:/Dev/Tiger/DL_Default/TigerCode/packages/OSDK/2.06.04/core/source/common/timestampconcrete.cpp
tinter.cpp	4	c:/dev/Tiger/DL_Default/TigerCode/Code/golf/TextureFX/tinter.cpp
tinter.h	1	../../../../../TIGERCODE/Code/Golf/TextureFX/Headers/tinter.h
trees.c	22	../../../Shared/XceedZip_ZLib64/trees.c
trig_operation_inline.h	1	C:/Dev/Tiger/DL_Default/TigerCode/RW45/platform/include/native/ps3-ppu-gcc/rw/math/vpu/detail/trig_operation_inline.h
truetype.cpp	40	c:/dev/Tiger/DL_Default/TigerCode/Code/AptInterface/AptPackage/AptFF/core/truetype.cpp
tsimem.cpp	8	c:/dev/Tiger/DL_Default/TigerCode/Code/AptInterface/AptPackage/AptFF/core/tsimem.cpp
tvpcontainer.cpp	2	c:/dev/Tiger/DL_Default/TigerCode/packages/ears_common/dev/src/tvpcontainer.cpp
tvpcontainer.h	1	../../../ears_common/dev/include/ears_common/tvpcontainer.h
tvpcontainer.h.2	3	../ears_common/dev/include/ears_common/tvpcontainer.h
twChar.cpp	87	c:/dev/Tiger/DL_Default/TigerCode/Code/Golf/Lo-Rendering/Geom/twChar.cpp
twChar_Morph.h	2	../../../../../TIGERCODE/Code/Golf/Lo-Rendering/Geom/twChar_Morph.h
twChar_Morph_PS3.cpp	3	c:/dev/Tiger/DL_Default/TigerCode/Code/Golf/Lo-Rendering/Geom/twChar_Morph_PS3.cpp
twChar_Skin_PS3.cpp	40	c:/dev/Tiger/DL_Default/TigerCode/Code/Golf/Lo-Rendering/Geom/twChar_Skin_PS3.cpp
twChar_Skin_PS3.h	2	../../../../../TIGERCODE/Code/Golf/Lo-Rendering/Geom/twChar_Skin_PS3.h
twChar_TriSort_PS3.cpp	6	c:/dev/Tiger/DL_Default/TigerCode/Code/Golf/Lo-Rendering/Geom/twChar_TriSort_PS3.cpp
twGeom.cpp	6	c:/dev/Tiger/DL_Default/TigerCode/Code/Golf/Lo-Rendering/Geom/twGeom.cpp
twGeom.h	4	../../../../../TIGERCODE/Code/Golf/Lo-Rendering/Geom/twGeom.h
twMaterial.cpp	23	c:/dev/Tiger/DL_Default/TigerCode/Code/Golf/Lo-Rendering/Geom/twMaterial.cpp
twProp.cpp	11	c:/dev/Tiger/DL_Default/TigerCode/Code/Golf/Lo-Rendering/Geom/twProp.cpp
twProp.h	6	../../../../../TIGERCODE/Code/Golf/Lo-Rendering/Geom/twProp.h
twbaserenderobj.cpp	2	c:/dev/Tiger/DL_Default/TigerCode/Code/Golf/RenderObjects/base/twbaserenderobj.cpp
twbaserenderobj.h	4	../../../../../TIGERCODE/Code/Golf/RenderObjects/base/twbaserenderobj.h
twchar.h	22	../../../../../TIGERCODE/Code/Golf/Lo-Rendering/Geom/twchar.h
twfrustum.cpp	1	c:/dev/Tiger/DL_Default/TigerCode/Code/Golf/RenderObjects/twfrustum.cpp
twfrustum.h	2	../../../../../TIGERCODE/Code/Golf/RenderObjects/twfrustum.h
twinstancedrenderobj.cpp	6	c:/dev/Tiger/DL_Default/TigerCode/Code/Golf/RenderObjects/instanced/ps3/twinstancedrenderobj.cpp
twinstancedrenderobj.h	1	../../../../../TIGERCODE/Code/Golf/RenderObjects/instanced/twinstancedrenderobj.h
twmodelrenderobj.cpp	4	c:/dev/Tiger/DL_Default/TigerCode/Code/Golf/RenderObjects/model/ps3/twmodelrenderobj.cpp
twrenderobjmgr.cpp	10	c:/dev/Tiger/DL_Default/TigerCode/Code/Golf/RenderObjects/twrenderobjmgr.cpp
twrenderobjmgr.h	4	../../../../../TIGERCODE/Code/Golf/RenderObjects/twrenderobjmgr.h
txrblendrule.cpp	6	c:/dev/Tiger/DL_Default/TigerCode/Code/golf/TextureFX/txrblendrule.cpp
txrblendrule.h	8	../../../../../TIGERCODE/Code/Golf/TextureFX/Headers/txrblendrule.h
txrfile.cpp	44	c:/dev/Tiger/DL_Default/TigerCode/Code/golf/TextureFX/txrfile.cpp
txrpaletterule.cpp	7	c:/dev/Tiger/DL_Default/TigerCode/Code/golf/TextureFX/txrpaletterule.cpp
txrpaletterule.h	3	../../../../../TIGERCODE/Code/Golf/TextureFX/Headers/txrpaletterule.h
txrrule.cpp	3	c:/dev/Tiger/DL_Default/TigerCode/Code/golf/TextureFX/txrrule.cpp
txrrule.h	2	../../../../../TIGERCODE/Code/Golf/TextureFX/Headers/txrrule.h
txrsliderrule.cpp	12	c:/dev/Tiger/DL_Default/TigerCode/Code/golf/TextureFX/txrsliderrule.cpp
txrsliderrule.h	3	../../../../../TIGERCODE/Code/Golf/TextureFX/Headers/txrsliderrule.h
txrtexrule.cpp	9	c:/dev/Tiger/DL_Default/TigerCode/Code/golf/TextureFX/txrtexrule.cpp
txrtexrule.h	9	../../../../../TIGERCODE/Code/Golf/TextureFX/Headers/txrtexrule.h
txrtintrule.cpp	7	c:/dev/Tiger/DL_Default/TigerCode/Code/golf/TextureFX/txrtintrule.cpp
txrtintrule.h	3	../../../../../TIGERCODE/Code/Golf/TextureFX/Headers/txrtintrule.h
txufile.cpp	1	c:/dev/Tiger/DL_Default/TigerCode/Code/golf/TextureFX/txufile.cpp
types.h	12	C:/Dev/Tiger/DL_Default/TigerCode/packages/quick_spu/dev-football/include/quick_spu/ps3/types.h
ucs2.h	3	../../../../../TIGERCODE/Code/AptInterface/AptPackage/ea/string/ucs2.h
uiAptAlloc.cpp	18	c:/dev/Tiger/DL_Default/TigerCode/Code/aptInterface/uiAptAlloc.cpp
uiAptAlloc.h	1	../../../../../TIGERCODE/Code/AptInterface/uiAptAlloc.h
uiAptAnimations.cpp	14	c:/dev/Tiger/DL_Default/TigerCode/Code/aptInterface/uiAptAnimations.cpp
uiAptAnimations.h	33	c:/dev/Tiger/DL_Default/TigerCode/Code/aptInterface/uiAptAnimations.h
uiAptControllerListener.cpp	21	c:/dev/Tiger/DL_Default/TigerCode/Code/aptInterface/uiAptControllerListener.cpp
uiAptControllerListener.h	11	../../../../../TIGERCODE/Code/AptInterface/uiAptControllerListener.h
uiAptDebugInfo.cpp	26	c:/dev/Tiger/DL_Default/TigerCode/Code/aptInterface/uiAptDebugInfo.cpp
uiAptDebugInfo.h	7	c:/dev/Tiger/DL_Default/TigerCode/Code/aptInterface/uiAptDebugInfo.h
uiAptDrawText.cpp	15	c:/dev/Tiger/DL_Default/TigerCode/Code/aptInterface/uiAptDrawText.cpp
uiAptDrawText.h	6	../../../../../TIGERCODE/Code/AptInterface/uiAptDrawText.h
uiAptDrawText_FF.cpp	65	c:/dev/Tiger/DL_Default/TigerCode/Code/aptInterface/uiAptDrawText_FF.cpp
uiAptDrawText_ff.h	48	../../../../../TIGERCODE/Code/AptInterface/uiAptDrawText_ff.h
uiAptDrawText_ps3.cpp	5	c:/dev/Tiger/DL_Default/TigerCode/Code/aptInterface/uiAptDrawText_ps3.cpp
uiAptInterface.cpp	40	c:/dev/Tiger/DL_Default/TigerCode/Code/aptInterface/uiAptInterface.cpp
uiAptLoadApx.cpp	16	c:/dev/Tiger/DL_Default/TigerCode/Code/aptInterface/uiAptLoadApx.cpp
uiAptLoadApx.h	10	../../../../../TIGERCODE/Code/AptInterface/uiAptLoadApx.h
uiAptLoadFromFile.cpp	3	c:/dev/Tiger/DL_Default/TigerCode/Code/aptInterface/uiAptLoadFromFile.cpp
uiAptProcessInterface.c	5	c:/dev/Tiger/DL_Default/TigerCode/Code/Golf/UI_Core/AptRuntime/uiAptProcessInterface.c
uiAptSFXSubscriber.cpp	55	c:/dev/Tiger/DL_Default/TigerCode/Code/aptInterface/uiAptSFXSubscriber.cpp
uiAptSFXSubscriber.h	19	../../../../../TIGERCODE/Code/AptInterface/uiAptSFXSubscriber.h
uiAptStreamSupport.cpp	90	c:/dev/Tiger/DL_Default/TigerCode/Code/aptInterface/uiAptStreamSupport.cpp
uiAptStreamSupport.h	15	../../../../../TIGERCODE/Code/AptInterface/uiAptStreamSupport.h
uiAptStreamSupport.h.2	1	c:/dev/Tiger/DL_Default/TigerCode/Code/AptInterface/uiAptStreamSupport.h
uiAptSubscriber.cpp	119	c:/dev/Tiger/DL_Default/TigerCode/Code/aptInterface/uiAptSubscriber.cpp
uiAptSubscriber.h	110	../../../../../TIGERCODE/Code/AptInterface/uiAptSubscriber.h
uiEATrax.c	7	c:/dev/Tiger/DL_Default/TigerCode/Code/golf/ui_core/istudio_runtime/uiEATrax.c
uiKeyboard.c	6	c:/dev/Tiger/DL_Default/TigerCode/Code/golf/ui_core/istudio_runtime/uiKeyboard.c
uiLoadFile.c	2	c:/dev/Tiger/DL_Default/TigerCode/Code/golf/ui_core/istudio_runtime/uiLoadFile.c
uiObject.c	8	c:/dev/Tiger/DL_Default/TigerCode/Code/golf/ui_core/istudio_runtime/uiObject.c
uiProcessPolygon.c	4	c:/dev/Tiger/DL_Default/TigerCode/Code/golf/ui_core/istudio_runtime/uiProcessPolygon.c
uiProcessPolygon.h	4	../../../../../TIGERCODE/Code/Golf/UI_Core/iStudio_Runtime/Headers/uiProcessPolygon.h
uiRender.cpp	15	c:/dev/Tiger/DL_Default/TigerCode/Code/aptInterface/uiRender.cpp
uiRender_LL.cpp	6	c:/dev/Tiger/DL_Default/TigerCode/Code/aptInterface/uiRender_LL.cpp
ui_MenuBase.h	21	../../../../../TIGERCODE/Code/Golf/UI_Core/AptRuntime/Headers/ui_MenuBase.h
ui_menuCirc.h	18	c:/dev/Tiger/DL_Default/TigerCode/Code/golf/UI_Core/AptRuntime/headers/ui_menuCirc.h
ui_unity.cpp	1	c:/dev/Tiger/DL_Default/TigerCode/Code/ui_unity.cpp
uiglobals.h	1	../../../../../TIGERCODE/Code/Golf/ui_core/uiinterface/headers/uiglobals.h
umath.h	2	../ears_rt_math/dev/include/ears_rt_math/umath.h
unsuspendcallback.cpp	2	C:/Dev/Tiger/DL_Default/TigerCode/packages/OSDK/2.06.04/core/source/common/unsuspendcallback.cpp
user.cpp	2	C:/Dev/Tiger/DL_Default/TigerCode/packages/OSDK/2.06.04/core/source/common/user.cpp
userconcrete.cpp	71	C:/Dev/Tiger/DL_Default/TigerCode/packages/OSDK/2.06.04/core/source/common/userconcrete.cpp
userconcrete.h	5	C:/Dev/Tiger/DL_Default/TigerCode/packages/OSDK/2.06.04/core/source/common/./userconcrete.h
usergetreputationcallback.cpp	2	C:/Dev/Tiger/DL_Default/TigerCode/packages/OSDK/2.06.04/core/source/common/usergetreputationcallback.cpp
userinfo.h	48	../../../../../TIGERCODE/Code/Golf/User/Headers/userinfo.h
userlocal.cpp	2	C:/Dev/Tiger/DL_Default/TigerCode/packages/OSDK/2.06.04/core/source/common/userlocal.cpp
userlocalabstract.cpp	15	C:/Dev/Tiger/DL_Default/TigerCode/packages/OSDK/2.06.04/core/source/common/userlocalabstract.cpp
userlocalabstract.h	2	C:/Dev/Tiger/DL_Default/TigerCode/packages/OSDK/2.06.04/core/source/common/./userlocalabstract.h
userlocalconcrete.cpp	9	C:/Dev/Tiger/DL_Default/TigerCode/packages/OSDK/2.06.04/core/source/ps3/userlocalconcrete.cpp
userlocallogincallback.cpp	2	C:/Dev/Tiger/DL_Default/TigerCode/packages/OSDK/2.06.04/core/source/common/userlocallogincallback.cpp
usermanager.cpp.2	2	C:/Dev/Tiger/DL_Default/TigerCode/packages/OSDK/2.06.04/core/source/common/usermanager.cpp
usermanagerconcrete.cpp	25	C:/Dev/Tiger/DL_Default/TigerCode/packages/OSDK/2.06.04/core/source/common/usermanagerconcrete.cpp
usermanagerconcrete.h	3	C:/Dev/Tiger/DL_Default/TigerCode/packages/OSDK/2.06.04/core/source/common/./usermanagerconcrete.h
usermusicarbiter.cpp	3	C:/packages/rwaudiocore/2.08.01/source/plugins/usermusicarbiter.cpp
usermusicarbiter.h	1	C:/packages/rwaudiocore/2.08.01/include/rw/audio/core/plugins/usermusicarbiter.h
userobserver.cpp	2	C:/Dev/Tiger/DL_Default/TigerCode/packages/OSDK/2.06.04/core/source/common/userobserver.cpp
usersendinvitecallback.cpp	2	C:/Dev/Tiger/DL_Default/TigerCode/packages/OSDK/2.06.04/core/source/common/usersendinvitecallback.cpp
utf8.h	2	../../../../../TIGERCODE/Code/AptInterface/AptPackage/ea/string/utf8.h
util.cpp	8	c:/dev/Tiger/DL_Default/TigerCode/Code/AptInterface/AptPackage/AptFF/core/util.cpp
util.cpp.2	4	c:/dev/Tiger/DL_Default/TigerCode/Code/Headgate/SOURCE/Utils/util.cpp
util.h	1	C:/Dev/Tiger/DL_Default/TigerCode/RW45/platform/include/native/ps3-ppu-gcc/rw/core/stdc/util.h
utility	2	C:/dev/Tiger/DL_Default/TigerCode/packages/PlayStation3GCC/110.006/installed/target/ppu/include/utility
uvecflt.h.2	24	../ears_rt_math/dev/include/ears_rt_math/uvecflt.h
vector	35	C:/dev/Tiger/DL_Default/TigerCode/packages/PlayStation3GCC/110.006/installed/target/ppu/include/vector
vector2_operation_inline.h	2	../../../../../TIGERCODE/RW45/platform/include/native/ps3-ppu-gcc/rw/math/vpu/detail/vector2_operation_inline.h
vector2_operation_inline.h.2	2	C:/Dev/Tiger/DL_Default/TigerCode/RW45/platform/include/native/ps3-ppu-gcc/rw/math/vpu/detail/vector2_operation_inline.h
vector2_type_inline.h	6	../../../../../TIGERCODE/RW45/platform/include/native/ps3-ppu-gcc/rw/math/vpu/detail/vector2_type_inline.h
vector2_type_inline.h.2	6	C:/Dev/Tiger/DL_Default/TigerCode/RW45/platform/include/native/ps3-ppu-gcc/rw/math/vpu/detail/vector2_type_inline.h
vector3_operation_inline.h	5	../../../../../TIGERCODE/RW45/platform/include/native/ps3-ppu-gcc/rw/math/vpu/detail/vector3_operation_inline.h
vector3_operation_inline.h.2	6	C:/Dev/Tiger/DL_Default/TigerCode/RW45/platform/include/native/ps3-ppu-gcc/rw/math/vpu/detail/vector3_operation_inline.h
vector3_type_inline.h	9	../../../../../TIGERCODE/RW45/platform/include/native/ps3-ppu-gcc/rw/math/vpu/detail/vector3_type_inline.h
vector3_type_inline.h.2	10	C:/Dev/Tiger/DL_Default/TigerCode/RW45/platform/include/native/ps3-ppu-gcc/rw/math/vpu/detail/vector3_type_inline.h
vector4_operation_inline.h	12	../../../../../TIGERCODE/RW45/platform/include/native/ps3-ppu-gcc/rw/math/vpu/detail/vector4_operation_inline.h
vector4_operation_inline.h.2	2	C:/Dev/Tiger/DL_Default/TigerCode/RW45/platform/include/native/ps3-ppu-gcc/rw/math/vpu/detail/vector4_operation_inline.h
vector4_type_inline.h	12	../../../../../TIGERCODE/RW45/platform/include/native/ps3-ppu-gcc/rw/math/vpu/detail/vector4_type_inline.h
vector4_type_inline.h.2	14	C:/Dev/Tiger/DL_Default/TigerCode/RW45/platform/include/native/ps3-ppu-gcc/rw/math/vpu/detail/vector4_type_inline.h
vector_intrinsic_operation_inline.h	16	../../../../../TIGERCODE/RW45/platform/include/native/ps3-ppu-gcc/rw/math/vpu/detail/vector_intrinsic_operation_inline.h
vector_intrinsic_operation_inline.h.2	20	C:/Dev/Tiger/DL_Default/TigerCode/RW45/platform/include/native/ps3-ppu-gcc/rw/math/vpu/detail/vector_intrinsic_operation_inline.h
videodecoder_mpv.cpp	14	c:/dev/Tiger/DL_Default/TigerCode/Code/Golf/MoviePlayer/ps3/videodecoder_mpv.cpp
videorenderable.cpp	7	C:/packages/rwmovie/1.04.01/source/movielib/movieplayer/cmn/videorenderable.cpp
videorenderablemanager.cpp	26	C:/packages/rwmovie/1.04.01/source/movielib/moviedecoder/cmn/videorenderablemanager.cpp
videorenderablemanager.h	2	C:/packages/rwmovie/1.04.01/source/movielib/moviedecoder/cmn/videorenderablemanager.h
videorenderer_tw.cpp	26	c:/dev/Tiger/DL_Default/TigerCode/Code/Golf/MoviePlayer/videorenderer_tw.cpp
virtualdriveurl.cpp	14	C:/Dev/Tiger/DL_Default/TigerCode/packages/OSDK/2.06.04/core/source/common/virtualdriveurl.cpp
virtualdriveurl.h	7	C:/Dev/Tiger/DL_Default/TigerCode/packages/OSDK/2.06.04/core/source/common/./././virtualdriveurl.h
vmx_macros.h	5	../../../../../TIGERCODE/RW45/platform/include/native/ps3-ppu-gcc/rw/math/vpu/detail/vmx_macros.h
vmx_macros.h.2	3	C:/Dev/Tiger/DL_Default/TigerCode/RW45/platform/include/native/ps3-ppu-gcc/rw/math/vpu/detail/vmx_macros.h
voice.cpp	14	C:/packages/rwaudiocore/2.08.01/source/cmn/voice.cpp
voice.h	1	../../../../../TIGERCODE/packages/rwaudiocore/2.08.01/include/rw/audio/core/voice.h
voice.h.2	5	C:/packages/rwaudiocore/2.08.01/include/rw/audio/core/voice.h
voicedisconnectobserver.cpp	2	C:/Dev/Tiger/DL_Default/TigerCode/packages/OSDK/2.06.04/core/source/common/voicedisconnectobserver.cpp
voiceuser.cpp	2	C:/Dev/Tiger/DL_Default/TigerCode/packages/OSDK/2.06.04/core/source/common/voiceuser.cpp
voiceuserconcrete.cpp	13	C:/Dev/Tiger/DL_Default/TigerCode/packages/OSDK/2.06.04/core/source/common/voiceuserconcrete.cpp
voiceuserconcrete.h	4	C:/Dev/Tiger/DL_Default/TigerCode/packages/OSDK/2.06.04/core/source/common/./voiceuserconcrete.h
voip.cpp	2	C:/Dev/Tiger/DL_Default/TigerCode/packages/OSDK/2.06.04/core/source/common/voip.cpp
voipconcrete.cpp	5	C:/Dev/Tiger/DL_Default/TigerCode/packages/OSDK/2.06.04/core/source/common/voipconcrete.cpp
weboffer.cpp	3	C:/Dev/Tiger/DL_Default/TigerCode/packages/OSDK/2.06.04/core/source/common/weboffer.cpp
weboffer_impl.cpp	29	c:/dev/Tiger/DL_Default/TigerCode/Code/golf/online/osdk/weboffer_impl.cpp
webofferconcrete.cpp	37	C:/Dev/Tiger/DL_Default/TigerCode/packages/OSDK/2.06.04/core/source/common/webofferconcrete.cpp
webofferconcrete.h	14	C:/Dev/Tiger/DL_Default/TigerCode/packages/OSDK/2.06.04/core/source/common/./webofferconcrete.h
webofferhttpcallback.cpp	2	C:/Dev/Tiger/DL_Default/TigerCode/packages/OSDK/2.06.04/core/source/common/webofferhttpcallback.cpp
weboffermediaresource.cpp	3	C:/Dev/Tiger/DL_Default/TigerCode/packages/OSDK/2.06.04/core/source/common/weboffermediaresource.cpp
weboffermediaresourceconcrete.cpp	2	C:/Dev/Tiger/DL_Default/TigerCode/packages/OSDK/2.06.04/core/source/common/weboffermediaresourceconcrete.cpp
weboffermediaresourceconcrete.h	4	C:/Dev/Tiger/DL_Default/TigerCode/packages/OSDK/2.06.04/core/source/common/./././weboffermediaresourceconcrete.h
webofferscriptinfo.cpp	2	C:/Dev/Tiger/DL_Default/TigerCode/packages/OSDK/2.06.04/core/source/common/webofferscriptinfo.cpp
webofferscriptinfoconcrete.cpp	2	C:/Dev/Tiger/DL_Default/TigerCode/packages/OSDK/2.06.04/core/source/common/webofferscriptinfoconcrete.cpp
webofferscriptinfoconcrete.h	35	C:/Dev/Tiger/DL_Default/TigerCode/packages/OSDK/2.06.04/core/source/common/./webofferscriptinfoconcrete.h
webofferscriptinfomanager.cpp	2	C:/Dev/Tiger/DL_Default/TigerCode/packages/OSDK/2.06.04/core/source/common/webofferscriptinfomanager.cpp
webofferscriptinfomanagerconcrete.cpp	5	C:/Dev/Tiger/DL_Default/TigerCode/packages/OSDK/2.06.04/core/source/common/webofferscriptinfomanagerconcrete.cpp
webofferscriptinfomanagerconcrete.h	1	C:/Dev/Tiger/DL_Default/TigerCode/packages/OSDK/2.06.04/core/source/common/././webofferscriptinfomanagerconcrete.h
webofferscriptstring.cpp	1	C:/Dev/Tiger/DL_Default/TigerCode/packages/OSDK/2.06.04/core/source/common/webofferscriptstring.cpp
webofferscriptstring.h	5	C:/Dev/Tiger/DL_Default/TigerCode/packages/OSDK/2.06.04/core/source/common/././webofferscriptstring.h
webofferstrategy.h	4	../../../../../TIGERCODE/packages/osdk/2.06.04/core/include/common/osdk/gamefacade/webofferstrategy.h
webofferstrategyconcrete.cpp	3	c:/dev/Tiger/DL_Default/TigerCode/Code/golf/online/osdk/webofferstrategyconcrete.cpp
weboffertypes.cpp	36	C:/Dev/Tiger/DL_Default/TigerCode/packages/OSDK/2.06.04/core/source/common/weboffertypes.cpp
weboffertypesconcrete.cpp	71	C:/Dev/Tiger/DL_Default/TigerCode/packages/OSDK/2.06.04/core/source/common/weboffertypesconcrete.cpp
weboffertypesconcrete.h	98	C:/Dev/Tiger/DL_Default/TigerCode/packages/OSDK/2.06.04/core/source/common/././weboffertypesconcrete.h
wind1.cpp	18	c:/dev/Tiger/DL_Default/TigerCode/Code/Headgate/SOURCE/Game/Engine/wind1.cpp
xmemory	19	C:/dev/Tiger/DL_Default/TigerCode/packages/PlayStation3GCC/110.006/installed/target/ppu/include/xmemory
xml.h	1	../../../../../TIGERCODE/RW45/platform/include/native/ps3-ppu-gcc/rw/core/xml/xml.h
xmlrpc.c	57	c:/dev/Tiger/DL_Default/TigerCode/Code/Golf/Network/xmlrpc.c
xplatform_particle_emitter.cpp	7	c:/dev/Tiger/DL_Default/TigerCode/Code/Golf/Actors/xplatform_particle_emitter.cpp
xplatform_particle_mgr.cpp	7	c:/dev/Tiger/DL_Default/TigerCode/Code/Golf/Actors/xplatform_particle_mgr.cpp
xstring	14	C:/dev/Tiger/DL_Default/TigerCode/packages/PlayStation3GCC/110.006/installed/target/ppu/include/xstring
xutility	19	C:/dev/Tiger/DL_Default/TigerCode/packages/PlayStation3GCC/110.006/installed/target/ppu/include/xutility
zutil.c	5	c:/dev/Tiger/DL_Default/TigerCode/Code/Shared/XceedZip_ZLib64/zutil.c
