total_exact	total_pct	UISEvent_pct	UISEvent_exact	UIStudio_pct	UIStudio_exact	UISApi_pct	UISApi_exact	UISScreen_pct	UISScreen_exact	flags
10	221.195	46.510	1	63.540	0	61.616	5	49.530	4	opt=-O2,p | inline=-inline smart | pool= | str=-str reuse | fpc=-fp_contract on | lang=-lang=c | cc=GC/2.5 | misc=
10	235.730	50.716	1	67.135	0	62.041	5	55.838	4	opt=-O3,s | inline=-inline smart | pool= | str=-str reuse | fpc=-fp_contract on | lang=-lang=c | cc=GC/2.5 | misc=
14	317.986	74.279	1	89.021	0	86.374	6	68.312	7	opt=-O4,s | inline=-inline smart | pool= | str=-str reuse | fpc=-fp_contract on | lang=-lang=c | cc=GC/2.5 | misc=
26	352.833	85.536	3	97.456	3	91.079	9	78.763	11	opt=-O4,p -opt nocse | inline=-inline smart | pool= | str=-str reuse | fpc=-fp_contract on | lang=-lang=c | cc=GC/2.5 | misc=
10	263.848	58.885	1	71.402	0	68.439	5	65.121	4	opt=-O3,p | inline=-inline smart | pool= | str=-str reuse | fpc=-fp_contract on | lang=-lang=c | cc=GC/2.5 | misc=
11	333.205	80.085	2	91.723	0	90.430	6	70.968	3	opt=-O4,p -opt nopeephole | inline=-inline smart | pool= | str=-str reuse | fpc=-fp_contract on | lang=-lang=c | cc=GC/2.5 | misc=
29	359.546	85.727	4	97.991	3	94.927	10	80.901	12	opt=-O4,p | inline=-inline smart | pool= | str=-str reuse | fpc=-fp_contract on | lang=-lang=c | cc=GC/2.5 | misc=
28	356.736	85.727	4	96.338	3	94.583	9	80.089	12	opt=-O4,p -opt nolifetimes | inline=-inline smart | pool= | str=-str reuse | fpc=-fp_contract on | lang=-lang=c | cc=GC/2.5 | misc=
19	354.635	85.324	2	97.225	2	93.389	8	78.698	7	opt=-O4,p -opt nopropagation | inline=-inline smart | pool= | str=-str reuse | fpc=-fp_contract on | lang=-lang=c | cc=GC/2.5 | misc=
10	263.962	58.867	1	71.374	0	68.688	5	65.033	4	opt=-O4,p -opt noschedule | inline=-inline smart | pool= | str=-str reuse | fpc=-fp_contract on | lang=-lang=c | cc=GC/2.5 | misc=
29	359.546	85.727	4	97.991	3	94.927	10	80.901	12	opt=-O4,p | inline=-inline deferred | pool= | str=-str reuse | fpc=-fp_contract on | lang=-lang=c | cc=GC/2.5 | misc=
33	385.125	95.597	6	97.991	3	95.857	11	95.680	13	opt=-O4,p | inline=-inline auto | pool= | str=-str reuse | fpc=-fp_contract on | lang=-lang=c | cc=GC/2.5 | misc=
33	385.125	95.597	6	97.991	3	95.857	11	95.680	13	opt=-O4,p | inline=-inline auto,deferred | pool= | str=-str reuse | fpc=-fp_contract on | lang=-lang=c | cc=GC/2.5 | misc=
27	315.835	61.684	4	96.022	2	85.833	10	72.296	11	opt=-O4,p | inline=-inline off | pool= | str=-str reuse | fpc=-fp_contract on | lang=-lang=c | cc=GC/2.5 | misc=
29	359.546	85.727	4	97.991	3	94.927	10	80.901	12	opt=-O4,p | inline=-inline smart | pool= | str=-str reuse,readonly | fpc=-fp_contract on | lang=-lang=c | cc=GC/2.5 | misc=
29	360.854	87.036	4	97.991	3	94.927	10	80.901	12	opt=-O4,p | inline=-inline smart | pool=-pragma "pool_data on" | str=-str reuse | fpc=-fp_contract on | lang=-lang=c | cc=GC/2.5 | misc=
25	354.120	84.689	3	97.391	3	93.663	10	78.378	9	opt=-O4,p -opt noloop | inline=-inline smart | pool= | str=-str reuse | fpc=-fp_contract on | lang=-lang=c | cc=GC/2.5 | misc=
33	385.125	95.597	6	97.991	3	95.857	11	95.680	13	opt=-O4,p | inline=-inline all | pool= | str=-str reuse | fpc=-fp_contract on | lang=-lang=c | cc=GC/2.5 | misc=
-1	-1.000	ERR	ERR	ERR	ERR	ERR	ERR	ERR	ERR	opt=-O4,p | inline=-inline smart | pool= | str=-str reuse | fpc=-fp_contract on | lang=-lang=c++ | cc=GC/2.5 | misc=
29	359.546	85.727	4	97.991	3	94.927	10	80.901	12	opt=-O4,p | inline=-inline smart | pool= | str=-str readonly | fpc=-fp_contract on | lang=-lang=c | cc=GC/2.5 | misc=
29	359.546	85.727	4	97.991	3	94.927	10	80.901	12	opt=-O4,p | inline=-inline smart | pool= | str=-str noreuse | fpc=-fp_contract on | lang=-lang=c | cc=GC/2.5 | misc=
29	359.470	85.727	4	97.991	3	94.851	10	80.901	12	opt=-O4,p | inline=-inline smart | pool= | str=-str reuse | fpc=-fp_contract off | lang=-lang=c | cc=GC/2.5 | misc=
29	359.546	85.727	4	97.991	3	94.927	10	80.901	12	opt=-O4,p | inline=-inline smart | pool= | str=-str reuse | fpc=-fp_contract on | lang=-lang=c | cc=GC/1.3.2 | misc=
29	359.546	85.727	4	97.991	3	94.927	10	80.901	12	opt=-O4,p | inline=-inline smart | pool= | str=-str reuse | fpc=-fp_contract on | lang=-lang=c | cc=GC/1.1 | misc=
29	359.546	85.727	4	97.991	3	94.927	10	80.901	12	opt=-O4,p | inline=-inline smart | pool= | str=-str reuse | fpc=-fp_contract on | lang=-lang=c | cc=GC/1.2.5 | misc=
19	354.635	85.324	2	97.225	2	93.389	8	78.698	7	opt=-O4,p | inline=-inline smart | pool= | str=-str reuse | fpc=-fp_contract on | lang=-lang=c | cc=GC/2.5 | misc=-pragma "opt_propagation off"
29	359.546	85.727	4	97.991	3	94.927	10	80.901	12	opt=-O4,p | inline=-inline smart | pool= | str=-str reuse | fpc=-fp_contract on | lang=-lang=c | cc=GC/3.0a3 | misc=
10	263.962	58.867	1	71.374	0	68.688	5	65.033	4	opt=-O4,p | inline=-inline smart | pool= | str=-str reuse | fpc=-fp_contract on | lang=-lang=c | cc=GC/2.5 | misc=-pragma "scheduling off"
26	352.833	85.536	3	97.456	3	91.079	9	78.763	11	opt=-O4,p | inline=-inline smart | pool= | str=-str reuse | fpc=-fp_contract on | lang=-lang=c | cc=GC/2.5 | misc=-pragma "opt_common_subs off"
29	359.546	85.727	4	97.991	3	94.927	10	80.901	12	opt=-O4,p | inline=-inline smart | pool= | str=-str reuse | fpc=-fp_contract on | lang=-lang=c | cc=GC/3.0a5 | misc=
29	359.337	85.556	4	97.953	3	94.927	10	80.901	12	opt=-O4,p | inline=-inline smart | pool= | str=-str reuse | fpc=-fp_contract on | lang=-lang=c | cc=GC/2.5 | misc=-pragma "opt_dead_assignments off"
11	333.205	80.085	2	91.723	0	90.430	6	70.968	3	opt=-O4,p | inline=-inline smart | pool= | str=-str reuse | fpc=-fp_contract on | lang=-lang=c | cc=GC/2.5 | misc=-pragma "peephole off"
28	356.736	85.727	4	96.338	3	94.583	9	80.089	12	opt=-O4,p | inline=-inline smart | pool= | str=-str reuse | fpc=-fp_contract on | lang=-lang=c | cc=GC/2.5 | misc=-pragma "opt_lifetimes off"
10	234.732	52.406	1	63.540	0	61.616	5	57.171	4	opt=-O2,p | inline=-inline auto | pool= | str=-str reuse | fpc=-fp_contract on | lang=-lang=c | cc=GC/2.5 | misc=
14	339.871	83.272	1	89.021	0	87.004	6	80.574	7	opt=-O4,s | inline=-inline auto | pool= | str=-str reuse | fpc=-fp_contract on | lang=-lang=c | cc=GC/2.5 | misc=
10	282.867	66.519	1	71.402	0	69.359	5	75.587	4	opt=-O3,p | inline=-inline auto | pool= | str=-str reuse | fpc=-fp_contract on | lang=-lang=c | cc=GC/2.5 | misc=
10	252.162	58.265	1	67.135	0	62.664	5	64.098	4	opt=-O3,s | inline=-inline auto | pool= | str=-str reuse | fpc=-fp_contract on | lang=-lang=c | cc=GC/2.5 | misc=
32	382.315	95.597	6	96.338	3	95.512	10	94.868	13	opt=-O4,p -opt nolifetimes | inline=-inline auto | pool= | str=-str reuse | fpc=-fp_contract on | lang=-lang=c | cc=GC/2.5 | misc=
10	282.981	66.501	1	71.374	0	69.607	5	75.499	4	opt=-O4,p -opt noschedule | inline=-inline auto | pool= | str=-str reuse | fpc=-fp_contract on | lang=-lang=c | cc=GC/2.5 | misc=
28	378.076	95.078	4	97.456	3	92.008	10	93.533	11	opt=-O4,p -opt nocse | inline=-inline auto | pool= | str=-str reuse | fpc=-fp_contract on | lang=-lang=c | cc=GC/2.5 | misc=
20	379.187	94.962	2	97.225	2	94.319	9	92.681	7	opt=-O4,p -opt nopropagation | inline=-inline auto | pool= | str=-str reuse | fpc=-fp_contract on | lang=-lang=c | cc=GC/2.5 | misc=
11	356.983	89.060	2	91.723	0	91.349	6	84.851	3	opt=-O4,p -opt nopeephole | inline=-inline auto | pool= | str=-str reuse | fpc=-fp_contract on | lang=-lang=c | cc=GC/2.5 | misc=
27	377.766	93.029	4	97.391	3	94.172	10	93.174	10	opt=-O4,p -opt noloop | inline=-inline auto | pool= | str=-str reuse | fpc=-fp_contract on | lang=-lang=c | cc=GC/2.5 | misc=
33	387.356	97.828	6	97.991	3	95.857	11	95.680	13	opt=-O4,p | inline=-inline auto | pool=-pragma "pool_data on" | str=-str reuse | fpc=-fp_contract on | lang=-lang=c | cc=GC/2.5 | misc=
33	387.356	97.828	6	97.991	3	95.857	11	95.680	13	opt=-O4,p | inline=-inline auto | pool=-pragma "pool_data on" | str=-str reuse,readonly | fpc=-fp_contract on | lang=-lang=c | cc=GC/2.5 | misc=
33	387.356	97.828	6	97.991	3	95.857	11	95.680	13	opt=-O4,p | inline=-inline auto | pool=-pragma "pool_data on" | str=-str readonly | fpc=-fp_contract on | lang=-lang=c | cc=GC/2.5 | misc=
33	387.356	97.828	6	97.991	3	95.857	11	95.680	13	opt=-O4,p | inline=-inline auto | pool=-pragma "pool_data on" | str=-str noreuse | fpc=-fp_contract on | lang=-lang=c | cc=GC/2.5 | misc=
33	387.280	97.828	6	97.991	3	95.781	11	95.680	13	opt=-O4,p | inline=-inline auto | pool=-pragma "pool_data on" | str=-str reuse | fpc=-fp_contract off | lang=-lang=c | cc=GC/2.5 | misc=
-1	-1.000	ERR	ERR	ERR	ERR	ERR	ERR	ERR	ERR	opt=-O4,p | inline=-inline auto | pool=-pragma "pool_data on" | str=-str reuse | fpc=-fp_contract on | lang=-lang=c++ | cc=GC/2.5 | misc=
33	387.356	97.828	6	97.991	3	95.857	11	95.680	13	opt=-O4,p | inline=-inline auto | pool=-pragma "pool_data on" | str=-str reuse | fpc=-fp_contract on | lang=-lang=c | cc=GC/1.3.2 | misc=
33	387.356	97.828	6	97.991	3	95.857	11	95.680	13	opt=-O4,p | inline=-inline auto | pool=-pragma "pool_data on" | str=-str reuse | fpc=-fp_contract on | lang=-lang=c | cc=GC/1.1 | misc=
33	387.356	97.828	6	97.991	3	95.857	11	95.680	13	opt=-O4,p | inline=-inline auto | pool=-pragma "pool_data on" | str=-str reuse | fpc=-fp_contract on | lang=-lang=c | cc=GC/1.2.5 | misc=
33	387.356	97.828	6	97.991	3	95.857	11	95.680	13	opt=-O4,p | inline=-inline auto | pool=-pragma "pool_data on" | str=-str reuse | fpc=-fp_contract on | lang=-lang=c | cc=GC/3.0a3 | misc=
33	387.356	97.828	6	97.991	3	95.857	11	95.680	13	opt=-O4,p | inline=-inline auto | pool=-pragma "pool_data on" | str=-str reuse | fpc=-fp_contract on | lang=-lang=c | cc=GC/3.0a5 | misc=
28	380.006	97.008	4	97.456	3	92.008	10	93.533	11	opt=-O4,p | inline=-inline auto | pool=-pragma "pool_data on" | str=-str reuse | fpc=-fp_contract on | lang=-lang=c | cc=GC/2.5 | misc=-pragma "opt_common_subs off"
33	387.147	97.657	6	97.953	3	95.857	11	95.680	13	opt=-O4,p | inline=-inline auto | pool=-pragma "pool_data on" | str=-str reuse | fpc=-fp_contract on | lang=-lang=c | cc=GC/2.5 | misc=-pragma "opt_dead_assignments off"
11	358.736	90.813	2	91.723	0	91.349	6	84.851	3	opt=-O4,p | inline=-inline auto | pool=-pragma "pool_data on" | str=-str reuse | fpc=-fp_contract on | lang=-lang=c | cc=GC/2.5 | misc=-pragma "peephole off"
10	283.601	67.122	1	71.374	0	69.607	5	75.499	4	opt=-O4,p | inline=-inline auto | pool=-pragma "pool_data on" | str=-str reuse | fpc=-fp_contract on | lang=-lang=c | cc=GC/2.5 | misc=-pragma "scheduling off"
20	381.404	97.179	2	97.225	2	94.319	9	92.681	7	opt=-O4,p | inline=-inline auto | pool=-pragma "pool_data on" | str=-str reuse | fpc=-fp_contract on | lang=-lang=c | cc=GC/2.5 | misc=-pragma "opt_propagation off"
32	384.546	97.828	6	96.338	3	95.512	10	94.868	13	opt=-O4,p | inline=-inline auto | pool=-pragma "pool_data on" | str=-str reuse | fpc=-fp_contract on | lang=-lang=c | cc=GC/2.5 | misc=-pragma "opt_lifetimes off"
10	283.488	67.139	1	71.402	0	69.359	5	75.587	4	opt=-O3,p | inline=-inline auto | pool=-pragma "pool_data on" | str=-str reuse | fpc=-fp_contract on | lang=-lang=c | cc=GC/2.5 | misc=
14	341.713	85.113	1	89.021	0	87.004	6	80.574	7	opt=-O4,s | inline=-inline auto | pool=-pragma "pool_data on" | str=-str reuse | fpc=-fp_contract on | lang=-lang=c | cc=GC/2.5 | misc=
10	235.360	53.034	1	63.540	0	61.616	5	57.171	4	opt=-O2,p | inline=-inline auto | pool=-pragma "pool_data on" | str=-str reuse | fpc=-fp_contract on | lang=-lang=c | cc=GC/2.5 | misc=
10	252.782	58.885	1	67.135	0	62.664	5	64.098	4	opt=-O3,s | inline=-inline auto | pool=-pragma "pool_data on" | str=-str reuse | fpc=-fp_contract on | lang=-lang=c | cc=GC/2.5 | misc=
28	380.006	97.008	4	97.456	3	92.008	10	93.533	11	opt=-O4,p -opt nocse | inline=-inline auto | pool=-pragma "pool_data on" | str=-str reuse | fpc=-fp_contract on | lang=-lang=c | cc=GC/2.5 | misc=
20	381.404	97.179	2	97.225	2	94.319	9	92.681	7	opt=-O4,p -opt nopropagation | inline=-inline auto | pool=-pragma "pool_data on" | str=-str reuse | fpc=-fp_contract on | lang=-lang=c | cc=GC/2.5 | misc=
10	283.601	67.122	1	71.374	0	69.607	5	75.499	4	opt=-O4,p -opt noschedule | inline=-inline auto | pool=-pragma "pool_data on" | str=-str reuse | fpc=-fp_contract on | lang=-lang=c | cc=GC/2.5 | misc=
11	358.736	90.813	2	91.723	0	91.349	6	84.851	3	opt=-O4,p -opt nopeephole | inline=-inline auto | pool=-pragma "pool_data on" | str=-str reuse | fpc=-fp_contract on | lang=-lang=c | cc=GC/2.5 | misc=
32	384.546	97.828	6	96.338	3	95.512	10	94.868	13	opt=-O4,p -opt nolifetimes | inline=-inline auto | pool=-pragma "pool_data on" | str=-str reuse | fpc=-fp_contract on | lang=-lang=c | cc=GC/2.5 | misc=
27	379.983	95.246	4	97.391	3	94.172	10	93.174	10	opt=-O4,p -opt noloop | inline=-inline auto | pool=-pragma "pool_data on" | str=-str reuse | fpc=-fp_contract on | lang=-lang=c | cc=GC/2.5 | misc=
33	387.356	97.828	6	97.991	3	95.857	11	95.680	13	opt=-O4,p | inline=-inline auto,deferred | pool=-pragma "pool_data on" | str=-str reuse | fpc=-fp_contract on | lang=-lang=c | cc=GC/2.5 | misc=
29	360.854	87.036	4	97.991	3	94.927	10	80.901	12	opt=-O4,p | inline=-inline deferred | pool=-pragma "pool_data on" | str=-str reuse | fpc=-fp_contract on | lang=-lang=c | cc=GC/2.5 | misc=
33	387.356	97.828	6	97.991	3	95.857	11	95.680	13	opt=-O4,p | inline=-inline all | pool=-pragma "pool_data on" | str=-str reuse | fpc=-fp_contract on | lang=-lang=c | cc=GC/2.5 | misc=
27	317.144	62.993	4	96.022	2	85.833	10	72.296	11	opt=-O4,p | inline=-inline off | pool=-pragma "pool_data on" | str=-str reuse | fpc=-fp_contract on | lang=-lang=c | cc=GC/2.5 | misc=
10	234.732	52.406	1	63.540	0	61.616	5	57.171	4	opt=-O2,p | inline=-inline auto,deferred | pool= | str=-str reuse | fpc=-fp_contract on | lang=-lang=c | cc=GC/2.5 | misc=
10	252.162	58.265	1	67.135	0	62.664	5	64.098	4	opt=-O3,s | inline=-inline auto,deferred | pool= | str=-str reuse | fpc=-fp_contract on | lang=-lang=c | cc=GC/2.5 | misc=
10	282.867	66.519	1	71.402	0	69.359	5	75.587	4	opt=-O3,p | inline=-inline auto,deferred | pool= | str=-str reuse | fpc=-fp_contract on | lang=-lang=c | cc=GC/2.5 | misc=
14	339.871	83.272	1	89.021	0	87.004	6	80.574	7	opt=-O4,s | inline=-inline auto,deferred | pool= | str=-str reuse | fpc=-fp_contract on | lang=-lang=c | cc=GC/2.5 | misc=
28	378.076	95.078	4	97.456	3	92.008	10	93.533	11	opt=-O4,p -opt nocse | inline=-inline auto,deferred | pool= | str=-str reuse | fpc=-fp_contract on | lang=-lang=c | cc=GC/2.5 | misc=
20	379.187	94.962	2	97.225	2	94.319	9	92.681	7	opt=-O4,p -opt nopropagation | inline=-inline auto,deferred | pool= | str=-str reuse | fpc=-fp_contract on | lang=-lang=c | cc=GC/2.5 | misc=
10	282.981	66.501	1	71.374	0	69.607	5	75.499	4	opt=-O4,p -opt noschedule | inline=-inline auto,deferred | pool= | str=-str reuse | fpc=-fp_contract on | lang=-lang=c | cc=GC/2.5 | misc=
32	382.315	95.597	6	96.338	3	95.512	10	94.868	13	opt=-O4,p -opt nolifetimes | inline=-inline auto,deferred | pool= | str=-str reuse | fpc=-fp_contract on | lang=-lang=c | cc=GC/2.5 | misc=
11	356.983	89.060	2	91.723	0	91.349	6	84.851	3	opt=-O4,p -opt nopeephole | inline=-inline auto,deferred | pool= | str=-str reuse | fpc=-fp_contract on | lang=-lang=c | cc=GC/2.5 | misc=
27	377.766	93.029	4	97.391	3	94.172	10	93.174	10	opt=-O4,p -opt noloop | inline=-inline auto,deferred | pool= | str=-str reuse | fpc=-fp_contract on | lang=-lang=c | cc=GC/2.5 | misc=
33	387.356	97.828	6	97.991	3	95.857	11	95.680	13	opt=-O4,p | inline=-inline auto,deferred | pool=-pragma "pool_data on" | str=-str noreuse | fpc=-fp_contract on | lang=-lang=c | cc=GC/2.5 | misc=
33	387.361	97.833	6	97.991	3	95.857	11	95.680	13	opt=-O4,p | inline=-inline auto,deferred | pool=-pragma "pool_data on" | str=-str reuse,readonly | fpc=-fp_contract on | lang=-lang=c | cc=GC/2.5 | misc=
33	387.361	97.833	6	97.991	3	95.857	11	95.680	13	opt=-O4,p | inline=-inline auto,deferred | pool=-pragma "pool_data on" | str=-str readonly | fpc=-fp_contract on | lang=-lang=c | cc=GC/2.5 | misc=
33	387.285	97.833	6	97.991	3	95.781	11	95.680	13	opt=-O4,p | inline=-inline auto,deferred | pool=-pragma "pool_data on" | str=-str reuse,readonly | fpc=-fp_contract off | lang=-lang=c | cc=GC/2.5 | misc=
-1	-1.000	ERR	ERR	ERR	ERR	ERR	ERR	ERR	ERR	opt=-O4,p | inline=-inline auto,deferred | pool=-pragma "pool_data on" | str=-str reuse,readonly | fpc=-fp_contract on | lang=-lang=c++ | cc=GC/2.5 | misc=
33	387.361	97.833	6	97.991	3	95.857	11	95.680	13	opt=-O4,p | inline=-inline auto,deferred | pool=-pragma "pool_data on" | str=-str reuse,readonly | fpc=-fp_contract on | lang=-lang=c | cc=GC/1.3.2 | misc=
33	387.361	97.833	6	97.991	3	95.857	11	95.680	13	opt=-O4,p | inline=-inline auto,deferred | pool=-pragma "pool_data on" | str=-str reuse,readonly | fpc=-fp_contract on | lang=-lang=c | cc=GC/1.2.5 | misc=
33	387.361	97.833	6	97.991	3	95.857	11	95.680	13	opt=-O4,p | inline=-inline auto,deferred | pool=-pragma "pool_data on" | str=-str reuse,readonly | fpc=-fp_contract on | lang=-lang=c | cc=GC/1.1 | misc=
33	387.361	97.833	6	97.991	3	95.857	11	95.680	13	opt=-O4,p | inline=-inline auto,deferred | pool=-pragma "pool_data on" | str=-str reuse,readonly | fpc=-fp_contract on | lang=-lang=c | cc=GC/3.0a3 | misc=
33	387.361	97.833	6	97.991	3	95.857	11	95.680	13	opt=-O4,p | inline=-inline auto,deferred | pool=-pragma "pool_data on" | str=-str reuse,readonly | fpc=-fp_contract on | lang=-lang=c | cc=GC/3.0a5 | misc=
28	380.012	97.014	4	97.456	3	92.008	10	93.533	11	opt=-O4,p | inline=-inline auto,deferred | pool=-pragma "pool_data on" | str=-str reuse,readonly | fpc=-fp_contract on | lang=-lang=c | cc=GC/2.5 | misc=-pragma "opt_common_subs off"
33	387.153	97.663	6	97.953	3	95.857	11	95.680	13	opt=-O4,p | inline=-inline auto,deferred | pool=-pragma "pool_data on" | str=-str reuse,readonly | fpc=-fp_contract on | lang=-lang=c | cc=GC/2.5 | misc=-pragma "opt_dead_assignments off"
10	283.601	67.122	1	71.374	0	69.607	5	75.499	4	opt=-O4,p | inline=-inline auto,deferred | pool=-pragma "pool_data on" | str=-str reuse,readonly | fpc=-fp_contract on | lang=-lang=c | cc=GC/2.5 | misc=-pragma "scheduling off"
20	381.409	97.184	2	97.225	2	94.319	9	92.681	7	opt=-O4,p | inline=-inline auto,deferred | pool=-pragma "pool_data on" | str=-str reuse,readonly | fpc=-fp_contract on | lang=-lang=c | cc=GC/2.5 | misc=-pragma "opt_propagation off"
32	384.551	97.833	6	96.338	3	95.512	10	94.868	13	opt=-O4,p | inline=-inline auto,deferred | pool=-pragma "pool_data on" | str=-str reuse,readonly | fpc=-fp_contract on | lang=-lang=c | cc=GC/2.5 | misc=-pragma "opt_lifetimes off"
11	358.741	90.818	2	91.723	0	91.349	6	84.851	3	opt=-O4,p | inline=-inline auto,deferred | pool=-pragma "pool_data on" | str=-str reuse,readonly | fpc=-fp_contract on | lang=-lang=c | cc=GC/2.5 | misc=-pragma "peephole off"
10	235.360	53.034	1	63.540	0	61.616	5	57.171	4	opt=-O2,p | inline=-inline auto,deferred | pool=-pragma "pool_data on" | str=-str reuse,readonly | fpc=-fp_contract on | lang=-lang=c | cc=GC/2.5 | misc=
10	252.782	58.885	1	67.135	0	62.664	5	64.098	4	opt=-O3,s | inline=-inline auto,deferred | pool=-pragma "pool_data on" | str=-str reuse,readonly | fpc=-fp_contract on | lang=-lang=c | cc=GC/2.5 | misc=
10	283.488	67.139	1	71.402	0	69.359	5	75.587	4	opt=-O3,p | inline=-inline auto,deferred | pool=-pragma "pool_data on" | str=-str reuse,readonly | fpc=-fp_contract on | lang=-lang=c | cc=GC/2.5 | misc=
14	341.718	85.119	1	89.021	0	87.004	6	80.574	7	opt=-O4,s | inline=-inline auto,deferred | pool=-pragma "pool_data on" | str=-str reuse,readonly | fpc=-fp_contract on | lang=-lang=c | cc=GC/2.5 | misc=
28	380.012	97.014	4	97.456	3	92.008	10	93.533	11	opt=-O4,p -opt nocse | inline=-inline auto,deferred | pool=-pragma "pool_data on" | str=-str reuse,readonly | fpc=-fp_contract on | lang=-lang=c | cc=GC/2.5 | misc=
11	358.741	90.818	2	91.723	0	91.349	6	84.851	3	opt=-O4,p -opt nopeephole | inline=-inline auto,deferred | pool=-pragma "pool_data on" | str=-str reuse,readonly | fpc=-fp_contract on | lang=-lang=c | cc=GC/2.5 | misc=
20	381.409	97.184	2	97.225	2	94.319	9	92.681	7	opt=-O4,p -opt nopropagation | inline=-inline auto,deferred | pool=-pragma "pool_data on" | str=-str reuse,readonly | fpc=-fp_contract on | lang=-lang=c | cc=GC/2.5 | misc=
10	283.601	67.122	1	71.374	0	69.607	5	75.499	4	opt=-O4,p -opt noschedule | inline=-inline auto,deferred | pool=-pragma "pool_data on" | str=-str reuse,readonly | fpc=-fp_contract on | lang=-lang=c | cc=GC/2.5 | misc=
32	384.551	97.833	6	96.338	3	95.512	10	94.868	13	opt=-O4,p -opt nolifetimes | inline=-inline auto,deferred | pool=-pragma "pool_data on" | str=-str reuse,readonly | fpc=-fp_contract on | lang=-lang=c | cc=GC/2.5 | misc=
27	379.989	95.251	4	97.391	3	94.172	10	93.174	10	opt=-O4,p -opt noloop | inline=-inline auto,deferred | pool=-pragma "pool_data on" | str=-str reuse,readonly | fpc=-fp_contract on | lang=-lang=c | cc=GC/2.5 | misc=
29	360.854	87.036	4	97.991	3	94.927	10	80.901	12	opt=-O4,p | inline=-inline smart | pool=-pragma "pool_data on" | str=-str reuse,readonly | fpc=-fp_contract on | lang=-lang=c | cc=GC/2.5 | misc=
27	317.144	62.993	4	96.022	2	85.833	10	72.296	11	opt=-O4,p | inline=-inline off | pool=-pragma "pool_data on" | str=-str reuse,readonly | fpc=-fp_contract on | lang=-lang=c | cc=GC/2.5 | misc=
29	360.860	87.041	4	97.991	3	94.927	10	80.901	12	opt=-O4,p | inline=-inline deferred | pool=-pragma "pool_data on" | str=-str reuse,readonly | fpc=-fp_contract on | lang=-lang=c | cc=GC/2.5 | misc=
33	387.356	97.828	6	97.991	3	95.857	11	95.680	13	opt=-O4,p | inline=-inline all | pool=-pragma "pool_data on" | str=-str reuse,readonly | fpc=-fp_contract on | lang=-lang=c | cc=GC/2.5 | misc=
33	385.125	95.597	6	97.991	3	95.857	11	95.680	13	opt=-O4,p | inline=-inline auto,deferred | pool= | str=-str reuse,readonly | fpc=-fp_contract on | lang=-lang=c | cc=GC/2.5 | misc=
10	234.732	52.406	1	63.540	0	61.616	5	57.171	4	opt=-O2,p | inline=-inline all | pool= | str=-str reuse | fpc=-fp_contract on | lang=-lang=c | cc=GC/2.5 | misc=
10	252.162	58.265	1	67.135	0	62.664	5	64.098	4	opt=-O3,s | inline=-inline all | pool= | str=-str reuse | fpc=-fp_contract on | lang=-lang=c | cc=GC/2.5 | misc=
10	282.867	66.519	1	71.402	0	69.359	5	75.587	4	opt=-O3,p | inline=-inline all | pool= | str=-str reuse | fpc=-fp_contract on | lang=-lang=c | cc=GC/2.5 | misc=
14	339.871	83.272	1	89.021	0	87.004	6	80.574	7	opt=-O4,s | inline=-inline all | pool= | str=-str reuse | fpc=-fp_contract on | lang=-lang=c | cc=GC/2.5 | misc=
32	382.315	95.597	6	96.338	3	95.512	10	94.868	13	opt=-O4,p -opt nolifetimes | inline=-inline all | pool= | str=-str reuse | fpc=-fp_contract on | lang=-lang=c | cc=GC/2.5 | misc=
20	379.187	94.962	2	97.225	2	94.319	9	92.681	7	opt=-O4,p -opt nopropagation | inline=-inline all | pool= | str=-str reuse | fpc=-fp_contract on | lang=-lang=c | cc=GC/2.5 | misc=
28	378.076	95.078	4	97.456	3	92.008	10	93.533	11	opt=-O4,p -opt nocse | inline=-inline all | pool= | str=-str reuse | fpc=-fp_contract on | lang=-lang=c | cc=GC/2.5 | misc=
11	356.983	89.060	2	91.723	0	91.349	6	84.851	3	opt=-O4,p -opt nopeephole | inline=-inline all | pool= | str=-str reuse | fpc=-fp_contract on | lang=-lang=c | cc=GC/2.5 | misc=
27	377.766	93.029	4	97.391	3	94.172	10	93.174	10	opt=-O4,p -opt noloop | inline=-inline all | pool= | str=-str reuse | fpc=-fp_contract on | lang=-lang=c | cc=GC/2.5 | misc=
10	282.981	66.501	1	71.374	0	69.607	5	75.499	4	opt=-O4,p -opt noschedule | inline=-inline all | pool= | str=-str reuse | fpc=-fp_contract on | lang=-lang=c | cc=GC/2.5 | misc=
33	387.356	97.828	6	97.991	3	95.857	11	95.680	13	opt=-O4,p | inline=-inline all | pool=-pragma "pool_data on" | str=-str noreuse | fpc=-fp_contract on | lang=-lang=c | cc=GC/2.5 | misc=
33	387.356	97.828	6	97.991	3	95.857	11	95.680	13	opt=-O4,p | inline=-inline all | pool=-pragma "pool_data on" | str=-str readonly | fpc=-fp_contract on | lang=-lang=c | cc=GC/2.5 | misc=
33	387.280	97.828	6	97.991	3	95.781	11	95.680	13	opt=-O4,p | inline=-inline all | pool=-pragma "pool_data on" | str=-str reuse | fpc=-fp_contract off | lang=-lang=c | cc=GC/2.5 | misc=
-1	-1.000	ERR	ERR	ERR	ERR	ERR	ERR	ERR	ERR	opt=-O4,p | inline=-inline all | pool=-pragma "pool_data on" | str=-str reuse | fpc=-fp_contract on | lang=-lang=c++ | cc=GC/2.5 | misc=
33	387.356	97.828	6	97.991	3	95.857	11	95.680	13	opt=-O4,p | inline=-inline all | pool=-pragma "pool_data on" | str=-str reuse | fpc=-fp_contract on | lang=-lang=c | cc=GC/1.3.2 | misc=
33	387.356	97.828	6	97.991	3	95.857	11	95.680	13	opt=-O4,p | inline=-inline all | pool=-pragma "pool_data on" | str=-str reuse | fpc=-fp_contract on | lang=-lang=c | cc=GC/1.1 | misc=
33	387.356	97.828	6	97.991	3	95.857	11	95.680	13	opt=-O4,p | inline=-inline all | pool=-pragma "pool_data on" | str=-str reuse | fpc=-fp_contract on | lang=-lang=c | cc=GC/3.0a5 | misc=
33	387.356	97.828	6	97.991	3	95.857	11	95.680	13	opt=-O4,p | inline=-inline all | pool=-pragma "pool_data on" | str=-str reuse | fpc=-fp_contract on | lang=-lang=c | cc=GC/1.2.5 | misc=
33	387.356	97.828	6	97.991	3	95.857	11	95.680	13	opt=-O4,p | inline=-inline all | pool=-pragma "pool_data on" | str=-str reuse | fpc=-fp_contract on | lang=-lang=c | cc=GC/3.0a3 | misc=
20	381.404	97.179	2	97.225	2	94.319	9	92.681	7	opt=-O4,p | inline=-inline all | pool=-pragma "pool_data on" | str=-str reuse | fpc=-fp_contract on | lang=-lang=c | cc=GC/2.5 | misc=-pragma "opt_propagation off"
28	380.006	97.008	4	97.456	3	92.008	10	93.533	11	opt=-O4,p | inline=-inline all | pool=-pragma "pool_data on" | str=-str reuse | fpc=-fp_contract on | lang=-lang=c | cc=GC/2.5 | misc=-pragma "opt_common_subs off"
10	283.601	67.122	1	71.374	0	69.607	5	75.499	4	opt=-O4,p | inline=-inline all | pool=-pragma "pool_data on" | str=-str reuse | fpc=-fp_contract on | lang=-lang=c | cc=GC/2.5 | misc=-pragma "scheduling off"
33	387.147	97.657	6	97.953	3	95.857	11	95.680	13	opt=-O4,p | inline=-inline all | pool=-pragma "pool_data on" | str=-str reuse | fpc=-fp_contract on | lang=-lang=c | cc=GC/2.5 | misc=-pragma "opt_dead_assignments off"
32	384.546	97.828	6	96.338	3	95.512	10	94.868	13	opt=-O4,p | inline=-inline all | pool=-pragma "pool_data on" | str=-str reuse | fpc=-fp_contract on | lang=-lang=c | cc=GC/2.5 | misc=-pragma "opt_lifetimes off"
11	358.736	90.813	2	91.723	0	91.349	6	84.851	3	opt=-O4,p | inline=-inline all | pool=-pragma "pool_data on" | str=-str reuse | fpc=-fp_contract on | lang=-lang=c | cc=GC/2.5 | misc=-pragma "peephole off"
10	283.488	67.139	1	71.402	0	69.359	5	75.587	4	opt=-O3,p | inline=-inline all | pool=-pragma "pool_data on" | str=-str reuse | fpc=-fp_contract on | lang=-lang=c | cc=GC/2.5 | misc=
14	341.713	85.113	1	89.021	0	87.004	6	80.574	7	opt=-O4,s | inline=-inline all | pool=-pragma "pool_data on" | str=-str reuse | fpc=-fp_contract on | lang=-lang=c | cc=GC/2.5 | misc=
10	235.360	53.034	1	63.540	0	61.616	5	57.171	4	opt=-O2,p | inline=-inline all | pool=-pragma "pool_data on" | str=-str reuse | fpc=-fp_contract on | lang=-lang=c | cc=GC/2.5 | misc=
10	252.782	58.885	1	67.135	0	62.664	5	64.098	4	opt=-O3,s | inline=-inline all | pool=-pragma "pool_data on" | str=-str reuse | fpc=-fp_contract on | lang=-lang=c | cc=GC/2.5 | misc=
28	380.006	97.008	4	97.456	3	92.008	10	93.533	11	opt=-O4,p -opt nocse | inline=-inline all | pool=-pragma "pool_data on" | str=-str reuse | fpc=-fp_contract on | lang=-lang=c | cc=GC/2.5 | misc=
11	358.736	90.813	2	91.723	0	91.349	6	84.851	3	opt=-O4,p -opt nopeephole | inline=-inline all | pool=-pragma "pool_data on" | str=-str reuse | fpc=-fp_contract on | lang=-lang=c | cc=GC/2.5 | misc=
10	283.601	67.122	1	71.374	0	69.607	5	75.499	4	opt=-O4,p -opt noschedule | inline=-inline all | pool=-pragma "pool_data on" | str=-str reuse | fpc=-fp_contract on | lang=-lang=c | cc=GC/2.5 | misc=
27	379.983	95.246	4	97.391	3	94.172	10	93.174	10	opt=-O4,p -opt noloop | inline=-inline all | pool=-pragma "pool_data on" | str=-str reuse | fpc=-fp_contract on | lang=-lang=c | cc=GC/2.5 | misc=
20	381.404	97.179	2	97.225	2	94.319	9	92.681	7	opt=-O4,p -opt nopropagation | inline=-inline all | pool=-pragma "pool_data on" | str=-str reuse | fpc=-fp_contract on | lang=-lang=c | cc=GC/2.5 | misc=
32	384.546	97.828	6	96.338	3	95.512	10	94.868	13	opt=-O4,p -opt nolifetimes | inline=-inline all | pool=-pragma "pool_data on" | str=-str reuse | fpc=-fp_contract on | lang=-lang=c | cc=GC/2.5 | misc=
10	221.868	47.183	1	63.540	0	61.616	5	49.530	4	opt=-O2,p | inline=-inline smart | pool=-pragma "pool_data on" | str=-str reuse | fpc=-fp_contract on | lang=-lang=c | cc=GC/2.5 | misc=
10	236.404	51.389	1	67.135	0	62.041	5	55.838	4	opt=-O3,s | inline=-inline smart | pool=-pragma "pool_data on" | str=-str reuse | fpc=-fp_contract on | lang=-lang=c | cc=GC/2.5 | misc=
10	264.522	59.559	1	71.402	0	68.439	5	65.121	4	opt=-O3,p | inline=-inline smart | pool=-pragma "pool_data on" | str=-str reuse | fpc=-fp_contract on | lang=-lang=c | cc=GC/2.5 | misc=
14	319.294	75.587	1	89.021	0	86.374	6	68.312	7	opt=-O4,s | inline=-inline smart | pool=-pragma "pool_data on" | str=-str reuse | fpc=-fp_contract on | lang=-lang=c | cc=GC/2.5 | misc=
19	355.944	86.633	2	97.225	2	93.389	8	78.698	7	opt=-O4,p -opt nopropagation | inline=-inline smart | pool=-pragma "pool_data on" | str=-str reuse | fpc=-fp_contract on | lang=-lang=c | cc=GC/2.5 | misc=
11	334.235	81.115	2	91.723	0	90.430	6	70.968	3	opt=-O4,p -opt nopeephole | inline=-inline smart | pool=-pragma "pool_data on" | str=-str reuse | fpc=-fp_contract on | lang=-lang=c | cc=GC/2.5 | misc=
10	264.636	59.541	1	71.374	0	68.688	5	65.033	4	opt=-O4,p -opt noschedule | inline=-inline smart | pool=-pragma "pool_data on" | str=-str reuse | fpc=-fp_contract on | lang=-lang=c | cc=GC/2.5 | misc=
28	358.045	87.036	4	96.338	3	94.583	9	80.089	12	opt=-O4,p -opt nolifetimes | inline=-inline smart | pool=-pragma "pool_data on" | str=-str reuse | fpc=-fp_contract on | lang=-lang=c | cc=GC/2.5 | misc=
26	354.142	86.844	3	97.456	3	91.079	9	78.763	11	opt=-O4,p -opt nocse | inline=-inline smart | pool=-pragma "pool_data on" | str=-str reuse | fpc=-fp_contract on | lang=-lang=c | cc=GC/2.5 | misc=
25	355.429	85.997	3	97.391	3	93.663	10	78.378	9	opt=-O4,p -opt noloop | inline=-inline smart | pool=-pragma "pool_data on" | str=-str reuse | fpc=-fp_contract on | lang=-lang=c | cc=GC/2.5 | misc=
-1	-1.000	ERR	ERR	ERR	ERR	ERR	ERR	ERR	ERR	opt=-O4,s | inline=-inline off | pool= | str=-str readonly | fpc=-fp_contract on | lang=-lang=c++ | cc=GC/1.1 | misc=-pragma "opt_dead_assignments off"
-1	-1.000	ERR	ERR	ERR	ERR	ERR	ERR	ERR	ERR	opt=-O4,p | inline=-inline off | pool= | str=-str readonly | fpc=-fp_contract on | lang=-lang=c++ | cc=GC/1.1 | misc=-pragma "opt_dead_assignments off"
-1	-1.000	ERR	ERR	ERR	ERR	ERR	ERR	ERR	ERR	opt=-O3,p | inline=-inline off | pool= | str=-str readonly | fpc=-fp_contract on | lang=-lang=c++ | cc=GC/1.1 | misc=-pragma "opt_dead_assignments off"
-1	-1.000	ERR	ERR	ERR	ERR	ERR	ERR	ERR	ERR	opt=-O3,s | inline=-inline off | pool= | str=-str readonly | fpc=-fp_contract on | lang=-lang=c++ | cc=GC/1.1 | misc=-pragma "opt_dead_assignments off"
-1	-1.000	ERR	ERR	ERR	ERR	ERR	ERR	ERR	ERR	opt=-O2,p | inline=-inline off | pool= | str=-str readonly | fpc=-fp_contract on | lang=-lang=c++ | cc=GC/1.1 | misc=-pragma "opt_dead_assignments off"
-1	-1.000	ERR	ERR	ERR	ERR	ERR	ERR	ERR	ERR	opt=-O4,p -opt nolifetimes | inline=-inline off | pool= | str=-str readonly | fpc=-fp_contract on | lang=-lang=c++ | cc=GC/1.1 | misc=-pragma "opt_dead_assignments off"
-1	-1.000	ERR	ERR	ERR	ERR	ERR	ERR	ERR	ERR	opt=-O4,p -opt noschedule | inline=-inline off | pool= | str=-str readonly | fpc=-fp_contract on | lang=-lang=c++ | cc=GC/1.1 | misc=-pragma "opt_dead_assignments off"
-1	-1.000	ERR	ERR	ERR	ERR	ERR	ERR	ERR	ERR	opt=-O4,p -opt nopropagation | inline=-inline off | pool= | str=-str readonly | fpc=-fp_contract on | lang=-lang=c++ | cc=GC/1.1 | misc=-pragma "opt_dead_assignments off"
-1	-1.000	ERR	ERR	ERR	ERR	ERR	ERR	ERR	ERR	opt=-O4,p -opt nopeephole | inline=-inline off | pool= | str=-str readonly | fpc=-fp_contract on | lang=-lang=c++ | cc=GC/1.1 | misc=-pragma "opt_dead_assignments off"
-1	-1.000	ERR	ERR	ERR	ERR	ERR	ERR	ERR	ERR	opt=-O4,p -opt noloop | inline=-inline off | pool= | str=-str readonly | fpc=-fp_contract on | lang=-lang=c++ | cc=GC/1.1 | misc=-pragma "opt_dead_assignments off"
-1	-1.000	ERR	ERR	ERR	ERR	ERR	ERR	ERR	ERR	opt=-O4,p -opt nocse | inline=-inline off | pool= | str=-str readonly | fpc=-fp_contract on | lang=-lang=c++ | cc=GC/1.1 | misc=-pragma "opt_dead_assignments off"
-1	-1.000	ERR	ERR	ERR	ERR	ERR	ERR	ERR	ERR	opt=-O3,p | inline=-inline smart | pool= | str=-str readonly | fpc=-fp_contract on | lang=-lang=c++ | cc=GC/1.1 | misc=-pragma "opt_dead_assignments off"
-1	-1.000	ERR	ERR	ERR	ERR	ERR	ERR	ERR	ERR	opt=-O3,p | inline=-inline auto | pool= | str=-str readonly | fpc=-fp_contract on | lang=-lang=c++ | cc=GC/1.1 | misc=-pragma "opt_dead_assignments off"
-1	-1.000	ERR	ERR	ERR	ERR	ERR	ERR	ERR	ERR	opt=-O3,p | inline=-inline deferred | pool= | str=-str readonly | fpc=-fp_contract on | lang=-lang=c++ | cc=GC/1.1 | misc=-pragma "opt_dead_assignments off"
-1	-1.000	ERR	ERR	ERR	ERR	ERR	ERR	ERR	ERR	opt=-O3,p | inline=-inline all | pool= | str=-str readonly | fpc=-fp_contract on | lang=-lang=c++ | cc=GC/1.1 | misc=-pragma "opt_dead_assignments off"
-1	-1.000	ERR	ERR	ERR	ERR	ERR	ERR	ERR	ERR	opt=-O3,p | inline=-inline auto,deferred | pool= | str=-str readonly | fpc=-fp_contract on | lang=-lang=c++ | cc=GC/1.1 | misc=-pragma "opt_dead_assignments off"
-1	-1.000	ERR	ERR	ERR	ERR	ERR	ERR	ERR	ERR	opt=-O3,p | inline=-inline off | pool=-pragma "pool_data on" | str=-str readonly | fpc=-fp_contract on | lang=-lang=c++ | cc=GC/1.1 | misc=-pragma "opt_dead_assignments off"
-1	-1.000	ERR	ERR	ERR	ERR	ERR	ERR	ERR	ERR	opt=-O3,p | inline=-inline off | pool= | str=-str reuse | fpc=-fp_contract on | lang=-lang=c++ | cc=GC/1.1 | misc=-pragma "opt_dead_assignments off"
-1	-1.000	ERR	ERR	ERR	ERR	ERR	ERR	ERR	ERR	opt=-O3,p | inline=-inline off | pool= | str=-str reuse,readonly | fpc=-fp_contract on | lang=-lang=c++ | cc=GC/1.1 | misc=-pragma "opt_dead_assignments off"
-1	-1.000	ERR	ERR	ERR	ERR	ERR	ERR	ERR	ERR	opt=-O3,p | inline=-inline off | pool= | str=-str noreuse | fpc=-fp_contract on | lang=-lang=c++ | cc=GC/1.1 | misc=-pragma "opt_dead_assignments off"
-1	-1.000	ERR	ERR	ERR	ERR	ERR	ERR	ERR	ERR	opt=-O3,p | inline=-inline off | pool= | str=-str readonly | fpc=-fp_contract off | lang=-lang=c++ | cc=GC/1.1 | misc=-pragma "opt_dead_assignments off"
10	235.737	43.898	1	70.205	0	63.453	5	58.182	4	opt=-O3,p | inline=-inline off | pool= | str=-str readonly | fpc=-fp_contract on | lang=-lang=c | cc=GC/1.1 | misc=-pragma "opt_dead_assignments off"
10	235.737	43.898	1	70.205	0	63.453	5	58.182	4	opt=-O3,p | inline=-inline off | pool= | str=-str readonly | fpc=-fp_contract on | lang=-lang=c | cc=GC/2.5 | misc=-pragma "opt_dead_assignments off"
10	235.737	43.898	1	70.205	0	63.453	5	58.182	4	opt=-O3,p | inline=-inline off | pool= | str=-str readonly | fpc=-fp_contract on | lang=-lang=c | cc=GC/1.2.5 | misc=-pragma "opt_dead_assignments off"
10	235.737	43.898	1	70.205	0	63.453	5	58.182	4	opt=-O3,p | inline=-inline off | pool= | str=-str readonly | fpc=-fp_contract on | lang=-lang=c | cc=GC/3.0a3 | misc=-pragma "opt_dead_assignments off"
10	235.737	43.898	1	70.205	0	63.453	5	58.182	4	opt=-O3,p | inline=-inline off | pool= | str=-str readonly | fpc=-fp_contract on | lang=-lang=c | cc=GC/3.0a5 | misc=-pragma "opt_dead_assignments off"
10	235.737	43.898	1	70.205	0	63.453	5	58.182	4	opt=-O3,p | inline=-inline off | pool= | str=-str readonly | fpc=-fp_contract on | lang=-lang=c | cc=GC/1.3.2 | misc=-pragma "opt_dead_assignments off"
10	235.603	43.764	1	70.205	0	63.453	5	58.182	4	opt=-O3,p | inline=-inline off | pool= | str=-str readonly | fpc=-fp_contract on | lang=-lang=c | cc=GC/1.1 | misc=-pragma "scheduling off"
10	234.430	43.529	1	70.133	0	63.508	5	57.261	4	opt=-O3,p | inline=-inline off | pool= | str=-str readonly | fpc=-fp_contract on | lang=-lang=c | cc=GC/1.1 | misc=-pragma "opt_propagation off"
10	235.603	43.764	1	70.205	0	63.453	5	58.182	4	opt=-O3,p | inline=-inline off | pool= | str=-str readonly | fpc=-fp_contract on | lang=-lang=c | cc=GC/1.1 | misc=
10	232.423	43.723	1	69.855	0	62.373	5	56.472	4	opt=-O3,p | inline=-inline off | pool= | str=-str readonly | fpc=-fp_contract on | lang=-lang=c | cc=GC/1.1 | misc=-pragma "opt_common_subs off"
10	234.538	43.764	1	69.601	0	63.274	5	57.899	4	opt=-O3,p | inline=-inline off | pool= | str=-str readonly | fpc=-fp_contract on | lang=-lang=c | cc=GC/1.1 | misc=-pragma "opt_lifetimes off"
8	224.472	42.597	1	68.003	0	61.676	5	52.197	2	opt=-O3,p | inline=-inline off | pool= | str=-str readonly | fpc=-fp_contract on | lang=-lang=c | cc=GC/1.1 | misc=-pragma "peephole off"
10	208.134	41.109	1	62.960	0	57.729	5	46.335	4	opt=-O2,p | inline=-inline off | pool= | str=-str readonly | fpc=-fp_contract on | lang=-lang=c | cc=GC/1.1 | misc=-pragma "opt_dead_assignments off"
10	219.488	43.587	1	66.609	0	57.920	5	51.371	4	opt=-O3,s | inline=-inline off | pool= | str=-str readonly | fpc=-fp_contract on | lang=-lang=c | cc=GC/1.1 | misc=-pragma "opt_dead_assignments off"
14	289.823	61.022	1	87.680	0	78.506	6	62.616	7	opt=-O4,s | inline=-inline off | pool= | str=-str readonly | fpc=-fp_contract on | lang=-lang=c | cc=GC/1.1 | misc=-pragma "opt_dead_assignments off"
27	315.832	61.719	4	95.985	2	85.833	10	72.296	11	opt=-O4,p | inline=-inline off | pool= | str=-str readonly | fpc=-fp_contract on | lang=-lang=c | cc=GC/1.1 | misc=-pragma "opt_dead_assignments off"
18	311.562	61.295	2	95.256	1	84.709	8	70.302	7	opt=-O4,p -opt nopropagation | inline=-inline off | pool= | str=-str readonly | fpc=-fp_contract on | lang=-lang=c | cc=GC/1.1 | misc=-pragma "opt_dead_assignments off"
10	236.479	44.269	1	70.239	0	63.753	5	58.218	4	opt=-O4,p -opt noschedule | inline=-inline off | pool= | str=-str readonly | fpc=-fp_contract on | lang=-lang=c | cc=GC/1.1 | misc=-pragma "opt_dead_assignments off"
25	311.317	61.452	3	95.480	2	83.922	9	70.462	11	opt=-O4,p -opt nocse | inline=-inline off | pool= | str=-str readonly | fpc=-fp_contract on | lang=-lang=c | cc=GC/1.1 | misc=-pragma "opt_dead_assignments off"
26	313.244	61.719	4	94.373	2	85.626	9	71.527	11	opt=-O4,p -opt nolifetimes | inline=-inline off | pool= | str=-str readonly | fpc=-fp_contract on | lang=-lang=c | cc=GC/1.1 | misc=-pragma "opt_dead_assignments off"
11	294.677	59.325	2	89.757	0	82.198	6	63.396	3	opt=-O4,p -opt nopeephole | inline=-inline off | pool= | str=-str readonly | fpc=-fp_contract on | lang=-lang=c | cc=GC/1.1 | misc=-pragma "opt_dead_assignments off"
24	312.963	60.947	3	95.385	2	85.613	10	71.019	9	opt=-O4,p -opt noloop | inline=-inline off | pool= | str=-str readonly | fpc=-fp_contract on | lang=-lang=c | cc=GC/1.1 | misc=-pragma "opt_dead_assignments off"
29	359.337	85.556	4	97.953	3	94.927	10	80.901	12	opt=-O4,p | inline=-inline smart | pool= | str=-str readonly | fpc=-fp_contract on | lang=-lang=c | cc=GC/1.1 | misc=-pragma "opt_dead_assignments off"
33	384.916	95.426	6	97.953	3	95.857	11	95.680	13	opt=-O4,p | inline=-inline auto,deferred | pool= | str=-str readonly | fpc=-fp_contract on | lang=-lang=c | cc=GC/1.1 | misc=-pragma "opt_dead_assignments off"
29	359.337	85.556	4	97.953	3	94.927	10	80.901	12	opt=-O4,p | inline=-inline deferred | pool= | str=-str readonly | fpc=-fp_contract on | lang=-lang=c | cc=GC/1.1 | misc=-pragma "opt_dead_assignments off"
33	384.916	95.426	6	97.953	3	95.857	11	95.680	13	opt=-O4,p | inline=-inline all | pool= | str=-str readonly | fpc=-fp_contract on | lang=-lang=c | cc=GC/1.1 | misc=-pragma "opt_dead_assignments off"
33	384.916	95.426	6	97.953	3	95.857	11	95.680	13	opt=-O4,p | inline=-inline auto | pool= | str=-str readonly | fpc=-fp_contract on | lang=-lang=c | cc=GC/1.1 | misc=-pragma "opt_dead_assignments off"
33	387.147	97.657	6	97.953	3	95.857	11	95.680	13	opt=-O4,p | inline=-inline auto | pool=-pragma "pool_data on" | str=-str readonly | fpc=-fp_contract on | lang=-lang=c | cc=GC/1.1 | misc=-pragma "opt_dead_assignments off"
33	387.147	97.657	6	97.953	3	95.857	11	95.680	13	opt=-O4,p | inline=-inline auto | pool=-pragma "pool_data on" | str=-str noreuse | fpc=-fp_contract on | lang=-lang=c | cc=GC/1.1 | misc=-pragma "opt_dead_assignments off"
33	387.147	97.657	6	97.953	3	95.857	11	95.680	13	opt=-O4,p | inline=-inline auto | pool=-pragma "pool_data on" | str=-str reuse | fpc=-fp_contract on | lang=-lang=c | cc=GC/1.1 | misc=-pragma "opt_dead_assignments off"
33	387.147	97.657	6	97.953	3	95.857	11	95.680	13	opt=-O4,p | inline=-inline auto | pool=-pragma "pool_data on" | str=-str reuse,readonly | fpc=-fp_contract on | lang=-lang=c | cc=GC/1.1 | misc=-pragma "opt_dead_assignments off"
33	387.071	97.657	6	97.953	3	95.781	11	95.680	13	opt=-O4,p | inline=-inline auto | pool=-pragma "pool_data on" | str=-str readonly | fpc=-fp_contract off | lang=-lang=c | cc=GC/1.1 | misc=-pragma "opt_dead_assignments off"
-1	-1.000	ERR	ERR	ERR	ERR	ERR	ERR	ERR	ERR	opt=-O4,p | inline=-inline auto | pool=-pragma "pool_data on" | str=-str readonly | fpc=-fp_contract on | lang=-lang=c++ | cc=GC/1.1 | misc=-pragma "opt_dead_assignments off"
33	387.147	97.657	6	97.953	3	95.857	11	95.680	13	opt=-O4,p | inline=-inline auto | pool=-pragma "pool_data on" | str=-str readonly | fpc=-fp_contract on | lang=-lang=c | cc=GC/1.3.2 | misc=-pragma "opt_dead_assignments off"
33	387.147	97.657	6	97.953	3	95.857	11	95.680	13	opt=-O4,p | inline=-inline auto | pool=-pragma "pool_data on" | str=-str readonly | fpc=-fp_contract on | lang=-lang=c | cc=GC/1.2.5 | misc=-pragma "opt_dead_assignments off"
33	387.147	97.657	6	97.953	3	95.857	11	95.680	13	opt=-O4,p | inline=-inline auto | pool=-pragma "pool_data on" | str=-str readonly | fpc=-fp_contract on | lang=-lang=c | cc=GC/2.5 | misc=-pragma "opt_dead_assignments off"
33	387.147	97.657	6	97.953	3	95.857	11	95.680	13	opt=-O4,p | inline=-inline auto | pool=-pragma "pool_data on" | str=-str readonly | fpc=-fp_contract on | lang=-lang=c | cc=GC/3.0a5 | misc=-pragma "opt_dead_assignments off"
33	387.147	97.657	6	97.953	3	95.857	11	95.680	13	opt=-O4,p | inline=-inline auto | pool=-pragma "pool_data on" | str=-str readonly | fpc=-fp_contract on | lang=-lang=c | cc=GC/3.0a3 | misc=-pragma "opt_dead_assignments off"
28	380.006	97.008	4	97.456	3	92.008	10	93.533	11	opt=-O4,p | inline=-inline auto | pool=-pragma "pool_data on" | str=-str readonly | fpc=-fp_contract on | lang=-lang=c | cc=GC/1.1 | misc=-pragma "opt_common_subs off"
33	387.356	97.828	6	97.991	3	95.857	11	95.680	13	opt=-O4,p | inline=-inline auto | pool=-pragma "pool_data on" | str=-str readonly | fpc=-fp_contract on | lang=-lang=c | cc=GC/1.1 | misc=
20	381.404	97.179	2	97.225	2	94.319	9	92.681	7	opt=-O4,p | inline=-inline auto | pool=-pragma "pool_data on" | str=-str readonly | fpc=-fp_contract on | lang=-lang=c | cc=GC/1.1 | misc=-pragma "opt_propagation off"
10	283.601	67.122	1	71.374	0	69.607	5	75.499	4	opt=-O4,p | inline=-inline auto | pool=-pragma "pool_data on" | str=-str readonly | fpc=-fp_contract on | lang=-lang=c | cc=GC/1.1 | misc=-pragma "scheduling off"
11	358.736	90.813	2	91.723	0	91.349	6	84.851	3	opt=-O4,p | inline=-inline auto | pool=-pragma "pool_data on" | str=-str readonly | fpc=-fp_contract on | lang=-lang=c | cc=GC/1.1 | misc=-pragma "peephole off"
32	384.546	97.828	6	96.338	3	95.512	10	94.868	13	opt=-O4,p | inline=-inline auto | pool=-pragma "pool_data on" | str=-str readonly | fpc=-fp_contract on | lang=-lang=c | cc=GC/1.1 | misc=-pragma "opt_lifetimes off"
10	235.360	53.034	1	63.540	0	61.616	5	57.171	4	opt=-O2,p | inline=-inline auto | pool=-pragma "pool_data on" | str=-str readonly | fpc=-fp_contract on | lang=-lang=c | cc=GC/1.1 | misc=
10	252.782	58.885	1	67.135	0	62.664	5	64.098	4	opt=-O3,s | inline=-inline auto | pool=-pragma "pool_data on" | str=-str readonly | fpc=-fp_contract on | lang=-lang=c | cc=GC/1.1 | misc=
10	283.488	67.139	1	71.402	0	69.359	5	75.587	4	opt=-O3,p | inline=-inline auto | pool=-pragma "pool_data on" | str=-str readonly | fpc=-fp_contract on | lang=-lang=c | cc=GC/1.1 | misc=
14	341.713	85.113	1	89.021	0	87.004	6	80.574	7	opt=-O4,s | inline=-inline auto | pool=-pragma "pool_data on" | str=-str readonly | fpc=-fp_contract on | lang=-lang=c | cc=GC/1.1 | misc=
20	381.404	97.179	2	97.225	2	94.319	9	92.681	7	opt=-O4,p -opt nopropagation | inline=-inline auto | pool=-pragma "pool_data on" | str=-str readonly | fpc=-fp_contract on | lang=-lang=c | cc=GC/1.1 | misc=
28	380.006	97.008	4	97.456	3	92.008	10	93.533	11	opt=-O4,p -opt nocse | inline=-inline auto | pool=-pragma "pool_data on" | str=-str readonly | fpc=-fp_contract on | lang=-lang=c | cc=GC/1.1 | misc=
11	358.736	90.813	2	91.723	0	91.349	6	84.851	3	opt=-O4,p -opt nopeephole | inline=-inline auto | pool=-pragma "pool_data on" | str=-str readonly | fpc=-fp_contract on | lang=-lang=c | cc=GC/1.1 | misc=
32	384.546	97.828	6	96.338	3	95.512	10	94.868	13	opt=-O4,p -opt nolifetimes | inline=-inline auto | pool=-pragma "pool_data on" | str=-str readonly | fpc=-fp_contract on | lang=-lang=c | cc=GC/1.1 | misc=
10	283.601	67.122	1	71.374	0	69.607	5	75.499	4	opt=-O4,p -opt noschedule | inline=-inline auto | pool=-pragma "pool_data on" | str=-str readonly | fpc=-fp_contract on | lang=-lang=c | cc=GC/1.1 | misc=
27	379.983	95.246	4	97.391	3	94.172	10	93.174	10	opt=-O4,p -opt noloop | inline=-inline auto | pool=-pragma "pool_data on" | str=-str readonly | fpc=-fp_contract on | lang=-lang=c | cc=GC/1.1 | misc=
29	360.854	87.036	4	97.991	3	94.927	10	80.901	12	opt=-O4,p | inline=-inline smart | pool=-pragma "pool_data on" | str=-str readonly | fpc=-fp_contract on | lang=-lang=c | cc=GC/1.1 | misc=
27	317.144	62.993	4	96.022	2	85.833	10	72.296	11	opt=-O4,p | inline=-inline off | pool=-pragma "pool_data on" | str=-str readonly | fpc=-fp_contract on | lang=-lang=c | cc=GC/1.1 | misc=
33	387.361	97.833	6	97.991	3	95.857	11	95.680	13	opt=-O4,p | inline=-inline auto,deferred | pool=-pragma "pool_data on" | str=-str readonly | fpc=-fp_contract on | lang=-lang=c | cc=GC/1.1 | misc=
29	360.860	87.041	4	97.991	3	94.927	10	80.901	12	opt=-O4,p | inline=-inline deferred | pool=-pragma "pool_data on" | str=-str readonly | fpc=-fp_contract on | lang=-lang=c | cc=GC/1.1 | misc=
33	387.356	97.828	6	97.991	3	95.857	11	95.680	13	opt=-O4,p | inline=-inline all | pool=-pragma "pool_data on" | str=-str readonly | fpc=-fp_contract on | lang=-lang=c | cc=GC/1.1 | misc=
33	385.125	95.597	6	97.991	3	95.857	11	95.680	13	opt=-O4,p | inline=-inline auto,deferred | pool= | str=-str readonly | fpc=-fp_contract on | lang=-lang=c | cc=GC/1.1 | misc=
33	387.356	97.828	6	97.991	3	95.857	11	95.680	13	opt=-O4,p | inline=-inline auto,deferred | pool=-pragma "pool_data on" | str=-str reuse | fpc=-fp_contract on | lang=-lang=c | cc=GC/1.1 | misc=
33	387.356	97.828	6	97.991	3	95.857	11	95.680	13	opt=-O4,p | inline=-inline auto,deferred | pool=-pragma "pool_data on" | str=-str noreuse | fpc=-fp_contract on | lang=-lang=c | cc=GC/1.1 | misc=
33	387.285	97.833	6	97.991	3	95.781	11	95.680	13	opt=-O4,p | inline=-inline auto,deferred | pool=-pragma "pool_data on" | str=-str readonly | fpc=-fp_contract off | lang=-lang=c | cc=GC/1.1 | misc=
-1	-1.000	ERR	ERR	ERR	ERR	ERR	ERR	ERR	ERR	opt=-O4,p | inline=-inline auto,deferred | pool=-pragma "pool_data on" | str=-str readonly | fpc=-fp_contract on | lang=-lang=c++ | cc=GC/1.1 | misc=
33	387.361	97.833	6	97.991	3	95.857	11	95.680	13	opt=-O4,p | inline=-inline auto,deferred | pool=-pragma "pool_data on" | str=-str readonly | fpc=-fp_contract on | lang=-lang=c | cc=GC/1.3.2 | misc=
33	387.361	97.833	6	97.991	3	95.857	11	95.680	13	opt=-O4,p | inline=-inline auto,deferred | pool=-pragma "pool_data on" | str=-str readonly | fpc=-fp_contract on | lang=-lang=c | cc=GC/1.2.5 | misc=
33	387.361	97.833	6	97.991	3	95.857	11	95.680	13	opt=-O4,p | inline=-inline auto,deferred | pool=-pragma "pool_data on" | str=-str readonly | fpc=-fp_contract on | lang=-lang=c | cc=GC/3.0a3 | misc=
33	387.361	97.833	6	97.991	3	95.857	11	95.680	13	opt=-O4,p | inline=-inline auto,deferred | pool=-pragma "pool_data on" | str=-str readonly | fpc=-fp_contract on | lang=-lang=c | cc=GC/3.0a5 | misc=
28	380.012	97.014	4	97.456	3	92.008	10	93.533	11	opt=-O4,p | inline=-inline auto,deferred | pool=-pragma "pool_data on" | str=-str readonly | fpc=-fp_contract on | lang=-lang=c | cc=GC/1.1 | misc=-pragma "opt_common_subs off"
20	381.409	97.184	2	97.225	2	94.319	9	92.681	7	opt=-O4,p | inline=-inline auto,deferred | pool=-pragma "pool_data on" | str=-str readonly | fpc=-fp_contract on | lang=-lang=c | cc=GC/1.1 | misc=-pragma "opt_propagation off"
33	387.153	97.663	6	97.953	3	95.857	11	95.680	13	opt=-O4,p | inline=-inline auto,deferred | pool=-pragma "pool_data on" | str=-str readonly | fpc=-fp_contract on | lang=-lang=c | cc=GC/1.1 | misc=-pragma "opt_dead_assignments off"
10	283.601	67.122	1	71.374	0	69.607	5	75.499	4	opt=-O4,p | inline=-inline auto,deferred | pool=-pragma "pool_data on" | str=-str readonly | fpc=-fp_contract on | lang=-lang=c | cc=GC/1.1 | misc=-pragma "scheduling off"
11	358.741	90.818	2	91.723	0	91.349	6	84.851	3	opt=-O4,p | inline=-inline auto,deferred | pool=-pragma "pool_data on" | str=-str readonly | fpc=-fp_contract on | lang=-lang=c | cc=GC/1.1 | misc=-pragma "peephole off"
32	384.551	97.833	6	96.338	3	95.512	10	94.868	13	opt=-O4,p | inline=-inline auto,deferred | pool=-pragma "pool_data on" | str=-str readonly | fpc=-fp_contract on | lang=-lang=c | cc=GC/1.1 | misc=-pragma "opt_lifetimes off"
10	252.782	58.885	1	67.135	0	62.664	5	64.098	4	opt=-O3,s | inline=-inline auto,deferred | pool=-pragma "pool_data on" | str=-str readonly | fpc=-fp_contract on | lang=-lang=c | cc=GC/1.1 | misc=
10	235.360	53.034	1	63.540	0	61.616	5	57.171	4	opt=-O2,p | inline=-inline auto,deferred | pool=-pragma "pool_data on" | str=-str readonly | fpc=-fp_contract on | lang=-lang=c | cc=GC/1.1 | misc=
14	341.718	85.119	1	89.021	0	87.004	6	80.574	7	opt=-O4,s | inline=-inline auto,deferred | pool=-pragma "pool_data on" | str=-str readonly | fpc=-fp_contract on | lang=-lang=c | cc=GC/1.1 | misc=
10	283.488	67.139	1	71.402	0	69.359	5	75.587	4	opt=-O3,p | inline=-inline auto,deferred | pool=-pragma "pool_data on" | str=-str readonly | fpc=-fp_contract on | lang=-lang=c | cc=GC/1.1 | misc=
11	358.741	90.818	2	91.723	0	91.349	6	84.851	3	opt=-O4,p -opt nopeephole | inline=-inline auto,deferred | pool=-pragma "pool_data on" | str=-str readonly | fpc=-fp_contract on | lang=-lang=c | cc=GC/1.1 | misc=
28	380.012	97.014	4	97.456	3	92.008	10	93.533	11	opt=-O4,p -opt nocse | inline=-inline auto,deferred | pool=-pragma "pool_data on" | str=-str readonly | fpc=-fp_contract on | lang=-lang=c | cc=GC/1.1 | misc=
20	381.409	97.184	2	97.225	2	94.319	9	92.681	7	opt=-O4,p -opt nopropagation | inline=-inline auto,deferred | pool=-pragma "pool_data on" | str=-str readonly | fpc=-fp_contract on | lang=-lang=c | cc=GC/1.1 | misc=
27	379.989	95.251	4	97.391	3	94.172	10	93.174	10	opt=-O4,p -opt noloop | inline=-inline auto,deferred | pool=-pragma "pool_data on" | str=-str readonly | fpc=-fp_contract on | lang=-lang=c | cc=GC/1.1 | misc=
32	384.551	97.833	6	96.338	3	95.512	10	94.868	13	opt=-O4,p -opt nolifetimes | inline=-inline auto,deferred | pool=-pragma "pool_data on" | str=-str readonly | fpc=-fp_contract on | lang=-lang=c | cc=GC/1.1 | misc=
10	283.601	67.122	1	71.374	0	69.607	5	75.499	4	opt=-O4,p -opt noschedule | inline=-inline auto,deferred | pool=-pragma "pool_data on" | str=-str readonly | fpc=-fp_contract on | lang=-lang=c | cc=GC/1.1 | misc=
10	221.123	46.510	1	63.540	0	61.543	5	49.530	4	opt=-O2,p | inline=-inline deferred | pool= | str=-str reuse | fpc=-fp_contract off | lang=-lang=c | cc=GC/1.1 | misc=-pragma "opt_dead_assignments off"
10	235.800	50.858	1	67.135	0	61.968	5	55.838	4	opt=-O3,s | inline=-inline deferred | pool= | str=-str reuse | fpc=-fp_contract off | lang=-lang=c | cc=GC/1.1 | misc=-pragma "opt_dead_assignments off"
10	263.922	59.027	1	71.402	0	68.371	5	65.121	4	opt=-O3,p | inline=-inline deferred | pool= | str=-str reuse | fpc=-fp_contract off | lang=-lang=c | cc=GC/1.1 | misc=-pragma "opt_dead_assignments off"
14	317.702	74.108	1	88.983	0	86.298	6	68.312	7	opt=-O4,s | inline=-inline deferred | pool= | str=-str reuse | fpc=-fp_contract off | lang=-lang=c | cc=GC/1.1 | misc=-pragma "opt_dead_assignments off"
29	359.262	85.556	4	97.953	3	94.851	10	80.901	12	opt=-O4,p | inline=-inline deferred | pool= | str=-str reuse | fpc=-fp_contract off | lang=-lang=c | cc=GC/1.1 | misc=-pragma "opt_dead_assignments off"
26	352.720	85.495	3	97.449	3	91.013	9	78.763	11	opt=-O4,p -opt nocse | inline=-inline deferred | pool= | str=-str reuse | fpc=-fp_contract off | lang=-lang=c | cc=GC/1.1 | misc=-pragma "opt_dead_assignments off"
28	356.493	85.556	4	96.342	3	94.507	9	80.089	12	opt=-O4,p -opt nolifetimes | inline=-inline deferred | pool= | str=-str reuse | fpc=-fp_contract off | lang=-lang=c | cc=GC/1.1 | misc=-pragma "opt_dead_assignments off"
19	354.560	85.324	2	97.225	2	93.313	8	78.698	7	opt=-O4,p -opt nopropagation | inline=-inline deferred | pool= | str=-str reuse | fpc=-fp_contract off | lang=-lang=c | cc=GC/1.1 | misc=-pragma "opt_dead_assignments off"
11	333.156	80.119	2	91.715	0	90.354	6	70.968	3	opt=-O4,p -opt nopeephole | inline=-inline deferred | pool= | str=-str reuse | fpc=-fp_contract off | lang=-lang=c | cc=GC/1.1 | misc=-pragma "opt_dead_assignments off"
10	264.102	59.014	1	71.436	0	68.619	5	65.033	4	opt=-O4,p -opt noschedule | inline=-inline deferred | pool= | str=-str reuse | fpc=-fp_contract off | lang=-lang=c | cc=GC/1.1 | misc=-pragma "opt_dead_assignments off"
25	353.836	84.518	3	97.353	3	93.587	10	78.378	9	opt=-O4,p -opt noloop | inline=-inline deferred | pool= | str=-str reuse | fpc=-fp_contract off | lang=-lang=c | cc=GC/1.1 | misc=-pragma "opt_dead_assignments off"
29	359.262	85.556	4	97.953	3	94.851	10	80.901	12	opt=-O4,p | inline=-inline smart | pool= | str=-str reuse | fpc=-fp_contract off | lang=-lang=c | cc=GC/1.1 | misc=-pragma "opt_dead_assignments off"
27	315.756	61.719	4	95.985	2	85.757	10	72.296	11	opt=-O4,p | inline=-inline off | pool= | str=-str reuse | fpc=-fp_contract off | lang=-lang=c | cc=GC/1.1 | misc=-pragma "opt_dead_assignments off"
33	384.840	95.426	6	97.953	3	95.781	11	95.680	13	opt=-O4,p | inline=-inline auto | pool= | str=-str reuse | fpc=-fp_contract off | lang=-lang=c | cc=GC/1.1 | misc=-pragma "opt_dead_assignments off"
33	384.840	95.426	6	97.953	3	95.781	11	95.680	13	opt=-O4,p | inline=-inline all | pool= | str=-str reuse | fpc=-fp_contract off | lang=-lang=c | cc=GC/1.1 | misc=-pragma "opt_dead_assignments off"
33	384.840	95.426	6	97.953	3	95.781	11	95.680	13	opt=-O4,p | inline=-inline auto,deferred | pool= | str=-str reuse | fpc=-fp_contract off | lang=-lang=c | cc=GC/1.1 | misc=-pragma "opt_dead_assignments off"
33	387.071	97.657	6	97.953	3	95.781	11	95.680	13	opt=-O4,p | inline=-inline auto | pool=-pragma "pool_data on" | str=-str reuse | fpc=-fp_contract off | lang=-lang=c | cc=GC/1.1 | misc=-pragma "opt_dead_assignments off"
33	387.071	97.657	6	97.953	3	95.781	11	95.680	13	opt=-O4,p | inline=-inline auto | pool=-pragma "pool_data on" | str=-str reuse,readonly | fpc=-fp_contract off | lang=-lang=c | cc=GC/1.1 | misc=-pragma "opt_dead_assignments off"
33	387.071	97.657	6	97.953	3	95.781	11	95.680	13	opt=-O4,p | inline=-inline auto | pool=-pragma "pool_data on" | str=-str noreuse | fpc=-fp_contract off | lang=-lang=c | cc=GC/1.1 | misc=-pragma "opt_dead_assignments off"
-1	-1.000	ERR	ERR	ERR	ERR	ERR	ERR	ERR	ERR	opt=-O4,p | inline=-inline auto | pool=-pragma "pool_data on" | str=-str reuse | fpc=-fp_contract on | lang=-lang=c++ | cc=GC/1.1 | misc=-pragma "opt_dead_assignments off"
33	387.147	97.657	6	97.953	3	95.857	11	95.680	13	opt=-O4,p | inline=-inline auto | pool=-pragma "pool_data on" | str=-str reuse | fpc=-fp_contract on | lang=-lang=c | cc=GC/3.0a5 | misc=-pragma "opt_dead_assignments off"
33	387.147	97.657	6	97.953	3	95.857	11	95.680	13	opt=-O4,p | inline=-inline auto | pool=-pragma "pool_data on" | str=-str reuse | fpc=-fp_contract on | lang=-lang=c | cc=GC/3.0a3 | misc=-pragma "opt_dead_assignments off"
33	387.147	97.657	6	97.953	3	95.857	11	95.680	13	opt=-O4,p | inline=-inline auto | pool=-pragma "pool_data on" | str=-str reuse | fpc=-fp_contract on | lang=-lang=c | cc=GC/1.3.2 | misc=-pragma "opt_dead_assignments off"
33	387.147	97.657	6	97.953	3	95.857	11	95.680	13	opt=-O4,p | inline=-inline auto | pool=-pragma "pool_data on" | str=-str reuse | fpc=-fp_contract on | lang=-lang=c | cc=GC/1.2.5 | misc=-pragma "opt_dead_assignments off"
10	283.601	67.122	1	71.374	0	69.607	5	75.499	4	opt=-O4,p | inline=-inline auto | pool=-pragma "pool_data on" | str=-str reuse | fpc=-fp_contract on | lang=-lang=c | cc=GC/1.1 | misc=-pragma "scheduling off"
20	381.404	97.179	2	97.225	2	94.319	9	92.681	7	opt=-O4,p | inline=-inline auto | pool=-pragma "pool_data on" | str=-str reuse | fpc=-fp_contract on | lang=-lang=c | cc=GC/1.1 | misc=-pragma "opt_propagation off"
28	380.006	97.008	4	97.456	3	92.008	10	93.533	11	opt=-O4,p | inline=-inline auto | pool=-pragma "pool_data on" | str=-str reuse | fpc=-fp_contract on | lang=-lang=c | cc=GC/1.1 | misc=-pragma "opt_common_subs off"
11	358.736	90.813	2	91.723	0	91.349	6	84.851	3	opt=-O4,p | inline=-inline auto | pool=-pragma "pool_data on" | str=-str reuse | fpc=-fp_contract on | lang=-lang=c | cc=GC/1.1 | misc=-pragma "peephole off"
32	384.546	97.828	6	96.338	3	95.512	10	94.868	13	opt=-O4,p | inline=-inline auto | pool=-pragma "pool_data on" | str=-str reuse | fpc=-fp_contract on | lang=-lang=c | cc=GC/1.1 | misc=-pragma "opt_lifetimes off"
10	235.360	53.034	1	63.540	0	61.616	5	57.171	4	opt=-O2,p | inline=-inline auto | pool=-pragma "pool_data on" | str=-str reuse | fpc=-fp_contract on | lang=-lang=c | cc=GC/1.1 | misc=
10	252.782	58.885	1	67.135	0	62.664	5	64.098	4	opt=-O3,s | inline=-inline auto | pool=-pragma "pool_data on" | str=-str reuse | fpc=-fp_contract on | lang=-lang=c | cc=GC/1.1 | misc=
10	283.488	67.139	1	71.402	0	69.359	5	75.587	4	opt=-O3,p | inline=-inline auto | pool=-pragma "pool_data on" | str=-str reuse | fpc=-fp_contract on | lang=-lang=c | cc=GC/1.1 | misc=
14	341.713	85.113	1	89.021	0	87.004	6	80.574	7	opt=-O4,s | inline=-inline auto | pool=-pragma "pool_data on" | str=-str reuse | fpc=-fp_contract on | lang=-lang=c | cc=GC/1.1 | misc=
20	381.404	97.179	2	97.225	2	94.319	9	92.681	7	opt=-O4,p -opt nopropagation | inline=-inline auto | pool=-pragma "pool_data on" | str=-str reuse | fpc=-fp_contract on | lang=-lang=c | cc=GC/1.1 | misc=
11	358.736	90.813	2	91.723	0	91.349	6	84.851	3	opt=-O4,p -opt nopeephole | inline=-inline auto | pool=-pragma "pool_data on" | str=-str reuse | fpc=-fp_contract on | lang=-lang=c | cc=GC/1.1 | misc=
10	283.601	67.122	1	71.374	0	69.607	5	75.499	4	opt=-O4,p -opt noschedule | inline=-inline auto | pool=-pragma "pool_data on" | str=-str reuse | fpc=-fp_contract on | lang=-lang=c | cc=GC/1.1 | misc=
27	379.983	95.246	4	97.391	3	94.172	10	93.174	10	opt=-O4,p -opt noloop | inline=-inline auto | pool=-pragma "pool_data on" | str=-str reuse | fpc=-fp_contract on | lang=-lang=c | cc=GC/1.1 | misc=
32	384.546	97.828	6	96.338	3	95.512	10	94.868	13	opt=-O4,p -opt nolifetimes | inline=-inline auto | pool=-pragma "pool_data on" | str=-str reuse | fpc=-fp_contract on | lang=-lang=c | cc=GC/1.1 | misc=
28	380.006	97.008	4	97.456	3	92.008	10	93.533	11	opt=-O4,p -opt nocse | inline=-inline auto | pool=-pragma "pool_data on" | str=-str reuse | fpc=-fp_contract on | lang=-lang=c | cc=GC/1.1 | misc=
29	360.854	87.036	4	97.991	3	94.927	10	80.901	12	opt=-O4,p | inline=-inline deferred | pool=-pragma "pool_data on" | str=-str reuse | fpc=-fp_contract on | lang=-lang=c | cc=GC/1.1 | misc=
27	317.144	62.993	4	96.022	2	85.833	10	72.296	11	opt=-O4,p | inline=-inline off | pool=-pragma "pool_data on" | str=-str reuse | fpc=-fp_contract on | lang=-lang=c | cc=GC/1.1 | misc=
29	360.854	87.036	4	97.991	3	94.927	10	80.901	12	opt=-O4,p | inline=-inline smart | pool=-pragma "pool_data on" | str=-str reuse | fpc=-fp_contract on | lang=-lang=c | cc=GC/1.1 | misc=
33	385.125	95.597	6	97.991	3	95.857	11	95.680	13	opt=-O4,p | inline=-inline auto | pool= | str=-str reuse | fpc=-fp_contract on | lang=-lang=c | cc=GC/1.1 | misc=
33	387.356	97.828	6	97.991	3	95.857	11	95.680	13	opt=-O4,p | inline=-inline auto | pool=-pragma "pool_data on" | str=-str reuse,readonly | fpc=-fp_contract on | lang=-lang=c | cc=GC/1.1 | misc=
33	387.356	97.828	6	97.991	3	95.857	11	95.680	13	opt=-O4,p | inline=-inline auto | pool=-pragma "pool_data on" | str=-str noreuse | fpc=-fp_contract on | lang=-lang=c | cc=GC/1.1 | misc=
33	387.280	97.828	6	97.991	3	95.781	11	95.680	13	opt=-O4,p | inline=-inline auto | pool=-pragma "pool_data on" | str=-str reuse | fpc=-fp_contract off | lang=-lang=c | cc=GC/1.1 | misc=
-1	-1.000	ERR	ERR	ERR	ERR	ERR	ERR	ERR	ERR	opt=-O4,p | inline=-inline auto | pool=-pragma "pool_data on" | str=-str reuse | fpc=-fp_contract on | lang=-lang=c++ | cc=GC/1.1 | misc=
10	221.868	47.183	1	63.540	0	61.616	5	49.530	4	opt=-O2,p | inline=-inline smart | pool=-pragma "pool_data on" | str=-str readonly | fpc=-fp_contract on | lang=-lang=c | cc=GC/1.2.5 | misc=
10	236.404	51.389	1	67.135	0	62.041	5	55.838	4	opt=-O3,s | inline=-inline smart | pool=-pragma "pool_data on" | str=-str readonly | fpc=-fp_contract on | lang=-lang=c | cc=GC/1.2.5 | misc=
10	264.522	59.559	1	71.402	0	68.439	5	65.121	4	opt=-O3,p | inline=-inline smart | pool=-pragma "pool_data on" | str=-str readonly | fpc=-fp_contract on | lang=-lang=c | cc=GC/1.2.5 | misc=
14	319.294	75.587	1	89.021	0	86.374	6	68.312	7	opt=-O4,s | inline=-inline smart | pool=-pragma "pool_data on" | str=-str readonly | fpc=-fp_contract on | lang=-lang=c | cc=GC/1.2.5 | misc=
29	360.854	87.036	4	97.991	3	94.927	10	80.901	12	opt=-O4,p | inline=-inline smart | pool=-pragma "pool_data on" | str=-str readonly | fpc=-fp_contract on | lang=-lang=c | cc=GC/1.2.5 | misc=
26	354.142	86.844	3	97.456	3	91.079	9	78.763	11	opt=-O4,p -opt nocse | inline=-inline smart | pool=-pragma "pool_data on" | str=-str readonly | fpc=-fp_contract on | lang=-lang=c | cc=GC/1.2.5 | misc=
11	334.235	81.115	2	91.723	0	90.430	6	70.968	3	opt=-O4,p -opt nopeephole | inline=-inline smart | pool=-pragma "pool_data on" | str=-str readonly | fpc=-fp_contract on | lang=-lang=c | cc=GC/1.2.5 | misc=
25	355.429	85.997	3	97.391	3	93.663	10	78.378	9	opt=-O4,p -opt noloop | inline=-inline smart | pool=-pragma "pool_data on" | str=-str readonly | fpc=-fp_contract on | lang=-lang=c | cc=GC/1.2.5 | misc=
10	264.636	59.541	1	71.374	0	68.688	5	65.033	4	opt=-O4,p -opt noschedule | inline=-inline smart | pool=-pragma "pool_data on" | str=-str readonly | fpc=-fp_contract on | lang=-lang=c | cc=GC/1.2.5 | misc=
28	358.045	87.036	4	96.338	3	94.583	9	80.089	12	opt=-O4,p -opt nolifetimes | inline=-inline smart | pool=-pragma "pool_data on" | str=-str readonly | fpc=-fp_contract on | lang=-lang=c | cc=GC/1.2.5 | misc=
19	355.944	86.633	2	97.225	2	93.389	8	78.698	7	opt=-O4,p -opt nopropagation | inline=-inline smart | pool=-pragma "pool_data on" | str=-str readonly | fpc=-fp_contract on | lang=-lang=c | cc=GC/1.2.5 | misc=
27	317.144	62.993	4	96.022	2	85.833	10	72.296	11	opt=-O4,p | inline=-inline off | pool=-pragma "pool_data on" | str=-str readonly | fpc=-fp_contract on | lang=-lang=c | cc=GC/1.2.5 | misc=
29	360.860	87.041	4	97.991	3	94.927	10	80.901	12	opt=-O4,p | inline=-inline deferred | pool=-pragma "pool_data on" | str=-str readonly | fpc=-fp_contract on | lang=-lang=c | cc=GC/1.2.5 | misc=
33	387.356	97.828	6	97.991	3	95.857	11	95.680	13	opt=-O4,p | inline=-inline auto | pool=-pragma "pool_data on" | str=-str readonly | fpc=-fp_contract on | lang=-lang=c | cc=GC/1.2.5 | misc=
33	387.356	97.828	6	97.991	3	95.857	11	95.680	13	opt=-O4,p | inline=-inline all | pool=-pragma "pool_data on" | str=-str readonly | fpc=-fp_contract on | lang=-lang=c | cc=GC/1.2.5 | misc=
33	385.125	95.597	6	97.991	3	95.857	11	95.680	13	opt=-O4,p | inline=-inline auto,deferred | pool= | str=-str readonly | fpc=-fp_contract on | lang=-lang=c | cc=GC/1.2.5 | misc=
33	387.356	97.828	6	97.991	3	95.857	11	95.680	13	opt=-O4,p | inline=-inline auto,deferred | pool=-pragma "pool_data on" | str=-str reuse | fpc=-fp_contract on | lang=-lang=c | cc=GC/1.2.5 | misc=
33	387.356	97.828	6	97.991	3	95.857	11	95.680	13	opt=-O4,p | inline=-inline auto,deferred | pool=-pragma "pool_data on" | str=-str noreuse | fpc=-fp_contract on | lang=-lang=c | cc=GC/1.2.5 | misc=
33	387.285	97.833	6	97.991	3	95.781	11	95.680	13	opt=-O4,p | inline=-inline auto,deferred | pool=-pragma "pool_data on" | str=-str readonly | fpc=-fp_contract off | lang=-lang=c | cc=GC/1.2.5 | misc=
-1	-1.000	ERR	ERR	ERR	ERR	ERR	ERR	ERR	ERR	opt=-O4,p | inline=-inline auto,deferred | pool=-pragma "pool_data on" | str=-str readonly | fpc=-fp_contract on | lang=-lang=c++ | cc=GC/1.2.5 | misc=
28	380.012	97.014	4	97.456	3	92.008	10	93.533	11	opt=-O4,p | inline=-inline auto,deferred | pool=-pragma "pool_data on" | str=-str readonly | fpc=-fp_contract on | lang=-lang=c | cc=GC/1.2.5 | misc=-pragma "opt_common_subs off"
20	381.409	97.184	2	97.225	2	94.319	9	92.681	7	opt=-O4,p | inline=-inline auto,deferred | pool=-pragma "pool_data on" | str=-str readonly | fpc=-fp_contract on | lang=-lang=c | cc=GC/1.2.5 | misc=-pragma "opt_propagation off"
10	283.601	67.122	1	71.374	0	69.607	5	75.499	4	opt=-O4,p | inline=-inline auto,deferred | pool=-pragma "pool_data on" | str=-str readonly | fpc=-fp_contract on | lang=-lang=c | cc=GC/1.2.5 | misc=-pragma "scheduling off"
11	358.741	90.818	2	91.723	0	91.349	6	84.851	3	opt=-O4,p | inline=-inline auto,deferred | pool=-pragma "pool_data on" | str=-str readonly | fpc=-fp_contract on | lang=-lang=c | cc=GC/1.2.5 | misc=-pragma "peephole off"
32	384.551	97.833	6	96.338	3	95.512	10	94.868	13	opt=-O4,p | inline=-inline auto,deferred | pool=-pragma "pool_data on" | str=-str readonly | fpc=-fp_contract on | lang=-lang=c | cc=GC/1.2.5 | misc=-pragma "opt_lifetimes off"
33	387.153	97.663	6	97.953	3	95.857	11	95.680	13	opt=-O4,p | inline=-inline auto,deferred | pool=-pragma "pool_data on" | str=-str readonly | fpc=-fp_contract on | lang=-lang=c | cc=GC/1.2.5 | misc=-pragma "opt_dead_assignments off"
10	283.601	67.122	1	71.374	0	69.607	5	75.499	4	opt=-O4,p -opt noschedule | inline=-inline auto,deferred | pool=-pragma "pool_data on" | str=-str readonly | fpc=-fp_contract on | lang=-lang=c | cc=GC/1.2.5 | misc=
14	341.718	85.119	1	89.021	0	87.004	6	80.574	7	opt=-O4,s | inline=-inline auto,deferred | pool=-pragma "pool_data on" | str=-str readonly | fpc=-fp_contract on | lang=-lang=c | cc=GC/1.2.5 | misc=
10	235.360	53.034	1	63.540	0	61.616	5	57.171	4	opt=-O2,p | inline=-inline auto,deferred | pool=-pragma "pool_data on" | str=-str readonly | fpc=-fp_contract on | lang=-lang=c | cc=GC/1.2.5 | misc=
10	252.782	58.885	1	67.135	0	62.664	5	64.098	4	opt=-O3,s | inline=-inline auto,deferred | pool=-pragma "pool_data on" | str=-str readonly | fpc=-fp_contract on | lang=-lang=c | cc=GC/1.2.5 | misc=
10	283.488	67.139	1	71.402	0	69.359	5	75.587	4	opt=-O3,p | inline=-inline auto,deferred | pool=-pragma "pool_data on" | str=-str readonly | fpc=-fp_contract on | lang=-lang=c | cc=GC/1.2.5 | misc=
11	358.741	90.818	2	91.723	0	91.349	6	84.851	3	opt=-O4,p -opt nopeephole | inline=-inline auto,deferred | pool=-pragma "pool_data on" | str=-str readonly | fpc=-fp_contract on | lang=-lang=c | cc=GC/1.2.5 | misc=
20	381.409	97.184	2	97.225	2	94.319	9	92.681	7	opt=-O4,p -opt nopropagation | inline=-inline auto,deferred | pool=-pragma "pool_data on" | str=-str readonly | fpc=-fp_contract on | lang=-lang=c | cc=GC/1.2.5 | misc=
28	380.012	97.014	4	97.456	3	92.008	10	93.533	11	opt=-O4,p -opt nocse | inline=-inline auto,deferred | pool=-pragma "pool_data on" | str=-str readonly | fpc=-fp_contract on | lang=-lang=c | cc=GC/1.2.5 | misc=
32	384.551	97.833	6	96.338	3	95.512	10	94.868	13	opt=-O4,p -opt nolifetimes | inline=-inline auto,deferred | pool=-pragma "pool_data on" | str=-str readonly | fpc=-fp_contract on | lang=-lang=c | cc=GC/1.2.5 | misc=
27	379.989	95.251	4	97.391	3	94.172	10	93.174	10	opt=-O4,p -opt noloop | inline=-inline auto,deferred | pool=-pragma "pool_data on" | str=-str readonly | fpc=-fp_contract on | lang=-lang=c | cc=GC/1.2.5 | misc=
-1	-1.000	ERR	ERR	ERR	ERR	ERR	ERR	ERR	ERR	opt=-O4,p | inline=-inline smart | pool= | str=-str noreuse | fpc=-fp_contract on | lang=-lang=c++ | cc=GC/3.0a5 | misc=
-1	-1.000	ERR	ERR	ERR	ERR	ERR	ERR	ERR	ERR	opt=-O4,s | inline=-inline smart | pool= | str=-str noreuse | fpc=-fp_contract on | lang=-lang=c++ | cc=GC/3.0a5 | misc=
-1	-1.000	ERR	ERR	ERR	ERR	ERR	ERR	ERR	ERR	opt=-O3,p | inline=-inline smart | pool= | str=-str noreuse | fpc=-fp_contract on | lang=-lang=c++ | cc=GC/3.0a5 | misc=
-1	-1.000	ERR	ERR	ERR	ERR	ERR	ERR	ERR	ERR	opt=-O4,p -opt nocse | inline=-inline smart | pool= | str=-str noreuse | fpc=-fp_contract on | lang=-lang=c++ | cc=GC/3.0a5 | misc=
-1	-1.000	ERR	ERR	ERR	ERR	ERR	ERR	ERR	ERR	opt=-O2,p | inline=-inline smart | pool= | str=-str noreuse | fpc=-fp_contract on | lang=-lang=c++ | cc=GC/3.0a5 | misc=
-1	-1.000	ERR	ERR	ERR	ERR	ERR	ERR	ERR	ERR	opt=-O3,s | inline=-inline smart | pool= | str=-str noreuse | fpc=-fp_contract on | lang=-lang=c++ | cc=GC/3.0a5 | misc=
-1	-1.000	ERR	ERR	ERR	ERR	ERR	ERR	ERR	ERR	opt=-O4,p -opt nopeephole | inline=-inline smart | pool= | str=-str noreuse | fpc=-fp_contract on | lang=-lang=c++ | cc=GC/3.0a5 | misc=
-1	-1.000	ERR	ERR	ERR	ERR	ERR	ERR	ERR	ERR	opt=-O4,p -opt noloop | inline=-inline smart | pool= | str=-str noreuse | fpc=-fp_contract on | lang=-lang=c++ | cc=GC/3.0a5 | misc=
-1	-1.000	ERR	ERR	ERR	ERR	ERR	ERR	ERR	ERR	opt=-O4,p -opt nolifetimes | inline=-inline smart | pool= | str=-str noreuse | fpc=-fp_contract on | lang=-lang=c++ | cc=GC/3.0a5 | misc=
-1	-1.000	ERR	ERR	ERR	ERR	ERR	ERR	ERR	ERR	opt=-O4,p -opt nopropagation | inline=-inline smart | pool= | str=-str noreuse | fpc=-fp_contract on | lang=-lang=c++ | cc=GC/3.0a5 | misc=
-1	-1.000	ERR	ERR	ERR	ERR	ERR	ERR	ERR	ERR	opt=-O4,p -opt noschedule | inline=-inline smart | pool= | str=-str noreuse | fpc=-fp_contract on | lang=-lang=c++ | cc=GC/3.0a5 | misc=
-1	-1.000	ERR	ERR	ERR	ERR	ERR	ERR	ERR	ERR	opt=-O4,p | inline=-inline auto | pool= | str=-str noreuse | fpc=-fp_contract on | lang=-lang=c++ | cc=GC/3.0a5 | misc=
-1	-1.000	ERR	ERR	ERR	ERR	ERR	ERR	ERR	ERR	opt=-O4,p | inline=-inline auto,deferred | pool= | str=-str noreuse | fpc=-fp_contract on | lang=-lang=c++ | cc=GC/3.0a5 | misc=
-1	-1.000	ERR	ERR	ERR	ERR	ERR	ERR	ERR	ERR	opt=-O4,p | inline=-inline deferred | pool= | str=-str noreuse | fpc=-fp_contract on | lang=-lang=c++ | cc=GC/3.0a5 | misc=
-1	-1.000	ERR	ERR	ERR	ERR	ERR	ERR	ERR	ERR	opt=-O4,p | inline=-inline all | pool= | str=-str noreuse | fpc=-fp_contract on | lang=-lang=c++ | cc=GC/3.0a5 | misc=
-1	-1.000	ERR	ERR	ERR	ERR	ERR	ERR	ERR	ERR	opt=-O4,p | inline=-inline off | pool= | str=-str noreuse | fpc=-fp_contract on | lang=-lang=c++ | cc=GC/3.0a5 | misc=
-1	-1.000	ERR	ERR	ERR	ERR	ERR	ERR	ERR	ERR	opt=-O4,p | inline=-inline smart | pool=-pragma "pool_data on" | str=-str noreuse | fpc=-fp_contract on | lang=-lang=c++ | cc=GC/3.0a5 | misc=
-1	-1.000	ERR	ERR	ERR	ERR	ERR	ERR	ERR	ERR	opt=-O4,p | inline=-inline smart | pool= | str=-str reuse | fpc=-fp_contract on | lang=-lang=c++ | cc=GC/3.0a5 | misc=
-1	-1.000	ERR	ERR	ERR	ERR	ERR	ERR	ERR	ERR	opt=-O4,p | inline=-inline smart | pool= | str=-str reuse,readonly | fpc=-fp_contract on | lang=-lang=c++ | cc=GC/3.0a5 | misc=
-1	-1.000	ERR	ERR	ERR	ERR	ERR	ERR	ERR	ERR	opt=-O4,p | inline=-inline smart | pool= | str=-str readonly | fpc=-fp_contract on | lang=-lang=c++ | cc=GC/3.0a5 | misc=
-1	-1.000	ERR	ERR	ERR	ERR	ERR	ERR	ERR	ERR	opt=-O4,p | inline=-inline smart | pool= | str=-str noreuse | fpc=-fp_contract off | lang=-lang=c++ | cc=GC/3.0a5 | misc=
29	359.546	85.727	4	97.991	3	94.927	10	80.901	12	opt=-O4,p | inline=-inline smart | pool= | str=-str noreuse | fpc=-fp_contract on | lang=-lang=c | cc=GC/3.0a5 | misc=
29	359.546	85.727	4	97.991	3	94.927	10	80.901	12	opt=-O4,p | inline=-inline smart | pool= | str=-str noreuse | fpc=-fp_contract on | lang=-lang=c | cc=GC/1.3.2 | misc=
29	359.546	85.727	4	97.991	3	94.927	10	80.901	12	opt=-O4,p | inline=-inline smart | pool= | str=-str noreuse | fpc=-fp_contract on | lang=-lang=c | cc=GC/1.1 | misc=
29	359.546	85.727	4	97.991	3	94.927	10	80.901	12	opt=-O4,p | inline=-inline smart | pool= | str=-str noreuse | fpc=-fp_contract on | lang=-lang=c | cc=GC/1.2.5 | misc=
29	359.546	85.727	4	97.991	3	94.927	10	80.901	12	opt=-O4,p | inline=-inline smart | pool= | str=-str noreuse | fpc=-fp_contract on | lang=-lang=c | cc=GC/3.0a3 | misc=
19	354.635	85.324	2	97.225	2	93.389	8	78.698	7	opt=-O4,p | inline=-inline smart | pool= | str=-str noreuse | fpc=-fp_contract on | lang=-lang=c | cc=GC/3.0a5 | misc=-pragma "opt_propagation off"
26	352.833	85.536	3	97.456	3	91.079	9	78.763	11	opt=-O4,p | inline=-inline smart | pool= | str=-str noreuse | fpc=-fp_contract on | lang=-lang=c | cc=GC/3.0a5 | misc=-pragma "opt_common_subs off"
29	359.337	85.556	4	97.953	3	94.927	10	80.901	12	opt=-O4,p | inline=-inline smart | pool= | str=-str noreuse | fpc=-fp_contract on | lang=-lang=c | cc=GC/3.0a5 | misc=-pragma "opt_dead_assignments off"
11	333.205	80.085	2	91.723	0	90.430	6	70.968	3	opt=-O4,p | inline=-inline smart | pool= | str=-str noreuse | fpc=-fp_contract on | lang=-lang=c | cc=GC/3.0a5 | misc=-pragma "peephole off"
10	263.962	58.867	1	71.374	0	68.688	5	65.033	4	opt=-O4,p | inline=-inline smart | pool= | str=-str noreuse | fpc=-fp_contract on | lang=-lang=c | cc=GC/3.0a5 | misc=-pragma "scheduling off"
28	356.736	85.727	4	96.338	3	94.583	9	80.089	12	opt=-O4,p | inline=-inline smart | pool= | str=-str noreuse | fpc=-fp_contract on | lang=-lang=c | cc=GC/3.0a5 | misc=-pragma "opt_lifetimes off"
14	317.986	74.279	1	89.021	0	86.374	6	68.312	7	opt=-O4,s | inline=-inline smart | pool= | str=-str noreuse | fpc=-fp_contract on | lang=-lang=c | cc=GC/3.0a5 | misc=
10	263.848	58.885	1	71.402	0	68.439	5	65.121	4	opt=-O3,p | inline=-inline smart | pool= | str=-str noreuse | fpc=-fp_contract on | lang=-lang=c | cc=GC/3.0a5 | misc=
10	221.195	46.510	1	63.540	0	61.616	5	49.530	4	opt=-O2,p | inline=-inline smart | pool= | str=-str noreuse | fpc=-fp_contract on | lang=-lang=c | cc=GC/3.0a5 | misc=
10	235.730	50.716	1	67.135	0	62.041	5	55.838	4	opt=-O3,s | inline=-inline smart | pool= | str=-str noreuse | fpc=-fp_contract on | lang=-lang=c | cc=GC/3.0a5 | misc=
19	354.635	85.324	2	97.225	2	93.389	8	78.698	7	opt=-O4,p -opt nopropagation | inline=-inline smart | pool= | str=-str noreuse | fpc=-fp_contract on | lang=-lang=c | cc=GC/3.0a5 | misc=
26	352.833	85.536	3	97.456	3	91.079	9	78.763	11	opt=-O4,p -opt nocse | inline=-inline smart | pool= | str=-str noreuse | fpc=-fp_contract on | lang=-lang=c | cc=GC/3.0a5 | misc=
11	333.205	80.085	2	91.723	0	90.430	6	70.968	3	opt=-O4,p -opt nopeephole | inline=-inline smart | pool= | str=-str noreuse | fpc=-fp_contract on | lang=-lang=c | cc=GC/3.0a5 | misc=
10	263.962	58.867	1	71.374	0	68.688	5	65.033	4	opt=-O4,p -opt noschedule | inline=-inline smart | pool= | str=-str noreuse | fpc=-fp_contract on | lang=-lang=c | cc=GC/3.0a5 | misc=
28	356.736	85.727	4	96.338	3	94.583	9	80.089	12	opt=-O4,p -opt nolifetimes | inline=-inline smart | pool= | str=-str noreuse | fpc=-fp_contract on | lang=-lang=c | cc=GC/3.0a5 | misc=
25	354.120	84.689	3	97.391	3	93.663	10	78.378	9	opt=-O4,p -opt noloop | inline=-inline smart | pool= | str=-str noreuse | fpc=-fp_contract on | lang=-lang=c | cc=GC/3.0a5 | misc=
27	315.835	61.684	4	96.022	2	85.833	10	72.296	11	opt=-O4,p | inline=-inline off | pool= | str=-str noreuse | fpc=-fp_contract on | lang=-lang=c | cc=GC/3.0a5 | misc=
33	385.125	95.597	6	97.991	3	95.857	11	95.680	13	opt=-O4,p | inline=-inline auto | pool= | str=-str noreuse | fpc=-fp_contract on | lang=-lang=c | cc=GC/3.0a5 | misc=
29	359.546	85.727	4	97.991	3	94.927	10	80.901	12	opt=-O4,p | inline=-inline deferred | pool= | str=-str noreuse | fpc=-fp_contract on | lang=-lang=c | cc=GC/3.0a5 | misc=
33	385.125	95.597	6	97.991	3	95.857	11	95.680	13	opt=-O4,p | inline=-inline all | pool= | str=-str noreuse | fpc=-fp_contract on | lang=-lang=c | cc=GC/3.0a5 | misc=
33	385.125	95.597	6	97.991	3	95.857	11	95.680	13	opt=-O4,p | inline=-inline auto,deferred | pool= | str=-str noreuse | fpc=-fp_contract on | lang=-lang=c | cc=GC/3.0a5 | misc=
33	387.356	97.828	6	97.991	3	95.857	11	95.680	13	opt=-O4,p | inline=-inline auto | pool=-pragma "pool_data on" | str=-str noreuse | fpc=-fp_contract on | lang=-lang=c | cc=GC/3.0a5 | misc=
33	387.356	97.828	6	97.991	3	95.857	11	95.680	13	opt=-O4,p | inline=-inline auto | pool=-pragma "pool_data on" | str=-str readonly | fpc=-fp_contract on | lang=-lang=c | cc=GC/3.0a5 | misc=
33	387.356	97.828	6	97.991	3	95.857	11	95.680	13	opt=-O4,p | inline=-inline auto | pool=-pragma "pool_data on" | str=-str reuse,readonly | fpc=-fp_contract on | lang=-lang=c | cc=GC/3.0a5 | misc=
33	387.280	97.828	6	97.991	3	95.781	11	95.680	13	opt=-O4,p | inline=-inline auto | pool=-pragma "pool_data on" | str=-str noreuse | fpc=-fp_contract off | lang=-lang=c | cc=GC/3.0a5 | misc=
-1	-1.000	ERR	ERR	ERR	ERR	ERR	ERR	ERR	ERR	opt=-O4,p | inline=-inline auto | pool=-pragma "pool_data on" | str=-str noreuse | fpc=-fp_contract on | lang=-lang=c++ | cc=GC/3.0a5 | misc=
33	387.356	97.828	6	97.991	3	95.857	11	95.680	13	opt=-O4,p | inline=-inline auto | pool=-pragma "pool_data on" | str=-str noreuse | fpc=-fp_contract on | lang=-lang=c | cc=GC/1.3.2 | misc=
33	387.356	97.828	6	97.991	3	95.857	11	95.680	13	opt=-O4,p | inline=-inline auto | pool=-pragma "pool_data on" | str=-str noreuse | fpc=-fp_contract on | lang=-lang=c | cc=GC/3.0a3 | misc=
33	387.356	97.828	6	97.991	3	95.857	11	95.680	13	opt=-O4,p | inline=-inline auto | pool=-pragma "pool_data on" | str=-str noreuse | fpc=-fp_contract on | lang=-lang=c | cc=GC/1.2.5 | misc=
20	381.404	97.179	2	97.225	2	94.319	9	92.681	7	opt=-O4,p | inline=-inline auto | pool=-pragma "pool_data on" | str=-str noreuse | fpc=-fp_contract on | lang=-lang=c | cc=GC/3.0a5 | misc=-pragma "opt_propagation off"
10	283.601	67.122	1	71.374	0	69.607	5	75.499	4	opt=-O4,p | inline=-inline auto | pool=-pragma "pool_data on" | str=-str noreuse | fpc=-fp_contract on | lang=-lang=c | cc=GC/3.0a5 | misc=-pragma "scheduling off"
33	387.147	97.657	6	97.953	3	95.857	11	95.680	13	opt=-O4,p | inline=-inline auto | pool=-pragma "pool_data on" | str=-str noreuse | fpc=-fp_contract on | lang=-lang=c | cc=GC/3.0a5 | misc=-pragma "opt_dead_assignments off"
32	384.546	97.828	6	96.338	3	95.512	10	94.868	13	opt=-O4,p | inline=-inline auto | pool=-pragma "pool_data on" | str=-str noreuse | fpc=-fp_contract on | lang=-lang=c | cc=GC/3.0a5 | misc=-pragma "opt_lifetimes off"
11	358.736	90.813	2	91.723	0	91.349	6	84.851	3	opt=-O4,p | inline=-inline auto | pool=-pragma "pool_data on" | str=-str noreuse | fpc=-fp_contract on | lang=-lang=c | cc=GC/3.0a5 | misc=-pragma "peephole off"
28	380.006	97.008	4	97.456	3	92.008	10	93.533	11	opt=-O4,p | inline=-inline auto | pool=-pragma "pool_data on" | str=-str noreuse | fpc=-fp_contract on | lang=-lang=c | cc=GC/3.0a5 | misc=-pragma "opt_common_subs off"
10	235.360	53.034	1	63.540	0	61.616	5	57.171	4	opt=-O2,p | inline=-inline auto | pool=-pragma "pool_data on" | str=-str noreuse | fpc=-fp_contract on | lang=-lang=c | cc=GC/3.0a5 | misc=
10	283.488	67.139	1	71.402	0	69.359	5	75.587	4	opt=-O3,p | inline=-inline auto | pool=-pragma "pool_data on" | str=-str noreuse | fpc=-fp_contract on | lang=-lang=c | cc=GC/3.0a5 | misc=
10	252.782	58.885	1	67.135	0	62.664	5	64.098	4	opt=-O3,s | inline=-inline auto | pool=-pragma "pool_data on" | str=-str noreuse | fpc=-fp_contract on | lang=-lang=c | cc=GC/3.0a5 | misc=
14	341.713	85.113	1	89.021	0	87.004	6	80.574	7	opt=-O4,s | inline=-inline auto | pool=-pragma "pool_data on" | str=-str noreuse | fpc=-fp_contract on | lang=-lang=c | cc=GC/3.0a5 | misc=
10	283.601	67.122	1	71.374	0	69.607	5	75.499	4	opt=-O4,p -opt noschedule | inline=-inline auto | pool=-pragma "pool_data on" | str=-str noreuse | fpc=-fp_contract on | lang=-lang=c | cc=GC/3.0a5 | misc=
11	358.736	90.813	2	91.723	0	91.349	6	84.851	3	opt=-O4,p -opt nopeephole | inline=-inline auto | pool=-pragma "pool_data on" | str=-str noreuse | fpc=-fp_contract on | lang=-lang=c | cc=GC/3.0a5 | misc=
20	381.404	97.179	2	97.225	2	94.319	9	92.681	7	opt=-O4,p -opt nopropagation | inline=-inline auto | pool=-pragma "pool_data on" | str=-str noreuse | fpc=-fp_contract on | lang=-lang=c | cc=GC/3.0a5 | misc=
28	380.006	97.008	4	97.456	3	92.008	10	93.533	11	opt=-O4,p -opt nocse | inline=-inline auto | pool=-pragma "pool_data on" | str=-str noreuse | fpc=-fp_contract on | lang=-lang=c | cc=GC/3.0a5 | misc=
27	379.983	95.246	4	97.391	3	94.172	10	93.174	10	opt=-O4,p -opt noloop | inline=-inline auto | pool=-pragma "pool_data on" | str=-str noreuse | fpc=-fp_contract on | lang=-lang=c | cc=GC/3.0a5 | misc=
32	384.546	97.828	6	96.338	3	95.512	10	94.868	13	opt=-O4,p -opt nolifetimes | inline=-inline auto | pool=-pragma "pool_data on" | str=-str noreuse | fpc=-fp_contract on | lang=-lang=c | cc=GC/3.0a5 | misc=
27	317.144	62.993	4	96.022	2	85.833	10	72.296	11	opt=-O4,p | inline=-inline off | pool=-pragma "pool_data on" | str=-str noreuse | fpc=-fp_contract on | lang=-lang=c | cc=GC/3.0a5 | misc=
33	387.356	97.828	6	97.991	3	95.857	11	95.680	13	opt=-O4,p | inline=-inline all | pool=-pragma "pool_data on" | str=-str noreuse | fpc=-fp_contract on | lang=-lang=c | cc=GC/3.0a5 | misc=
29	360.854	87.036	4	97.991	3	94.927	10	80.901	12	opt=-O4,p | inline=-inline smart | pool=-pragma "pool_data on" | str=-str noreuse | fpc=-fp_contract on | lang=-lang=c | cc=GC/3.0a5 | misc=
33	387.356	97.828	6	97.991	3	95.857	11	95.680	13	opt=-O4,p | inline=-inline auto,deferred | pool=-pragma "pool_data on" | str=-str noreuse | fpc=-fp_contract on | lang=-lang=c | cc=GC/3.0a5 | misc=
29	360.854	87.036	4	97.991	3	94.927	10	80.901	12	opt=-O4,p | inline=-inline deferred | pool=-pragma "pool_data on" | str=-str noreuse | fpc=-fp_contract on | lang=-lang=c | cc=GC/3.0a5 | misc=
-1	-1.000	ERR	ERR	ERR	ERR	ERR	ERR	ERR	ERR	opt=-O3,p | inline=-inline auto | pool=-pragma "pool_data on" | str=-str noreuse | fpc=-fp_contract on | lang=-lang=c++ | cc=GC/1.3.2 | misc=-pragma "opt_common_subs off"
-1	-1.000	ERR	ERR	ERR	ERR	ERR	ERR	ERR	ERR	opt=-O4,s | inline=-inline auto | pool=-pragma "pool_data on" | str=-str noreuse | fpc=-fp_contract on | lang=-lang=c++ | cc=GC/1.3.2 | misc=-pragma "opt_common_subs off"
-1	-1.000	ERR	ERR	ERR	ERR	ERR	ERR	ERR	ERR	opt=-O4,p | inline=-inline auto | pool=-pragma "pool_data on" | str=-str noreuse | fpc=-fp_contract on | lang=-lang=c++ | cc=GC/1.3.2 | misc=-pragma "opt_common_subs off"
-1	-1.000	ERR	ERR	ERR	ERR	ERR	ERR	ERR	ERR	opt=-O3,s | inline=-inline auto | pool=-pragma "pool_data on" | str=-str noreuse | fpc=-fp_contract on | lang=-lang=c++ | cc=GC/1.3.2 | misc=-pragma "opt_common_subs off"
-1	-1.000	ERR	ERR	ERR	ERR	ERR	ERR	ERR	ERR	opt=-O4,p -opt nopeephole | inline=-inline auto | pool=-pragma "pool_data on" | str=-str noreuse | fpc=-fp_contract on | lang=-lang=c++ | cc=GC/1.3.2 | misc=-pragma "opt_common_subs off"
-1	-1.000	ERR	ERR	ERR	ERR	ERR	ERR	ERR	ERR	opt=-O2,p | inline=-inline auto | pool=-pragma "pool_data on" | str=-str noreuse | fpc=-fp_contract on | lang=-lang=c++ | cc=GC/1.3.2 | misc=-pragma "opt_common_subs off"
-1	-1.000	ERR	ERR	ERR	ERR	ERR	ERR	ERR	ERR	opt=-O4,p -opt noschedule | inline=-inline auto | pool=-pragma "pool_data on" | str=-str noreuse | fpc=-fp_contract on | lang=-lang=c++ | cc=GC/1.3.2 | misc=-pragma "opt_common_subs off"
-1	-1.000	ERR	ERR	ERR	ERR	ERR	ERR	ERR	ERR	opt=-O4,p -opt nolifetimes | inline=-inline auto | pool=-pragma "pool_data on" | str=-str noreuse | fpc=-fp_contract on | lang=-lang=c++ | cc=GC/1.3.2 | misc=-pragma "opt_common_subs off"
-1	-1.000	ERR	ERR	ERR	ERR	ERR	ERR	ERR	ERR	opt=-O4,p -opt nocse | inline=-inline auto | pool=-pragma "pool_data on" | str=-str noreuse | fpc=-fp_contract on | lang=-lang=c++ | cc=GC/1.3.2 | misc=-pragma "opt_common_subs off"
-1	-1.000	ERR	ERR	ERR	ERR	ERR	ERR	ERR	ERR	opt=-O4,p -opt noloop | inline=-inline auto | pool=-pragma "pool_data on" | str=-str noreuse | fpc=-fp_contract on | lang=-lang=c++ | cc=GC/1.3.2 | misc=-pragma "opt_common_subs off"
-1	-1.000	ERR	ERR	ERR	ERR	ERR	ERR	ERR	ERR	opt=-O4,p -opt nopropagation | inline=-inline auto | pool=-pragma "pool_data on" | str=-str noreuse | fpc=-fp_contract on | lang=-lang=c++ | cc=GC/1.3.2 | misc=-pragma "opt_common_subs off"
-1	-1.000	ERR	ERR	ERR	ERR	ERR	ERR	ERR	ERR	opt=-O4,p -opt nopropagation | inline=-inline smart | pool=-pragma "pool_data on" | str=-str noreuse | fpc=-fp_contract on | lang=-lang=c++ | cc=GC/1.3.2 | misc=-pragma "opt_common_subs off"
-1	-1.000	ERR	ERR	ERR	ERR	ERR	ERR	ERR	ERR	opt=-O4,p -opt nopropagation | inline=-inline off | pool=-pragma "pool_data on" | str=-str noreuse | fpc=-fp_contract on | lang=-lang=c++ | cc=GC/1.3.2 | misc=-pragma "opt_common_subs off"
-1	-1.000	ERR	ERR	ERR	ERR	ERR	ERR	ERR	ERR	opt=-O4,p -opt nopropagation | inline=-inline auto,deferred | pool=-pragma "pool_data on" | str=-str noreuse | fpc=-fp_contract on | lang=-lang=c++ | cc=GC/1.3.2 | misc=-pragma "opt_common_subs off"
-1	-1.000	ERR	ERR	ERR	ERR	ERR	ERR	ERR	ERR	opt=-O4,p -opt nopropagation | inline=-inline all | pool=-pragma "pool_data on" | str=-str noreuse | fpc=-fp_contract on | lang=-lang=c++ | cc=GC/1.3.2 | misc=-pragma "opt_common_subs off"
-1	-1.000	ERR	ERR	ERR	ERR	ERR	ERR	ERR	ERR	opt=-O4,p -opt nopropagation | inline=-inline deferred | pool=-pragma "pool_data on" | str=-str noreuse | fpc=-fp_contract on | lang=-lang=c++ | cc=GC/1.3.2 | misc=-pragma "opt_common_subs off"
-1	-1.000	ERR	ERR	ERR	ERR	ERR	ERR	ERR	ERR	opt=-O4,p -opt nopropagation | inline=-inline auto | pool= | str=-str noreuse | fpc=-fp_contract on | lang=-lang=c++ | cc=GC/1.3.2 | misc=-pragma "opt_common_subs off"
-1	-1.000	ERR	ERR	ERR	ERR	ERR	ERR	ERR	ERR	opt=-O4,p -opt nopropagation | inline=-inline auto | pool=-pragma "pool_data on" | str=-str reuse,readonly | fpc=-fp_contract on | lang=-lang=c++ | cc=GC/1.3.2 | misc=-pragma "opt_common_subs off"
-1	-1.000	ERR	ERR	ERR	ERR	ERR	ERR	ERR	ERR	opt=-O4,p -opt nopropagation | inline=-inline auto | pool=-pragma "pool_data on" | str=-str reuse | fpc=-fp_contract on | lang=-lang=c++ | cc=GC/1.3.2 | misc=-pragma "opt_common_subs off"
-1	-1.000	ERR	ERR	ERR	ERR	ERR	ERR	ERR	ERR	opt=-O4,p -opt nopropagation | inline=-inline auto | pool=-pragma "pool_data on" | str=-str readonly | fpc=-fp_contract on | lang=-lang=c++ | cc=GC/1.3.2 | misc=-pragma "opt_common_subs off"
-1	-1.000	ERR	ERR	ERR	ERR	ERR	ERR	ERR	ERR	opt=-O4,p -opt nopropagation | inline=-inline auto | pool=-pragma "pool_data on" | str=-str noreuse | fpc=-fp_contract off | lang=-lang=c++ | cc=GC/1.3.2 | misc=-pragma "opt_common_subs off"
20	375.302	96.510	2	96.631	2	91.521	9	90.640	7	opt=-O4,p -opt nopropagation | inline=-inline auto | pool=-pragma "pool_data on" | str=-str noreuse | fpc=-fp_contract on | lang=-lang=c | cc=GC/1.3.2 | misc=-pragma "opt_common_subs off"
20	375.302	96.510	2	96.631	2	91.521	9	90.640	7	opt=-O4,p -opt nopropagation | inline=-inline auto | pool=-pragma "pool_data on" | str=-str noreuse | fpc=-fp_contract on | lang=-lang=c | cc=GC/2.5 | misc=-pragma "opt_common_subs off"
20	375.302	96.510	2	96.631	2	91.521	9	90.640	7	opt=-O4,p -opt nopropagation | inline=-inline auto | pool=-pragma "pool_data on" | str=-str noreuse | fpc=-fp_contract on | lang=-lang=c | cc=GC/3.0a3 | misc=-pragma "opt_common_subs off"
20	375.302	96.510	2	96.631	2	91.521	9	90.640	7	opt=-O4,p -opt nopropagation | inline=-inline auto | pool=-pragma "pool_data on" | str=-str noreuse | fpc=-fp_contract on | lang=-lang=c | cc=GC/1.1 | misc=-pragma "opt_common_subs off"
20	375.302	96.510	2	96.631	2	91.521	9	90.640	7	opt=-O4,p -opt nopropagation | inline=-inline auto | pool=-pragma "pool_data on" | str=-str noreuse | fpc=-fp_contract on | lang=-lang=c | cc=GC/1.2.5 | misc=-pragma "opt_common_subs off"
20	375.302	96.510	2	96.631	2	91.521	9	90.640	7	opt=-O4,p -opt nopropagation | inline=-inline auto | pool=-pragma "pool_data on" | str=-str noreuse | fpc=-fp_contract on | lang=-lang=c | cc=GC/3.0a5 | misc=-pragma "opt_common_subs off"
20	381.404	97.179	2	97.225	2	94.319	9	92.681	7	opt=-O4,p -opt nopropagation | inline=-inline auto | pool=-pragma "pool_data on" | str=-str noreuse | fpc=-fp_contract on | lang=-lang=c | cc=GC/1.3.2 | misc=
20	381.404	97.179	2	97.225	2	94.319	9	92.681	7	opt=-O4,p -opt nopropagation | inline=-inline auto | pool=-pragma "pool_data on" | str=-str noreuse | fpc=-fp_contract on | lang=-lang=c | cc=GC/1.3.2 | misc=-pragma "opt_dead_assignments off"
10	281.129	66.503	1	71.395	0	69.092	5	74.139	4	opt=-O4,p -opt nopropagation | inline=-inline auto | pool=-pragma "pool_data on" | str=-str noreuse | fpc=-fp_contract on | lang=-lang=c | cc=GC/1.3.2 | misc=-pragma "scheduling off"
20	381.404	97.179	2	97.225	2	94.319	9	92.681	7	opt=-O4,p -opt nopropagation | inline=-inline auto | pool=-pragma "pool_data on" | str=-str noreuse | fpc=-fp_contract on | lang=-lang=c | cc=GC/1.3.2 | misc=-pragma "opt_propagation off"
10	354.885	90.096	1	91.370	0	90.410	6	83.009	3	opt=-O4,p -opt nopropagation | inline=-inline auto | pool=-pragma "pool_data on" | str=-str noreuse | fpc=-fp_contract on | lang=-lang=c | cc=GC/1.3.2 | misc=-pragma "peephole off"
20	378.901	97.179	2	95.362	2	94.098	9	92.261	7	opt=-O4,p -opt nopropagation | inline=-inline auto | pool=-pragma "pool_data on" | str=-str noreuse | fpc=-fp_contract on | lang=-lang=c | cc=GC/1.3.2 | misc=-pragma "opt_lifetimes off"
10	235.360	53.034	1	63.540	0	61.616	5	57.171	4	opt=-O2,p | inline=-inline auto | pool=-pragma "pool_data on" | str=-str noreuse | fpc=-fp_contract on | lang=-lang=c | cc=GC/1.3.2 | misc=
10	252.782	58.885	1	67.135	0	62.664	5	64.098	4	opt=-O3,s | inline=-inline auto | pool=-pragma "pool_data on" | str=-str noreuse | fpc=-fp_contract on | lang=-lang=c | cc=GC/1.3.2 | misc=
10	283.488	67.139	1	71.402	0	69.359	5	75.587	4	opt=-O3,p | inline=-inline auto | pool=-pragma "pool_data on" | str=-str noreuse | fpc=-fp_contract on | lang=-lang=c | cc=GC/1.3.2 | misc=
14	341.713	85.113	1	89.021	0	87.004	6	80.574	7	opt=-O4,s | inline=-inline auto | pool=-pragma "pool_data on" | str=-str noreuse | fpc=-fp_contract on | lang=-lang=c | cc=GC/1.3.2 | misc=
28	380.006	97.008	4	97.456	3	92.008	10	93.533	11	opt=-O4,p -opt nocse | inline=-inline auto | pool=-pragma "pool_data on" | str=-str noreuse | fpc=-fp_contract on | lang=-lang=c | cc=GC/1.3.2 | misc=
10	283.601	67.122	1	71.374	0	69.607	5	75.499	4	opt=-O4,p -opt noschedule | inline=-inline auto | pool=-pragma "pool_data on" | str=-str noreuse | fpc=-fp_contract on | lang=-lang=c | cc=GC/1.3.2 | misc=
11	358.736	90.813	2	91.723	0	91.349	6	84.851	3	opt=-O4,p -opt nopeephole | inline=-inline auto | pool=-pragma "pool_data on" | str=-str noreuse | fpc=-fp_contract on | lang=-lang=c | cc=GC/1.3.2 | misc=
32	384.546	97.828	6	96.338	3	95.512	10	94.868	13	opt=-O4,p -opt nolifetimes | inline=-inline auto | pool=-pragma "pool_data on" | str=-str noreuse | fpc=-fp_contract on | lang=-lang=c | cc=GC/1.3.2 | misc=
27	379.983	95.246	4	97.391	3	94.172	10	93.174	10	opt=-O4,p -opt noloop | inline=-inline auto | pool=-pragma "pool_data on" | str=-str noreuse | fpc=-fp_contract on | lang=-lang=c | cc=GC/1.3.2 | misc=
33	387.356	97.828	6	97.991	3	95.857	11	95.680	13	opt=-O4,p | inline=-inline auto,deferred | pool=-pragma "pool_data on" | str=-str noreuse | fpc=-fp_contract on | lang=-lang=c | cc=GC/1.3.2 | misc=
29	360.854	87.036	4	97.991	3	94.927	10	80.901	12	opt=-O4,p | inline=-inline deferred | pool=-pragma "pool_data on" | str=-str noreuse | fpc=-fp_contract on | lang=-lang=c | cc=GC/1.3.2 | misc=
29	360.854	87.036	4	97.991	3	94.927	10	80.901	12	opt=-O4,p | inline=-inline smart | pool=-pragma "pool_data on" | str=-str noreuse | fpc=-fp_contract on | lang=-lang=c | cc=GC/1.3.2 | misc=
27	317.144	62.993	4	96.022	2	85.833	10	72.296	11	opt=-O4,p | inline=-inline off | pool=-pragma "pool_data on" | str=-str noreuse | fpc=-fp_contract on | lang=-lang=c | cc=GC/1.3.2 | misc=
33	387.356	97.828	6	97.991	3	95.857	11	95.680	13	opt=-O4,p | inline=-inline all | pool=-pragma "pool_data on" | str=-str noreuse | fpc=-fp_contract on | lang=-lang=c | cc=GC/1.3.2 | misc=
33	385.125	95.597	6	97.991	3	95.857	11	95.680	13	opt=-O4,p | inline=-inline auto | pool= | str=-str noreuse | fpc=-fp_contract on | lang=-lang=c | cc=GC/1.3.2 | misc=
33	387.356	97.828	6	97.991	3	95.857	11	95.680	13	opt=-O4,p | inline=-inline auto | pool=-pragma "pool_data on" | str=-str readonly | fpc=-fp_contract on | lang=-lang=c | cc=GC/1.3.2 | misc=
33	387.356	97.828	6	97.991	3	95.857	11	95.680	13	opt=-O4,p | inline=-inline auto | pool=-pragma "pool_data on" | str=-str reuse,readonly | fpc=-fp_contract on | lang=-lang=c | cc=GC/1.3.2 | misc=
33	387.280	97.828	6	97.991	3	95.781	11	95.680	13	opt=-O4,p | inline=-inline auto | pool=-pragma "pool_data on" | str=-str noreuse | fpc=-fp_contract off | lang=-lang=c | cc=GC/1.3.2 | misc=
-1	-1.000	ERR	ERR	ERR	ERR	ERR	ERR	ERR	ERR	opt=-O4,p | inline=-inline auto | pool=-pragma "pool_data on" | str=-str noreuse | fpc=-fp_contract on | lang=-lang=c++ | cc=GC/1.3.2 | misc=
28	380.006	97.008	4	97.456	3	92.008	10	93.533	11	opt=-O4,p | inline=-inline auto | pool=-pragma "pool_data on" | str=-str noreuse | fpc=-fp_contract on | lang=-lang=c | cc=GC/1.3.2 | misc=-pragma "opt_common_subs off"
10	283.601	67.122	1	71.374	0	69.607	5	75.499	4	opt=-O4,p | inline=-inline auto | pool=-pragma "pool_data on" | str=-str noreuse | fpc=-fp_contract on | lang=-lang=c | cc=GC/1.3.2 | misc=-pragma "scheduling off"
20	381.404	97.179	2	97.225	2	94.319	9	92.681	7	opt=-O4,p | inline=-inline auto | pool=-pragma "pool_data on" | str=-str noreuse | fpc=-fp_contract on | lang=-lang=c | cc=GC/1.3.2 | misc=-pragma "opt_propagation off"
32	384.546	97.828	6	96.338	3	95.512	10	94.868	13	opt=-O4,p | inline=-inline auto | pool=-pragma "pool_data on" | str=-str noreuse | fpc=-fp_contract on | lang=-lang=c | cc=GC/1.3.2 | misc=-pragma "opt_lifetimes off"
33	387.147	97.657	6	97.953	3	95.857	11	95.680	13	opt=-O4,p | inline=-inline auto | pool=-pragma "pool_data on" | str=-str noreuse | fpc=-fp_contract on | lang=-lang=c | cc=GC/1.3.2 | misc=-pragma "opt_dead_assignments off"
11	358.736	90.813	2	91.723	0	91.349	6	84.851	3	opt=-O4,p | inline=-inline auto | pool=-pragma "pool_data on" | str=-str noreuse | fpc=-fp_contract on | lang=-lang=c | cc=GC/1.3.2 | misc=-pragma "peephole off"
26	354.077	86.844	3	97.456	3	91.013	9	78.763	11	opt=-O4,p | inline=-inline deferred | pool=-pragma "pool_data on" | str=-str reuse | fpc=-fp_contract off | lang=-lang=c | cc=GC/1.3.2 | misc=-pragma "opt_common_subs off"
10	219.557	47.333	1	62.804	0	61.002	5	48.417	4	opt=-O2,p | inline=-inline deferred | pool=-pragma "pool_data on" | str=-str reuse | fpc=-fp_contract off | lang=-lang=c | cc=GC/1.3.2 | misc=-pragma "opt_common_subs off"
10	259.741	59.518	1	71.053	0	65.922	5	63.248	4	opt=-O3,p | inline=-inline deferred | pool=-pragma "pool_data on" | str=-str reuse | fpc=-fp_contract off | lang=-lang=c | cc=GC/1.3.2 | misc=-pragma "opt_common_subs off"
10	232.515	51.348	1	66.763	0	60.517	5	53.887	4	opt=-O3,s | inline=-inline deferred | pool=-pragma "pool_data on" | str=-str reuse | fpc=-fp_contract off | lang=-lang=c | cc=GC/1.3.2 | misc=-pragma "opt_common_subs off"
14	314.427	75.546	1	88.443	0	84.212	6	66.225	7	opt=-O4,s | inline=-inline deferred | pool=-pragma "pool_data on" | str=-str reuse | fpc=-fp_contract off | lang=-lang=c | cc=GC/1.3.2 | misc=-pragma "opt_common_subs off"
11	328.048	80.923	2	91.187	0	86.933	6	69.005	3	opt=-O4,p -opt nopeephole | inline=-inline deferred | pool=-pragma "pool_data on" | str=-str reuse | fpc=-fp_contract off | lang=-lang=c | cc=GC/1.3.2 | misc=-pragma "opt_common_subs off"
19	350.405	86.592	2	96.631	2	90.525	8	76.657	7	opt=-O4,p -opt nopropagation | inline=-inline deferred | pool=-pragma "pool_data on" | str=-str reuse | fpc=-fp_contract off | lang=-lang=c | cc=GC/1.3.2 | misc=-pragma "opt_common_subs off"
26	354.077	86.844	3	97.456	3	91.013	9	78.763	11	opt=-O4,p -opt nocse | inline=-inline deferred | pool=-pragma "pool_data on" | str=-str reuse | fpc=-fp_contract off | lang=-lang=c | cc=GC/1.3.2 | misc=-pragma "opt_common_subs off"
26	351.669	86.844	3	95.791	3	91.017	9	78.018	11	opt=-O4,p -opt nolifetimes | inline=-inline deferred | pool=-pragma "pool_data on" | str=-str reuse | fpc=-fp_contract off | lang=-lang=c | cc=GC/1.3.2 | misc=-pragma "opt_common_subs off"
23	349.386	85.806	2	96.103	3	90.596	9	76.881	9	opt=-O4,p -opt noloop | inline=-inline deferred | pool=-pragma "pool_data on" | str=-str reuse | fpc=-fp_contract off | lang=-lang=c | cc=GC/1.3.2 | misc=-pragma "opt_common_subs off"
10	259.569	59.623	1	70.925	0	65.734	5	63.287	4	opt=-O4,p -opt noschedule | inline=-inline deferred | pool=-pragma "pool_data on" | str=-str reuse | fpc=-fp_contract off | lang=-lang=c | cc=GC/1.3.2 | misc=-pragma "opt_common_subs off"
26	354.077	86.844	3	97.456	3	91.013	9	78.763	11	opt=-O4,p | inline=-inline smart | pool=-pragma "pool_data on" | str=-str reuse | fpc=-fp_contract off | lang=-lang=c | cc=GC/1.3.2 | misc=-pragma "opt_common_subs off"
25	312.609	62.802	3	95.488	2	83.857	9	70.462	11	opt=-O4,p | inline=-inline off | pool=-pragma "pool_data on" | str=-str reuse | fpc=-fp_contract off | lang=-lang=c | cc=GC/1.3.2 | misc=-pragma "opt_common_subs off"
28	379.941	97.008	4	97.456	3	91.943	10	93.533	11	opt=-O4,p | inline=-inline auto | pool=-pragma "pool_data on" | str=-str reuse | fpc=-fp_contract off | lang=-lang=c | cc=GC/1.3.2 | misc=-pragma "opt_common_subs off"
28	379.941	97.008	4	97.456	3	91.943	10	93.533	11	opt=-O4,p | inline=-inline all | pool=-pragma "pool_data on" | str=-str reuse | fpc=-fp_contract off | lang=-lang=c | cc=GC/1.3.2 | misc=-pragma "opt_common_subs off"
28	379.941	97.008	4	97.456	3	91.943	10	93.533	11	opt=-O4,p | inline=-inline auto,deferred | pool=-pragma "pool_data on" | str=-str reuse | fpc=-fp_contract off | lang=-lang=c | cc=GC/1.3.2 | misc=-pragma "opt_common_subs off"
28	378.011	95.078	4	97.456	3	91.943	10	93.533	11	opt=-O4,p | inline=-inline auto | pool= | str=-str reuse | fpc=-fp_contract off | lang=-lang=c | cc=GC/1.3.2 | misc=-pragma "opt_common_subs off"
28	379.941	97.008	4	97.456	3	91.943	10	93.533	11	opt=-O4,p | inline=-inline auto | pool=-pragma "pool_data on" | str=-str reuse,readonly | fpc=-fp_contract off | lang=-lang=c | cc=GC/1.3.2 | misc=-pragma "opt_common_subs off"
28	379.941	97.008	4	97.456	3	91.943	10	93.533	11	opt=-O4,p | inline=-inline auto | pool=-pragma "pool_data on" | str=-str readonly | fpc=-fp_contract off | lang=-lang=c | cc=GC/1.3.2 | misc=-pragma "opt_common_subs off"
28	379.941	97.008	4	97.456	3	91.943	10	93.533	11	opt=-O4,p | inline=-inline auto | pool=-pragma "pool_data on" | str=-str noreuse | fpc=-fp_contract off | lang=-lang=c | cc=GC/1.3.2 | misc=-pragma "opt_common_subs off"
28	380.006	97.008	4	97.456	3	92.008	10	93.533	11	opt=-O4,p | inline=-inline auto | pool=-pragma "pool_data on" | str=-str reuse | fpc=-fp_contract on | lang=-lang=c | cc=GC/1.3.2 | misc=-pragma "opt_common_subs off"
-1	-1.000	ERR	ERR	ERR	ERR	ERR	ERR	ERR	ERR	opt=-O4,p | inline=-inline auto | pool=-pragma "pool_data on" | str=-str reuse | fpc=-fp_contract on | lang=-lang=c++ | cc=GC/1.3.2 | misc=-pragma "opt_common_subs off"
28	380.006	97.008	4	97.456	3	92.008	10	93.533	11	opt=-O4,p | inline=-inline auto | pool=-pragma "pool_data on" | str=-str reuse | fpc=-fp_contract on | lang=-lang=c | cc=GC/1.2.5 | misc=-pragma "opt_common_subs off"
28	380.006	97.008	4	97.456	3	92.008	10	93.533	11	opt=-O4,p | inline=-inline auto | pool=-pragma "pool_data on" | str=-str reuse | fpc=-fp_contract on | lang=-lang=c | cc=GC/3.0a5 | misc=-pragma "opt_common_subs off"
28	380.006	97.008	4	97.456	3	92.008	10	93.533	11	opt=-O4,p | inline=-inline auto | pool=-pragma "pool_data on" | str=-str reuse | fpc=-fp_contract on | lang=-lang=c | cc=GC/3.0a3 | misc=-pragma "opt_common_subs off"
20	381.404	97.179	2	97.225	2	94.319	9	92.681	7	opt=-O4,p | inline=-inline auto | pool=-pragma "pool_data on" | str=-str reuse | fpc=-fp_contract on | lang=-lang=c | cc=GC/1.3.2 | misc=-pragma "opt_propagation off"
10	283.601	67.122	1	71.374	0	69.607	5	75.499	4	opt=-O4,p | inline=-inline auto | pool=-pragma "pool_data on" | str=-str reuse | fpc=-fp_contract on | lang=-lang=c | cc=GC/1.3.2 | misc=-pragma "scheduling off"
11	358.736	90.813	2	91.723	0	91.349	6	84.851	3	opt=-O4,p | inline=-inline auto | pool=-pragma "pool_data on" | str=-str reuse | fpc=-fp_contract on | lang=-lang=c | cc=GC/1.3.2 | misc=-pragma "peephole off"
32	384.546	97.828	6	96.338	3	95.512	10	94.868	13	opt=-O4,p | inline=-inline auto | pool=-pragma "pool_data on" | str=-str reuse | fpc=-fp_contract on | lang=-lang=c | cc=GC/1.3.2 | misc=-pragma "opt_lifetimes off"
10	235.360	53.034	1	63.540	0	61.616	5	57.171	4	opt=-O2,p | inline=-inline auto | pool=-pragma "pool_data on" | str=-str reuse | fpc=-fp_contract on | lang=-lang=c | cc=GC/1.3.2 | misc=
10	252.782	58.885	1	67.135	0	62.664	5	64.098	4	opt=-O3,s | inline=-inline auto | pool=-pragma "pool_data on" | str=-str reuse | fpc=-fp_contract on | lang=-lang=c | cc=GC/1.3.2 | misc=
10	283.488	67.139	1	71.402	0	69.359	5	75.587	4	opt=-O3,p | inline=-inline auto | pool=-pragma "pool_data on" | str=-str reuse | fpc=-fp_contract on | lang=-lang=c | cc=GC/1.3.2 | misc=
28	380.006	97.008	4	97.456	3	92.008	10	93.533	11	opt=-O4,p -opt nocse | inline=-inline auto | pool=-pragma "pool_data on" | str=-str reuse | fpc=-fp_contract on | lang=-lang=c | cc=GC/1.3.2 | misc=
14	341.713	85.113	1	89.021	0	87.004	6	80.574	7	opt=-O4,s | inline=-inline auto | pool=-pragma "pool_data on" | str=-str reuse | fpc=-fp_contract on | lang=-lang=c | cc=GC/1.3.2 | misc=
20	381.404	97.179	2	97.225	2	94.319	9	92.681	7	opt=-O4,p -opt nopropagation | inline=-inline auto | pool=-pragma "pool_data on" | str=-str reuse | fpc=-fp_contract on | lang=-lang=c | cc=GC/1.3.2 | misc=
10	283.601	67.122	1	71.374	0	69.607	5	75.499	4	opt=-O4,p -opt noschedule | inline=-inline auto | pool=-pragma "pool_data on" | str=-str reuse | fpc=-fp_contract on | lang=-lang=c | cc=GC/1.3.2 | misc=
11	358.736	90.813	2	91.723	0	91.349	6	84.851	3	opt=-O4,p -opt nopeephole | inline=-inline auto | pool=-pragma "pool_data on" | str=-str reuse | fpc=-fp_contract on | lang=-lang=c | cc=GC/1.3.2 | misc=
32	384.546	97.828	6	96.338	3	95.512	10	94.868	13	opt=-O4,p -opt nolifetimes | inline=-inline auto | pool=-pragma "pool_data on" | str=-str reuse | fpc=-fp_contract on | lang=-lang=c | cc=GC/1.3.2 | misc=
27	379.983	95.246	4	97.391	3	94.172	10	93.174	10	opt=-O4,p -opt noloop | inline=-inline auto | pool=-pragma "pool_data on" | str=-str reuse | fpc=-fp_contract on | lang=-lang=c | cc=GC/1.3.2 | misc=
27	317.144	62.993	4	96.022	2	85.833	10	72.296	11	opt=-O4,p | inline=-inline off | pool=-pragma "pool_data on" | str=-str reuse | fpc=-fp_contract on | lang=-lang=c | cc=GC/1.3.2 | misc=
29	360.854	87.036	4	97.991	3	94.927	10	80.901	12	opt=-O4,p | inline=-inline smart | pool=-pragma "pool_data on" | str=-str reuse | fpc=-fp_contract on | lang=-lang=c | cc=GC/1.3.2 | misc=
33	387.356	97.828	6	97.991	3	95.857	11	95.680	13	opt=-O4,p | inline=-inline auto,deferred | pool=-pragma "pool_data on" | str=-str reuse | fpc=-fp_contract on | lang=-lang=c | cc=GC/1.3.2 | misc=
29	360.854	87.036	4	97.991	3	94.927	10	80.901	12	opt=-O4,p | inline=-inline deferred | pool=-pragma "pool_data on" | str=-str reuse | fpc=-fp_contract on | lang=-lang=c | cc=GC/1.3.2 | misc=
33	385.125	95.597	6	97.991	3	95.857	11	95.680	13	opt=-O4,p | inline=-inline auto | pool= | str=-str reuse | fpc=-fp_contract on | lang=-lang=c | cc=GC/1.3.2 | misc=
33	387.280	97.828	6	97.991	3	95.781	11	95.680	13	opt=-O4,p | inline=-inline auto | pool=-pragma "pool_data on" | str=-str reuse | fpc=-fp_contract off | lang=-lang=c | cc=GC/1.3.2 | misc=
-1	-1.000	ERR	ERR	ERR	ERR	ERR	ERR	ERR	ERR	opt=-O4,p | inline=-inline auto | pool=-pragma "pool_data on" | str=-str reuse | fpc=-fp_contract on | lang=-lang=c++ | cc=GC/1.3.2 | misc=
-1	-1.000	ERR	ERR	ERR	ERR	ERR	ERR	ERR	ERR	opt=-O4,p | inline=-inline smart | pool=-pragma "pool_data on" | str=-str noreuse | fpc=-fp_contract on | lang=-lang=c++ | cc=GC/1.2.5 | misc=-pragma "opt_lifetimes off"
-1	-1.000	ERR	ERR	ERR	ERR	ERR	ERR	ERR	ERR	opt=-O4,s | inline=-inline smart | pool=-pragma "pool_data on" | str=-str noreuse | fpc=-fp_contract on | lang=-lang=c++ | cc=GC/1.2.5 | misc=-pragma "opt_lifetimes off"
-1	-1.000	ERR	ERR	ERR	ERR	ERR	ERR	ERR	ERR	opt=-O3,p | inline=-inline smart | pool=-pragma "pool_data on" | str=-str noreuse | fpc=-fp_contract on | lang=-lang=c++ | cc=GC/1.2.5 | misc=-pragma "opt_lifetimes off"
-1	-1.000	ERR	ERR	ERR	ERR	ERR	ERR	ERR	ERR	opt=-O3,s | inline=-inline smart | pool=-pragma "pool_data on" | str=-str noreuse | fpc=-fp_contract on | lang=-lang=c++ | cc=GC/1.2.5 | misc=-pragma "opt_lifetimes off"
-1	-1.000	ERR	ERR	ERR	ERR	ERR	ERR	ERR	ERR	opt=-O4,p -opt noschedule | inline=-inline smart | pool=-pragma "pool_data on" | str=-str noreuse | fpc=-fp_contract on | lang=-lang=c++ | cc=GC/1.2.5 | misc=-pragma "opt_lifetimes off"
-1	-1.000	ERR	ERR	ERR	ERR	ERR	ERR	ERR	ERR	opt=-O4,p -opt nopropagation | inline=-inline smart | pool=-pragma "pool_data on" | str=-str noreuse | fpc=-fp_contract on | lang=-lang=c++ | cc=GC/1.2.5 | misc=-pragma "opt_lifetimes off"
-1	-1.000	ERR	ERR	ERR	ERR	ERR	ERR	ERR	ERR	opt=-O4,p -opt nocse | inline=-inline smart | pool=-pragma "pool_data on" | str=-str noreuse | fpc=-fp_contract on | lang=-lang=c++ | cc=GC/1.2.5 | misc=-pragma "opt_lifetimes off"
-1	-1.000	ERR	ERR	ERR	ERR	ERR	ERR	ERR	ERR	opt=-O4,p -opt noloop | inline=-inline smart | pool=-pragma "pool_data on" | str=-str noreuse | fpc=-fp_contract on | lang=-lang=c++ | cc=GC/1.2.5 | misc=-pragma "opt_lifetimes off"
-1	-1.000	ERR	ERR	ERR	ERR	ERR	ERR	ERR	ERR	opt=-O4,p -opt nopeephole | inline=-inline smart | pool=-pragma "pool_data on" | str=-str noreuse | fpc=-fp_contract on | lang=-lang=c++ | cc=GC/1.2.5 | misc=-pragma "opt_lifetimes off"
-1	-1.000	ERR	ERR	ERR	ERR	ERR	ERR	ERR	ERR	opt=-O4,p -opt nolifetimes | inline=-inline smart | pool=-pragma "pool_data on" | str=-str noreuse | fpc=-fp_contract on | lang=-lang=c++ | cc=GC/1.2.5 | misc=-pragma "opt_lifetimes off"
-1	-1.000	ERR	ERR	ERR	ERR	ERR	ERR	ERR	ERR	opt=-O2,p | inline=-inline smart | pool=-pragma "pool_data on" | str=-str noreuse | fpc=-fp_contract on | lang=-lang=c++ | cc=GC/1.2.5 | misc=-pragma "opt_lifetimes off"
-1	-1.000	ERR	ERR	ERR	ERR	ERR	ERR	ERR	ERR	opt=-O2,p | inline=-inline auto | pool=-pragma "pool_data on" | str=-str noreuse | fpc=-fp_contract on | lang=-lang=c++ | cc=GC/1.2.5 | misc=-pragma "opt_lifetimes off"
-1	-1.000	ERR	ERR	ERR	ERR	ERR	ERR	ERR	ERR	opt=-O2,p | inline=-inline deferred | pool=-pragma "pool_data on" | str=-str noreuse | fpc=-fp_contract on | lang=-lang=c++ | cc=GC/1.2.5 | misc=-pragma "opt_lifetimes off"
-1	-1.000	ERR	ERR	ERR	ERR	ERR	ERR	ERR	ERR	opt=-O2,p | inline=-inline off | pool=-pragma "pool_data on" | str=-str noreuse | fpc=-fp_contract on | lang=-lang=c++ | cc=GC/1.2.5 | misc=-pragma "opt_lifetimes off"
-1	-1.000	ERR	ERR	ERR	ERR	ERR	ERR	ERR	ERR	opt=-O2,p | inline=-inline auto,deferred | pool=-pragma "pool_data on" | str=-str noreuse | fpc=-fp_contract on | lang=-lang=c++ | cc=GC/1.2.5 | misc=-pragma "opt_lifetimes off"
-1	-1.000	ERR	ERR	ERR	ERR	ERR	ERR	ERR	ERR	opt=-O2,p | inline=-inline all | pool=-pragma "pool_data on" | str=-str noreuse | fpc=-fp_contract on | lang=-lang=c++ | cc=GC/1.2.5 | misc=-pragma "opt_lifetimes off"
-1	-1.000	ERR	ERR	ERR	ERR	ERR	ERR	ERR	ERR	opt=-O2,p | inline=-inline smart | pool= | str=-str noreuse | fpc=-fp_contract on | lang=-lang=c++ | cc=GC/1.2.5 | misc=-pragma "opt_lifetimes off"
-1	-1.000	ERR	ERR	ERR	ERR	ERR	ERR	ERR	ERR	opt=-O2,p | inline=-inline smart | pool=-pragma "pool_data on" | str=-str reuse | fpc=-fp_contract on | lang=-lang=c++ | cc=GC/1.2.5 | misc=-pragma "opt_lifetimes off"
-1	-1.000	ERR	ERR	ERR	ERR	ERR	ERR	ERR	ERR	opt=-O2,p | inline=-inline smart | pool=-pragma "pool_data on" | str=-str reuse,readonly | fpc=-fp_contract on | lang=-lang=c++ | cc=GC/1.2.5 | misc=-pragma "opt_lifetimes off"
-1	-1.000	ERR	ERR	ERR	ERR	ERR	ERR	ERR	ERR	opt=-O2,p | inline=-inline smart | pool=-pragma "pool_data on" | str=-str readonly | fpc=-fp_contract on | lang=-lang=c++ | cc=GC/1.2.5 | misc=-pragma "opt_lifetimes off"
-1	-1.000	ERR	ERR	ERR	ERR	ERR	ERR	ERR	ERR	opt=-O2,p | inline=-inline smart | pool=-pragma "pool_data on" | str=-str noreuse | fpc=-fp_contract off | lang=-lang=c++ | cc=GC/1.2.5 | misc=-pragma "opt_lifetimes off"
10	221.868	47.183	1	63.540	0	61.616	5	49.530	4	opt=-O2,p | inline=-inline smart | pool=-pragma "pool_data on" | str=-str noreuse | fpc=-fp_contract on | lang=-lang=c | cc=GC/1.2.5 | misc=-pragma "opt_lifetimes off"
10	221.868	47.183	1	63.540	0	61.616	5	49.530	4	opt=-O2,p | inline=-inline smart | pool=-pragma "pool_data on" | str=-str noreuse | fpc=-fp_contract on | lang=-lang=c | cc=GC/1.3.2 | misc=-pragma "opt_lifetimes off"
10	221.868	47.183	1	63.540	0	61.616	5	49.530	4	opt=-O2,p | inline=-inline smart | pool=-pragma "pool_data on" | str=-str noreuse | fpc=-fp_contract on | lang=-lang=c | cc=GC/3.0a3 | misc=-pragma "opt_lifetimes off"
10	221.868	47.183	1	63.540	0	61.616	5	49.530	4	opt=-O2,p | inline=-inline smart | pool=-pragma "pool_data on" | str=-str noreuse | fpc=-fp_contract on | lang=-lang=c | cc=GC/2.5 | misc=-pragma "opt_lifetimes off"
10	221.868	47.183	1	63.540	0	61.616	5	49.530	4	opt=-O2,p | inline=-inline smart | pool=-pragma "pool_data on" | str=-str noreuse | fpc=-fp_contract on | lang=-lang=c | cc=GC/3.0a5 | misc=-pragma "opt_lifetimes off"
10	221.868	47.183	1	63.540	0	61.616	5	49.530	4	opt=-O2,p | inline=-inline smart | pool=-pragma "pool_data on" | str=-str noreuse | fpc=-fp_contract on | lang=-lang=c | cc=GC/1.1 | misc=-pragma "opt_lifetimes off"
10	221.661	47.183	1	63.365	0	61.583	5	49.530	4	opt=-O2,p | inline=-inline smart | pool=-pragma "pool_data on" | str=-str noreuse | fpc=-fp_contract on | lang=-lang=c | cc=GC/1.2.5 | misc=-pragma "opt_propagation off"
10	221.868	47.183	1	63.540	0	61.616	5	49.530	4	opt=-O2,p | inline=-inline smart | pool=-pragma "pool_data on" | str=-str noreuse | fpc=-fp_contract on | lang=-lang=c | cc=GC/1.2.5 | misc=
10	221.868	47.183	1	63.540	0	61.616	5	49.530	4	opt=-O2,p | inline=-inline smart | pool=-pragma "pool_data on" | str=-str noreuse | fpc=-fp_contract on | lang=-lang=c | cc=GC/1.2.5 | misc=-pragma "scheduling off"
10	219.527	47.333	1	62.804	0	60.972	5	48.417	4	opt=-O2,p | inline=-inline smart | pool=-pragma "pool_data on" | str=-str noreuse | fpc=-fp_contract on | lang=-lang=c | cc=GC/1.2.5 | misc=-pragma "opt_common_subs off"
10	221.868	47.183	1	63.540	0	61.616	5	49.530	4	opt=-O2,p | inline=-inline smart | pool=-pragma "pool_data on" | str=-str noreuse | fpc=-fp_contract on | lang=-lang=c | cc=GC/1.2.5 | misc=-pragma "opt_dead_assignments off"
8	213.992	45.962	1	61.137	0	59.974	5	46.919	2	opt=-O2,p | inline=-inline smart | pool=-pragma "pool_data on" | str=-str noreuse | fpc=-fp_contract on | lang=-lang=c | cc=GC/1.2.5 | misc=-pragma "peephole off"
10	235.777	51.389	1	66.496	0	61.879	5	56.014	4	opt=-O3,s | inline=-inline smart | pool=-pragma "pool_data on" | str=-str noreuse | fpc=-fp_contract on | lang=-lang=c | cc=GC/1.2.5 | misc=-pragma "opt_lifetimes off"
28	358.045	87.036	4	96.338	3	94.583	9	80.089	12	opt=-O4,p | inline=-inline smart | pool=-pragma "pool_data on" | str=-str noreuse | fpc=-fp_contract on | lang=-lang=c | cc=GC/1.2.5 | misc=-pragma "opt_lifetimes off"
10	263.352	59.559	1	70.799	0	68.171	5	64.824	4	opt=-O3,p | inline=-inline smart | pool=-pragma "pool_data on" | str=-str noreuse | fpc=-fp_contract on | lang=-lang=c | cc=GC/1.2.5 | misc=-pragma "opt_lifetimes off"
11	332.148	81.115	2	90.320	0	90.113	6	70.600	3	opt=-O4,p -opt nopeephole | inline=-inline smart | pool=-pragma "pool_data on" | str=-str noreuse | fpc=-fp_contract on | lang=-lang=c | cc=GC/1.2.5 | misc=-pragma "opt_lifetimes off"
19	353.441	86.633	2	95.362	2	93.169	8	78.277	7	opt=-O4,p -opt nopropagation | inline=-inline smart | pool=-pragma "pool_data on" | str=-str noreuse | fpc=-fp_contract on | lang=-lang=c | cc=GC/1.2.5 | misc=-pragma "opt_lifetimes off"
10	262.537	59.541	1	69.974	0	68.275	5	64.747	4	opt=-O4,p -opt noschedule | inline=-inline smart | pool=-pragma "pool_data on" | str=-str noreuse | fpc=-fp_contract on | lang=-lang=c | cc=GC/1.2.5 | misc=-pragma "opt_lifetimes off"
14	317.718	75.587	1	87.613	0	86.295	6	68.223	7	opt=-O4,s | inline=-inline smart | pool=-pragma "pool_data on" | str=-str noreuse | fpc=-fp_contract on | lang=-lang=c | cc=GC/1.2.5 | misc=-pragma "opt_lifetimes off"
26	351.735	86.844	3	95.791	3	91.082	9	78.018	11	opt=-O4,p -opt nocse | inline=-inline smart | pool=-pragma "pool_data on" | str=-str noreuse | fpc=-fp_contract on | lang=-lang=c | cc=GC/1.2.5 | misc=-pragma "opt_lifetimes off"
24	352.656	85.997	3	95.751	3	93.342	9	77.566	9	opt=-O4,p -opt noloop | inline=-inline smart | pool=-pragma "pool_data on" | str=-str noreuse | fpc=-fp_contract on | lang=-lang=c | cc=GC/1.2.5 | misc=-pragma "opt_lifetimes off"
28	358.045	87.036	4	96.338	3	94.583	9	80.089	12	opt=-O4,p -opt nolifetimes | inline=-inline smart | pool=-pragma "pool_data on" | str=-str noreuse | fpc=-fp_contract on | lang=-lang=c | cc=GC/1.2.5 | misc=-pragma "opt_lifetimes off"
32	384.546	97.828	6	96.338	3	95.512	10	94.868	13	opt=-O4,p | inline=-inline auto,deferred | pool=-pragma "pool_data on" | str=-str noreuse | fpc=-fp_contract on | lang=-lang=c | cc=GC/1.2.5 | misc=-pragma "opt_lifetimes off"
32	384.546	97.828	6	96.338	3	95.512	10	94.868	13	opt=-O4,p | inline=-inline auto | pool=-pragma "pool_data on" | str=-str noreuse | fpc=-fp_contract on | lang=-lang=c | cc=GC/1.2.5 | misc=-pragma "opt_lifetimes off"
26	314.515	62.993	4	94.369	2	85.626	9	71.527	11	opt=-O4,p | inline=-inline off | pool=-pragma "pool_data on" | str=-str noreuse | fpc=-fp_contract on | lang=-lang=c | cc=GC/1.2.5 | misc=-pragma "opt_lifetimes off"
28	358.045	87.036	4	96.338	3	94.583	9	80.089	12	opt=-O4,p | inline=-inline deferred | pool=-pragma "pool_data on" | str=-str noreuse | fpc=-fp_contract on | lang=-lang=c | cc=GC/1.2.5 | misc=-pragma "opt_lifetimes off"
32	384.546	97.828	6	96.338	3	95.512	10	94.868	13	opt=-O4,p | inline=-inline all | pool=-pragma "pool_data on" | str=-str noreuse | fpc=-fp_contract on | lang=-lang=c | cc=GC/1.2.5 | misc=-pragma "opt_lifetimes off"
32	382.315	95.597	6	96.338	3	95.512	10	94.868	13	opt=-O4,p | inline=-inline auto | pool= | str=-str noreuse | fpc=-fp_contract on | lang=-lang=c | cc=GC/1.2.5 | misc=-pragma "opt_lifetimes off"
32	384.546	97.828	6	96.338	3	95.512	10	94.868	13	opt=-O4,p | inline=-inline auto | pool=-pragma "pool_data on" | str=-str readonly | fpc=-fp_contract on | lang=-lang=c | cc=GC/1.2.5 | misc=-pragma "opt_lifetimes off"
32	384.546	97.828	6	96.338	3	95.512	10	94.868	13	opt=-O4,p | inline=-inline auto | pool=-pragma "pool_data on" | str=-str reuse | fpc=-fp_contract on | lang=-lang=c | cc=GC/1.2.5 | misc=-pragma "opt_lifetimes off"
32	384.546	97.828	6	96.338	3	95.512	10	94.868	13	opt=-O4,p | inline=-inline auto | pool=-pragma "pool_data on" | str=-str reuse,readonly | fpc=-fp_contract on | lang=-lang=c | cc=GC/1.2.5 | misc=-pragma "opt_lifetimes off"
32	384.470	97.828	6	96.338	3	95.437	10	94.868	13	opt=-O4,p | inline=-inline auto | pool=-pragma "pool_data on" | str=-str noreuse | fpc=-fp_contract off | lang=-lang=c | cc=GC/1.2.5 | misc=-pragma "opt_lifetimes off"
-1	-1.000	ERR	ERR	ERR	ERR	ERR	ERR	ERR	ERR	opt=-O4,p | inline=-inline auto | pool=-pragma "pool_data on" | str=-str noreuse | fpc=-fp_contract on | lang=-lang=c++ | cc=GC/1.2.5 | misc=-pragma "opt_lifetimes off"
32	384.546	97.828	6	96.338	3	95.512	10	94.868	13	opt=-O4,p | inline=-inline auto | pool=-pragma "pool_data on" | str=-str noreuse | fpc=-fp_contract on | lang=-lang=c | cc=GC/2.5 | misc=-pragma "opt_lifetimes off"
32	384.546	97.828	6	96.338	3	95.512	10	94.868	13	opt=-O4,p | inline=-inline auto | pool=-pragma "pool_data on" | str=-str noreuse | fpc=-fp_contract on | lang=-lang=c | cc=GC/1.1 | misc=-pragma "opt_lifetimes off"
32	384.546	97.828	6	96.338	3	95.512	10	94.868	13	opt=-O4,p | inline=-inline auto | pool=-pragma "pool_data on" | str=-str noreuse | fpc=-fp_contract on | lang=-lang=c | cc=GC/3.0a3 | misc=-pragma "opt_lifetimes off"
20	381.404	97.179	2	97.225	2	94.319	9	92.681	7	opt=-O4,p | inline=-inline auto | pool=-pragma "pool_data on" | str=-str noreuse | fpc=-fp_contract on | lang=-lang=c | cc=GC/1.2.5 | misc=-pragma "opt_propagation off"
28	380.006	97.008	4	97.456	3	92.008	10	93.533	11	opt=-O4,p | inline=-inline auto | pool=-pragma "pool_data on" | str=-str noreuse | fpc=-fp_contract on | lang=-lang=c | cc=GC/1.2.5 | misc=-pragma "opt_common_subs off"
11	358.736	90.813	2	91.723	0	91.349	6	84.851	3	opt=-O4,p | inline=-inline auto | pool=-pragma "pool_data on" | str=-str noreuse | fpc=-fp_contract on | lang=-lang=c | cc=GC/1.2.5 | misc=-pragma "peephole off"
10	283.601	67.122	1	71.374	0	69.607	5	75.499	4	opt=-O4,p | inline=-inline auto | pool=-pragma "pool_data on" | str=-str noreuse | fpc=-fp_contract on | lang=-lang=c | cc=GC/1.2.5 | misc=-pragma "scheduling off"
33	387.147	97.657	6	97.953	3	95.857	11	95.680	13	opt=-O4,p | inline=-inline auto | pool=-pragma "pool_data on" | str=-str noreuse | fpc=-fp_contract on | lang=-lang=c | cc=GC/1.2.5 | misc=-pragma "opt_dead_assignments off"
10	235.360	53.034	1	63.540	0	61.616	5	57.171	4	opt=-O2,p | inline=-inline auto | pool=-pragma "pool_data on" | str=-str noreuse | fpc=-fp_contract on | lang=-lang=c | cc=GC/1.2.5 | misc=
10	252.782	58.885	1	67.135	0	62.664	5	64.098	4	opt=-O3,s | inline=-inline auto | pool=-pragma "pool_data on" | str=-str noreuse | fpc=-fp_contract on | lang=-lang=c | cc=GC/1.2.5 | misc=
10	283.488	67.139	1	71.402	0	69.359	5	75.587	4	opt=-O3,p | inline=-inline auto | pool=-pragma "pool_data on" | str=-str noreuse | fpc=-fp_contract on | lang=-lang=c | cc=GC/1.2.5 | misc=
14	341.713	85.113	1	89.021	0	87.004	6	80.574	7	opt=-O4,s | inline=-inline auto | pool=-pragma "pool_data on" | str=-str noreuse | fpc=-fp_contract on | lang=-lang=c | cc=GC/1.2.5 | misc=
27	379.983	95.246	4	97.391	3	94.172	10	93.174	10	opt=-O4,p -opt noloop | inline=-inline auto | pool=-pragma "pool_data on" | str=-str noreuse | fpc=-fp_contract on | lang=-lang=c | cc=GC/1.2.5 | misc=
28	380.006	97.008	4	97.456	3	92.008	10	93.533	11	opt=-O4,p -opt nocse | inline=-inline auto | pool=-pragma "pool_data on" | str=-str noreuse | fpc=-fp_contract on | lang=-lang=c | cc=GC/1.2.5 | misc=
11	358.736	90.813	2	91.723	0	91.349	6	84.851	3	opt=-O4,p -opt nopeephole | inline=-inline auto | pool=-pragma "pool_data on" | str=-str noreuse | fpc=-fp_contract on | lang=-lang=c | cc=GC/1.2.5 | misc=
20	381.404	97.179	2	97.225	2	94.319	9	92.681	7	opt=-O4,p -opt nopropagation | inline=-inline auto | pool=-pragma "pool_data on" | str=-str noreuse | fpc=-fp_contract on | lang=-lang=c | cc=GC/1.2.5 | misc=
32	384.546	97.828	6	96.338	3	95.512	10	94.868	13	opt=-O4,p -opt nolifetimes | inline=-inline auto | pool=-pragma "pool_data on" | str=-str noreuse | fpc=-fp_contract on | lang=-lang=c | cc=GC/1.2.5 | misc=
10	283.601	67.122	1	71.374	0	69.607	5	75.499	4	opt=-O4,p -opt noschedule | inline=-inline auto | pool=-pragma "pool_data on" | str=-str noreuse | fpc=-fp_contract on | lang=-lang=c | cc=GC/1.2.5 | misc=
29	360.854	87.036	4	97.991	3	94.927	10	80.901	12	opt=-O4,p | inline=-inline smart | pool=-pragma "pool_data on" | str=-str noreuse | fpc=-fp_contract on | lang=-lang=c | cc=GC/1.2.5 | misc=
27	317.144	62.993	4	96.022	2	85.833	10	72.296	11	opt=-O4,p | inline=-inline off | pool=-pragma "pool_data on" | str=-str noreuse | fpc=-fp_contract on | lang=-lang=c | cc=GC/1.2.5 | misc=
29	360.854	87.036	4	97.991	3	94.927	10	80.901	12	opt=-O4,p | inline=-inline deferred | pool=-pragma "pool_data on" | str=-str noreuse | fpc=-fp_contract on | lang=-lang=c | cc=GC/1.2.5 | misc=
33	387.356	97.828	6	97.991	3	95.857	11	95.680	13	opt=-O4,p | inline=-inline all | pool=-pragma "pool_data on" | str=-str noreuse | fpc=-fp_contract on | lang=-lang=c | cc=GC/1.2.5 | misc=
33	385.125	95.597	6	97.991	3	95.857	11	95.680	13	opt=-O4,p | inline=-inline auto | pool= | str=-str noreuse | fpc=-fp_contract on | lang=-lang=c | cc=GC/1.2.5 | misc=
33	387.356	97.828	6	97.991	3	95.857	11	95.680	13	opt=-O4,p | inline=-inline auto | pool=-pragma "pool_data on" | str=-str reuse,readonly | fpc=-fp_contract on | lang=-lang=c | cc=GC/1.2.5 | misc=
33	387.280	97.828	6	97.991	3	95.781	11	95.680	13	opt=-O4,p | inline=-inline auto | pool=-pragma "pool_data on" | str=-str noreuse | fpc=-fp_contract off | lang=-lang=c | cc=GC/1.2.5 | misc=
-1	-1.000	ERR	ERR	ERR	ERR	ERR	ERR	ERR	ERR	opt=-O4,p | inline=-inline auto | pool=-pragma "pool_data on" | str=-str noreuse | fpc=-fp_contract on | lang=-lang=c++ | cc=GC/1.2.5 | misc=
8	201.676	41.081	1	60.555	0	56.379	5	43.660	2	opt=-O2,p | inline=-inline off | pool=-pragma "pool_data on" | str=-str reuse | fpc=-fp_contract off | lang=-lang=c | cc=GC/3.0a5 | misc=-pragma "peephole off"
8	214.081	43.234	1	64.418	0	57.277	5	49.153	2	opt=-O3,s | inline=-inline off | pool=-pragma "pool_data on" | str=-str reuse | fpc=-fp_contract off | lang=-lang=c | cc=GC/3.0a5 | misc=-pragma "peephole off"
8	225.083	43.270	1	68.003	0	61.613	5	52.197	2	opt=-O3,p | inline=-inline off | pool=-pragma "pool_data on" | str=-str reuse | fpc=-fp_contract off | lang=-lang=c | cc=GC/3.0a5 | misc=-pragma "peephole off"
10	275.657	59.928	1	82.898	0	75.279	6	57.552	3	opt=-O4,s | inline=-inline off | pool=-pragma "pool_data on" | str=-str reuse | fpc=-fp_contract off | lang=-lang=c | cc=GC/3.0a5 | misc=-pragma "peephole off"
11	295.870	60.587	2	89.764	0	82.123	6	63.396	3	opt=-O4,p | inline=-inline off | pool=-pragma "pool_data on" | str=-str reuse | fpc=-fp_contract off | lang=-lang=c | cc=GC/3.0a5 | misc=-pragma "peephole off"
10	292.614	59.734	1	89.412	0	81.292	6	62.177	3	opt=-O4,p -opt nopropagation | inline=-inline off | pool=-pragma "pool_data on" | str=-str reuse | fpc=-fp_contract off | lang=-lang=c | cc=GC/3.0a5 | misc=-pragma "peephole off"
11	295.870	60.587	2	89.764	0	82.123	6	63.396	3	opt=-O4,p -opt nopeephole | inline=-inline off | pool=-pragma "pool_data on" | str=-str reuse | fpc=-fp_contract off | lang=-lang=c | cc=GC/3.0a5 | misc=-pragma "peephole off"
8	225.637	43.613	1	68.094	0	61.631	5	52.298	2	opt=-O4,p -opt noschedule | inline=-inline off | pool=-pragma "pool_data on" | str=-str reuse | fpc=-fp_contract off | lang=-lang=c | cc=GC/3.0a5 | misc=-pragma "peephole off"
11	291.690	60.396	2	89.229	0	80.393	6	61.672	3	opt=-O4,p -opt nocse | inline=-inline off | pool=-pragma "pool_data on" | str=-str reuse | fpc=-fp_contract off | lang=-lang=c | cc=GC/3.0a5 | misc=-pragma "peephole off"
10	292.655	59.816	1	89.039	0	81.826	6	61.974	3	opt=-O4,p -opt noloop | inline=-inline off | pool=-pragma "pool_data on" | str=-str reuse | fpc=-fp_contract off | lang=-lang=c | cc=GC/3.0a5 | misc=-pragma "peephole off"
11	293.832	60.587	2	88.362	0	81.840	6	63.043	3	opt=-O4,p -opt nolifetimes | inline=-inline off | pool=-pragma "pool_data on" | str=-str reuse | fpc=-fp_contract off | lang=-lang=c | cc=GC/3.0a5 | misc=-pragma "peephole off"
11	334.160	81.115	2	91.723	0	90.354	6	70.968	3	opt=-O4,p | inline=-inline smart | pool=-pragma "pool_data on" | str=-str reuse | fpc=-fp_contract off | lang=-lang=c | cc=GC/3.0a5 | misc=-pragma "peephole off"
11	358.660	90.813	2	91.723	0	91.273	6	84.851	3	opt=-O4,p | inline=-inline auto | pool=-pragma "pool_data on" | str=-str reuse | fpc=-fp_contract off | lang=-lang=c | cc=GC/3.0a5 | misc=-pragma "peephole off"
11	334.160	81.115	2	91.723	0	90.354	6	70.968	3	opt=-O4,p | inline=-inline deferred | pool=-pragma "pool_data on" | str=-str reuse | fpc=-fp_contract off | lang=-lang=c | cc=GC/3.0a5 | misc=-pragma "peephole off"
11	358.660	90.813	2	91.723	0	91.273	6	84.851	3	opt=-O4,p | inline=-inline auto,deferred | pool=-pragma "pool_data on" | str=-str reuse | fpc=-fp_contract off | lang=-lang=c | cc=GC/3.0a5 | misc=-pragma "peephole off"
11	358.660	90.813	2	91.723	0	91.273	6	84.851	3	opt=-O4,p | inline=-inline all | pool=-pragma "pool_data on" | str=-str reuse | fpc=-fp_contract off | lang=-lang=c | cc=GC/3.0a5 | misc=-pragma "peephole off"
11	356.908	89.060	2	91.723	0	91.273	6	84.851	3	opt=-O4,p | inline=-inline auto | pool= | str=-str reuse | fpc=-fp_contract off | lang=-lang=c | cc=GC/3.0a5 | misc=-pragma "peephole off"
11	358.660	90.813	2	91.723	0	91.273	6	84.851	3	opt=-O4,p | inline=-inline auto | pool=-pragma "pool_data on" | str=-str reuse,readonly | fpc=-fp_contract off | lang=-lang=c | cc=GC/3.0a5 | misc=-pragma "peephole off"
11	358.660	90.813	2	91.723	0	91.273	6	84.851	3	opt=-O4,p | inline=-inline auto | pool=-pragma "pool_data on" | str=-str noreuse | fpc=-fp_contract off | lang=-lang=c | cc=GC/3.0a5 | misc=-pragma "peephole off"
11	358.660	90.813	2	91.723	0	91.273	6	84.851	3	opt=-O4,p | inline=-inline auto | pool=-pragma "pool_data on" | str=-str readonly | fpc=-fp_contract off | lang=-lang=c | cc=GC/3.0a5 | misc=-pragma "peephole off"
11	358.736	90.813	2	91.723	0	91.349	6	84.851	3	opt=-O4,p | inline=-inline auto | pool=-pragma "pool_data on" | str=-str reuse | fpc=-fp_contract on | lang=-lang=c | cc=GC/3.0a5 | misc=-pragma "peephole off"
-1	-1.000	ERR	ERR	ERR	ERR	ERR	ERR	ERR	ERR	opt=-O4,p | inline=-inline auto | pool=-pragma "pool_data on" | str=-str reuse | fpc=-fp_contract on | lang=-lang=c++ | cc=GC/3.0a5 | misc=-pragma "peephole off"
11	358.736	90.813	2	91.723	0	91.349	6	84.851	3	opt=-O4,p | inline=-inline auto | pool=-pragma "pool_data on" | str=-str reuse | fpc=-fp_contract on | lang=-lang=c | cc=GC/1.2.5 | misc=-pragma "peephole off"
11	358.736	90.813	2	91.723	0	91.349	6	84.851	3	opt=-O4,p | inline=-inline auto | pool=-pragma "pool_data on" | str=-str reuse | fpc=-fp_contract on | lang=-lang=c | cc=GC/3.0a3 | misc=-pragma "peephole off"
20	381.404	97.179	2	97.225	2	94.319	9	92.681	7	opt=-O4,p | inline=-inline auto | pool=-pragma "pool_data on" | str=-str reuse | fpc=-fp_contract on | lang=-lang=c | cc=GC/3.0a5 | misc=-pragma "opt_propagation off"
10	283.601	67.122	1	71.374	0	69.607	5	75.499	4	opt=-O4,p | inline=-inline auto | pool=-pragma "pool_data on" | str=-str reuse | fpc=-fp_contract on | lang=-lang=c | cc=GC/3.0a5 | misc=-pragma "scheduling off"
32	384.546	97.828	6	96.338	3	95.512	10	94.868	13	opt=-O4,p | inline=-inline auto | pool=-pragma "pool_data on" | str=-str reuse | fpc=-fp_contract on | lang=-lang=c | cc=GC/3.0a5 | misc=-pragma "opt_lifetimes off"
10	235.360	53.034	1	63.540	0	61.616	5	57.171	4	opt=-O2,p | inline=-inline auto | pool=-pragma "pool_data on" | str=-str reuse | fpc=-fp_contract on | lang=-lang=c | cc=GC/3.0a5 | misc=
10	252.782	58.885	1	67.135	0	62.664	5	64.098	4	opt=-O3,s | inline=-inline auto | pool=-pragma "pool_data on" | str=-str reuse | fpc=-fp_contract on | lang=-lang=c | cc=GC/3.0a5 | misc=
28	380.006	97.008	4	97.456	3	92.008	10	93.533	11	opt=-O4,p -opt nocse | inline=-inline auto | pool=-pragma "pool_data on" | str=-str reuse | fpc=-fp_contract on | lang=-lang=c | cc=GC/3.0a5 | misc=
10	283.488	67.139	1	71.402	0	69.359	5	75.587	4	opt=-O3,p | inline=-inline auto | pool=-pragma "pool_data on" | str=-str reuse | fpc=-fp_contract on | lang=-lang=c | cc=GC/3.0a5 | misc=
11	358.736	90.813	2	91.723	0	91.349	6	84.851	3	opt=-O4,p -opt nopeephole | inline=-inline auto | pool=-pragma "pool_data on" | str=-str reuse | fpc=-fp_contract on | lang=-lang=c | cc=GC/3.0a5 | misc=
14	341.713	85.113	1	89.021	0	87.004	6	80.574	7	opt=-O4,s | inline=-inline auto | pool=-pragma "pool_data on" | str=-str reuse | fpc=-fp_contract on | lang=-lang=c | cc=GC/3.0a5 | misc=
32	384.546	97.828	6	96.338	3	95.512	10	94.868	13	opt=-O4,p -opt nolifetimes | inline=-inline auto | pool=-pragma "pool_data on" | str=-str reuse | fpc=-fp_contract on | lang=-lang=c | cc=GC/3.0a5 | misc=
27	379.983	95.246	4	97.391	3	94.172	10	93.174	10	opt=-O4,p -opt noloop | inline=-inline auto | pool=-pragma "pool_data on" | str=-str reuse | fpc=-fp_contract on | lang=-lang=c | cc=GC/3.0a5 | misc=
10	283.601	67.122	1	71.374	0	69.607	5	75.499	4	opt=-O4,p -opt noschedule | inline=-inline auto | pool=-pragma "pool_data on" | str=-str reuse | fpc=-fp_contract on | lang=-lang=c | cc=GC/3.0a5 | misc=
20	381.404	97.179	2	97.225	2	94.319	9	92.681	7	opt=-O4,p -opt nopropagation | inline=-inline auto | pool=-pragma "pool_data on" | str=-str reuse | fpc=-fp_contract on | lang=-lang=c | cc=GC/3.0a5 | misc=
27	317.144	62.993	4	96.022	2	85.833	10	72.296	11	opt=-O4,p | inline=-inline off | pool=-pragma "pool_data on" | str=-str reuse | fpc=-fp_contract on | lang=-lang=c | cc=GC/3.0a5 | misc=
29	360.854	87.036	4	97.991	3	94.927	10	80.901	12	opt=-O4,p | inline=-inline smart | pool=-pragma "pool_data on" | str=-str reuse | fpc=-fp_contract on | lang=-lang=c | cc=GC/3.0a5 | misc=
29	360.854	87.036	4	97.991	3	94.927	10	80.901	12	opt=-O4,p | inline=-inline deferred | pool=-pragma "pool_data on" | str=-str reuse | fpc=-fp_contract on | lang=-lang=c | cc=GC/3.0a5 | misc=
33	387.356	97.828	6	97.991	3	95.857	11	95.680	13	opt=-O4,p | inline=-inline auto,deferred | pool=-pragma "pool_data on" | str=-str reuse | fpc=-fp_contract on | lang=-lang=c | cc=GC/3.0a5 | misc=
33	385.125	95.597	6	97.991	3	95.857	11	95.680	13	opt=-O4,p | inline=-inline auto | pool= | str=-str reuse | fpc=-fp_contract on | lang=-lang=c | cc=GC/3.0a5 | misc=
33	387.280	97.828	6	97.991	3	95.781	11	95.680	13	opt=-O4,p | inline=-inline auto | pool=-pragma "pool_data on" | str=-str reuse | fpc=-fp_contract off | lang=-lang=c | cc=GC/3.0a5 | misc=
-1	-1.000	ERR	ERR	ERR	ERR	ERR	ERR	ERR	ERR	opt=-O4,p | inline=-inline auto | pool=-pragma "pool_data on" | str=-str reuse | fpc=-fp_contract on | lang=-lang=c++ | cc=GC/3.0a5 | misc=
14	313.118	74.238	1	88.443	0	84.212	6	66.225	7	opt=-O4,s | inline=-inline deferred | pool= | str=-str readonly | fpc=-fp_contract off | lang=-lang=c | cc=GC/1.1 | misc=-pragma "opt_common_subs off"
26	352.768	85.536	3	97.456	3	91.013	9	78.763	11	opt=-O4,p | inline=-inline deferred | pool= | str=-str readonly | fpc=-fp_contract off | lang=-lang=c | cc=GC/1.1 | misc=-pragma "opt_common_subs off"
10	218.883	46.660	1	62.804	0	61.002	5	48.417	4	opt=-O2,p | inline=-inline deferred | pool= | str=-str readonly | fpc=-fp_contract off | lang=-lang=c | cc=GC/1.1 | misc=-pragma "opt_common_subs off"
10	231.842	50.675	1	66.763	0	60.517	5	53.887	4	opt=-O3,s | inline=-inline deferred | pool= | str=-str readonly | fpc=-fp_contract off | lang=-lang=c | cc=GC/1.1 | misc=-pragma "opt_common_subs off"
10	259.067	58.844	1	71.053	0	65.922	5	63.248	4	opt=-O3,p | inline=-inline deferred | pool= | str=-str readonly | fpc=-fp_contract off | lang=-lang=c | cc=GC/1.1 | misc=-pragma "opt_common_subs off"
19	349.096	85.283	2	96.631	2	90.525	8	76.657	7	opt=-O4,p -opt nopropagation | inline=-inline deferred | pool= | str=-str readonly | fpc=-fp_contract off | lang=-lang=c | cc=GC/1.1 | misc=-pragma "opt_common_subs off"
26	350.361	85.536	3	95.791	3	91.017	9	78.018	11	opt=-O4,p -opt nolifetimes | inline=-inline deferred | pool= | str=-str readonly | fpc=-fp_contract off | lang=-lang=c | cc=GC/1.1 | misc=-pragma "opt_common_subs off"
11	327.018	79.893	2	91.187	0	86.933	6	69.005	3	opt=-O4,p -opt nopeephole | inline=-inline deferred | pool= | str=-str readonly | fpc=-fp_contract off | lang=-lang=c | cc=GC/1.1 | misc=-pragma "opt_common_subs off"
10	258.895	58.949	1	70.925	0	65.734	5	63.287	4	opt=-O4,p -opt noschedule | inline=-inline deferred | pool= | str=-str readonly | fpc=-fp_contract off | lang=-lang=c | cc=GC/1.1 | misc=-pragma "opt_common_subs off"
23	348.078	84.497	2	96.103	3	90.596	9	76.881	9	opt=-O4,p -opt noloop | inline=-inline deferred | pool= | str=-str readonly | fpc=-fp_contract off | lang=-lang=c | cc=GC/1.1 | misc=-pragma "opt_common_subs off"
26	352.768	85.536	3	97.456	3	91.013	9	78.763	11	opt=-O4,p -opt nocse | inline=-inline deferred | pool= | str=-str readonly | fpc=-fp_contract off | lang=-lang=c | cc=GC/1.1 | misc=-pragma "opt_common_subs off"
26	352.768	85.536	3	97.456	3	91.013	9	78.763	11	opt=-O4,p | inline=-inline smart | pool= | str=-str readonly | fpc=-fp_contract off | lang=-lang=c | cc=GC/1.1 | misc=-pragma "opt_common_subs off"
28	378.011	95.078	4	97.456	3	91.943	10	93.533	11	opt=-O4,p | inline=-inline auto | pool= | str=-str readonly | fpc=-fp_contract off | lang=-lang=c | cc=GC/1.1 | misc=-pragma "opt_common_subs off"
25	311.300	61.493	3	95.488	2	83.857	9	70.462	11	opt=-O4,p | inline=-inline off | pool= | str=-str readonly | fpc=-fp_contract off | lang=-lang=c | cc=GC/1.1 | misc=-pragma "opt_common_subs off"
28	378.011	95.078	4	97.456	3	91.943	10	93.533	11	opt=-O4,p | inline=-inline all | pool= | str=-str readonly | fpc=-fp_contract off | lang=-lang=c | cc=GC/1.1 | misc=-pragma "opt_common_subs off"
28	378.011	95.078	4	97.456	3	91.943	10	93.533	11	opt=-O4,p | inline=-inline auto,deferred | pool= | str=-str readonly | fpc=-fp_contract off | lang=-lang=c | cc=GC/1.1 | misc=-pragma "opt_common_subs off"
28	379.941	97.008	4	97.456	3	91.943	10	93.533	11	opt=-O4,p | inline=-inline auto | pool=-pragma "pool_data on" | str=-str readonly | fpc=-fp_contract off | lang=-lang=c | cc=GC/1.1 | misc=-pragma "opt_common_subs off"
28	379.941	97.008	4	97.456	3	91.943	10	93.533	11	opt=-O4,p | inline=-inline auto | pool=-pragma "pool_data on" | str=-str reuse | fpc=-fp_contract off | lang=-lang=c | cc=GC/1.1 | misc=-pragma "opt_common_subs off"
28	379.941	97.008	4	97.456	3	91.943	10	93.533	11	opt=-O4,p | inline=-inline auto | pool=-pragma "pool_data on" | str=-str reuse,readonly | fpc=-fp_contract off | lang=-lang=c | cc=GC/1.1 | misc=-pragma "opt_common_subs off"
28	379.941	97.008	4	97.456	3	91.943	10	93.533	11	opt=-O4,p | inline=-inline auto | pool=-pragma "pool_data on" | str=-str noreuse | fpc=-fp_contract off | lang=-lang=c | cc=GC/1.1 | misc=-pragma "opt_common_subs off"
-1	-1.000	ERR	ERR	ERR	ERR	ERR	ERR	ERR	ERR	opt=-O4,p | inline=-inline auto | pool=-pragma "pool_data on" | str=-str readonly | fpc=-fp_contract on | lang=-lang=c++ | cc=GC/1.1 | misc=-pragma "opt_common_subs off"
28	380.006	97.008	4	97.456	3	92.008	10	93.533	11	opt=-O4,p | inline=-inline auto | pool=-pragma "pool_data on" | str=-str readonly | fpc=-fp_contract on | lang=-lang=c | cc=GC/1.3.2 | misc=-pragma "opt_common_subs off"
28	380.006	97.008	4	97.456	3	92.008	10	93.533	11	opt=-O4,p | inline=-inline auto | pool=-pragma "pool_data on" | str=-str readonly | fpc=-fp_contract on | lang=-lang=c | cc=GC/2.5 | misc=-pragma "opt_common_subs off"
28	380.006	97.008	4	97.456	3	92.008	10	93.533	11	opt=-O4,p | inline=-inline auto | pool=-pragma "pool_data on" | str=-str readonly | fpc=-fp_contract on | lang=-lang=c | cc=GC/3.0a3 | misc=-pragma "opt_common_subs off"
28	380.006	97.008	4	97.456	3	92.008	10	93.533	11	opt=-O4,p | inline=-inline auto | pool=-pragma "pool_data on" | str=-str readonly | fpc=-fp_contract on | lang=-lang=c | cc=GC/1.2.5 | misc=-pragma "opt_common_subs off"
28	380.006	97.008	4	97.456	3	92.008	10	93.533	11	opt=-O4,p | inline=-inline auto | pool=-pragma "pool_data on" | str=-str readonly | fpc=-fp_contract on | lang=-lang=c | cc=GC/3.0a5 | misc=-pragma "opt_common_subs off"
-1	-1.000	ERR	ERR	ERR	ERR	ERR	ERR	ERR	ERR	opt=-O3,p | inline=-inline smart | pool= | str=-str noreuse | fpc=-fp_contract off | lang=-lang=c++ | cc=GC/3.0a5 | misc=
-1	-1.000	ERR	ERR	ERR	ERR	ERR	ERR	ERR	ERR	opt=-O4,s | inline=-inline smart | pool= | str=-str noreuse | fpc=-fp_contract off | lang=-lang=c++ | cc=GC/3.0a5 | misc=
-1	-1.000	ERR	ERR	ERR	ERR	ERR	ERR	ERR	ERR	opt=-O3,s | inline=-inline smart | pool= | str=-str noreuse | fpc=-fp_contract off | lang=-lang=c++ | cc=GC/3.0a5 | misc=
-1	-1.000	ERR	ERR	ERR	ERR	ERR	ERR	ERR	ERR	opt=-O4,p -opt noschedule | inline=-inline smart | pool= | str=-str noreuse | fpc=-fp_contract off | lang=-lang=c++ | cc=GC/3.0a5 | misc=
-1	-1.000	ERR	ERR	ERR	ERR	ERR	ERR	ERR	ERR	opt=-O2,p | inline=-inline smart | pool= | str=-str noreuse | fpc=-fp_contract off | lang=-lang=c++ | cc=GC/3.0a5 | misc=
-1	-1.000	ERR	ERR	ERR	ERR	ERR	ERR	ERR	ERR	opt=-O4,p -opt nopeephole | inline=-inline smart | pool= | str=-str noreuse | fpc=-fp_contract off | lang=-lang=c++ | cc=GC/3.0a5 | misc=
-1	-1.000	ERR	ERR	ERR	ERR	ERR	ERR	ERR	ERR	opt=-O4,p -opt nolifetimes | inline=-inline smart | pool= | str=-str noreuse | fpc=-fp_contract off | lang=-lang=c++ | cc=GC/3.0a5 | misc=
-1	-1.000	ERR	ERR	ERR	ERR	ERR	ERR	ERR	ERR	opt=-O4,p -opt noloop | inline=-inline smart | pool= | str=-str noreuse | fpc=-fp_contract off | lang=-lang=c++ | cc=GC/3.0a5 | misc=
-1	-1.000	ERR	ERR	ERR	ERR	ERR	ERR	ERR	ERR	opt=-O4,p -opt nopropagation | inline=-inline smart | pool= | str=-str noreuse | fpc=-fp_contract off | lang=-lang=c++ | cc=GC/3.0a5 | misc=
-1	-1.000	ERR	ERR	ERR	ERR	ERR	ERR	ERR	ERR	opt=-O4,p -opt nocse | inline=-inline smart | pool= | str=-str noreuse | fpc=-fp_contract off | lang=-lang=c++ | cc=GC/3.0a5 | misc=
-1	-1.000	ERR	ERR	ERR	ERR	ERR	ERR	ERR	ERR	opt=-O4,p -opt nopropagation | inline=-inline auto,deferred | pool= | str=-str noreuse | fpc=-fp_contract off | lang=-lang=c++ | cc=GC/3.0a5 | misc=
-1	-1.000	ERR	ERR	ERR	ERR	ERR	ERR	ERR	ERR	opt=-O4,p -opt nopropagation | inline=-inline deferred | pool= | str=-str noreuse | fpc=-fp_contract off | lang=-lang=c++ | cc=GC/3.0a5 | misc=
-1	-1.000	ERR	ERR	ERR	ERR	ERR	ERR	ERR	ERR	opt=-O4,p -opt nopropagation | inline=-inline auto | pool= | str=-str noreuse | fpc=-fp_contract off | lang=-lang=c++ | cc=GC/3.0a5 | misc=
-1	-1.000	ERR	ERR	ERR	ERR	ERR	ERR	ERR	ERR	opt=-O4,p -opt nopropagation | inline=-inline all | pool= | str=-str noreuse | fpc=-fp_contract off | lang=-lang=c++ | cc=GC/3.0a5 | misc=
-1	-1.000	ERR	ERR	ERR	ERR	ERR	ERR	ERR	ERR	opt=-O4,p -opt nopropagation | inline=-inline off | pool= | str=-str noreuse | fpc=-fp_contract off | lang=-lang=c++ | cc=GC/3.0a5 | misc=
-1	-1.000	ERR	ERR	ERR	ERR	ERR	ERR	ERR	ERR	opt=-O4,p -opt nopropagation | inline=-inline smart | pool=-pragma "pool_data on" | str=-str noreuse | fpc=-fp_contract off | lang=-lang=c++ | cc=GC/3.0a5 | misc=
-1	-1.000	ERR	ERR	ERR	ERR	ERR	ERR	ERR	ERR	opt=-O4,p -opt nopropagation | inline=-inline smart | pool= | str=-str reuse | fpc=-fp_contract off | lang=-lang=c++ | cc=GC/3.0a5 | misc=
-1	-1.000	ERR	ERR	ERR	ERR	ERR	ERR	ERR	ERR	opt=-O4,p -opt nopropagation | inline=-inline smart | pool= | str=-str reuse,readonly | fpc=-fp_contract off | lang=-lang=c++ | cc=GC/3.0a5 | misc=
-1	-1.000	ERR	ERR	ERR	ERR	ERR	ERR	ERR	ERR	opt=-O4,p -opt nopropagation | inline=-inline smart | pool= | str=-str readonly | fpc=-fp_contract off | lang=-lang=c++ | cc=GC/3.0a5 | misc=
19	354.560	85.324	2	97.225	2	93.313	8	78.698	7	opt=-O4,p -opt nopropagation | inline=-inline smart | pool= | str=-str noreuse | fpc=-fp_contract off | lang=-lang=c | cc=GC/3.0a5 | misc=
19	354.560	85.324	2	97.225	2	93.313	8	78.698	7	opt=-O4,p -opt nopropagation | inline=-inline smart | pool= | str=-str noreuse | fpc=-fp_contract off | lang=-lang=c | cc=GC/2.5 | misc=
19	354.560	85.324	2	97.225	2	93.313	8	78.698	7	opt=-O4,p -opt nopropagation | inline=-inline smart | pool= | str=-str noreuse | fpc=-fp_contract off | lang=-lang=c | cc=GC/1.2.5 | misc=
19	354.560	85.324	2	97.225	2	93.313	8	78.698	7	opt=-O4,p -opt nopropagation | inline=-inline smart | pool= | str=-str noreuse | fpc=-fp_contract off | lang=-lang=c | cc=GC/1.1 | misc=
19	354.560	85.324	2	97.225	2	93.313	8	78.698	7	opt=-O4,p -opt nopropagation | inline=-inline smart | pool= | str=-str noreuse | fpc=-fp_contract off | lang=-lang=c | cc=GC/3.0a3 | misc=
19	354.560	85.324	2	97.225	2	93.313	8	78.698	7	opt=-O4,p -opt nopropagation | inline=-inline smart | pool= | str=-str noreuse | fpc=-fp_contract off | lang=-lang=c | cc=GC/1.3.2 | misc=
10	262.415	58.863	1	71.395	0	68.197	5	63.960	4	opt=-O4,p -opt nopropagation | inline=-inline smart | pool= | str=-str noreuse | fpc=-fp_contract off | lang=-lang=c | cc=GC/3.0a5 | misc=-pragma "scheduling off"
19	349.096	85.283	2	96.631	2	90.525	8	76.657	7	opt=-O4,p -opt nopropagation | inline=-inline smart | pool= | str=-str noreuse | fpc=-fp_contract off | lang=-lang=c | cc=GC/3.0a5 | misc=-pragma "opt_common_subs off"
19	354.560	85.324	2	97.225	2	93.313	8	78.698	7	opt=-O4,p -opt nopropagation | inline=-inline smart | pool= | str=-str noreuse | fpc=-fp_contract off | lang=-lang=c | cc=GC/3.0a5 | misc=-pragma "opt_dead_assignments off"
19	354.560	85.324	2	97.225	2	93.313	8	78.698	7	opt=-O4,p -opt nopropagation | inline=-inline smart | pool= | str=-str noreuse | fpc=-fp_contract off | lang=-lang=c | cc=GC/3.0a5 | misc=-pragma "opt_propagation off"
19	352.056	85.324	2	95.362	2	93.093	8	78.277	7	opt=-O4,p -opt nopropagation | inline=-inline smart | pool= | str=-str noreuse | fpc=-fp_contract off | lang=-lang=c | cc=GC/3.0a5 | misc=-pragma "opt_lifetimes off"
10	329.784	79.613	1	91.370	0	89.415	6	69.385	3	opt=-O4,p -opt nopropagation | inline=-inline smart | pool= | str=-str noreuse | fpc=-fp_contract off | lang=-lang=c | cc=GC/3.0a5 | misc=-pragma "peephole off"
10	221.123	46.510	1	63.540	0	61.543	5	49.530	4	opt=-O2,p | inline=-inline smart | pool= | str=-str noreuse | fpc=-fp_contract off | lang=-lang=c | cc=GC/3.0a5 | misc=
10	235.658	50.716	1	67.135	0	61.968	5	55.838	4	opt=-O3,s | inline=-inline smart | pool= | str=-str noreuse | fpc=-fp_contract off | lang=-lang=c | cc=GC/3.0a5 | misc=
10	263.779	58.885	1	71.402	0	68.371	5	65.121	4	opt=-O3,p | inline=-inline smart | pool= | str=-str noreuse | fpc=-fp_contract off | lang=-lang=c | cc=GC/3.0a5 | misc=
14	317.910	74.279	1	89.021	0	86.298	6	68.312	7	opt=-O4,s | inline=-inline smart | pool= | str=-str noreuse | fpc=-fp_contract off | lang=-lang=c | cc=GC/3.0a5 | misc=
26	352.768	85.536	3	97.456	3	91.013	9	78.763	11	opt=-O4,p -opt nocse | inline=-inline smart | pool= | str=-str noreuse | fpc=-fp_contract off | lang=-lang=c | cc=GC/3.0a5 | misc=
11	333.129	80.085	2	91.723	0	90.354	6	70.968	3	opt=-O4,p -opt nopeephole | inline=-inline smart | pool= | str=-str noreuse | fpc=-fp_contract off | lang=-lang=c | cc=GC/3.0a5 | misc=
29	359.470	85.727	4	97.991	3	94.851	10	80.901	12	opt=-O4,p | inline=-inline smart | pool= | str=-str noreuse | fpc=-fp_contract off | lang=-lang=c | cc=GC/3.0a5 | misc=
10	263.893	58.867	1	71.374	0	68.619	5	65.033	4	opt=-O4,p -opt noschedule | inline=-inline smart | pool= | str=-str noreuse | fpc=-fp_contract off | lang=-lang=c | cc=GC/3.0a5 | misc=
28	356.660	85.727	4	96.338	3	94.507	9	80.089	12	opt=-O4,p -opt nolifetimes | inline=-inline smart | pool= | str=-str noreuse | fpc=-fp_contract off | lang=-lang=c | cc=GC/3.0a5 | misc=
25	354.044	84.689	3	97.391	3	93.587	10	78.378	9	opt=-O4,p -opt noloop | inline=-inline smart | pool= | str=-str noreuse | fpc=-fp_contract off | lang=-lang=c | cc=GC/3.0a5 | misc=
27	315.760	61.684	4	96.022	2	85.757	10	72.296	11	opt=-O4,p | inline=-inline off | pool= | str=-str noreuse | fpc=-fp_contract off | lang=-lang=c | cc=GC/3.0a5 | misc=
33	385.049	95.597	6	97.991	3	95.781	11	95.680	13	opt=-O4,p | inline=-inline auto,deferred | pool= | str=-str noreuse | fpc=-fp_contract off | lang=-lang=c | cc=GC/3.0a5 | misc=
33	385.049	95.597	6	97.991	3	95.781	11	95.680	13	opt=-O4,p | inline=-inline auto | pool= | str=-str noreuse | fpc=-fp_contract off | lang=-lang=c | cc=GC/3.0a5 | misc=
29	359.470	85.727	4	97.991	3	94.851	10	80.901	12	opt=-O4,p | inline=-inline deferred | pool= | str=-str noreuse | fpc=-fp_contract off | lang=-lang=c | cc=GC/3.0a5 | misc=
33	385.049	95.597	6	97.991	3	95.781	11	95.680	13	opt=-O4,p | inline=-inline all | pool= | str=-str noreuse | fpc=-fp_contract off | lang=-lang=c | cc=GC/3.0a5 | misc=
33	387.280	97.828	6	97.991	3	95.781	11	95.680	13	opt=-O4,p | inline=-inline auto | pool=-pragma "pool_data on" | str=-str readonly | fpc=-fp_contract off | lang=-lang=c | cc=GC/3.0a5 | misc=
33	387.280	97.828	6	97.991	3	95.781	11	95.680	13	opt=-O4,p | inline=-inline auto | pool=-pragma "pool_data on" | str=-str reuse,readonly | fpc=-fp_contract off | lang=-lang=c | cc=GC/3.0a5 | misc=
10	221.868	47.183	1	63.540	0	61.616	5	49.530	4	opt=-O2,p | inline=-inline smart | pool=-pragma "pool_data on" | str=-str noreuse | fpc=-fp_contract on | lang=-lang=c | cc=GC/3.0a3 | misc=-pragma "scheduling off"
10	236.404	51.389	1	67.135	0	62.041	5	55.838	4	opt=-O3,s | inline=-inline smart | pool=-pragma "pool_data on" | str=-str noreuse | fpc=-fp_contract on | lang=-lang=c | cc=GC/3.0a3 | misc=-pragma "scheduling off"
10	264.522	59.559	1	71.402	0	68.439	5	65.121	4	opt=-O3,p | inline=-inline smart | pool=-pragma "pool_data on" | str=-str noreuse | fpc=-fp_contract on | lang=-lang=c | cc=GC/3.0a3 | misc=-pragma "scheduling off"
10	236.137	51.495	1	66.763	0	62.041	5	55.838	4	opt=-O4,s | inline=-inline smart | pool=-pragma "pool_data on" | str=-str noreuse | fpc=-fp_contract on | lang=-lang=c | cc=GC/3.0a3 | misc=-pragma "scheduling off"
10	259.549	59.623	1	70.925	0	65.714	5	63.287	4	opt=-O4,p -opt nocse | inline=-inline smart | pool=-pragma "pool_data on" | str=-str noreuse | fpc=-fp_contract on | lang=-lang=c | cc=GC/3.0a3 | misc=-pragma "scheduling off"
10	264.636	59.541	1	71.374	0	68.688	5	65.033	4	opt=-O4,p | inline=-inline smart | pool=-pragma "pool_data on" | str=-str noreuse | fpc=-fp_contract on | lang=-lang=c | cc=GC/3.0a3 | misc=-pragma "scheduling off"
10	263.064	59.537	1	71.395	0	68.173	5	63.960	4	opt=-O4,p -opt nopropagation | inline=-inline smart | pool=-pragma "pool_data on" | str=-str noreuse | fpc=-fp_contract on | lang=-lang=c | cc=GC/3.0a3 | misc=-pragma "scheduling off"
8	253.411	58.847	1	69.294	0	66.301	5	58.969	2	opt=-O4,p -opt nopeephole | inline=-inline smart | pool=-pragma "pool_data on" | str=-str noreuse | fpc=-fp_contract on | lang=-lang=c | cc=GC/3.0a3 | misc=-pragma "scheduling off"
10	262.537	59.541	1	69.974	0	68.275	5	64.747	4	opt=-O4,p -opt nolifetimes | inline=-inline smart | pool=-pragma "pool_data on" | str=-str noreuse | fpc=-fp_contract on | lang=-lang=c | cc=GC/3.0a3 | misc=-pragma "scheduling off"
10	264.636	59.541	1	71.374	0	68.688	5	65.033	4	opt=-O4,p -opt noschedule | inline=-inline smart | pool=-pragma "pool_data on" | str=-str noreuse | fpc=-fp_contract on | lang=-lang=c | cc=GC/3.0a3 | misc=-pragma "scheduling off"
10	260.548	58.993	1	70.857	0	67.860	5	62.837	4	opt=-O4,p -opt noloop | inline=-inline smart | pool=-pragma "pool_data on" | str=-str noreuse | fpc=-fp_contract on | lang=-lang=c | cc=GC/3.0a3 | misc=-pragma "scheduling off"
10	236.956	44.809	1	70.176	0	63.753	5	58.218	4	opt=-O4,p | inline=-inline off | pool=-pragma "pool_data on" | str=-str noreuse | fpc=-fp_contract on | lang=-lang=c | cc=GC/3.0a3 | misc=-pragma "scheduling off"
10	264.636	59.541	1	71.374	0	68.688	5	65.033	4	opt=-O4,p | inline=-inline deferred | pool=-pragma "pool_data on" | str=-str noreuse | fpc=-fp_contract on | lang=-lang=c | cc=GC/3.0a3 | misc=-pragma "scheduling off"
10	283.601	67.122	1	71.374	0	69.607	5	75.499	4	opt=-O4,p | inline=-inline auto | pool=-pragma "pool_data on" | str=-str noreuse | fpc=-fp_contract on | lang=-lang=c | cc=GC/3.0a3 | misc=-pragma "scheduling off"
10	283.601	67.122	1	71.374	0	69.607	5	75.499	4	opt=-O4,p | inline=-inline all | pool=-pragma "pool_data on" | str=-str noreuse | fpc=-fp_contract on | lang=-lang=c | cc=GC/3.0a3 | misc=-pragma "scheduling off"
10	283.601	67.122	1	71.374	0	69.607	5	75.499	4	opt=-O4,p | inline=-inline auto,deferred | pool=-pragma "pool_data on" | str=-str noreuse | fpc=-fp_contract on | lang=-lang=c | cc=GC/3.0a3 | misc=-pragma "scheduling off"
10	282.981	66.501	1	71.374	0	69.607	5	75.499	4	opt=-O4,p | inline=-inline auto | pool= | str=-str noreuse | fpc=-fp_contract on | lang=-lang=c | cc=GC/3.0a3 | misc=-pragma "scheduling off"
10	283.601	67.122	1	71.374	0	69.607	5	75.499	4	opt=-O4,p | inline=-inline auto | pool=-pragma "pool_data on" | str=-str readonly | fpc=-fp_contract on | lang=-lang=c | cc=GC/3.0a3 | misc=-pragma "scheduling off"
10	283.601	67.122	1	71.374	0	69.607	5	75.499	4	opt=-O4,p | inline=-inline auto | pool=-pragma "pool_data on" | str=-str reuse | fpc=-fp_contract on | lang=-lang=c | cc=GC/3.0a3 | misc=-pragma "scheduling off"
10	283.601	67.122	1	71.374	0	69.607	5	75.499	4	opt=-O4,p | inline=-inline auto | pool=-pragma "pool_data on" | str=-str reuse,readonly | fpc=-fp_contract on | lang=-lang=c | cc=GC/3.0a3 | misc=-pragma "scheduling off"
10	283.533	67.122	1	71.374	0	69.539	5	75.499	4	opt=-O4,p | inline=-inline auto | pool=-pragma "pool_data on" | str=-str noreuse | fpc=-fp_contract off | lang=-lang=c | cc=GC/3.0a3 | misc=-pragma "scheduling off"
-1	-1.000	ERR	ERR	ERR	ERR	ERR	ERR	ERR	ERR	opt=-O4,p | inline=-inline auto | pool=-pragma "pool_data on" | str=-str noreuse | fpc=-fp_contract on | lang=-lang=c++ | cc=GC/3.0a3 | misc=-pragma "scheduling off"
10	283.601	67.122	1	71.374	0	69.607	5	75.499	4	opt=-O4,p | inline=-inline auto | pool=-pragma "pool_data on" | str=-str noreuse | fpc=-fp_contract on | lang=-lang=c | cc=GC/1.1 | misc=-pragma "scheduling off"
10	283.601	67.122	1	71.374	0	69.607	5	75.499	4	opt=-O4,p | inline=-inline auto | pool=-pragma "pool_data on" | str=-str noreuse | fpc=-fp_contract on | lang=-lang=c | cc=GC/2.5 | misc=-pragma "scheduling off"
28	380.006	97.008	4	97.456	3	92.008	10	93.533	11	opt=-O4,p | inline=-inline auto | pool=-pragma "pool_data on" | str=-str noreuse | fpc=-fp_contract on | lang=-lang=c | cc=GC/3.0a3 | misc=-pragma "opt_common_subs off"
20	381.404	97.179	2	97.225	2	94.319	9	92.681	7	opt=-O4,p | inline=-inline auto | pool=-pragma "pool_data on" | str=-str noreuse | fpc=-fp_contract on | lang=-lang=c | cc=GC/3.0a3 | misc=-pragma "opt_propagation off"
11	358.736	90.813	2	91.723	0	91.349	6	84.851	3	opt=-O4,p | inline=-inline auto | pool=-pragma "pool_data on" | str=-str noreuse | fpc=-fp_contract on | lang=-lang=c | cc=GC/3.0a3 | misc=-pragma "peephole off"
33	387.147	97.657	6	97.953	3	95.857	11	95.680	13	opt=-O4,p | inline=-inline auto | pool=-pragma "pool_data on" | str=-str noreuse | fpc=-fp_contract on | lang=-lang=c | cc=GC/3.0a3 | misc=-pragma "opt_dead_assignments off"
14	341.713	85.113	1	89.021	0	87.004	6	80.574	7	opt=-O4,s | inline=-inline auto | pool=-pragma "pool_data on" | str=-str noreuse | fpc=-fp_contract on | lang=-lang=c | cc=GC/3.0a3 | misc=
10	235.360	53.034	1	63.540	0	61.616	5	57.171	4	opt=-O2,p | inline=-inline auto | pool=-pragma "pool_data on" | str=-str noreuse | fpc=-fp_contract on | lang=-lang=c | cc=GC/3.0a3 | misc=
10	252.782	58.885	1	67.135	0	62.664	5	64.098	4	opt=-O3,s | inline=-inline auto | pool=-pragma "pool_data on" | str=-str noreuse | fpc=-fp_contract on | lang=-lang=c | cc=GC/3.0a3 | misc=
10	283.488	67.139	1	71.402	0	69.359	5	75.587	4	opt=-O3,p | inline=-inline auto | pool=-pragma "pool_data on" | str=-str noreuse | fpc=-fp_contract on | lang=-lang=c | cc=GC/3.0a3 | misc=
11	358.736	90.813	2	91.723	0	91.349	6	84.851	3	opt=-O4,p -opt nopeephole | inline=-inline auto | pool=-pragma "pool_data on" | str=-str noreuse | fpc=-fp_contract on | lang=-lang=c | cc=GC/3.0a3 | misc=
20	381.404	97.179	2	97.225	2	94.319	9	92.681	7	opt=-O4,p -opt nopropagation | inline=-inline auto | pool=-pragma "pool_data on" | str=-str noreuse | fpc=-fp_contract on | lang=-lang=c | cc=GC/3.0a3 | misc=
28	380.006	97.008	4	97.456	3	92.008	10	93.533	11	opt=-O4,p -opt nocse | inline=-inline auto | pool=-pragma "pool_data on" | str=-str noreuse | fpc=-fp_contract on | lang=-lang=c | cc=GC/3.0a3 | misc=
10	283.601	67.122	1	71.374	0	69.607	5	75.499	4	opt=-O4,p -opt noschedule | inline=-inline auto | pool=-pragma "pool_data on" | str=-str noreuse | fpc=-fp_contract on | lang=-lang=c | cc=GC/3.0a3 | misc=
27	379.983	95.246	4	97.391	3	94.172	10	93.174	10	opt=-O4,p -opt noloop | inline=-inline auto | pool=-pragma "pool_data on" | str=-str noreuse | fpc=-fp_contract on | lang=-lang=c | cc=GC/3.0a3 | misc=
32	384.546	97.828	6	96.338	3	95.512	10	94.868	13	opt=-O4,p -opt nolifetimes | inline=-inline auto | pool=-pragma "pool_data on" | str=-str noreuse | fpc=-fp_contract on | lang=-lang=c | cc=GC/3.0a3 | misc=
27	317.144	62.993	4	96.022	2	85.833	10	72.296	11	opt=-O4,p | inline=-inline off | pool=-pragma "pool_data on" | str=-str noreuse | fpc=-fp_contract on | lang=-lang=c | cc=GC/3.0a3 | misc=
33	387.356	97.828	6	97.991	3	95.857	11	95.680	13	opt=-O4,p | inline=-inline auto,deferred | pool=-pragma "pool_data on" | str=-str noreuse | fpc=-fp_contract on | lang=-lang=c | cc=GC/3.0a3 | misc=
29	360.854	87.036	4	97.991	3	94.927	10	80.901	12	opt=-O4,p | inline=-inline smart | pool=-pragma "pool_data on" | str=-str noreuse | fpc=-fp_contract on | lang=-lang=c | cc=GC/3.0a3 | misc=
29	360.854	87.036	4	97.991	3	94.927	10	80.901	12	opt=-O4,p | inline=-inline deferred | pool=-pragma "pool_data on" | str=-str noreuse | fpc=-fp_contract on | lang=-lang=c | cc=GC/3.0a3 | misc=
33	387.356	97.828	6	97.991	3	95.857	11	95.680	13	opt=-O4,p | inline=-inline all | pool=-pragma "pool_data on" | str=-str noreuse | fpc=-fp_contract on | lang=-lang=c | cc=GC/3.0a3 | misc=
33	385.125	95.597	6	97.991	3	95.857	11	95.680	13	opt=-O4,p | inline=-inline auto | pool= | str=-str noreuse | fpc=-fp_contract on | lang=-lang=c | cc=GC/3.0a3 | misc=
33	387.356	97.828	6	97.991	3	95.857	11	95.680	13	opt=-O4,p | inline=-inline auto | pool=-pragma "pool_data on" | str=-str readonly | fpc=-fp_contract on | lang=-lang=c | cc=GC/3.0a3 | misc=
33	387.356	97.828	6	97.991	3	95.857	11	95.680	13	opt=-O4,p | inline=-inline auto | pool=-pragma "pool_data on" | str=-str reuse,readonly | fpc=-fp_contract on | lang=-lang=c | cc=GC/3.0a3 | misc=
33	387.280	97.828	6	97.991	3	95.781	11	95.680	13	opt=-O4,p | inline=-inline auto | pool=-pragma "pool_data on" | str=-str noreuse | fpc=-fp_contract off | lang=-lang=c | cc=GC/3.0a3 | misc=
-1	-1.000	ERR	ERR	ERR	ERR	ERR	ERR	ERR	ERR	opt=-O4,p | inline=-inline auto | pool=-pragma "pool_data on" | str=-str noreuse | fpc=-fp_contract on | lang=-lang=c++ | cc=GC/3.0a3 | misc=
-1	-1.000	ERR	ERR	ERR	ERR	ERR	ERR	ERR	ERR	opt=-O4,p -opt nopeephole | inline=-inline auto | pool= | str=-str noreuse | fpc=-fp_contract off | lang=-lang=c++ | cc=GC/1.1 | misc=-pragma "opt_propagation off"
-1	-1.000	ERR	ERR	ERR	ERR	ERR	ERR	ERR	ERR	opt=-O4,p | inline=-inline auto | pool= | str=-str noreuse | fpc=-fp_contract off | lang=-lang=c++ | cc=GC/1.1 | misc=-pragma "opt_propagation off"
-1	-1.000	ERR	ERR	ERR	ERR	ERR	ERR	ERR	ERR	opt=-O3,p | inline=-inline auto | pool= | str=-str noreuse | fpc=-fp_contract off | lang=-lang=c++ | cc=GC/1.1 | misc=-pragma "opt_propagation off"
-1	-1.000	ERR	ERR	ERR	ERR	ERR	ERR	ERR	ERR	opt=-O4,p -opt noschedule | inline=-inline auto | pool= | str=-str noreuse | fpc=-fp_contract off | lang=-lang=c++ | cc=GC/1.1 | misc=-pragma "opt_propagation off"
-1	-1.000	ERR	ERR	ERR	ERR	ERR	ERR	ERR	ERR	opt=-O4,s | inline=-inline auto | pool= | str=-str noreuse | fpc=-fp_contract off | lang=-lang=c++ | cc=GC/1.1 | misc=-pragma "opt_propagation off"
-1	-1.000	ERR	ERR	ERR	ERR	ERR	ERR	ERR	ERR	opt=-O4,p -opt nolifetimes | inline=-inline auto | pool= | str=-str noreuse | fpc=-fp_contract off | lang=-lang=c++ | cc=GC/1.1 | misc=-pragma "opt_propagation off"
-1	-1.000	ERR	ERR	ERR	ERR	ERR	ERR	ERR	ERR	opt=-O4,p -opt noloop | inline=-inline auto | pool= | str=-str noreuse | fpc=-fp_contract off | lang=-lang=c++ | cc=GC/1.1 | misc=-pragma "opt_propagation off"
-1	-1.000	ERR	ERR	ERR	ERR	ERR	ERR	ERR	ERR	opt=-O4,p -opt nopropagation | inline=-inline auto | pool= | str=-str noreuse | fpc=-fp_contract off | lang=-lang=c++ | cc=GC/1.1 | misc=-pragma "opt_propagation off"
-1	-1.000	ERR	ERR	ERR	ERR	ERR	ERR	ERR	ERR	opt=-O4,p -opt nocse | inline=-inline auto | pool= | str=-str noreuse | fpc=-fp_contract off | lang=-lang=c++ | cc=GC/1.1 | misc=-pragma "opt_propagation off"
-1	-1.000	ERR	ERR	ERR	ERR	ERR	ERR	ERR	ERR	opt=-O2,p | inline=-inline auto | pool= | str=-str noreuse | fpc=-fp_contract off | lang=-lang=c++ | cc=GC/1.1 | misc=-pragma "opt_propagation off"
-1	-1.000	ERR	ERR	ERR	ERR	ERR	ERR	ERR	ERR	opt=-O3,s | inline=-inline auto | pool= | str=-str noreuse | fpc=-fp_contract off | lang=-lang=c++ | cc=GC/1.1 | misc=-pragma "opt_propagation off"
-1	-1.000	ERR	ERR	ERR	ERR	ERR	ERR	ERR	ERR	opt=-O4,p | inline=-inline deferred | pool= | str=-str noreuse | fpc=-fp_contract off | lang=-lang=c++ | cc=GC/1.1 | misc=-pragma "opt_propagation off"
-1	-1.000	ERR	ERR	ERR	ERR	ERR	ERR	ERR	ERR	opt=-O4,p | inline=-inline auto,deferred | pool= | str=-str noreuse | fpc=-fp_contract off | lang=-lang=c++ | cc=GC/1.1 | misc=-pragma "opt_propagation off"
-1	-1.000	ERR	ERR	ERR	ERR	ERR	ERR	ERR	ERR	opt=-O4,p | inline=-inline smart | pool= | str=-str noreuse | fpc=-fp_contract off | lang=-lang=c++ | cc=GC/1.1 | misc=-pragma "opt_propagation off"
-1	-1.000	ERR	ERR	ERR	ERR	ERR	ERR	ERR	ERR	opt=-O4,p | inline=-inline all | pool= | str=-str noreuse | fpc=-fp_contract off | lang=-lang=c++ | cc=GC/1.1 | misc=-pragma "opt_propagation off"
-1	-1.000	ERR	ERR	ERR	ERR	ERR	ERR	ERR	ERR	opt=-O4,p | inline=-inline off | pool= | str=-str noreuse | fpc=-fp_contract off | lang=-lang=c++ | cc=GC/1.1 | misc=-pragma "opt_propagation off"
-1	-1.000	ERR	ERR	ERR	ERR	ERR	ERR	ERR	ERR	opt=-O4,p | inline=-inline auto | pool=-pragma "pool_data on" | str=-str noreuse | fpc=-fp_contract off | lang=-lang=c++ | cc=GC/1.1 | misc=-pragma "opt_propagation off"
-1	-1.000	ERR	ERR	ERR	ERR	ERR	ERR	ERR	ERR	opt=-O4,p | inline=-inline auto | pool= | str=-str reuse | fpc=-fp_contract off | lang=-lang=c++ | cc=GC/1.1 | misc=-pragma "opt_propagation off"
-1	-1.000	ERR	ERR	ERR	ERR	ERR	ERR	ERR	ERR	opt=-O4,p | inline=-inline auto | pool= | str=-str reuse,readonly | fpc=-fp_contract off | lang=-lang=c++ | cc=GC/1.1 | misc=-pragma "opt_propagation off"
-1	-1.000	ERR	ERR	ERR	ERR	ERR	ERR	ERR	ERR	opt=-O4,p | inline=-inline auto | pool= | str=-str readonly | fpc=-fp_contract off | lang=-lang=c++ | cc=GC/1.1 | misc=-pragma "opt_propagation off"
-1	-1.000	ERR	ERR	ERR	ERR	ERR	ERR	ERR	ERR	opt=-O4,p | inline=-inline auto | pool= | str=-str noreuse | fpc=-fp_contract on | lang=-lang=c++ | cc=GC/1.1 | misc=-pragma "opt_propagation off"
20	379.111	94.962	2	97.225	2	94.243	9	92.681	7	opt=-O4,p | inline=-inline auto | pool= | str=-str noreuse | fpc=-fp_contract off | lang=-lang=c | cc=GC/1.1 | misc=-pragma "opt_propagation off"
20	379.111	94.962	2	97.225	2	94.243	9	92.681	7	opt=-O4,p | inline=-inline auto | pool= | str=-str noreuse | fpc=-fp_contract off | lang=-lang=c | cc=GC/2.5 | misc=-pragma "opt_propagation off"
20	379.111	94.962	2	97.225	2	94.243	9	92.681	7	opt=-O4,p | inline=-inline auto | pool= | str=-str noreuse | fpc=-fp_contract off | lang=-lang=c | cc=GC/1.2.5 | misc=-pragma "opt_propagation off"
20	379.111	94.962	2	97.225	2	94.243	9	92.681	7	opt=-O4,p | inline=-inline auto | pool= | str=-str noreuse | fpc=-fp_contract off | lang=-lang=c | cc=GC/3.0a5 | misc=-pragma "opt_propagation off"
20	379.111	94.962	2	97.225	2	94.243	9	92.681	7	opt=-O4,p | inline=-inline auto | pool= | str=-str noreuse | fpc=-fp_contract off | lang=-lang=c | cc=GC/1.3.2 | misc=-pragma "opt_propagation off"
20	379.111	94.962	2	97.225	2	94.243	9	92.681	7	opt=-O4,p | inline=-inline auto | pool= | str=-str noreuse | fpc=-fp_contract off | lang=-lang=c | cc=GC/3.0a3 | misc=-pragma "opt_propagation off"
28	378.011	95.078	4	97.456	3	91.943	10	93.533	11	opt=-O4,p | inline=-inline auto | pool= | str=-str noreuse | fpc=-fp_contract off | lang=-lang=c | cc=GC/1.1 | misc=-pragma "opt_common_subs off"
33	384.840	95.426	6	97.953	3	95.781	11	95.680	13	opt=-O4,p | inline=-inline auto | pool= | str=-str noreuse | fpc=-fp_contract off | lang=-lang=c | cc=GC/1.1 | misc=-pragma "opt_dead_assignments off"
10	282.912	66.501	1	71.374	0	69.539	5	75.499	4	opt=-O4,p | inline=-inline auto | pool= | str=-str noreuse | fpc=-fp_contract off | lang=-lang=c | cc=GC/1.1 | misc=-pragma "scheduling off"
11	356.908	89.060	2	91.723	0	91.273	6	84.851	3	opt=-O4,p | inline=-inline auto | pool= | str=-str noreuse | fpc=-fp_contract off | lang=-lang=c | cc=GC/1.1 | misc=-pragma "peephole off"
33	385.049	95.597	6	97.991	3	95.781	11	95.680	13	opt=-O4,p | inline=-inline auto | pool= | str=-str noreuse | fpc=-fp_contract off | lang=-lang=c | cc=GC/1.1 | misc=
32	382.239	95.597	6	96.338	3	95.437	10	94.868	13	opt=-O4,p | inline=-inline auto | pool= | str=-str noreuse | fpc=-fp_contract off | lang=-lang=c | cc=GC/1.1 | misc=-pragma "opt_lifetimes off"
10	234.659	52.406	1	63.540	0	61.543	5	57.171	4	opt=-O2,p | inline=-inline auto | pool= | str=-str noreuse | fpc=-fp_contract off | lang=-lang=c | cc=GC/1.1 | misc=
10	252.090	58.265	1	67.135	0	62.592	5	64.098	4	opt=-O3,s | inline=-inline auto | pool= | str=-str noreuse | fpc=-fp_contract off | lang=-lang=c | cc=GC/1.1 | misc=
14	339.796	83.272	1	89.021	0	86.928	6	80.574	7	opt=-O4,s | inline=-inline auto | pool= | str=-str noreuse | fpc=-fp_contract off | lang=-lang=c | cc=GC/1.1 | misc=
11	356.908	89.060	2	91.723	0	91.273	6	84.851	3	opt=-O4,p -opt nopeephole | inline=-inline auto | pool= | str=-str noreuse | fpc=-fp_contract off | lang=-lang=c | cc=GC/1.1 | misc=
32	382.239	95.597	6	96.338	3	95.437	10	94.868	13	opt=-O4,p -opt nolifetimes | inline=-inline auto | pool= | str=-str noreuse | fpc=-fp_contract off | lang=-lang=c | cc=GC/1.1 | misc=
10	282.799	66.519	1	71.402	0	69.290	5	75.587	4	opt=-O3,p | inline=-inline auto | pool= | str=-str noreuse | fpc=-fp_contract off | lang=-lang=c | cc=GC/1.1 | misc=
28	378.011	95.078	4	97.456	3	91.943	10	93.533	11	opt=-O4,p -opt nocse | inline=-inline auto | pool= | str=-str noreuse | fpc=-fp_contract off | lang=-lang=c | cc=GC/1.1 | misc=
10	282.912	66.501	1	71.374	0	69.539	5	75.499	4	opt=-O4,p -opt noschedule | inline=-inline auto | pool= | str=-str noreuse | fpc=-fp_contract off | lang=-lang=c | cc=GC/1.1 | misc=
27	377.690	93.029	4	97.391	3	94.096	10	93.174	10	opt=-O4,p -opt noloop | inline=-inline auto | pool= | str=-str noreuse | fpc=-fp_contract off | lang=-lang=c | cc=GC/1.1 | misc=
20	379.111	94.962	2	97.225	2	94.243	9	92.681	7	opt=-O4,p -opt nopropagation | inline=-inline auto | pool= | str=-str noreuse | fpc=-fp_contract off | lang=-lang=c | cc=GC/1.1 | misc=
27	315.760	61.684	4	96.022	2	85.757	10	72.296	11	opt=-O4,p | inline=-inline off | pool= | str=-str noreuse | fpc=-fp_contract off | lang=-lang=c | cc=GC/1.1 | misc=
29	359.470	85.727	4	97.991	3	94.851	10	80.901	12	opt=-O4,p | inline=-inline smart | pool= | str=-str noreuse | fpc=-fp_contract off | lang=-lang=c | cc=GC/1.1 | misc=
29	359.470	85.727	4	97.991	3	94.851	10	80.901	12	opt=-O4,p | inline=-inline deferred | pool= | str=-str noreuse | fpc=-fp_contract off | lang=-lang=c | cc=GC/1.1 | misc=
33	385.049	95.597	6	97.991	3	95.781	11	95.680	13	opt=-O4,p | inline=-inline auto,deferred | pool= | str=-str noreuse | fpc=-fp_contract off | lang=-lang=c | cc=GC/1.1 | misc=
33	385.049	95.597	6	97.991	3	95.781	11	95.680	13	opt=-O4,p | inline=-inline all | pool= | str=-str noreuse | fpc=-fp_contract off | lang=-lang=c | cc=GC/1.1 | misc=
33	387.280	97.828	6	97.991	3	95.781	11	95.680	13	opt=-O4,p | inline=-inline auto | pool=-pragma "pool_data on" | str=-str noreuse | fpc=-fp_contract off | lang=-lang=c | cc=GC/1.1 | misc=
33	387.280	97.828	6	97.991	3	95.781	11	95.680	13	opt=-O4,p | inline=-inline auto | pool=-pragma "pool_data on" | str=-str reuse,readonly | fpc=-fp_contract off | lang=-lang=c | cc=GC/1.1 | misc=
33	387.280	97.828	6	97.991	3	95.781	11	95.680	13	opt=-O4,p | inline=-inline auto | pool=-pragma "pool_data on" | str=-str readonly | fpc=-fp_contract off | lang=-lang=c | cc=GC/1.1 | misc=
-1	-1.000	ERR	ERR	ERR	ERR	ERR	ERR	ERR	ERR	opt=-O4,p | inline=-inline auto | pool=-pragma "pool_data on" | str=-str noreuse | fpc=-fp_contract on | lang=-lang=c++ | cc=GC/1.1 | misc=
28	380.006	97.008	4	97.456	3	92.008	10	93.533	11	opt=-O4,p | inline=-inline auto | pool=-pragma "pool_data on" | str=-str noreuse | fpc=-fp_contract on | lang=-lang=c | cc=GC/1.1 | misc=-pragma "opt_common_subs off"
20	381.404	97.179	2	97.225	2	94.319	9	92.681	7	opt=-O4,p | inline=-inline auto | pool=-pragma "pool_data on" | str=-str noreuse | fpc=-fp_contract on | lang=-lang=c | cc=GC/1.1 | misc=-pragma "opt_propagation off"
11	358.736	90.813	2	91.723	0	91.349	6	84.851	3	opt=-O4,p | inline=-inline auto | pool=-pragma "pool_data on" | str=-str noreuse | fpc=-fp_contract on | lang=-lang=c | cc=GC/1.1 | misc=-pragma "peephole off"
10	235.360	53.034	1	63.540	0	61.616	5	57.171	4	opt=-O2,p | inline=-inline auto | pool=-pragma "pool_data on" | str=-str noreuse | fpc=-fp_contract on | lang=-lang=c | cc=GC/1.1 | misc=
10	252.782	58.885	1	67.135	0	62.664	5	64.098	4	opt=-O3,s | inline=-inline auto | pool=-pragma "pool_data on" | str=-str noreuse | fpc=-fp_contract on | lang=-lang=c | cc=GC/1.1 | misc=
10	283.488	67.139	1	71.402	0	69.359	5	75.587	4	opt=-O3,p | inline=-inline auto | pool=-pragma "pool_data on" | str=-str noreuse | fpc=-fp_contract on | lang=-lang=c | cc=GC/1.1 | misc=
14	341.713	85.113	1	89.021	0	87.004	6	80.574	7	opt=-O4,s | inline=-inline auto | pool=-pragma "pool_data on" | str=-str noreuse | fpc=-fp_contract on | lang=-lang=c | cc=GC/1.1 | misc=
28	380.006	97.008	4	97.456	3	92.008	10	93.533	11	opt=-O4,p -opt nocse | inline=-inline auto | pool=-pragma "pool_data on" | str=-str noreuse | fpc=-fp_contract on | lang=-lang=c | cc=GC/1.1 | misc=
32	384.546	97.828	6	96.338	3	95.512	10	94.868	13	opt=-O4,p -opt nolifetimes | inline=-inline auto | pool=-pragma "pool_data on" | str=-str noreuse | fpc=-fp_contract on | lang=-lang=c | cc=GC/1.1 | misc=
11	358.736	90.813	2	91.723	0	91.349	6	84.851	3	opt=-O4,p -opt nopeephole | inline=-inline auto | pool=-pragma "pool_data on" | str=-str noreuse | fpc=-fp_contract on | lang=-lang=c | cc=GC/1.1 | misc=
27	379.983	95.246	4	97.391	3	94.172	10	93.174	10	opt=-O4,p -opt noloop | inline=-inline auto | pool=-pragma "pool_data on" | str=-str noreuse | fpc=-fp_contract on | lang=-lang=c | cc=GC/1.1 | misc=
20	381.404	97.179	2	97.225	2	94.319	9	92.681	7	opt=-O4,p -opt nopropagation | inline=-inline auto | pool=-pragma "pool_data on" | str=-str noreuse | fpc=-fp_contract on | lang=-lang=c | cc=GC/1.1 | misc=
10	283.601	67.122	1	71.374	0	69.607	5	75.499	4	opt=-O4,p -opt noschedule | inline=-inline auto | pool=-pragma "pool_data on" | str=-str noreuse | fpc=-fp_contract on | lang=-lang=c | cc=GC/1.1 | misc=
29	360.854	87.036	4	97.991	3	94.927	10	80.901	12	opt=-O4,p | inline=-inline smart | pool=-pragma "pool_data on" | str=-str noreuse | fpc=-fp_contract on | lang=-lang=c | cc=GC/1.1 | misc=
27	317.144	62.993	4	96.022	2	85.833	10	72.296	11	opt=-O4,p | inline=-inline off | pool=-pragma "pool_data on" | str=-str noreuse | fpc=-fp_contract on | lang=-lang=c | cc=GC/1.1 | misc=
29	360.854	87.036	4	97.991	3	94.927	10	80.901	12	opt=-O4,p | inline=-inline deferred | pool=-pragma "pool_data on" | str=-str noreuse | fpc=-fp_contract on | lang=-lang=c | cc=GC/1.1 | misc=
33	387.356	97.828	6	97.991	3	95.857	11	95.680	13	opt=-O4,p | inline=-inline all | pool=-pragma "pool_data on" | str=-str noreuse | fpc=-fp_contract on | lang=-lang=c | cc=GC/1.1 | misc=
33	385.125	95.597	6	97.991	3	95.857	11	95.680	13	opt=-O4,p | inline=-inline auto | pool= | str=-str noreuse | fpc=-fp_contract on | lang=-lang=c | cc=GC/1.1 | misc=
10	208.134	41.109	1	62.960	0	57.729	5	46.335	4	opt=-O2,p | inline=-inline off | pool= | str=-str noreuse | fpc=-fp_contract on | lang=-lang=c | cc=GC/1.1 | misc=
10	219.354	43.454	1	66.609	0	57.920	5	51.371	4	opt=-O3,s | inline=-inline off | pool= | str=-str noreuse | fpc=-fp_contract on | lang=-lang=c | cc=GC/1.1 | misc=
10	235.603	43.764	1	70.205	0	63.453	5	58.182	4	opt=-O3,p | inline=-inline off | pool= | str=-str noreuse | fpc=-fp_contract on | lang=-lang=c | cc=GC/1.1 | misc=
14	289.826	60.988	1	87.717	0	78.506	6	62.616	7	opt=-O4,s | inline=-inline off | pool= | str=-str noreuse | fpc=-fp_contract on | lang=-lang=c | cc=GC/1.1 | misc=
25	311.365	61.493	3	95.488	2	83.922	9	70.462	11	opt=-O4,p -opt nocse | inline=-inline off | pool= | str=-str noreuse | fpc=-fp_contract on | lang=-lang=c | cc=GC/1.1 | misc=
27	315.835	61.684	4	96.022	2	85.833	10	72.296	11	opt=-O4,p | inline=-inline off | pool= | str=-str noreuse | fpc=-fp_contract on | lang=-lang=c | cc=GC/1.1 | misc=
24	312.966	60.913	3	95.422	2	85.613	10	71.019	9	opt=-O4,p -opt noloop | inline=-inline off | pool= | str=-str noreuse | fpc=-fp_contract on | lang=-lang=c | cc=GC/1.1 | misc=
11	294.916	59.557	2	89.764	0	82.198	6	63.396	3	opt=-O4,p -opt nopeephole | inline=-inline off | pool= | str=-str noreuse | fpc=-fp_contract on | lang=-lang=c | cc=GC/1.1 | misc=
26	313.207	61.684	4	94.369	2	85.626	9	71.527	11	opt=-O4,p -opt nolifetimes | inline=-inline off | pool= | str=-str noreuse | fpc=-fp_contract on | lang=-lang=c | cc=GC/1.1 | misc=
10	236.282	44.135	1	70.176	0	63.753	5	58.218	4	opt=-O4,p -opt noschedule | inline=-inline off | pool= | str=-str noreuse | fpc=-fp_contract on | lang=-lang=c | cc=GC/1.1 | misc=
18	311.562	61.295	2	95.256	1	84.709	8	70.302	7	opt=-O4,p -opt nopropagation | inline=-inline off | pool= | str=-str noreuse | fpc=-fp_contract on | lang=-lang=c | cc=GC/1.1 | misc=
29	359.546	85.727	4	97.991	3	94.927	10	80.901	12	opt=-O4,p | inline=-inline deferred | pool= | str=-str noreuse | fpc=-fp_contract on | lang=-lang=c | cc=GC/1.1 | misc=
33	385.125	95.597	6	97.991	3	95.857	11	95.680	13	opt=-O4,p | inline=-inline auto,deferred | pool= | str=-str noreuse | fpc=-fp_contract on | lang=-lang=c | cc=GC/1.1 | misc=
33	385.125	95.597	6	97.991	3	95.857	11	95.680	13	opt=-O4,p | inline=-inline all | pool= | str=-str noreuse | fpc=-fp_contract on | lang=-lang=c | cc=GC/1.1 | misc=
-1	-1.000	ERR	ERR	ERR	ERR	ERR	ERR	ERR	ERR	opt=-O4,s | inline=-inline auto,deferred | pool= | str=-str noreuse | fpc=-fp_contract off | lang=-lang=c++ | cc=GC/1.1 | misc=-pragma "opt_propagation off"
-1	-1.000	ERR	ERR	ERR	ERR	ERR	ERR	ERR	ERR	opt=-O2,p | inline=-inline auto,deferred | pool= | str=-str noreuse | fpc=-fp_contract off | lang=-lang=c++ | cc=GC/1.1 | misc=-pragma "opt_propagation off"
-1	-1.000	ERR	ERR	ERR	ERR	ERR	ERR	ERR	ERR	opt=-O3,p | inline=-inline auto,deferred | pool= | str=-str noreuse | fpc=-fp_contract off | lang=-lang=c++ | cc=GC/1.1 | misc=-pragma "opt_propagation off"
-1	-1.000	ERR	ERR	ERR	ERR	ERR	ERR	ERR	ERR	opt=-O4,p -opt noschedule | inline=-inline auto,deferred | pool= | str=-str noreuse | fpc=-fp_contract off | lang=-lang=c++ | cc=GC/1.1 | misc=-pragma "opt_propagation off"
-1	-1.000	ERR	ERR	ERR	ERR	ERR	ERR	ERR	ERR	opt=-O3,s | inline=-inline auto,deferred | pool= | str=-str noreuse | fpc=-fp_contract off | lang=-lang=c++ | cc=GC/1.1 | misc=-pragma "opt_propagation off"
-1	-1.000	ERR	ERR	ERR	ERR	ERR	ERR	ERR	ERR	opt=-O4,p -opt nolifetimes | inline=-inline auto,deferred | pool= | str=-str noreuse | fpc=-fp_contract off | lang=-lang=c++ | cc=GC/1.1 | misc=-pragma "opt_propagation off"
-1	-1.000	ERR	ERR	ERR	ERR	ERR	ERR	ERR	ERR	opt=-O4,p -opt nopeephole | inline=-inline auto,deferred | pool= | str=-str noreuse | fpc=-fp_contract off | lang=-lang=c++ | cc=GC/1.1 | misc=-pragma "opt_propagation off"
-1	-1.000	ERR	ERR	ERR	ERR	ERR	ERR	ERR	ERR	opt=-O4,p -opt nopropagation | inline=-inline auto,deferred | pool= | str=-str noreuse | fpc=-fp_contract off | lang=-lang=c++ | cc=GC/1.1 | misc=-pragma "opt_propagation off"
-1	-1.000	ERR	ERR	ERR	ERR	ERR	ERR	ERR	ERR	opt=-O4,p -opt noloop | inline=-inline auto,deferred | pool= | str=-str noreuse | fpc=-fp_contract off | lang=-lang=c++ | cc=GC/1.1 | misc=-pragma "opt_propagation off"
-1	-1.000	ERR	ERR	ERR	ERR	ERR	ERR	ERR	ERR	opt=-O4,p -opt nocse | inline=-inline auto,deferred | pool= | str=-str noreuse | fpc=-fp_contract off | lang=-lang=c++ | cc=GC/1.1 | misc=-pragma "opt_propagation off"
-1	-1.000	ERR	ERR	ERR	ERR	ERR	ERR	ERR	ERR	opt=-O4,p -opt nolifetimes | inline=-inline smart | pool= | str=-str noreuse | fpc=-fp_contract off | lang=-lang=c++ | cc=GC/1.1 | misc=-pragma "opt_propagation off"
-1	-1.000	ERR	ERR	ERR	ERR	ERR	ERR	ERR	ERR	opt=-O4,p -opt nolifetimes | inline=-inline deferred | pool= | str=-str noreuse | fpc=-fp_contract off | lang=-lang=c++ | cc=GC/1.1 | misc=-pragma "opt_propagation off"
-1	-1.000	ERR	ERR	ERR	ERR	ERR	ERR	ERR	ERR	opt=-O4,p -opt nolifetimes | inline=-inline all | pool= | str=-str noreuse | fpc=-fp_contract off | lang=-lang=c++ | cc=GC/1.1 | misc=-pragma "opt_propagation off"
-1	-1.000	ERR	ERR	ERR	ERR	ERR	ERR	ERR	ERR	opt=-O4,p -opt nolifetimes | inline=-inline off | pool= | str=-str noreuse | fpc=-fp_contract off | lang=-lang=c++ | cc=GC/1.1 | misc=-pragma "opt_propagation off"
-1	-1.000	ERR	ERR	ERR	ERR	ERR	ERR	ERR	ERR	opt=-O4,p -opt nolifetimes | inline=-inline auto,deferred | pool=-pragma "pool_data on" | str=-str noreuse | fpc=-fp_contract off | lang=-lang=c++ | cc=GC/1.1 | misc=-pragma "opt_propagation off"
-1	-1.000	ERR	ERR	ERR	ERR	ERR	ERR	ERR	ERR	opt=-O4,p -opt nolifetimes | inline=-inline auto,deferred | pool= | str=-str reuse | fpc=-fp_contract off | lang=-lang=c++ | cc=GC/1.1 | misc=-pragma "opt_propagation off"
-1	-1.000	ERR	ERR	ERR	ERR	ERR	ERR	ERR	ERR	opt=-O4,p -opt nolifetimes | inline=-inline auto,deferred | pool= | str=-str readonly | fpc=-fp_contract off | lang=-lang=c++ | cc=GC/1.1 | misc=-pragma "opt_propagation off"
-1	-1.000	ERR	ERR	ERR	ERR	ERR	ERR	ERR	ERR	opt=-O4,p -opt nolifetimes | inline=-inline auto,deferred | pool= | str=-str reuse,readonly | fpc=-fp_contract off | lang=-lang=c++ | cc=GC/1.1 | misc=-pragma "opt_propagation off"
-1	-1.000	ERR	ERR	ERR	ERR	ERR	ERR	ERR	ERR	opt=-O4,p -opt nolifetimes | inline=-inline auto,deferred | pool= | str=-str noreuse | fpc=-fp_contract on | lang=-lang=c++ | cc=GC/1.1 | misc=-pragma "opt_propagation off"
20	376.608	94.962	2	95.362	2	94.023	9	92.261	7	opt=-O4,p -opt nolifetimes | inline=-inline auto,deferred | pool= | str=-str noreuse | fpc=-fp_contract off | lang=-lang=c | cc=GC/1.1 | misc=-pragma "opt_propagation off"
20	376.608	94.962	2	95.362	2	94.023	9	92.261	7	opt=-O4,p -opt nolifetimes | inline=-inline auto,deferred | pool= | str=-str noreuse | fpc=-fp_contract off | lang=-lang=c | cc=GC/2.5 | misc=-pragma "opt_propagation off"
20	376.608	94.962	2	95.362	2	94.023	9	92.261	7	opt=-O4,p -opt nolifetimes | inline=-inline auto,deferred | pool= | str=-str noreuse | fpc=-fp_contract off | lang=-lang=c | cc=GC/1.3.2 | misc=-pragma "opt_propagation off"
20	376.608	94.962	2	95.362	2	94.023	9	92.261	7	opt=-O4,p -opt nolifetimes | inline=-inline auto,deferred | pool= | str=-str noreuse | fpc=-fp_contract off | lang=-lang=c | cc=GC/3.0a3 | misc=-pragma "opt_propagation off"
20	376.608	94.962	2	95.362	2	94.023	9	92.261	7	opt=-O4,p -opt nolifetimes | inline=-inline auto,deferred | pool= | str=-str noreuse | fpc=-fp_contract off | lang=-lang=c | cc=GC/3.0a5 | misc=-pragma "opt_propagation off"
20	376.608	94.962	2	95.362	2	94.023	9	92.261	7	opt=-O4,p -opt nolifetimes | inline=-inline auto,deferred | pool= | str=-str noreuse | fpc=-fp_contract off | lang=-lang=c | cc=GC/1.2.5 | misc=-pragma "opt_propagation off"
10	280.813	66.501	1	69.974	0	69.125	5	75.212	4	opt=-O4,p -opt nolifetimes | inline=-inline auto,deferred | pool= | str=-str noreuse | fpc=-fp_contract off | lang=-lang=c | cc=GC/1.1 | misc=-pragma "scheduling off"
32	382.239	95.597	6	96.338	3	95.437	10	94.868	13	opt=-O4,p -opt nolifetimes | inline=-inline auto,deferred | pool= | str=-str noreuse | fpc=-fp_contract off | lang=-lang=c | cc=GC/1.1 | misc=
28	375.603	95.078	4	95.791	3	91.946	10	92.788	11	opt=-O4,p -opt nolifetimes | inline=-inline auto,deferred | pool= | str=-str noreuse | fpc=-fp_contract off | lang=-lang=c | cc=GC/1.1 | misc=-pragma "opt_common_subs off"
32	382.072	95.426	6	96.342	3	95.437	10	94.868	13	opt=-O4,p -opt nolifetimes | inline=-inline auto,deferred | pool= | str=-str noreuse | fpc=-fp_contract off | lang=-lang=c | cc=GC/1.1 | misc=-pragma "opt_dead_assignments off"
11	354.820	89.060	2	90.320	0	90.957	6	84.483	3	opt=-O4,p -opt nolifetimes | inline=-inline auto,deferred | pool= | str=-str noreuse | fpc=-fp_contract off | lang=-lang=c | cc=GC/1.1 | misc=-pragma "peephole off"
32	382.239	95.597	6	96.338	3	95.437	10	94.868	13	opt=-O4,p -opt nolifetimes | inline=-inline auto,deferred | pool= | str=-str noreuse | fpc=-fp_contract off | lang=-lang=c | cc=GC/1.1 | misc=-pragma "opt_lifetimes off"
10	252.090	58.265	1	67.135	0	62.592	5	64.098	4	opt=-O3,s | inline=-inline auto,deferred | pool= | str=-str noreuse | fpc=-fp_contract off | lang=-lang=c | cc=GC/1.1 | misc=
14	339.796	83.272	1	89.021	0	86.928	6	80.574	7	opt=-O4,s | inline=-inline auto,deferred | pool= | str=-str noreuse | fpc=-fp_contract off | lang=-lang=c | cc=GC/1.1 | misc=
10	234.659	52.406	1	63.540	0	61.543	5	57.171	4	opt=-O2,p | inline=-inline auto,deferred | pool= | str=-str noreuse | fpc=-fp_contract off | lang=-lang=c | cc=GC/1.1 | misc=
10	282.799	66.519	1	71.402	0	69.290	5	75.587	4	opt=-O3,p | inline=-inline auto,deferred | pool= | str=-str noreuse | fpc=-fp_contract off | lang=-lang=c | cc=GC/1.1 | misc=
20	379.111	94.962	2	97.225	2	94.243	9	92.681	7	opt=-O4,p -opt nopropagation | inline=-inline auto,deferred | pool= | str=-str noreuse | fpc=-fp_contract off | lang=-lang=c | cc=GC/1.1 | misc=
28	378.011	95.078	4	97.456	3	91.943	10	93.533	11	opt=-O4,p -opt nocse | inline=-inline auto,deferred | pool= | str=-str noreuse | fpc=-fp_contract off | lang=-lang=c | cc=GC/1.1 | misc=
10	282.912	66.501	1	71.374	0	69.539	5	75.499	4	opt=-O4,p -opt noschedule | inline=-inline auto,deferred | pool= | str=-str noreuse | fpc=-fp_contract off | lang=-lang=c | cc=GC/1.1 | misc=
27	377.690	93.029	4	97.391	3	94.096	10	93.174	10	opt=-O4,p -opt noloop | inline=-inline auto,deferred | pool= | str=-str noreuse | fpc=-fp_contract off | lang=-lang=c | cc=GC/1.1 | misc=
11	356.908	89.060	2	91.723	0	91.273	6	84.851	3	opt=-O4,p -opt nopeephole | inline=-inline auto,deferred | pool= | str=-str noreuse | fpc=-fp_contract off | lang=-lang=c | cc=GC/1.1 | misc=
33	387.280	97.828	6	97.991	3	95.781	11	95.680	13	opt=-O4,p | inline=-inline auto,deferred | pool=-pragma "pool_data on" | str=-str noreuse | fpc=-fp_contract off | lang=-lang=c | cc=GC/1.1 | misc=
33	387.280	97.828	6	97.991	3	95.781	11	95.680	13	opt=-O4,p | inline=-inline auto,deferred | pool=-pragma "pool_data on" | str=-str reuse | fpc=-fp_contract off | lang=-lang=c | cc=GC/1.1 | misc=
33	387.285	97.833	6	97.991	3	95.781	11	95.680	13	opt=-O4,p | inline=-inline auto,deferred | pool=-pragma "pool_data on" | str=-str reuse,readonly | fpc=-fp_contract off | lang=-lang=c | cc=GC/1.1 | misc=
-1	-1.000	ERR	ERR	ERR	ERR	ERR	ERR	ERR	ERR	opt=-O4,p | inline=-inline auto,deferred | pool=-pragma "pool_data on" | str=-str reuse,readonly | fpc=-fp_contract on | lang=-lang=c++ | cc=GC/1.1 | misc=
28	380.012	97.014	4	97.456	3	92.008	10	93.533	11	opt=-O4,p | inline=-inline auto,deferred | pool=-pragma "pool_data on" | str=-str reuse,readonly | fpc=-fp_contract on | lang=-lang=c | cc=GC/1.1 | misc=-pragma "opt_common_subs off"
20	381.409	97.184	2	97.225	2	94.319	9	92.681	7	opt=-O4,p | inline=-inline auto,deferred | pool=-pragma "pool_data on" | str=-str reuse,readonly | fpc=-fp_contract on | lang=-lang=c | cc=GC/1.1 | misc=-pragma "opt_propagation off"
10	283.601	67.122	1	71.374	0	69.607	5	75.499	4	opt=-O4,p | inline=-inline auto,deferred | pool=-pragma "pool_data on" | str=-str reuse,readonly | fpc=-fp_contract on | lang=-lang=c | cc=GC/1.1 | misc=-pragma "scheduling off"
11	358.741	90.818	2	91.723	0	91.349	6	84.851	3	opt=-O4,p | inline=-inline auto,deferred | pool=-pragma "pool_data on" | str=-str reuse,readonly | fpc=-fp_contract on | lang=-lang=c | cc=GC/1.1 | misc=-pragma "peephole off"
33	387.153	97.663	6	97.953	3	95.857	11	95.680	13	opt=-O4,p | inline=-inline auto,deferred | pool=-pragma "pool_data on" | str=-str reuse,readonly | fpc=-fp_contract on | lang=-lang=c | cc=GC/1.1 | misc=-pragma "opt_dead_assignments off"
32	384.551	97.833	6	96.338	3	95.512	10	94.868	13	opt=-O4,p | inline=-inline auto,deferred | pool=-pragma "pool_data on" | str=-str reuse,readonly | fpc=-fp_contract on | lang=-lang=c | cc=GC/1.1 | misc=-pragma "opt_lifetimes off"
10	283.488	67.139	1	71.402	0	69.359	5	75.587	4	opt=-O3,p | inline=-inline auto,deferred | pool=-pragma "pool_data on" | str=-str reuse,readonly | fpc=-fp_contract on | lang=-lang=c | cc=GC/1.1 | misc=
10	252.782	58.885	1	67.135	0	62.664	5	64.098	4	opt=-O3,s | inline=-inline auto,deferred | pool=-pragma "pool_data on" | str=-str reuse,readonly | fpc=-fp_contract on | lang=-lang=c | cc=GC/1.1 | misc=
10	235.360	53.034	1	63.540	0	61.616	5	57.171	4	opt=-O2,p | inline=-inline auto,deferred | pool=-pragma "pool_data on" | str=-str reuse,readonly | fpc=-fp_contract on | lang=-lang=c | cc=GC/1.1 | misc=
14	341.718	85.119	1	89.021	0	87.004	6	80.574	7	opt=-O4,s | inline=-inline auto,deferred | pool=-pragma "pool_data on" | str=-str reuse,readonly | fpc=-fp_contract on | lang=-lang=c | cc=GC/1.1 | misc=
28	380.012	97.014	4	97.456	3	92.008	10	93.533	11	opt=-O4,p -opt nocse | inline=-inline auto,deferred | pool=-pragma "pool_data on" | str=-str reuse,readonly | fpc=-fp_contract on | lang=-lang=c | cc=GC/1.1 | misc=
20	381.409	97.184	2	97.225	2	94.319	9	92.681	7	opt=-O4,p -opt nopropagation | inline=-inline auto,deferred | pool=-pragma "pool_data on" | str=-str reuse,readonly | fpc=-fp_contract on | lang=-lang=c | cc=GC/1.1 | misc=
32	384.551	97.833	6	96.338	3	95.512	10	94.868	13	opt=-O4,p -opt nolifetimes | inline=-inline auto,deferred | pool=-pragma "pool_data on" | str=-str reuse,readonly | fpc=-fp_contract on | lang=-lang=c | cc=GC/1.1 | misc=
11	358.741	90.818	2	91.723	0	91.349	6	84.851	3	opt=-O4,p -opt nopeephole | inline=-inline auto,deferred | pool=-pragma "pool_data on" | str=-str reuse,readonly | fpc=-fp_contract on | lang=-lang=c | cc=GC/1.1 | misc=
10	283.601	67.122	1	71.374	0	69.607	5	75.499	4	opt=-O4,p -opt noschedule | inline=-inline auto,deferred | pool=-pragma "pool_data on" | str=-str reuse,readonly | fpc=-fp_contract on | lang=-lang=c | cc=GC/1.1 | misc=
27	379.989	95.251	4	97.391	3	94.172	10	93.174	10	opt=-O4,p -opt noloop | inline=-inline auto,deferred | pool=-pragma "pool_data on" | str=-str reuse,readonly | fpc=-fp_contract on | lang=-lang=c | cc=GC/1.1 | misc=
27	317.144	62.993	4	96.022	2	85.833	10	72.296	11	opt=-O4,p | inline=-inline off | pool=-pragma "pool_data on" | str=-str reuse,readonly | fpc=-fp_contract on | lang=-lang=c | cc=GC/1.1 | misc=
29	360.860	87.041	4	97.991	3	94.927	10	80.901	12	opt=-O4,p | inline=-inline deferred | pool=-pragma "pool_data on" | str=-str reuse,readonly | fpc=-fp_contract on | lang=-lang=c | cc=GC/1.1 | misc=
29	360.854	87.036	4	97.991	3	94.927	10	80.901	12	opt=-O4,p | inline=-inline smart | pool=-pragma "pool_data on" | str=-str reuse,readonly | fpc=-fp_contract on | lang=-lang=c | cc=GC/1.1 | misc=
33	387.356	97.828	6	97.991	3	95.857	11	95.680	13	opt=-O4,p | inline=-inline all | pool=-pragma "pool_data on" | str=-str reuse,readonly | fpc=-fp_contract on | lang=-lang=c | cc=GC/1.1 | misc=
33	385.125	95.597	6	97.991	3	95.857	11	95.680	13	opt=-O4,p | inline=-inline auto,deferred | pool= | str=-str reuse,readonly | fpc=-fp_contract on | lang=-lang=c | cc=GC/1.1 | misc=
10	220.028	44.127	1	66.609	0	57.920	5	51.371	4	opt=-O3,s | inline=-inline off | pool=-pragma "pool_data on" | str=-str noreuse | fpc=-fp_contract on | lang=-lang=c | cc=GC/3.0a5 | misc=-pragma "scheduling off"
10	220.150	44.622	1	66.237	0	57.920	5	51.371	4	opt=-O4,s | inline=-inline off | pool=-pragma "pool_data on" | str=-str noreuse | fpc=-fp_contract on | lang=-lang=c | cc=GC/3.0a5 | misc=-pragma "scheduling off"
8	225.699	43.613	1	68.094	0	61.694	5	52.298	2	opt=-O4,p -opt nopeephole | inline=-inline off | pool=-pragma "pool_data on" | str=-str noreuse | fpc=-fp_contract on | lang=-lang=c | cc=GC/3.0a5 | misc=-pragma "scheduling off"
10	236.956	44.809	1	70.176	0	63.753	5	58.218	4	opt=-O4,p | inline=-inline off | pool=-pragma "pool_data on" | str=-str noreuse | fpc=-fp_contract on | lang=-lang=c | cc=GC/3.0a5 | misc=-pragma "scheduling off"
10	208.807	41.783	1	62.960	0	57.729	5	46.335	4	opt=-O2,p | inline=-inline off | pool=-pragma "pool_data on" | str=-str noreuse | fpc=-fp_contract on | lang=-lang=c | cc=GC/3.0a5 | misc=-pragma "scheduling off"
10	236.277	44.437	1	70.205	0	63.453	5	58.182	4	opt=-O3,p | inline=-inline off | pool=-pragma "pool_data on" | str=-str noreuse | fpc=-fp_contract on | lang=-lang=c | cc=GC/3.0a5 | misc=-pragma "scheduling off"
10	233.499	44.891	1	69.727	0	62.373	5	56.509	4	opt=-O4,p -opt nocse | inline=-inline off | pool=-pragma "pool_data on" | str=-str noreuse | fpc=-fp_contract on | lang=-lang=c | cc=GC/3.0a5 | misc=-pragma "scheduling off"
10	234.874	44.809	1	68.776	0	63.340	5	57.948	4	opt=-O4,p -opt nolifetimes | inline=-inline off | pool=-pragma "pool_data on" | str=-str noreuse | fpc=-fp_contract on | lang=-lang=c | cc=GC/3.0a5 | misc=-pragma "scheduling off"
10	236.956	44.809	1	70.176	0	63.753	5	58.218	4	opt=-O4,p -opt noschedule | inline=-inline off | pool=-pragma "pool_data on" | str=-str noreuse | fpc=-fp_contract on | lang=-lang=c | cc=GC/3.0a5 | misc=-pragma "scheduling off"
10	234.629	44.310	1	69.659	0	63.626	5	57.033	4	opt=-O4,p -opt noloop | inline=-inline off | pool=-pragma "pool_data on" | str=-str noreuse | fpc=-fp_contract on | lang=-lang=c | cc=GC/3.0a5 | misc=-pragma "scheduling off"
10	235.700	44.697	1	70.197	0	63.508	5	57.297	4	opt=-O4,p -opt nopropagation | inline=-inline off | pool=-pragma "pool_data on" | str=-str noreuse | fpc=-fp_contract on | lang=-lang=c | cc=GC/3.0a5 | misc=-pragma "scheduling off"
10	264.636	59.541	1	71.374	0	68.688	5	65.033	4	opt=-O4,p | inline=-inline smart | pool=-pragma "pool_data on" | str=-str noreuse | fpc=-fp_contract on | lang=-lang=c | cc=GC/3.0a5 | misc=-pragma "scheduling off"
10	264.636	59.541	1	71.374	0	68.688	5	65.033	4	opt=-O4,p | inline=-inline deferred | pool=-pragma "pool_data on" | str=-str noreuse | fpc=-fp_contract on | lang=-lang=c | cc=GC/3.0a5 | misc=-pragma "scheduling off"
10	283.601	67.122	1	71.374	0	69.607	5	75.499	4	opt=-O4,p | inline=-inline all | pool=-pragma "pool_data on" | str=-str noreuse | fpc=-fp_contract on | lang=-lang=c | cc=GC/3.0a5 | misc=-pragma "scheduling off"
10	283.601	67.122	1	71.374	0	69.607	5	75.499	4	opt=-O4,p | inline=-inline auto,deferred | pool=-pragma "pool_data on" | str=-str noreuse | fpc=-fp_contract on | lang=-lang=c | cc=GC/3.0a5 | misc=-pragma "scheduling off"
10	282.981	66.501	1	71.374	0	69.607	5	75.499	4	opt=-O4,p | inline=-inline auto | pool= | str=-str noreuse | fpc=-fp_contract on | lang=-lang=c | cc=GC/3.0a5 | misc=-pragma "scheduling off"
10	283.601	67.122	1	71.374	0	69.607	5	75.499	4	opt=-O4,p | inline=-inline auto | pool=-pragma "pool_data on" | str=-str readonly | fpc=-fp_contract on | lang=-lang=c | cc=GC/3.0a5 | misc=-pragma "scheduling off"
10	283.601	67.122	1	71.374	0	69.607	5	75.499	4	opt=-O4,p | inline=-inline auto | pool=-pragma "pool_data on" | str=-str reuse,readonly | fpc=-fp_contract on | lang=-lang=c | cc=GC/3.0a5 | misc=-pragma "scheduling off"
10	283.533	67.122	1	71.374	0	69.539	5	75.499	4	opt=-O4,p | inline=-inline auto | pool=-pragma "pool_data on" | str=-str noreuse | fpc=-fp_contract off | lang=-lang=c | cc=GC/3.0a5 | misc=-pragma "scheduling off"
-1	-1.000	ERR	ERR	ERR	ERR	ERR	ERR	ERR	ERR	opt=-O4,p | inline=-inline auto | pool=-pragma "pool_data on" | str=-str noreuse | fpc=-fp_contract on | lang=-lang=c++ | cc=GC/3.0a5 | misc=-pragma "scheduling off"
10	219.282	43.454	1	66.609	0	57.848	5	51.371	4	opt=-O3,s | inline=-inline off | pool= | str=-str reuse | fpc=-fp_contract off | lang=-lang=c | cc=GC/3.0a5 | misc=
14	289.750	60.988	1	87.717	0	78.430	6	62.616	7	opt=-O4,s | inline=-inline off | pool= | str=-str reuse | fpc=-fp_contract off | lang=-lang=c | cc=GC/3.0a5 | misc=
10	235.534	43.764	1	70.205	0	63.384	5	58.182	4	opt=-O3,p | inline=-inline off | pool= | str=-str reuse | fpc=-fp_contract off | lang=-lang=c | cc=GC/3.0a5 | misc=
27	315.760	61.684	4	96.022	2	85.757	10	72.296	11	opt=-O4,p | inline=-inline off | pool= | str=-str reuse | fpc=-fp_contract off | lang=-lang=c | cc=GC/3.0a5 | misc=
10	208.061	41.109	1	62.960	0	57.657	5	46.335	4	opt=-O2,p | inline=-inline off | pool= | str=-str reuse | fpc=-fp_contract off | lang=-lang=c | cc=GC/3.0a5 | misc=
18	311.486	61.295	2	95.256	1	84.634	8	70.302	7	opt=-O4,p -opt nopropagation | inline=-inline off | pool= | str=-str reuse | fpc=-fp_contract off | lang=-lang=c | cc=GC/3.0a5 | misc=
26	313.131	61.684	4	94.369	2	85.550	9	71.527	11	opt=-O4,p -opt nolifetimes | inline=-inline off | pool= | str=-str reuse | fpc=-fp_contract off | lang=-lang=c | cc=GC/3.0a5 | misc=
25	311.300	61.493	3	95.488	2	83.857	9	70.462	11	opt=-O4,p -opt nocse | inline=-inline off | pool= | str=-str reuse | fpc=-fp_contract off | lang=-lang=c | cc=GC/3.0a5 | misc=
10	236.213	44.135	1	70.176	0	63.684	5	58.218	4	opt=-O4,p -opt noschedule | inline=-inline off | pool= | str=-str reuse | fpc=-fp_contract off | lang=-lang=c | cc=GC/3.0a5 | misc=
24	312.891	60.913	3	95.422	2	85.537	10	71.019	9	opt=-O4,p -opt noloop | inline=-inline off | pool= | str=-str reuse | fpc=-fp_contract off | lang=-lang=c | cc=GC/3.0a5 | misc=
11	294.840	59.557	2	89.764	0	82.123	6	63.396	3	opt=-O4,p -opt nopeephole | inline=-inline off | pool= | str=-str reuse | fpc=-fp_contract off | lang=-lang=c | cc=GC/3.0a5 | misc=
33	385.049	95.597	6	97.991	3	95.781	11	95.680	13	opt=-O4,p | inline=-inline auto | pool= | str=-str reuse | fpc=-fp_contract off | lang=-lang=c | cc=GC/3.0a5 | misc=
29	359.470	85.727	4	97.991	3	94.851	10	80.901	12	opt=-O4,p | inline=-inline smart | pool= | str=-str reuse | fpc=-fp_contract off | lang=-lang=c | cc=GC/3.0a5 | misc=
33	385.049	95.597	6	97.991	3	95.781	11	95.680	13	opt=-O4,p | inline=-inline auto,deferred | pool= | str=-str reuse | fpc=-fp_contract off | lang=-lang=c | cc=GC/3.0a5 | misc=
29	359.470	85.727	4	97.991	3	94.851	10	80.901	12	opt=-O4,p | inline=-inline deferred | pool= | str=-str reuse | fpc=-fp_contract off | lang=-lang=c | cc=GC/3.0a5 | misc=
33	385.049	95.597	6	97.991	3	95.781	11	95.680	13	opt=-O4,p | inline=-inline all | pool= | str=-str reuse | fpc=-fp_contract off | lang=-lang=c | cc=GC/3.0a5 | misc=
29	360.779	87.036	4	97.991	3	94.851	10	80.901	12	opt=-O4,p | inline=-inline smart | pool=-pragma "pool_data on" | str=-str reuse | fpc=-fp_contract off | lang=-lang=c | cc=GC/1.2.5 | misc=
14	319.219	75.587	1	89.021	0	86.298	6	68.312	7	opt=-O4,s | inline=-inline smart | pool=-pragma "pool_data on" | str=-str reuse | fpc=-fp_contract off | lang=-lang=c | cc=GC/1.2.5 | misc=
10	236.331	51.389	1	67.135	0	61.968	5	55.838	4	opt=-O3,s | inline=-inline smart | pool=-pragma "pool_data on" | str=-str reuse | fpc=-fp_contract off | lang=-lang=c | cc=GC/1.2.5 | misc=
10	264.453	59.559	1	71.402	0	68.371	5	65.121	4	opt=-O3,p | inline=-inline smart | pool=-pragma "pool_data on" | str=-str reuse | fpc=-fp_contract off | lang=-lang=c | cc=GC/1.2.5 | misc=
11	334.160	81.115	2	91.723	0	90.354	6	70.968	3	opt=-O4,p -opt nopeephole | inline=-inline smart | pool=-pragma "pool_data on" | str=-str reuse | fpc=-fp_contract off | lang=-lang=c | cc=GC/1.2.5 | misc=
10	221.796	47.183	1	63.540	0	61.543	5	49.530	4	opt=-O2,p | inline=-inline smart | pool=-pragma "pool_data on" | str=-str reuse | fpc=-fp_contract off | lang=-lang=c | cc=GC/1.2.5 | misc=
10	264.567	59.541	1	71.374	0	68.619	5	65.033	4	opt=-O4,p -opt noschedule | inline=-inline smart | pool=-pragma "pool_data on" | str=-str reuse | fpc=-fp_contract off | lang=-lang=c | cc=GC/1.2.5 | misc=
26	354.077	86.844	3	97.456	3	91.013	9	78.763	11	opt=-O4,p -opt nocse | inline=-inline smart | pool=-pragma "pool_data on" | str=-str reuse | fpc=-fp_contract off | lang=-lang=c | cc=GC/1.2.5 | misc=
25	355.353	85.997	3	97.391	3	93.587	10	78.378	9	opt=-O4,p -opt noloop | inline=-inline smart | pool=-pragma "pool_data on" | str=-str reuse | fpc=-fp_contract off | lang=-lang=c | cc=GC/1.2.5 | misc=
19	355.868	86.633	2	97.225	2	93.313	8	78.698	7	opt=-O4,p -opt nopropagation | inline=-inline smart | pool=-pragma "pool_data on" | str=-str reuse | fpc=-fp_contract off | lang=-lang=c | cc=GC/1.2.5 | misc=
28	357.969	87.036	4	96.338	3	94.507	9	80.089	12	opt=-O4,p -opt nolifetimes | inline=-inline smart | pool=-pragma "pool_data on" | str=-str reuse | fpc=-fp_contract off | lang=-lang=c | cc=GC/1.2.5 | misc=
27	317.068	62.993	4	96.022	2	85.757	10	72.296	11	opt=-O4,p | inline=-inline off | pool=-pragma "pool_data on" | str=-str reuse | fpc=-fp_contract off | lang=-lang=c | cc=GC/1.2.5 | misc=
29	360.779	87.036	4	97.991	3	94.851	10	80.901	12	opt=-O4,p | inline=-inline deferred | pool=-pragma "pool_data on" | str=-str reuse | fpc=-fp_contract off | lang=-lang=c | cc=GC/1.2.5 | misc=
33	387.280	97.828	6	97.991	3	95.781	11	95.680	13	opt=-O4,p | inline=-inline auto | pool=-pragma "pool_data on" | str=-str reuse | fpc=-fp_contract off | lang=-lang=c | cc=GC/1.2.5 | misc=
33	387.280	97.828	6	97.991	3	95.781	11	95.680	13	opt=-O4,p | inline=-inline auto,deferred | pool=-pragma "pool_data on" | str=-str reuse | fpc=-fp_contract off | lang=-lang=c | cc=GC/1.2.5 | misc=
33	387.280	97.828	6	97.991	3	95.781	11	95.680	13	opt=-O4,p | inline=-inline all | pool=-pragma "pool_data on" | str=-str reuse | fpc=-fp_contract off | lang=-lang=c | cc=GC/1.2.5 | misc=
33	385.049	95.597	6	97.991	3	95.781	11	95.680	13	opt=-O4,p | inline=-inline auto | pool= | str=-str reuse | fpc=-fp_contract off | lang=-lang=c | cc=GC/1.2.5 | misc=
33	387.280	97.828	6	97.991	3	95.781	11	95.680	13	opt=-O4,p | inline=-inline auto | pool=-pragma "pool_data on" | str=-str readonly | fpc=-fp_contract off | lang=-lang=c | cc=GC/1.2.5 | misc=
33	387.280	97.828	6	97.991	3	95.781	11	95.680	13	opt=-O4,p | inline=-inline auto | pool=-pragma "pool_data on" | str=-str reuse,readonly | fpc=-fp_contract off | lang=-lang=c | cc=GC/1.2.5 | misc=
-1	-1.000	ERR	ERR	ERR	ERR	ERR	ERR	ERR	ERR	opt=-O4,p | inline=-inline auto | pool=-pragma "pool_data on" | str=-str reuse | fpc=-fp_contract on | lang=-lang=c++ | cc=GC/1.2.5 | misc=
20	381.404	97.179	2	97.225	2	94.319	9	92.681	7	opt=-O4,p | inline=-inline auto | pool=-pragma "pool_data on" | str=-str reuse | fpc=-fp_contract on | lang=-lang=c | cc=GC/1.2.5 | misc=-pragma "opt_propagation off"
10	283.601	67.122	1	71.374	0	69.607	5	75.499	4	opt=-O4,p | inline=-inline auto | pool=-pragma "pool_data on" | str=-str reuse | fpc=-fp_contract on | lang=-lang=c | cc=GC/1.2.5 | misc=-pragma "scheduling off"
10	235.360	53.034	1	63.540	0	61.616	5	57.171	4	opt=-O2,p | inline=-inline auto | pool=-pragma "pool_data on" | str=-str reuse | fpc=-fp_contract on | lang=-lang=c | cc=GC/1.2.5 | misc=
10	252.782	58.885	1	67.135	0	62.664	5	64.098	4	opt=-O3,s | inline=-inline auto | pool=-pragma "pool_data on" | str=-str reuse | fpc=-fp_contract on | lang=-lang=c | cc=GC/1.2.5 | misc=
10	283.488	67.139	1	71.402	0	69.359	5	75.587	4	opt=-O3,p | inline=-inline auto | pool=-pragma "pool_data on" | str=-str reuse | fpc=-fp_contract on | lang=-lang=c | cc=GC/1.2.5 | misc=
14	341.713	85.113	1	89.021	0	87.004	6	80.574	7	opt=-O4,s | inline=-inline auto | pool=-pragma "pool_data on" | str=-str reuse | fpc=-fp_contract on | lang=-lang=c | cc=GC/1.2.5 | misc=
11	358.736	90.813	2	91.723	0	91.349	6	84.851	3	opt=-O4,p -opt nopeephole | inline=-inline auto | pool=-pragma "pool_data on" | str=-str reuse | fpc=-fp_contract on | lang=-lang=c | cc=GC/1.2.5 | misc=
20	381.404	97.179	2	97.225	2	94.319	9	92.681	7	opt=-O4,p -opt nopropagation | inline=-inline auto | pool=-pragma "pool_data on" | str=-str reuse | fpc=-fp_contract on | lang=-lang=c | cc=GC/1.2.5 | misc=
28	380.006	97.008	4	97.456	3	92.008	10	93.533	11	opt=-O4,p -opt nocse | inline=-inline auto | pool=-pragma "pool_data on" | str=-str reuse | fpc=-fp_contract on | lang=-lang=c | cc=GC/1.2.5 | misc=
32	384.546	97.828	6	96.338	3	95.512	10	94.868	13	opt=-O4,p -opt nolifetimes | inline=-inline auto | pool=-pragma "pool_data on" | str=-str reuse | fpc=-fp_contract on | lang=-lang=c | cc=GC/1.2.5 | misc=
10	283.601	67.122	1	71.374	0	69.607	5	75.499	4	opt=-O4,p -opt noschedule | inline=-inline auto | pool=-pragma "pool_data on" | str=-str reuse | fpc=-fp_contract on | lang=-lang=c | cc=GC/1.2.5 | misc=
27	379.983	95.246	4	97.391	3	94.172	10	93.174	10	opt=-O4,p -opt noloop | inline=-inline auto | pool=-pragma "pool_data on" | str=-str reuse | fpc=-fp_contract on | lang=-lang=c | cc=GC/1.2.5 | misc=
29	360.854	87.036	4	97.991	3	94.927	10	80.901	12	opt=-O4,p | inline=-inline deferred | pool=-pragma "pool_data on" | str=-str reuse | fpc=-fp_contract on | lang=-lang=c | cc=GC/1.2.5 | misc=
29	360.854	87.036	4	97.991	3	94.927	10	80.901	12	opt=-O4,p | inline=-inline smart | pool=-pragma "pool_data on" | str=-str reuse | fpc=-fp_contract on | lang=-lang=c | cc=GC/1.2.5 | misc=
27	317.144	62.993	4	96.022	2	85.833	10	72.296	11	opt=-O4,p | inline=-inline off | pool=-pragma "pool_data on" | str=-str reuse | fpc=-fp_contract on | lang=-lang=c | cc=GC/1.2.5 | misc=
33	385.125	95.597	6	97.991	3	95.857	11	95.680	13	opt=-O4,p | inline=-inline auto | pool= | str=-str reuse | fpc=-fp_contract on | lang=-lang=c | cc=GC/1.2.5 | misc=
10	235.066	53.034	1	63.365	0	61.583	5	57.084	4	opt=-O2,p | inline=-inline auto | pool=-pragma "pool_data on" | str=-str readonly | fpc=-fp_contract on | lang=-lang=c | cc=GC/1.3.2 | misc=-pragma "opt_propagation off"
10	252.822	59.027	1	67.052	0	62.605	5	64.137	4	opt=-O3,s | inline=-inline auto | pool=-pragma "pool_data on" | str=-str readonly | fpc=-fp_contract on | lang=-lang=c | cc=GC/1.3.2 | misc=-pragma "opt_propagation off"
10	281.184	66.393	1	71.330	0	69.092	5	74.368	4	opt=-O3,p | inline=-inline auto | pool=-pragma "pool_data on" | str=-str readonly | fpc=-fp_contract on | lang=-lang=c | cc=GC/1.3.2 | misc=-pragma "opt_propagation off"
14	341.496	84.943	1	88.920	0	87.059	6	80.574	7	opt=-O4,s | inline=-inline auto | pool=-pragma "pool_data on" | str=-str readonly | fpc=-fp_contract on | lang=-lang=c | cc=GC/1.3.2 | misc=-pragma "opt_propagation off"
19	374.256	94.590	2	96.523	2	92.961	8	90.181	7	opt=-O4,p -opt noloop | inline=-inline auto | pool=-pragma "pool_data on" | str=-str readonly | fpc=-fp_contract on | lang=-lang=c | cc=GC/1.3.2 | misc=-pragma "opt_propagation off"
10	281.129	66.503	1	71.395	0	69.092	5	74.139	4	opt=-O4,p -opt noschedule | inline=-inline auto | pool=-pragma "pool_data on" | str=-str readonly | fpc=-fp_contract on | lang=-lang=c | cc=GC/1.3.2 | misc=-pragma "opt_propagation off"
20	378.901	97.179	2	95.362	2	94.098	9	92.261	7	opt=-O4,p -opt nolifetimes | inline=-inline auto | pool=-pragma "pool_data on" | str=-str readonly | fpc=-fp_contract on | lang=-lang=c | cc=GC/1.3.2 | misc=-pragma "opt_propagation off"
20	375.302	96.510	2	96.631	2	91.521	9	90.640	7	opt=-O4,p -opt nocse | inline=-inline auto | pool=-pragma "pool_data on" | str=-str readonly | fpc=-fp_contract on | lang=-lang=c | cc=GC/1.3.2 | misc=-pragma "opt_propagation off"
20	381.404	97.179	2	97.225	2	94.319	9	92.681	7	opt=-O4,p -opt nopropagation | inline=-inline auto | pool=-pragma "pool_data on" | str=-str readonly | fpc=-fp_contract on | lang=-lang=c | cc=GC/1.3.2 | misc=-pragma "opt_propagation off"
20	381.404	97.179	2	97.225	2	94.319	9	92.681	7	opt=-O4,p | inline=-inline auto | pool=-pragma "pool_data on" | str=-str readonly | fpc=-fp_contract on | lang=-lang=c | cc=GC/1.3.2 | misc=-pragma "opt_propagation off"
10	354.885	90.096	1	91.370	0	90.410	6	83.009	3	opt=-O4,p -opt nopeephole | inline=-inline auto | pool=-pragma "pool_data on" | str=-str readonly | fpc=-fp_contract on | lang=-lang=c | cc=GC/1.3.2 | misc=-pragma "opt_propagation off"
19	355.944	86.633	2	97.225	2	93.389	8	78.698	7	opt=-O4,p | inline=-inline smart | pool=-pragma "pool_data on" | str=-str readonly | fpc=-fp_contract on | lang=-lang=c | cc=GC/1.3.2 | misc=-pragma "opt_propagation off"
19	355.950	86.638	2	97.225	2	93.389	8	78.698	7	opt=-O4,p | inline=-inline deferred | pool=-pragma "pool_data on" | str=-str readonly | fpc=-fp_contract on | lang=-lang=c | cc=GC/1.3.2 | misc=-pragma "opt_propagation off"
20	381.409	97.184	2	97.225	2	94.319	9	92.681	7	opt=-O4,p | inline=-inline auto,deferred | pool=-pragma "pool_data on" | str=-str readonly | fpc=-fp_contract on | lang=-lang=c | cc=GC/1.3.2 | misc=-pragma "opt_propagation off"
20	381.404	97.179	2	97.225	2	94.319	9	92.681	7	opt=-O4,p | inline=-inline all | pool=-pragma "pool_data on" | str=-str readonly | fpc=-fp_contract on | lang=-lang=c | cc=GC/1.3.2 | misc=-pragma "opt_propagation off"
18	312.871	62.604	2	95.256	1	84.709	8	70.302	7	opt=-O4,p | inline=-inline off | pool=-pragma "pool_data on" | str=-str readonly | fpc=-fp_contract on | lang=-lang=c | cc=GC/1.3.2 | misc=-pragma "opt_propagation off"
20	379.187	94.962	2	97.225	2	94.319	9	92.681	7	opt=-O4,p | inline=-inline auto,deferred | pool= | str=-str readonly | fpc=-fp_contract on | lang=-lang=c | cc=GC/1.3.2 | misc=-pragma "opt_propagation off"
20	381.404	97.179	2	97.225	2	94.319	9	92.681	7	opt=-O4,p | inline=-inline auto,deferred | pool=-pragma "pool_data on" | str=-str reuse | fpc=-fp_contract on | lang=-lang=c | cc=GC/1.3.2 | misc=-pragma "opt_propagation off"
20	381.404	97.179	2	97.225	2	94.319	9	92.681	7	opt=-O4,p | inline=-inline auto,deferred | pool=-pragma "pool_data on" | str=-str noreuse | fpc=-fp_contract on | lang=-lang=c | cc=GC/1.3.2 | misc=-pragma "opt_propagation off"
20	381.409	97.184	2	97.225	2	94.319	9	92.681	7	opt=-O4,p | inline=-inline auto,deferred | pool=-pragma "pool_data on" | str=-str reuse,readonly | fpc=-fp_contract on | lang=-lang=c | cc=GC/1.3.2 | misc=-pragma "opt_propagation off"
20	381.334	97.184	2	97.225	2	94.243	9	92.681	7	opt=-O4,p | inline=-inline auto,deferred | pool=-pragma "pool_data on" | str=-str readonly | fpc=-fp_contract off | lang=-lang=c | cc=GC/1.3.2 | misc=-pragma "opt_propagation off"
-1	-1.000	ERR	ERR	ERR	ERR	ERR	ERR	ERR	ERR	opt=-O4,p | inline=-inline auto,deferred | pool=-pragma "pool_data on" | str=-str readonly | fpc=-fp_contract on | lang=-lang=c++ | cc=GC/1.3.2 | misc=-pragma "opt_propagation off"
20	381.409	97.184	2	97.225	2	94.319	9	92.681	7	opt=-O4,p | inline=-inline auto,deferred | pool=-pragma "pool_data on" | str=-str readonly | fpc=-fp_contract on | lang=-lang=c | cc=GC/3.0a5 | misc=-pragma "opt_propagation off"
20	381.409	97.184	2	97.225	2	94.319	9	92.681	7	opt=-O4,p | inline=-inline auto,deferred | pool=-pragma "pool_data on" | str=-str readonly | fpc=-fp_contract on | lang=-lang=c | cc=GC/2.5 | misc=-pragma "opt_propagation off"
20	381.409	97.184	2	97.225	2	94.319	9	92.681	7	opt=-O4,p | inline=-inline auto,deferred | pool=-pragma "pool_data on" | str=-str readonly | fpc=-fp_contract on | lang=-lang=c | cc=GC/3.0a3 | misc=-pragma "opt_propagation off"
28	380.012	97.014	4	97.456	3	92.008	10	93.533	11	opt=-O4,p | inline=-inline auto,deferred | pool=-pragma "pool_data on" | str=-str readonly | fpc=-fp_contract on | lang=-lang=c | cc=GC/1.3.2 | misc=-pragma "opt_common_subs off"
10	283.601	67.122	1	71.374	0	69.607	5	75.499	4	opt=-O4,p | inline=-inline auto,deferred | pool=-pragma "pool_data on" | str=-str readonly | fpc=-fp_contract on | lang=-lang=c | cc=GC/1.3.2 | misc=-pragma "scheduling off"
33	387.153	97.663	6	97.953	3	95.857	11	95.680	13	opt=-O4,p | inline=-inline auto,deferred | pool=-pragma "pool_data on" | str=-str readonly | fpc=-fp_contract on | lang=-lang=c | cc=GC/1.3.2 | misc=-pragma "opt_dead_assignments off"
32	384.551	97.833	6	96.338	3	95.512	10	94.868	13	opt=-O4,p | inline=-inline auto,deferred | pool=-pragma "pool_data on" | str=-str readonly | fpc=-fp_contract on | lang=-lang=c | cc=GC/1.3.2 | misc=-pragma "opt_lifetimes off"
11	358.741	90.818	2	91.723	0	91.349	6	84.851	3	opt=-O4,p | inline=-inline auto,deferred | pool=-pragma "pool_data on" | str=-str readonly | fpc=-fp_contract on | lang=-lang=c | cc=GC/1.3.2 | misc=-pragma "peephole off"
10	235.360	53.034	1	63.540	0	61.616	5	57.171	4	opt=-O2,p | inline=-inline auto,deferred | pool=-pragma "pool_data on" | str=-str readonly | fpc=-fp_contract on | lang=-lang=c | cc=GC/1.3.2 | misc=
14	341.718	85.119	1	89.021	0	87.004	6	80.574	7	opt=-O4,s | inline=-inline auto,deferred | pool=-pragma "pool_data on" | str=-str readonly | fpc=-fp_contract on | lang=-lang=c | cc=GC/1.3.2 | misc=
10	283.488	67.139	1	71.402	0	69.359	5	75.587	4	opt=-O3,p | inline=-inline auto,deferred | pool=-pragma "pool_data on" | str=-str readonly | fpc=-fp_contract on | lang=-lang=c | cc=GC/1.3.2 | misc=
10	252.782	58.885	1	67.135	0	62.664	5	64.098	4	opt=-O3,s | inline=-inline auto,deferred | pool=-pragma "pool_data on" | str=-str readonly | fpc=-fp_contract on | lang=-lang=c | cc=GC/1.3.2 | misc=
10	283.601	67.122	1	71.374	0	69.607	5	75.499	4	opt=-O4,p -opt noschedule | inline=-inline auto,deferred | pool=-pragma "pool_data on" | str=-str readonly | fpc=-fp_contract on | lang=-lang=c | cc=GC/1.3.2 | misc=
11	358.741	90.818	2	91.723	0	91.349	6	84.851	3	opt=-O4,p -opt nopeephole | inline=-inline auto,deferred | pool=-pragma "pool_data on" | str=-str readonly | fpc=-fp_contract on | lang=-lang=c | cc=GC/1.3.2 | misc=
28	380.012	97.014	4	97.456	3	92.008	10	93.533	11	opt=-O4,p -opt nocse | inline=-inline auto,deferred | pool=-pragma "pool_data on" | str=-str readonly | fpc=-fp_contract on | lang=-lang=c | cc=GC/1.3.2 | misc=
20	381.409	97.184	2	97.225	2	94.319	9	92.681	7	opt=-O4,p -opt nopropagation | inline=-inline auto,deferred | pool=-pragma "pool_data on" | str=-str readonly | fpc=-fp_contract on | lang=-lang=c | cc=GC/1.3.2 | misc=
32	384.551	97.833	6	96.338	3	95.512	10	94.868	13	opt=-O4,p -opt nolifetimes | inline=-inline auto,deferred | pool=-pragma "pool_data on" | str=-str readonly | fpc=-fp_contract on | lang=-lang=c | cc=GC/1.3.2 | misc=
27	379.989	95.251	4	97.391	3	94.172	10	93.174	10	opt=-O4,p -opt noloop | inline=-inline auto,deferred | pool=-pragma "pool_data on" | str=-str readonly | fpc=-fp_contract on | lang=-lang=c | cc=GC/1.3.2 | misc=
29	360.854	87.036	4	97.991	3	94.927	10	80.901	12	opt=-O4,p | inline=-inline smart | pool=-pragma "pool_data on" | str=-str readonly | fpc=-fp_contract on | lang=-lang=c | cc=GC/1.3.2 | misc=
29	360.860	87.041	4	97.991	3	94.927	10	80.901	12	opt=-O4,p | inline=-inline deferred | pool=-pragma "pool_data on" | str=-str readonly | fpc=-fp_contract on | lang=-lang=c | cc=GC/1.3.2 | misc=
27	317.144	62.993	4	96.022	2	85.833	10	72.296	11	opt=-O4,p | inline=-inline off | pool=-pragma "pool_data on" | str=-str readonly | fpc=-fp_contract on | lang=-lang=c | cc=GC/1.3.2 | misc=
33	387.356	97.828	6	97.991	3	95.857	11	95.680	13	opt=-O4,p | inline=-inline all | pool=-pragma "pool_data on" | str=-str readonly | fpc=-fp_contract on | lang=-lang=c | cc=GC/1.3.2 | misc=
33	385.125	95.597	6	97.991	3	95.857	11	95.680	13	opt=-O4,p | inline=-inline auto,deferred | pool= | str=-str readonly | fpc=-fp_contract on | lang=-lang=c | cc=GC/1.3.2 | misc=
33	387.285	97.833	6	97.991	3	95.781	11	95.680	13	opt=-O4,p | inline=-inline auto,deferred | pool=-pragma "pool_data on" | str=-str readonly | fpc=-fp_contract off | lang=-lang=c | cc=GC/1.3.2 | misc=
-1	-1.000	ERR	ERR	ERR	ERR	ERR	ERR	ERR	ERR	opt=-O4,p | inline=-inline auto,deferred | pool=-pragma "pool_data on" | str=-str readonly | fpc=-fp_contract on | lang=-lang=c++ | cc=GC/1.3.2 | misc=
-1	-1.000	ERR	ERR	ERR	ERR	ERR	ERR	ERR	ERR	opt=-O4,p | inline=-inline auto | pool=-pragma "pool_data on" | str=-str readonly | fpc=-fp_contract off | lang=-lang=c++ | cc=GC/1.1 | misc=-pragma "opt_dead_assignments off"
-1	-1.000	ERR	ERR	ERR	ERR	ERR	ERR	ERR	ERR	opt=-O3,p | inline=-inline auto | pool=-pragma "pool_data on" | str=-str readonly | fpc=-fp_contract off | lang=-lang=c++ | cc=GC/1.1 | misc=-pragma "opt_dead_assignments off"
-1	-1.000	ERR	ERR	ERR	ERR	ERR	ERR	ERR	ERR	opt=-O4,s | inline=-inline auto | pool=-pragma "pool_data on" | str=-str readonly | fpc=-fp_contract off | lang=-lang=c++ | cc=GC/1.1 | misc=-pragma "opt_dead_assignments off"
-1	-1.000	ERR	ERR	ERR	ERR	ERR	ERR	ERR	ERR	opt=-O4,p -opt nopeephole | inline=-inline auto | pool=-pragma "pool_data on" | str=-str readonly | fpc=-fp_contract off | lang=-lang=c++ | cc=GC/1.1 | misc=-pragma "opt_dead_assignments off"
-1	-1.000	ERR	ERR	ERR	ERR	ERR	ERR	ERR	ERR	opt=-O2,p | inline=-inline auto | pool=-pragma "pool_data on" | str=-str readonly | fpc=-fp_contract off | lang=-lang=c++ | cc=GC/1.1 | misc=-pragma "opt_dead_assignments off"
-1	-1.000	ERR	ERR	ERR	ERR	ERR	ERR	ERR	ERR	opt=-O4,p -opt nopropagation | inline=-inline auto | pool=-pragma "pool_data on" | str=-str readonly | fpc=-fp_contract off | lang=-lang=c++ | cc=GC/1.1 | misc=-pragma "opt_dead_assignments off"
-1	-1.000	ERR	ERR	ERR	ERR	ERR	ERR	ERR	ERR	opt=-O3,s | inline=-inline auto | pool=-pragma "pool_data on" | str=-str readonly | fpc=-fp_contract off | lang=-lang=c++ | cc=GC/1.1 | misc=-pragma "opt_dead_assignments off"
-1	-1.000	ERR	ERR	ERR	ERR	ERR	ERR	ERR	ERR	opt=-O4,p -opt nolifetimes | inline=-inline auto | pool=-pragma "pool_data on" | str=-str readonly | fpc=-fp_contract off | lang=-lang=c++ | cc=GC/1.1 | misc=-pragma "opt_dead_assignments off"
-1	-1.000	ERR	ERR	ERR	ERR	ERR	ERR	ERR	ERR	opt=-O4,p -opt noschedule | inline=-inline auto | pool=-pragma "pool_data on" | str=-str readonly | fpc=-fp_contract off | lang=-lang=c++ | cc=GC/1.1 | misc=-pragma "opt_dead_assignments off"
-1	-1.000	ERR	ERR	ERR	ERR	ERR	ERR	ERR	ERR	opt=-O4,p -opt noloop | inline=-inline auto | pool=-pragma "pool_data on" | str=-str readonly | fpc=-fp_contract off | lang=-lang=c++ | cc=GC/1.1 | misc=-pragma "opt_dead_assignments off"
-1	-1.000	ERR	ERR	ERR	ERR	ERR	ERR	ERR	ERR	opt=-O4,p -opt nocse | inline=-inline auto | pool=-pragma "pool_data on" | str=-str readonly | fpc=-fp_contract off | lang=-lang=c++ | cc=GC/1.1 | misc=-pragma "opt_dead_assignments off"
-1	-1.000	ERR	ERR	ERR	ERR	ERR	ERR	ERR	ERR	opt=-O4,p -opt nopropagation | inline=-inline smart | pool=-pragma "pool_data on" | str=-str readonly | fpc=-fp_contract off | lang=-lang=c++ | cc=GC/1.1 | misc=-pragma "opt_dead_assignments off"
-1	-1.000	ERR	ERR	ERR	ERR	ERR	ERR	ERR	ERR	opt=-O4,p -opt nopropagation | inline=-inline auto,deferred | pool=-pragma "pool_data on" | str=-str readonly | fpc=-fp_contract off | lang=-lang=c++ | cc=GC/1.1 | misc=-pragma "opt_dead_assignments off"
-1	-1.000	ERR	ERR	ERR	ERR	ERR	ERR	ERR	ERR	opt=-O4,p -opt nopropagation | inline=-inline deferred | pool=-pragma "pool_data on" | str=-str readonly | fpc=-fp_contract off | lang=-lang=c++ | cc=GC/1.1 | misc=-pragma "opt_dead_assignments off"
-1	-1.000	ERR	ERR	ERR	ERR	ERR	ERR	ERR	ERR	opt=-O4,p -opt nopropagation | inline=-inline all | pool=-pragma "pool_data on" | str=-str readonly | fpc=-fp_contract off | lang=-lang=c++ | cc=GC/1.1 | misc=-pragma "opt_dead_assignments off"
-1	-1.000	ERR	ERR	ERR	ERR	ERR	ERR	ERR	ERR	opt=-O4,p -opt nopropagation | inline=-inline off | pool=-pragma "pool_data on" | str=-str readonly | fpc=-fp_contract off | lang=-lang=c++ | cc=GC/1.1 | misc=-pragma "opt_dead_assignments off"
-1	-1.000	ERR	ERR	ERR	ERR	ERR	ERR	ERR	ERR	opt=-O4,p -opt nopropagation | inline=-inline auto | pool= | str=-str readonly | fpc=-fp_contract off | lang=-lang=c++ | cc=GC/1.1 | misc=-pragma "opt_dead_assignments off"
-1	-1.000	ERR	ERR	ERR	ERR	ERR	ERR	ERR	ERR	opt=-O4,p -opt nopropagation | inline=-inline auto | pool=-pragma "pool_data on" | str=-str reuse | fpc=-fp_contract off | lang=-lang=c++ | cc=GC/1.1 | misc=-pragma "opt_dead_assignments off"
-1	-1.000	ERR	ERR	ERR	ERR	ERR	ERR	ERR	ERR	opt=-O4,p -opt nopropagation | inline=-inline auto | pool=-pragma "pool_data on" | str=-str noreuse | fpc=-fp_contract off | lang=-lang=c++ | cc=GC/1.1 | misc=-pragma "opt_dead_assignments off"
-1	-1.000	ERR	ERR	ERR	ERR	ERR	ERR	ERR	ERR	opt=-O4,p -opt nopropagation | inline=-inline auto | pool=-pragma "pool_data on" | str=-str reuse,readonly | fpc=-fp_contract off | lang=-lang=c++ | cc=GC/1.1 | misc=-pragma "opt_dead_assignments off"
-1	-1.000	ERR	ERR	ERR	ERR	ERR	ERR	ERR	ERR	opt=-O4,p -opt nopropagation | inline=-inline auto | pool=-pragma "pool_data on" | str=-str readonly | fpc=-fp_contract on | lang=-lang=c++ | cc=GC/1.1 | misc=-pragma "opt_dead_assignments off"
20	381.328	97.179	2	97.225	2	94.243	9	92.681	7	opt=-O4,p -opt nopropagation | inline=-inline auto | pool=-pragma "pool_data on" | str=-str readonly | fpc=-fp_contract off | lang=-lang=c | cc=GC/1.1 | misc=-pragma "opt_dead_assignments off"
20	381.328	97.179	2	97.225	2	94.243	9	92.681	7	opt=-O4,p -opt nopropagation | inline=-inline auto | pool=-pragma "pool_data on" | str=-str readonly | fpc=-fp_contract off | lang=-lang=c | cc=GC/1.2.5 | misc=-pragma "opt_dead_assignments off"
20	381.328	97.179	2	97.225	2	94.243	9	92.681	7	opt=-O4,p -opt nopropagation | inline=-inline auto | pool=-pragma "pool_data on" | str=-str readonly | fpc=-fp_contract off | lang=-lang=c | cc=GC/1.3.2 | misc=-pragma "opt_dead_assignments off"
20	381.328	97.179	2	97.225	2	94.243	9	92.681	7	opt=-O4,p -opt nopropagation | inline=-inline auto | pool=-pragma "pool_data on" | str=-str readonly | fpc=-fp_contract off | lang=-lang=c | cc=GC/2.5 | misc=-pragma "opt_dead_assignments off"
20	381.328	97.179	2	97.225	2	94.243	9	92.681	7	opt=-O4,p -opt nopropagation | inline=-inline auto | pool=-pragma "pool_data on" | str=-str readonly | fpc=-fp_contract off | lang=-lang=c | cc=GC/3.0a5 | misc=-pragma "opt_dead_assignments off"
20	381.328	97.179	2	97.225	2	94.243	9	92.681	7	opt=-O4,p -opt nopropagation | inline=-inline auto | pool=-pragma "pool_data on" | str=-str readonly | fpc=-fp_contract off | lang=-lang=c | cc=GC/3.0a3 | misc=-pragma "opt_dead_assignments off"
20	375.236	96.510	2	96.631	2	91.455	9	90.640	7	opt=-O4,p -opt nopropagation | inline=-inline auto | pool=-pragma "pool_data on" | str=-str readonly | fpc=-fp_contract off | lang=-lang=c | cc=GC/1.1 | misc=-pragma "opt_common_subs off"
10	281.153	66.503	1	71.395	0	69.116	5	74.139	4	opt=-O4,p -opt nopropagation | inline=-inline auto | pool=-pragma "pool_data on" | str=-str readonly | fpc=-fp_contract off | lang=-lang=c | cc=GC/1.1 | misc=-pragma "scheduling off"
10	354.810	90.096	1	91.370	0	90.335	6	83.009	3	opt=-O4,p -opt nopropagation | inline=-inline auto | pool=-pragma "pool_data on" | str=-str readonly | fpc=-fp_contract off | lang=-lang=c | cc=GC/1.1 | misc=-pragma "peephole off"
20	381.328	97.179	2	97.225	2	94.243	9	92.681	7	opt=-O4,p -opt nopropagation | inline=-inline auto | pool=-pragma "pool_data on" | str=-str readonly | fpc=-fp_contract off | lang=-lang=c | cc=GC/1.1 | misc=-pragma "opt_propagation off"
20	378.825	97.179	2	95.362	2	94.023	9	92.261	7	opt=-O4,p -opt nopropagation | inline=-inline auto | pool=-pragma "pool_data on" | str=-str readonly | fpc=-fp_contract off | lang=-lang=c | cc=GC/1.1 | misc=-pragma "opt_lifetimes off"
20	381.328	97.179	2	97.225	2	94.243	9	92.681	7	opt=-O4,p -opt nopropagation | inline=-inline auto | pool=-pragma "pool_data on" | str=-str readonly | fpc=-fp_contract off | lang=-lang=c | cc=GC/1.1 | misc=
14	341.429	84.943	1	88.983	0	86.928	6	80.574	7	opt=-O4,s | inline=-inline auto | pool=-pragma "pool_data on" | str=-str readonly | fpc=-fp_contract off | lang=-lang=c | cc=GC/1.1 | misc=-pragma "opt_dead_assignments off"
10	235.288	53.034	1	63.540	0	61.543	5	57.171	4	opt=-O2,p | inline=-inline auto | pool=-pragma "pool_data on" | str=-str readonly | fpc=-fp_contract off | lang=-lang=c | cc=GC/1.1 | misc=-pragma "opt_dead_assignments off"
10	252.891	59.027	1	67.135	0	62.592	5	64.137	4	opt=-O3,s | inline=-inline auto | pool=-pragma "pool_data on" | str=-str readonly | fpc=-fp_contract off | lang=-lang=c | cc=GC/1.1 | misc=-pragma "opt_dead_assignments off"
10	283.600	67.281	1	71.402	0	69.290	5	75.626	4	opt=-O3,p | inline=-inline auto | pool=-pragma "pool_data on" | str=-str readonly | fpc=-fp_contract off | lang=-lang=c | cc=GC/1.1 | misc=-pragma "opt_dead_assignments off"
28	379.893	96.967	4	97.449	3	91.943	10	93.533	11	opt=-O4,p -opt nocse | inline=-inline auto | pool=-pragma "pool_data on" | str=-str readonly | fpc=-fp_contract off | lang=-lang=c | cc=GC/1.1 | misc=-pragma "opt_dead_assignments off"
11	358.687	90.847	2	91.715	0	91.273	6	84.851	3	opt=-O4,p -opt nopeephole | inline=-inline auto | pool=-pragma "pool_data on" | str=-str readonly | fpc=-fp_contract off | lang=-lang=c | cc=GC/1.1 | misc=-pragma "opt_dead_assignments off"
32	384.303	97.657	6	96.342	3	95.437	10	94.868	13	opt=-O4,p -opt nolifetimes | inline=-inline auto | pool=-pragma "pool_data on" | str=-str readonly | fpc=-fp_contract off | lang=-lang=c | cc=GC/1.1 | misc=-pragma "opt_dead_assignments off"
27	379.699	95.075	4	97.353	3	94.096	10	93.174	10	opt=-O4,p -opt noloop | inline=-inline auto | pool=-pragma "pool_data on" | str=-str readonly | fpc=-fp_contract off | lang=-lang=c | cc=GC/1.1 | misc=-pragma "opt_dead_assignments off"
10	283.781	67.268	1	71.436	0	69.539	5	75.538	4	opt=-O4,p -opt noschedule | inline=-inline auto | pool=-pragma "pool_data on" | str=-str readonly | fpc=-fp_contract off | lang=-lang=c | cc=GC/1.1 | misc=-pragma "opt_dead_assignments off"
29	360.570	86.865	4	97.953	3	94.851	10	80.901	12	opt=-O4,p | inline=-inline smart | pool=-pragma "pool_data on" | str=-str readonly | fpc=-fp_contract off | lang=-lang=c | cc=GC/1.1 | misc=-pragma "opt_dead_assignments off"
27	317.065	63.027	4	95.985	2	85.757	10	72.296	11	opt=-O4,p | inline=-inline off | pool=-pragma "pool_data on" | str=-str readonly | fpc=-fp_contract off | lang=-lang=c | cc=GC/1.1 | misc=-pragma "opt_dead_assignments off"
29	360.576	86.870	4	97.953	3	94.851	10	80.901	12	opt=-O4,p | inline=-inline deferred | pool=-pragma "pool_data on" | str=-str readonly | fpc=-fp_contract off | lang=-lang=c | cc=GC/1.1 | misc=-pragma "opt_dead_assignments off"
33	387.071	97.657	6	97.953	3	95.781	11	95.680	13	opt=-O4,p | inline=-inline all | pool=-pragma "pool_data on" | str=-str readonly | fpc=-fp_contract off | lang=-lang=c | cc=GC/1.1 | misc=-pragma "opt_dead_assignments off"
33	387.077	97.663	6	97.953	3	95.781	11	95.680	13	opt=-O4,p | inline=-inline auto,deferred | pool=-pragma "pool_data on" | str=-str readonly | fpc=-fp_contract off | lang=-lang=c | cc=GC/1.1 | misc=-pragma "opt_dead_assignments off"
33	384.840	95.426	6	97.953	3	95.781	11	95.680	13	opt=-O4,p | inline=-inline auto,deferred | pool= | str=-str readonly | fpc=-fp_contract off | lang=-lang=c | cc=GC/1.1 | misc=-pragma "opt_dead_assignments off"
33	387.077	97.663	6	97.953	3	95.781	11	95.680	13	opt=-O4,p | inline=-inline auto,deferred | pool=-pragma "pool_data on" | str=-str reuse,readonly | fpc=-fp_contract off | lang=-lang=c | cc=GC/1.1 | misc=-pragma "opt_dead_assignments off"
33	387.071	97.657	6	97.953	3	95.781	11	95.680	13	opt=-O4,p | inline=-inline auto,deferred | pool=-pragma "pool_data on" | str=-str reuse | fpc=-fp_contract off | lang=-lang=c | cc=GC/1.1 | misc=-pragma "opt_dead_assignments off"
33	387.071	97.657	6	97.953	3	95.781	11	95.680	13	opt=-O4,p | inline=-inline auto,deferred | pool=-pragma "pool_data on" | str=-str noreuse | fpc=-fp_contract off | lang=-lang=c | cc=GC/1.1 | misc=-pragma "opt_dead_assignments off"
-1	-1.000	ERR	ERR	ERR	ERR	ERR	ERR	ERR	ERR	opt=-O4,p | inline=-inline auto,deferred | pool=-pragma "pool_data on" | str=-str readonly | fpc=-fp_contract on | lang=-lang=c++ | cc=GC/1.1 | misc=-pragma "opt_dead_assignments off"
33	387.153	97.663	6	97.953	3	95.857	11	95.680	13	opt=-O4,p | inline=-inline auto,deferred | pool=-pragma "pool_data on" | str=-str readonly | fpc=-fp_contract on | lang=-lang=c | cc=GC/2.5 | misc=-pragma "opt_dead_assignments off"
33	387.153	97.663	6	97.953	3	95.857	11	95.680	13	opt=-O4,p | inline=-inline auto,deferred | pool=-pragma "pool_data on" | str=-str readonly | fpc=-fp_contract on | lang=-lang=c | cc=GC/3.0a3 | misc=-pragma "opt_dead_assignments off"
33	387.153	97.663	6	97.953	3	95.857	11	95.680	13	opt=-O4,p | inline=-inline auto,deferred | pool=-pragma "pool_data on" | str=-str readonly | fpc=-fp_contract on | lang=-lang=c | cc=GC/3.0a5 | misc=-pragma "opt_dead_assignments off"
-1	-1.000	ERR	ERR	ERR	ERR	ERR	ERR	ERR	ERR	opt=-O3,p | inline=-inline smart | pool=-pragma "pool_data on" | str=-str noreuse | fpc=-fp_contract off | lang=-lang=c++ | cc=GC/1.3.2 | misc=-pragma "opt_propagation off"
-1	-1.000	ERR	ERR	ERR	ERR	ERR	ERR	ERR	ERR	opt=-O4,s | inline=-inline smart | pool=-pragma "pool_data on" | str=-str noreuse | fpc=-fp_contract off | lang=-lang=c++ | cc=GC/1.3.2 | misc=-pragma "opt_propagation off"
-1	-1.000	ERR	ERR	ERR	ERR	ERR	ERR	ERR	ERR	opt=-O4,p | inline=-inline smart | pool=-pragma "pool_data on" | str=-str noreuse | fpc=-fp_contract off | lang=-lang=c++ | cc=GC/1.3.2 | misc=-pragma "opt_propagation off"
-1	-1.000	ERR	ERR	ERR	ERR	ERR	ERR	ERR	ERR	opt=-O3,s | inline=-inline smart | pool=-pragma "pool_data on" | str=-str noreuse | fpc=-fp_contract off | lang=-lang=c++ | cc=GC/1.3.2 | misc=-pragma "opt_propagation off"
-1	-1.000	ERR	ERR	ERR	ERR	ERR	ERR	ERR	ERR	opt=-O2,p | inline=-inline smart | pool=-pragma "pool_data on" | str=-str noreuse | fpc=-fp_contract off | lang=-lang=c++ | cc=GC/1.3.2 | misc=-pragma "opt_propagation off"
-1	-1.000	ERR	ERR	ERR	ERR	ERR	ERR	ERR	ERR	opt=-O4,p -opt nopropagation | inline=-inline smart | pool=-pragma "pool_data on" | str=-str noreuse | fpc=-fp_contract off | lang=-lang=c++ | cc=GC/1.3.2 | misc=-pragma "opt_propagation off"
-1	-1.000	ERR	ERR	ERR	ERR	ERR	ERR	ERR	ERR	opt=-O4,p -opt nocse | inline=-inline smart | pool=-pragma "pool_data on" | str=-str noreuse | fpc=-fp_contract off | lang=-lang=c++ | cc=GC/1.3.2 | misc=-pragma "opt_propagation off"
-1	-1.000	ERR	ERR	ERR	ERR	ERR	ERR	ERR	ERR	opt=-O4,p -opt nopeephole | inline=-inline smart | pool=-pragma "pool_data on" | str=-str noreuse | fpc=-fp_contract off | lang=-lang=c++ | cc=GC/1.3.2 | misc=-pragma "opt_propagation off"
-1	-1.000	ERR	ERR	ERR	ERR	ERR	ERR	ERR	ERR	opt=-O4,p -opt nolifetimes | inline=-inline smart | pool=-pragma "pool_data on" | str=-str noreuse | fpc=-fp_contract off | lang=-lang=c++ | cc=GC/1.3.2 | misc=-pragma "opt_propagation off"
-1	-1.000	ERR	ERR	ERR	ERR	ERR	ERR	ERR	ERR	opt=-O4,p -opt noloop | inline=-inline smart | pool=-pragma "pool_data on" | str=-str noreuse | fpc=-fp_contract off | lang=-lang=c++ | cc=GC/1.3.2 | misc=-pragma "opt_propagation off"
-1	-1.000	ERR	ERR	ERR	ERR	ERR	ERR	ERR	ERR	opt=-O4,p -opt noschedule | inline=-inline smart | pool=-pragma "pool_data on" | str=-str noreuse | fpc=-fp_contract off | lang=-lang=c++ | cc=GC/1.3.2 | misc=-pragma "opt_propagation off"
-1	-1.000	ERR	ERR	ERR	ERR	ERR	ERR	ERR	ERR	opt=-O4,s | inline=-inline auto,deferred | pool=-pragma "pool_data on" | str=-str noreuse | fpc=-fp_contract off | lang=-lang=c++ | cc=GC/1.3.2 | misc=-pragma "opt_propagation off"
-1	-1.000	ERR	ERR	ERR	ERR	ERR	ERR	ERR	ERR	opt=-O4,s | inline=-inline auto | pool=-pragma "pool_data on" | str=-str noreuse | fpc=-fp_contract off | lang=-lang=c++ | cc=GC/1.3.2 | misc=-pragma "opt_propagation off"
-1	-1.000	ERR	ERR	ERR	ERR	ERR	ERR	ERR	ERR	opt=-O4,s | inline=-inline deferred | pool=-pragma "pool_data on" | str=-str noreuse | fpc=-fp_contract off | lang=-lang=c++ | cc=GC/1.3.2 | misc=-pragma "opt_propagation off"
-1	-1.000	ERR	ERR	ERR	ERR	ERR	ERR	ERR	ERR	opt=-O4,s | inline=-inline off | pool=-pragma "pool_data on" | str=-str noreuse | fpc=-fp_contract off | lang=-lang=c++ | cc=GC/1.3.2 | misc=-pragma "opt_propagation off"
-1	-1.000	ERR	ERR	ERR	ERR	ERR	ERR	ERR	ERR	opt=-O4,s | inline=-inline all | pool=-pragma "pool_data on" | str=-str noreuse | fpc=-fp_contract off | lang=-lang=c++ | cc=GC/1.3.2 | misc=-pragma "opt_propagation off"
-1	-1.000	ERR	ERR	ERR	ERR	ERR	ERR	ERR	ERR	opt=-O4,s | inline=-inline smart | pool= | str=-str noreuse | fpc=-fp_contract off | lang=-lang=c++ | cc=GC/1.3.2 | misc=-pragma "opt_propagation off"
-1	-1.000	ERR	ERR	ERR	ERR	ERR	ERR	ERR	ERR	opt=-O4,s | inline=-inline smart | pool=-pragma "pool_data on" | str=-str reuse | fpc=-fp_contract off | lang=-lang=c++ | cc=GC/1.3.2 | misc=-pragma "opt_propagation off"
-1	-1.000	ERR	ERR	ERR	ERR	ERR	ERR	ERR	ERR	opt=-O4,s | inline=-inline smart | pool=-pragma "pool_data on" | str=-str reuse,readonly | fpc=-fp_contract off | lang=-lang=c++ | cc=GC/1.3.2 | misc=-pragma "opt_propagation off"
-1	-1.000	ERR	ERR	ERR	ERR	ERR	ERR	ERR	ERR	opt=-O4,s | inline=-inline smart | pool=-pragma "pool_data on" | str=-str readonly | fpc=-fp_contract off | lang=-lang=c++ | cc=GC/1.3.2 | misc=-pragma "opt_propagation off"
-1	-1.000	ERR	ERR	ERR	ERR	ERR	ERR	ERR	ERR	opt=-O4,s | inline=-inline smart | pool=-pragma "pool_data on" | str=-str noreuse | fpc=-fp_contract on | lang=-lang=c++ | cc=GC/1.3.2 | misc=-pragma "opt_propagation off"
14	319.002	75.417	1	88.920	0	86.353	6	68.312	7	opt=-O4,s | inline=-inline smart | pool=-pragma "pool_data on" | str=-str noreuse | fpc=-fp_contract off | lang=-lang=c | cc=GC/1.3.2 | misc=-pragma "opt_propagation off"
14	319.002	75.417	1	88.920	0	86.353	6	68.312	7	opt=-O4,s | inline=-inline smart | pool=-pragma "pool_data on" | str=-str noreuse | fpc=-fp_contract off | lang=-lang=c | cc=GC/2.5 | misc=-pragma "opt_propagation off"
14	319.002	75.417	1	88.920	0	86.353	6	68.312	7	opt=-O4,s | inline=-inline smart | pool=-pragma "pool_data on" | str=-str noreuse | fpc=-fp_contract off | lang=-lang=c | cc=GC/1.2.5 | misc=-pragma "opt_propagation off"
14	319.002	75.417	1	88.920	0	86.353	6	68.312	7	opt=-O4,s | inline=-inline smart | pool=-pragma "pool_data on" | str=-str noreuse | fpc=-fp_contract off | lang=-lang=c | cc=GC/3.0a3 | misc=-pragma "opt_propagation off"
14	319.002	75.417	1	88.920	0	86.353	6	68.312	7	opt=-O4,s | inline=-inline smart | pool=-pragma "pool_data on" | str=-str noreuse | fpc=-fp_contract off | lang=-lang=c | cc=GC/3.0a5 | misc=-pragma "opt_propagation off"
14	319.002	75.417	1	88.920	0	86.353	6	68.312	7	opt=-O4,s | inline=-inline smart | pool=-pragma "pool_data on" | str=-str noreuse | fpc=-fp_contract off | lang=-lang=c | cc=GC/1.1 | misc=-pragma "opt_propagation off"
10	236.064	51.495	1	66.763	0	61.968	5	55.838	4	opt=-O4,s | inline=-inline smart | pool=-pragma "pool_data on" | str=-str noreuse | fpc=-fp_contract off | lang=-lang=c | cc=GC/1.3.2 | misc=-pragma "scheduling off"
14	314.427	75.546	1	88.443	0	84.212	6	66.225	7	opt=-O4,s | inline=-inline smart | pool=-pragma "pool_data on" | str=-str noreuse | fpc=-fp_contract off | lang=-lang=c | cc=GC/1.3.2 | misc=-pragma "opt_common_subs off"
14	319.010	75.417	1	88.983	0	86.298	6	68.312	7	opt=-O4,s | inline=-inline smart | pool=-pragma "pool_data on" | str=-str noreuse | fpc=-fp_contract off | lang=-lang=c | cc=GC/1.3.2 | misc=-pragma "opt_dead_assignments off"
14	319.219	75.587	1	89.021	0	86.298	6	68.312	7	opt=-O4,s | inline=-inline smart | pool=-pragma "pool_data on" | str=-str noreuse | fpc=-fp_contract off | lang=-lang=c | cc=GC/1.3.2 | misc=
14	317.642	75.587	1	87.613	0	86.219	6	68.223	7	opt=-O4,s | inline=-inline smart | pool=-pragma "pool_data on" | str=-str noreuse | fpc=-fp_contract off | lang=-lang=c | cc=GC/1.3.2 | misc=-pragma "opt_lifetimes off"
10	302.456	72.925	1	84.223	0	82.645	6	62.663	3	opt=-O4,s | inline=-inline smart | pool=-pragma "pool_data on" | str=-str noreuse | fpc=-fp_contract off | lang=-lang=c | cc=GC/1.3.2 | misc=-pragma "peephole off"
10	221.796	47.183	1	63.540	0	61.543	5	49.530	4	opt=-O2,p | inline=-inline smart | pool=-pragma "pool_data on" | str=-str noreuse | fpc=-fp_contract off | lang=-lang=c | cc=GC/1.3.2 | misc=
10	236.331	51.389	1	67.135	0	61.968	5	55.838	4	opt=-O3,s | inline=-inline smart | pool=-pragma "pool_data on" | str=-str noreuse | fpc=-fp_contract off | lang=-lang=c | cc=GC/1.3.2 | misc=
11	334.160	81.115	2	91.723	0	90.354	6	70.968	3	opt=-O4,p -opt nopeephole | inline=-inline smart | pool=-pragma "pool_data on" | str=-str noreuse | fpc=-fp_contract off | lang=-lang=c | cc=GC/1.3.2 | misc=
10	264.453	59.559	1	71.402	0	68.371	5	65.121	4	opt=-O3,p | inline=-inline smart | pool=-pragma "pool_data on" | str=-str noreuse | fpc=-fp_contract off | lang=-lang=c | cc=GC/1.3.2 | misc=
29	360.779	87.036	4	97.991	3	94.851	10	80.901	12	opt=-O4,p | inline=-inline smart | pool=-pragma "pool_data on" | str=-str noreuse | fpc=-fp_contract off | lang=-lang=c | cc=GC/1.3.2 | misc=
26	354.077	86.844	3	97.456	3	91.013	9	78.763	11	opt=-O4,p -opt nocse | inline=-inline smart | pool=-pragma "pool_data on" | str=-str noreuse | fpc=-fp_contract off | lang=-lang=c | cc=GC/1.3.2 | misc=
28	357.969	87.036	4	96.338	3	94.507	9	80.089	12	opt=-O4,p -opt nolifetimes | inline=-inline smart | pool=-pragma "pool_data on" | str=-str noreuse | fpc=-fp_contract off | lang=-lang=c | cc=GC/1.3.2 | misc=
19	355.868	86.633	2	97.225	2	93.313	8	78.698	7	opt=-O4,p -opt nopropagation | inline=-inline smart | pool=-pragma "pool_data on" | str=-str noreuse | fpc=-fp_contract off | lang=-lang=c | cc=GC/1.3.2 | misc=
25	355.353	85.997	3	97.391	3	93.587	10	78.378	9	opt=-O4,p -opt noloop | inline=-inline smart | pool=-pragma "pool_data on" | str=-str noreuse | fpc=-fp_contract off | lang=-lang=c | cc=GC/1.3.2 | misc=
10	264.567	59.541	1	71.374	0	68.619	5	65.033	4	opt=-O4,p -opt noschedule | inline=-inline smart | pool=-pragma "pool_data on" | str=-str noreuse | fpc=-fp_contract off | lang=-lang=c | cc=GC/1.3.2 | misc=
33	387.280	97.828	6	97.991	3	95.781	11	95.680	13	opt=-O4,p | inline=-inline auto,deferred | pool=-pragma "pool_data on" | str=-str noreuse | fpc=-fp_contract off | lang=-lang=c | cc=GC/1.3.2 | misc=
27	317.068	62.993	4	96.022	2	85.757	10	72.296	11	opt=-O4,p | inline=-inline off | pool=-pragma "pool_data on" | str=-str noreuse | fpc=-fp_contract off | lang=-lang=c | cc=GC/1.3.2 | misc=
29	360.779	87.036	4	97.991	3	94.851	10	80.901	12	opt=-O4,p | inline=-inline deferred | pool=-pragma "pool_data on" | str=-str noreuse | fpc=-fp_contract off | lang=-lang=c | cc=GC/1.3.2 | misc=
33	387.280	97.828	6	97.991	3	95.781	11	95.680	13	opt=-O4,p | inline=-inline all | pool=-pragma "pool_data on" | str=-str noreuse | fpc=-fp_contract off | lang=-lang=c | cc=GC/1.3.2 | misc=
33	385.049	95.597	6	97.991	3	95.781	11	95.680	13	opt=-O4,p | inline=-inline auto | pool= | str=-str noreuse | fpc=-fp_contract off | lang=-lang=c | cc=GC/1.3.2 | misc=
33	387.280	97.828	6	97.991	3	95.781	11	95.680	13	opt=-O4,p | inline=-inline auto | pool=-pragma "pool_data on" | str=-str reuse,readonly | fpc=-fp_contract off | lang=-lang=c | cc=GC/1.3.2 | misc=
33	387.280	97.828	6	97.991	3	95.781	11	95.680	13	opt=-O4,p | inline=-inline auto | pool=-pragma "pool_data on" | str=-str readonly | fpc=-fp_contract off | lang=-lang=c | cc=GC/1.3.2 | misc=
10	234.732	52.406	1	63.540	0	61.616	5	57.171	4	opt=-O2,p | inline=-inline auto,deferred | pool= | str=-str noreuse | fpc=-fp_contract on | lang=-lang=c | cc=GC/2.5 | misc=-pragma "opt_dead_assignments off"
10	252.343	58.407	1	67.135	0	62.664	5	64.137	4	opt=-O3,s | inline=-inline auto,deferred | pool= | str=-str noreuse | fpc=-fp_contract on | lang=-lang=c | cc=GC/2.5 | misc=-pragma "opt_dead_assignments off"
10	283.049	66.661	1	71.402	0	69.359	5	75.626	4	opt=-O3,p | inline=-inline auto,deferred | pool= | str=-str noreuse | fpc=-fp_contract on | lang=-lang=c | cc=GC/2.5 | misc=-pragma "opt_dead_assignments off"
14	339.663	83.101	1	88.983	0	87.004	6	80.574	7	opt=-O4,s | inline=-inline auto,deferred | pool= | str=-str noreuse | fpc=-fp_contract on | lang=-lang=c | cc=GC/2.5 | misc=-pragma "opt_dead_assignments off"
33	384.916	95.426	6	97.953	3	95.857	11	95.680	13	opt=-O4,p | inline=-inline auto,deferred | pool= | str=-str noreuse | fpc=-fp_contract on | lang=-lang=c | cc=GC/2.5 | misc=-pragma "opt_dead_assignments off"
11	357.010	89.094	2	91.715	0	91.349	6	84.851	3	opt=-O4,p -opt nopeephole | inline=-inline auto,deferred | pool= | str=-str noreuse | fpc=-fp_contract on | lang=-lang=c | cc=GC/2.5 | misc=-pragma "opt_dead_assignments off"
20	379.187	94.962	2	97.225	2	94.319	9	92.681	7	opt=-O4,p -opt nopropagation | inline=-inline auto,deferred | pool= | str=-str noreuse | fpc=-fp_contract on | lang=-lang=c | cc=GC/2.5 | misc=-pragma "opt_dead_assignments off"
27	377.558	92.858	4	97.353	3	94.172	10	93.174	10	opt=-O4,p -opt noloop | inline=-inline auto,deferred | pool= | str=-str noreuse | fpc=-fp_contract on | lang=-lang=c | cc=GC/2.5 | misc=-pragma "opt_dead_assignments off"
28	378.028	95.037	4	97.449	3	92.008	10	93.533	11	opt=-O4,p -opt nocse | inline=-inline auto,deferred | pool= | str=-str noreuse | fpc=-fp_contract on | lang=-lang=c | cc=GC/2.5 | misc=-pragma "opt_dead_assignments off"
32	382.148	95.426	6	96.342	3	95.512	10	94.868	13	opt=-O4,p -opt nolifetimes | inline=-inline auto,deferred | pool= | str=-str noreuse | fpc=-fp_contract on | lang=-lang=c | cc=GC/2.5 | misc=-pragma "opt_dead_assignments off"
10	283.229	66.648	1	71.436	0	69.607	5	75.538	4	opt=-O4,p -opt noschedule | inline=-inline auto,deferred | pool= | str=-str noreuse | fpc=-fp_contract on | lang=-lang=c | cc=GC/2.5 | misc=-pragma "opt_dead_assignments off"
27	315.832	61.719	4	95.985	2	85.833	10	72.296	11	opt=-O4,p | inline=-inline off | pool= | str=-str noreuse | fpc=-fp_contract on | lang=-lang=c | cc=GC/2.5 | misc=-pragma "opt_dead_assignments off"
29	359.337	85.556	4	97.953	3	94.927	10	80.901	12	opt=-O4,p | inline=-inline deferred | pool= | str=-str noreuse | fpc=-fp_contract on | lang=-lang=c | cc=GC/2.5 | misc=-pragma "opt_dead_assignments off"
29	359.337	85.556	4	97.953	3	94.927	10	80.901	12	opt=-O4,p | inline=-inline smart | pool= | str=-str noreuse | fpc=-fp_contract on | lang=-lang=c | cc=GC/2.5 | misc=-pragma "opt_dead_assignments off"
33	384.916	95.426	6	97.953	3	95.857	11	95.680	13	opt=-O4,p | inline=-inline all | pool= | str=-str noreuse | fpc=-fp_contract on | lang=-lang=c | cc=GC/2.5 | misc=-pragma "opt_dead_assignments off"
33	384.916	95.426	6	97.953	3	95.857	11	95.680	13	opt=-O4,p | inline=-inline auto | pool= | str=-str noreuse | fpc=-fp_contract on | lang=-lang=c | cc=GC/2.5 | misc=-pragma "opt_dead_assignments off"
33	387.147	97.657	6	97.953	3	95.857	11	95.680	13	opt=-O4,p | inline=-inline auto,deferred | pool=-pragma "pool_data on" | str=-str noreuse | fpc=-fp_contract on | lang=-lang=c | cc=GC/2.5 | misc=-pragma "opt_dead_assignments off"
33	387.147	97.657	6	97.953	3	95.857	11	95.680	13	opt=-O4,p | inline=-inline auto,deferred | pool=-pragma "pool_data on" | str=-str reuse | fpc=-fp_contract on | lang=-lang=c | cc=GC/2.5 | misc=-pragma "opt_dead_assignments off"
33	387.077	97.663	6	97.953	3	95.781	11	95.680	13	opt=-O4,p | inline=-inline auto,deferred | pool=-pragma "pool_data on" | str=-str reuse,readonly | fpc=-fp_contract off | lang=-lang=c | cc=GC/2.5 | misc=-pragma "opt_dead_assignments off"
-1	-1.000	ERR	ERR	ERR	ERR	ERR	ERR	ERR	ERR	opt=-O4,p | inline=-inline auto,deferred | pool=-pragma "pool_data on" | str=-str reuse,readonly | fpc=-fp_contract on | lang=-lang=c++ | cc=GC/2.5 | misc=-pragma "opt_dead_assignments off"
33	387.153	97.663	6	97.953	3	95.857	11	95.680	13	opt=-O4,p | inline=-inline auto,deferred | pool=-pragma "pool_data on" | str=-str reuse,readonly | fpc=-fp_contract on | lang=-lang=c | cc=GC/3.0a3 | misc=-pragma "opt_dead_assignments off"
33	387.153	97.663	6	97.953	3	95.857	11	95.680	13	opt=-O4,p | inline=-inline auto,deferred | pool=-pragma "pool_data on" | str=-str reuse,readonly | fpc=-fp_contract on | lang=-lang=c | cc=GC/1.3.2 | misc=-pragma "opt_dead_assignments off"
33	387.153	97.663	6	97.953	3	95.857	11	95.680	13	opt=-O4,p | inline=-inline auto,deferred | pool=-pragma "pool_data on" | str=-str reuse,readonly | fpc=-fp_contract on | lang=-lang=c | cc=GC/1.2.5 | misc=-pragma "opt_dead_assignments off"
33	387.153	97.663	6	97.953	3	95.857	11	95.680	13	opt=-O4,p | inline=-inline auto,deferred | pool=-pragma "pool_data on" | str=-str reuse,readonly | fpc=-fp_contract on | lang=-lang=c | cc=GC/3.0a5 | misc=-pragma "opt_dead_assignments off"
11	333.129	80.085	2	91.723	0	90.354	6	70.968	3	opt=-O4,p | inline=-inline smart | pool= | str=-str noreuse | fpc=-fp_contract off | lang=-lang=c | cc=GC/3.0a5 | misc=-pragma "peephole off"
8	213.266	45.288	1	61.137	0	59.921	5	46.919	2	opt=-O2,p | inline=-inline smart | pool= | str=-str noreuse | fpc=-fp_contract off | lang=-lang=c | cc=GC/3.0a5 | misc=-pragma "peephole off"
8	227.741	48.460	1	64.946	0	61.213	5	53.122	2	opt=-O3,s | inline=-inline smart | pool= | str=-str noreuse | fpc=-fp_contract off | lang=-lang=c | cc=GC/3.0a5 | misc=-pragma "peephole off"
8	252.467	57.982	1	69.202	0	66.173	5	59.109	2	opt=-O3,p | inline=-inline smart | pool= | str=-str noreuse | fpc=-fp_contract off | lang=-lang=c | cc=GC/3.0a5 | misc=-pragma "peephole off"
10	301.426	71.895	1	84.223	0	82.645	6	62.663	3	opt=-O4,s | inline=-inline smart | pool= | str=-str noreuse | fpc=-fp_contract off | lang=-lang=c | cc=GC/3.0a5 | misc=-pragma "peephole off"
10	328.007	79.449	1	90.997	0	89.165	6	68.395	3	opt=-O4,p -opt noloop | inline=-inline smart | pool= | str=-str noreuse | fpc=-fp_contract off | lang=-lang=c | cc=GC/3.0a5 | misc=-pragma "peephole off"
11	327.018	79.893	2	91.187	0	86.933	6	69.005	3	opt=-O4,p -opt nocse | inline=-inline smart | pool= | str=-str noreuse | fpc=-fp_contract off | lang=-lang=c | cc=GC/3.0a5 | misc=-pragma "peephole off"
8	252.675	58.173	1	69.294	0	66.238	5	58.969	2	opt=-O4,p -opt noschedule | inline=-inline smart | pool= | str=-str noreuse | fpc=-fp_contract off | lang=-lang=c | cc=GC/3.0a5 | misc=-pragma "peephole off"
11	331.042	80.085	2	90.320	0	90.037	6	70.600	3	opt=-O4,p -opt nolifetimes | inline=-inline smart | pool= | str=-str noreuse | fpc=-fp_contract off | lang=-lang=c | cc=GC/3.0a5 | misc=-pragma "peephole off"
11	333.129	80.085	2	91.723	0	90.354	6	70.968	3	opt=-O4,p -opt nopeephole | inline=-inline smart | pool= | str=-str noreuse | fpc=-fp_contract off | lang=-lang=c | cc=GC/3.0a5 | misc=-pragma "peephole off"
11	356.908	89.060	2	91.723	0	91.273	6	84.851	3	opt=-O4,p | inline=-inline auto | pool= | str=-str noreuse | fpc=-fp_contract off | lang=-lang=c | cc=GC/3.0a5 | misc=-pragma "peephole off"
11	356.908	89.060	2	91.723	0	91.273	6	84.851	3	opt=-O4,p | inline=-inline auto,deferred | pool= | str=-str noreuse | fpc=-fp_contract off | lang=-lang=c | cc=GC/3.0a5 | misc=-pragma "peephole off"
11	294.840	59.557	2	89.764	0	82.123	6	63.396	3	opt=-O4,p | inline=-inline off | pool= | str=-str noreuse | fpc=-fp_contract off | lang=-lang=c | cc=GC/3.0a5 | misc=-pragma "peephole off"
11	333.129	80.085	2	91.723	0	90.354	6	70.968	3	opt=-O4,p | inline=-inline deferred | pool= | str=-str noreuse | fpc=-fp_contract off | lang=-lang=c | cc=GC/3.0a5 | misc=-pragma "peephole off"
11	356.908	89.060	2	91.723	0	91.273	6	84.851	3	opt=-O4,p | inline=-inline all | pool= | str=-str noreuse | fpc=-fp_contract off | lang=-lang=c | cc=GC/3.0a5 | misc=-pragma "peephole off"
-1	-1.000	ERR	ERR	ERR	ERR	ERR	ERR	ERR	ERR	opt=-O4,p | inline=-inline auto | pool=-pragma "pool_data on" | str=-str noreuse | fpc=-fp_contract on | lang=-lang=c++ | cc=GC/3.0a5 | misc=-pragma "peephole off"
11	358.736	90.813	2	91.723	0	91.349	6	84.851	3	opt=-O4,p | inline=-inline auto | pool=-pragma "pool_data on" | str=-str noreuse | fpc=-fp_contract on | lang=-lang=c | cc=GC/2.5 | misc=-pragma "peephole off"
-1	-1.000	ERR	ERR	ERR	ERR	ERR	ERR	ERR	ERR	opt=-O4,s | inline=-inline deferred | pool= | str=-str reuse | fpc=-fp_contract off | lang=-lang=c++ | cc=GC/3.0a5 | misc=-pragma "opt_common_subs off"
-1	-1.000	ERR	ERR	ERR	ERR	ERR	ERR	ERR	ERR	opt=-O4,p | inline=-inline deferred | pool= | str=-str reuse | fpc=-fp_contract off | lang=-lang=c++ | cc=GC/3.0a5 | misc=-pragma "opt_common_subs off"
-1	-1.000	ERR	ERR	ERR	ERR	ERR	ERR	ERR	ERR	opt=-O3,p | inline=-inline deferred | pool= | str=-str reuse | fpc=-fp_contract off | lang=-lang=c++ | cc=GC/3.0a5 | misc=-pragma "opt_common_subs off"
-1	-1.000	ERR	ERR	ERR	ERR	ERR	ERR	ERR	ERR	opt=-O2,p | inline=-inline deferred | pool= | str=-str reuse | fpc=-fp_contract off | lang=-lang=c++ | cc=GC/3.0a5 | misc=-pragma "opt_common_subs off"
-1	-1.000	ERR	ERR	ERR	ERR	ERR	ERR	ERR	ERR	opt=-O4,p -opt nopropagation | inline=-inline deferred | pool= | str=-str reuse | fpc=-fp_contract off | lang=-lang=c++ | cc=GC/3.0a5 | misc=-pragma "opt_common_subs off"
-1	-1.000	ERR	ERR	ERR	ERR	ERR	ERR	ERR	ERR	opt=-O3,s | inline=-inline deferred | pool= | str=-str reuse | fpc=-fp_contract off | lang=-lang=c++ | cc=GC/3.0a5 | misc=-pragma "opt_common_subs off"
-1	-1.000	ERR	ERR	ERR	ERR	ERR	ERR	ERR	ERR	opt=-O4,p -opt nopeephole | inline=-inline deferred | pool= | str=-str reuse | fpc=-fp_contract off | lang=-lang=c++ | cc=GC/3.0a5 | misc=-pragma "opt_common_subs off"
-1	-1.000	ERR	ERR	ERR	ERR	ERR	ERR	ERR	ERR	opt=-O4,p -opt noschedule | inline=-inline deferred | pool= | str=-str reuse | fpc=-fp_contract off | lang=-lang=c++ | cc=GC/3.0a5 | misc=-pragma "opt_common_subs off"
-1	-1.000	ERR	ERR	ERR	ERR	ERR	ERR	ERR	ERR	opt=-O4,p -opt nolifetimes | inline=-inline deferred | pool= | str=-str reuse | fpc=-fp_contract off | lang=-lang=c++ | cc=GC/3.0a5 | misc=-pragma "opt_common_subs off"
-1	-1.000	ERR	ERR	ERR	ERR	ERR	ERR	ERR	ERR	opt=-O4,p -opt nocse | inline=-inline deferred | pool= | str=-str reuse | fpc=-fp_contract off | lang=-lang=c++ | cc=GC/3.0a5 | misc=-pragma "opt_common_subs off"
-1	-1.000	ERR	ERR	ERR	ERR	ERR	ERR	ERR	ERR	opt=-O4,p -opt noloop | inline=-inline deferred | pool= | str=-str reuse | fpc=-fp_contract off | lang=-lang=c++ | cc=GC/3.0a5 | misc=-pragma "opt_common_subs off"
-1	-1.000	ERR	ERR	ERR	ERR	ERR	ERR	ERR	ERR	opt=-O4,p -opt nopropagation | inline=-inline smart | pool= | str=-str reuse | fpc=-fp_contract off | lang=-lang=c++ | cc=GC/3.0a5 | misc=-pragma "opt_common_subs off"
-1	-1.000	ERR	ERR	ERR	ERR	ERR	ERR	ERR	ERR	opt=-O4,p -opt nopropagation | inline=-inline off | pool= | str=-str reuse | fpc=-fp_contract off | lang=-lang=c++ | cc=GC/3.0a5 | misc=-pragma "opt_common_subs off"
-1	-1.000	ERR	ERR	ERR	ERR	ERR	ERR	ERR	ERR	opt=-O4,p -opt nopropagation | inline=-inline auto | pool= | str=-str reuse | fpc=-fp_contract off | lang=-lang=c++ | cc=GC/3.0a5 | misc=-pragma "opt_common_subs off"
-1	-1.000	ERR	ERR	ERR	ERR	ERR	ERR	ERR	ERR	opt=-O4,p -opt nopropagation | inline=-inline auto,deferred | pool= | str=-str reuse | fpc=-fp_contract off | lang=-lang=c++ | cc=GC/3.0a5 | misc=-pragma "opt_common_subs off"
-1	-1.000	ERR	ERR	ERR	ERR	ERR	ERR	ERR	ERR	opt=-O4,p -opt nopropagation | inline=-inline all | pool= | str=-str reuse | fpc=-fp_contract off | lang=-lang=c++ | cc=GC/3.0a5 | misc=-pragma "opt_common_subs off"
-1	-1.000	ERR	ERR	ERR	ERR	ERR	ERR	ERR	ERR	opt=-O4,p -opt nopropagation | inline=-inline deferred | pool=-pragma "pool_data on" | str=-str reuse | fpc=-fp_contract off | lang=-lang=c++ | cc=GC/3.0a5 | misc=-pragma "opt_common_subs off"
-1	-1.000	ERR	ERR	ERR	ERR	ERR	ERR	ERR	ERR	opt=-O4,p -opt nopropagation | inline=-inline deferred | pool= | str=-str noreuse | fpc=-fp_contract off | lang=-lang=c++ | cc=GC/3.0a5 | misc=-pragma "opt_common_subs off"
-1	-1.000	ERR	ERR	ERR	ERR	ERR	ERR	ERR	ERR	opt=-O4,p -opt nopropagation | inline=-inline deferred | pool= | str=-str reuse,readonly | fpc=-fp_contract off | lang=-lang=c++ | cc=GC/3.0a5 | misc=-pragma "opt_common_subs off"
-1	-1.000	ERR	ERR	ERR	ERR	ERR	ERR	ERR	ERR	opt=-O4,p -opt nopropagation | inline=-inline deferred | pool= | str=-str readonly | fpc=-fp_contract off | lang=-lang=c++ | cc=GC/3.0a5 | misc=-pragma "opt_common_subs off"
-1	-1.000	ERR	ERR	ERR	ERR	ERR	ERR	ERR	ERR	opt=-O4,p -opt nopropagation | inline=-inline deferred | pool= | str=-str reuse | fpc=-fp_contract on | lang=-lang=c++ | cc=GC/3.0a5 | misc=-pragma "opt_common_subs off"
19	349.096	85.283	2	96.631	2	90.525	8	76.657	7	opt=-O4,p -opt nopropagation | inline=-inline deferred | pool= | str=-str reuse | fpc=-fp_contract off | lang=-lang=c | cc=GC/3.0a5 | misc=-pragma "opt_common_subs off"
19	349.096	85.283	2	96.631	2	90.525	8	76.657	7	opt=-O4,p -opt nopropagation | inline=-inline deferred | pool= | str=-str reuse | fpc=-fp_contract off | lang=-lang=c | cc=GC/1.3.2 | misc=-pragma "opt_common_subs off"
19	349.096	85.283	2	96.631	2	90.525	8	76.657	7	opt=-O4,p -opt nopropagation | inline=-inline deferred | pool= | str=-str reuse | fpc=-fp_contract off | lang=-lang=c | cc=GC/1.1 | misc=-pragma "opt_common_subs off"
19	349.096	85.283	2	96.631	2	90.525	8	76.657	7	opt=-O4,p -opt nopropagation | inline=-inline deferred | pool= | str=-str reuse | fpc=-fp_contract off | lang=-lang=c | cc=GC/2.5 | misc=-pragma "opt_common_subs off"
19	349.096	85.283	2	96.631	2	90.525	8	76.657	7	opt=-O4,p -opt nopropagation | inline=-inline deferred | pool= | str=-str reuse | fpc=-fp_contract off | lang=-lang=c | cc=GC/3.0a3 | misc=-pragma "opt_common_subs off"
19	349.096	85.283	2	96.631	2	90.525	8	76.657	7	opt=-O4,p -opt nopropagation | inline=-inline deferred | pool= | str=-str reuse | fpc=-fp_contract off | lang=-lang=c | cc=GC/1.2.5 | misc=-pragma "opt_common_subs off"
10	262.415	58.863	1	71.395	0	68.197	5	63.960	4	opt=-O4,p -opt nopropagation | inline=-inline deferred | pool= | str=-str reuse | fpc=-fp_contract off | lang=-lang=c | cc=GC/3.0a5 | misc=-pragma "scheduling off"
19	354.560	85.324	2	97.225	2	93.313	8	78.698	7	opt=-O4,p -opt nopropagation | inline=-inline deferred | pool= | str=-str reuse | fpc=-fp_contract off | lang=-lang=c | cc=GC/3.0a5 | misc=
19	354.560	85.324	2	97.225	2	93.313	8	78.698	7	opt=-O4,p -opt nopropagation | inline=-inline deferred | pool= | str=-str reuse | fpc=-fp_contract off | lang=-lang=c | cc=GC/3.0a5 | misc=-pragma "opt_dead_assignments off"
19	352.056	85.324	2	95.362	2	93.093	8	78.277	7	opt=-O4,p -opt nopropagation | inline=-inline deferred | pool= | str=-str reuse | fpc=-fp_contract off | lang=-lang=c | cc=GC/3.0a5 | misc=-pragma "opt_lifetimes off"
10	329.784	79.613	1	91.370	0	89.415	6	69.385	3	opt=-O4,p -opt nopropagation | inline=-inline deferred | pool= | str=-str reuse | fpc=-fp_contract off | lang=-lang=c | cc=GC/3.0a5 | misc=-pragma "peephole off"
19	354.560	85.324	2	97.225	2	93.313	8	78.698	7	opt=-O4,p -opt nopropagation | inline=-inline deferred | pool= | str=-str reuse | fpc=-fp_contract off | lang=-lang=c | cc=GC/3.0a5 | misc=-pragma "opt_propagation off"
10	221.123	46.510	1	63.540	0	61.543	5	49.530	4	opt=-O2,p | inline=-inline deferred | pool= | str=-str reuse | fpc=-fp_contract off | lang=-lang=c | cc=GC/3.0a5 | misc=
10	235.658	50.716	1	67.135	0	61.968	5	55.838	4	opt=-O3,s | inline=-inline deferred | pool= | str=-str reuse | fpc=-fp_contract off | lang=-lang=c | cc=GC/3.0a5 | misc=
14	317.910	74.279	1	89.021	0	86.298	6	68.312	7	opt=-O4,s | inline=-inline deferred | pool= | str=-str reuse | fpc=-fp_contract off | lang=-lang=c | cc=GC/3.0a5 | misc=
10	263.779	58.885	1	71.402	0	68.371	5	65.121	4	opt=-O3,p | inline=-inline deferred | pool= | str=-str reuse | fpc=-fp_contract off | lang=-lang=c | cc=GC/3.0a5 | misc=
10	263.893	58.867	1	71.374	0	68.619	5	65.033	4	opt=-O4,p -opt noschedule | inline=-inline deferred | pool= | str=-str reuse | fpc=-fp_contract off | lang=-lang=c | cc=GC/3.0a5 | misc=
28	356.660	85.727	4	96.338	3	94.507	9	80.089	12	opt=-O4,p -opt nolifetimes | inline=-inline deferred | pool= | str=-str reuse | fpc=-fp_contract off | lang=-lang=c | cc=GC/3.0a5 | misc=
26	352.768	85.536	3	97.456	3	91.013	9	78.763	11	opt=-O4,p -opt nocse | inline=-inline deferred | pool= | str=-str reuse | fpc=-fp_contract off | lang=-lang=c | cc=GC/3.0a5 | misc=
11	333.129	80.085	2	91.723	0	90.354	6	70.968	3	opt=-O4,p -opt nopeephole | inline=-inline deferred | pool= | str=-str reuse | fpc=-fp_contract off | lang=-lang=c | cc=GC/3.0a5 | misc=
25	354.044	84.689	3	97.391	3	93.587	10	78.378	9	opt=-O4,p -opt noloop | inline=-inline deferred | pool= | str=-str reuse | fpc=-fp_contract off | lang=-lang=c | cc=GC/3.0a5 | misc=
10	221.868	47.183	1	63.540	0	61.616	5	49.530	4	opt=-O2,p | inline=-inline smart | pool=-pragma "pool_data on" | str=-str reuse,readonly | fpc=-fp_contract on | lang=-lang=c | cc=GC/1.2.5 | misc=
10	236.404	51.389	1	67.135	0	62.041	5	55.838	4	opt=-O3,s | inline=-inline smart | pool=-pragma "pool_data on" | str=-str reuse,readonly | fpc=-fp_contract on | lang=-lang=c | cc=GC/1.2.5 | misc=
14	319.294	75.587	1	89.021	0	86.374	6	68.312	7	opt=-O4,s | inline=-inline smart | pool=-pragma "pool_data on" | str=-str reuse,readonly | fpc=-fp_contract on | lang=-lang=c | cc=GC/1.2.5 | misc=
19	355.944	86.633	2	97.225	2	93.389	8	78.698	7	opt=-O4,p -opt nopropagation | inline=-inline smart | pool=-pragma "pool_data on" | str=-str reuse,readonly | fpc=-fp_contract on | lang=-lang=c | cc=GC/1.2.5 | misc=
10	264.522	59.559	1	71.402	0	68.439	5	65.121	4	opt=-O3,p | inline=-inline smart | pool=-pragma "pool_data on" | str=-str reuse,readonly | fpc=-fp_contract on | lang=-lang=c | cc=GC/1.2.5 | misc=
29	360.854	87.036	4	97.991	3	94.927	10	80.901	12	opt=-O4,p | inline=-inline smart | pool=-pragma "pool_data on" | str=-str reuse,readonly | fpc=-fp_contract on | lang=-lang=c | cc=GC/1.2.5 | misc=
26	354.142	86.844	3	97.456	3	91.079	9	78.763	11	opt=-O4,p -opt nocse | inline=-inline smart | pool=-pragma "pool_data on" | str=-str reuse,readonly | fpc=-fp_contract on | lang=-lang=c | cc=GC/1.2.5 | misc=
25	355.429	85.997	3	97.391	3	93.663	10	78.378	9	opt=-O4,p -opt noloop | inline=-inline smart | pool=-pragma "pool_data on" | str=-str reuse,readonly | fpc=-fp_contract on | lang=-lang=c | cc=GC/1.2.5 | misc=
10	264.636	59.541	1	71.374	0	68.688	5	65.033	4	opt=-O4,p -opt noschedule | inline=-inline smart | pool=-pragma "pool_data on" | str=-str reuse,readonly | fpc=-fp_contract on | lang=-lang=c | cc=GC/1.2.5 | misc=
11	334.235	81.115	2	91.723	0	90.430	6	70.968	3	opt=-O4,p -opt nopeephole | inline=-inline smart | pool=-pragma "pool_data on" | str=-str reuse,readonly | fpc=-fp_contract on | lang=-lang=c | cc=GC/1.2.5 | misc=
28	358.045	87.036	4	96.338	3	94.583	9	80.089	12	opt=-O4,p -opt nolifetimes | inline=-inline smart | pool=-pragma "pool_data on" | str=-str reuse,readonly | fpc=-fp_contract on | lang=-lang=c | cc=GC/1.2.5 | misc=
27	317.144	62.993	4	96.022	2	85.833	10	72.296	11	opt=-O4,p | inline=-inline off | pool=-pragma "pool_data on" | str=-str reuse,readonly | fpc=-fp_contract on | lang=-lang=c | cc=GC/1.2.5 | misc=
29	360.860	87.041	4	97.991	3	94.927	10	80.901	12	opt=-O4,p | inline=-inline deferred | pool=-pragma "pool_data on" | str=-str reuse,readonly | fpc=-fp_contract on | lang=-lang=c | cc=GC/1.2.5 | misc=
33	387.356	97.828	6	97.991	3	95.857	11	95.680	13	opt=-O4,p | inline=-inline all | pool=-pragma "pool_data on" | str=-str reuse,readonly | fpc=-fp_contract on | lang=-lang=c | cc=GC/1.2.5 | misc=
33	385.125	95.597	6	97.991	3	95.857	11	95.680	13	opt=-O4,p | inline=-inline auto,deferred | pool= | str=-str reuse,readonly | fpc=-fp_contract on | lang=-lang=c | cc=GC/1.2.5 | misc=
33	387.285	97.833	6	97.991	3	95.781	11	95.680	13	opt=-O4,p | inline=-inline auto,deferred | pool=-pragma "pool_data on" | str=-str reuse,readonly | fpc=-fp_contract off | lang=-lang=c | cc=GC/1.2.5 | misc=
-1	-1.000	ERR	ERR	ERR	ERR	ERR	ERR	ERR	ERR	opt=-O4,p | inline=-inline auto,deferred | pool=-pragma "pool_data on" | str=-str reuse,readonly | fpc=-fp_contract on | lang=-lang=c++ | cc=GC/1.2.5 | misc=
28	380.012	97.014	4	97.456	3	92.008	10	93.533	11	opt=-O4,p | inline=-inline auto,deferred | pool=-pragma "pool_data on" | str=-str reuse,readonly | fpc=-fp_contract on | lang=-lang=c | cc=GC/1.2.5 | misc=-pragma "opt_common_subs off"
20	381.409	97.184	2	97.225	2	94.319	9	92.681	7	opt=-O4,p | inline=-inline auto,deferred | pool=-pragma "pool_data on" | str=-str reuse,readonly | fpc=-fp_contract on | lang=-lang=c | cc=GC/1.2.5 | misc=-pragma "opt_propagation off"
10	283.601	67.122	1	71.374	0	69.607	5	75.499	4	opt=-O4,p | inline=-inline auto,deferred | pool=-pragma "pool_data on" | str=-str reuse,readonly | fpc=-fp_contract on | lang=-lang=c | cc=GC/1.2.5 | misc=-pragma "scheduling off"
32	384.551	97.833	6	96.338	3	95.512	10	94.868	13	opt=-O4,p | inline=-inline auto,deferred | pool=-pragma "pool_data on" | str=-str reuse,readonly | fpc=-fp_contract on | lang=-lang=c | cc=GC/1.2.5 | misc=-pragma "opt_lifetimes off"
11	358.741	90.818	2	91.723	0	91.349	6	84.851	3	opt=-O4,p | inline=-inline auto,deferred | pool=-pragma "pool_data on" | str=-str reuse,readonly | fpc=-fp_contract on | lang=-lang=c | cc=GC/1.2.5 | misc=-pragma "peephole off"
10	235.360	53.034	1	63.540	0	61.616	5	57.171	4	opt=-O2,p | inline=-inline auto,deferred | pool=-pragma "pool_data on" | str=-str reuse,readonly | fpc=-fp_contract on | lang=-lang=c | cc=GC/1.2.5 | misc=
10	252.782	58.885	1	67.135	0	62.664	5	64.098	4	opt=-O3,s | inline=-inline auto,deferred | pool=-pragma "pool_data on" | str=-str reuse,readonly | fpc=-fp_contract on | lang=-lang=c | cc=GC/1.2.5 | misc=
10	283.488	67.139	1	71.402	0	69.359	5	75.587	4	opt=-O3,p | inline=-inline auto,deferred | pool=-pragma "pool_data on" | str=-str reuse,readonly | fpc=-fp_contract on | lang=-lang=c | cc=GC/1.2.5 | misc=
14	341.718	85.119	1	89.021	0	87.004	6	80.574	7	opt=-O4,s | inline=-inline auto,deferred | pool=-pragma "pool_data on" | str=-str reuse,readonly | fpc=-fp_contract on | lang=-lang=c | cc=GC/1.2.5 | misc=
28	380.012	97.014	4	97.456	3	92.008	10	93.533	11	opt=-O4,p -opt nocse | inline=-inline auto,deferred | pool=-pragma "pool_data on" | str=-str reuse,readonly | fpc=-fp_contract on | lang=-lang=c | cc=GC/1.2.5 | misc=
32	384.551	97.833	6	96.338	3	95.512	10	94.868	13	opt=-O4,p -opt nolifetimes | inline=-inline auto,deferred | pool=-pragma "pool_data on" | str=-str reuse,readonly | fpc=-fp_contract on | lang=-lang=c | cc=GC/1.2.5 | misc=
11	358.741	90.818	2	91.723	0	91.349	6	84.851	3	opt=-O4,p -opt nopeephole | inline=-inline auto,deferred | pool=-pragma "pool_data on" | str=-str reuse,readonly | fpc=-fp_contract on | lang=-lang=c | cc=GC/1.2.5 | misc=
20	381.409	97.184	2	97.225	2	94.319	9	92.681	7	opt=-O4,p -opt nopropagation | inline=-inline auto,deferred | pool=-pragma "pool_data on" | str=-str reuse,readonly | fpc=-fp_contract on | lang=-lang=c | cc=GC/1.2.5 | misc=
27	379.989	95.251	4	97.391	3	94.172	10	93.174	10	opt=-O4,p -opt noloop | inline=-inline auto,deferred | pool=-pragma "pool_data on" | str=-str reuse,readonly | fpc=-fp_contract on | lang=-lang=c | cc=GC/1.2.5 | misc=
10	283.601	67.122	1	71.374	0	69.607	5	75.499	4	opt=-O4,p -opt noschedule | inline=-inline auto,deferred | pool=-pragma "pool_data on" | str=-str reuse,readonly | fpc=-fp_contract on | lang=-lang=c | cc=GC/1.2.5 | misc=
-1	-1.000	ERR	ERR	ERR	ERR	ERR	ERR	ERR	ERR	opt=-O4,p | inline=-inline auto,deferred | pool=-pragma "pool_data on" | str=-str reuse,readonly | fpc=-fp_contract off | lang=-lang=c++ | cc=GC/1.3.2 | misc=
-1	-1.000	ERR	ERR	ERR	ERR	ERR	ERR	ERR	ERR	opt=-O3,p | inline=-inline auto,deferred | pool=-pragma "pool_data on" | str=-str reuse,readonly | fpc=-fp_contract off | lang=-lang=c++ | cc=GC/1.3.2 | misc=
-1	-1.000	ERR	ERR	ERR	ERR	ERR	ERR	ERR	ERR	opt=-O4,s | inline=-inline auto,deferred | pool=-pragma "pool_data on" | str=-str reuse,readonly | fpc=-fp_contract off | lang=-lang=c++ | cc=GC/1.3.2 | misc=
-1	-1.000	ERR	ERR	ERR	ERR	ERR	ERR	ERR	ERR	opt=-O4,p -opt noschedule | inline=-inline auto,deferred | pool=-pragma "pool_data on" | str=-str reuse,readonly | fpc=-fp_contract off | lang=-lang=c++ | cc=GC/1.3.2 | misc=
-1	-1.000	ERR	ERR	ERR	ERR	ERR	ERR	ERR	ERR	opt=-O3,s | inline=-inline auto,deferred | pool=-pragma "pool_data on" | str=-str reuse,readonly | fpc=-fp_contract off | lang=-lang=c++ | cc=GC/1.3.2 | misc=
-1	-1.000	ERR	ERR	ERR	ERR	ERR	ERR	ERR	ERR	opt=-O2,p | inline=-inline auto,deferred | pool=-pragma "pool_data on" | str=-str reuse,readonly | fpc=-fp_contract off | lang=-lang=c++ | cc=GC/1.3.2 | misc=
-1	-1.000	ERR	ERR	ERR	ERR	ERR	ERR	ERR	ERR	opt=-O4,p -opt nopeephole | inline=-inline auto,deferred | pool=-pragma "pool_data on" | str=-str reuse,readonly | fpc=-fp_contract off | lang=-lang=c++ | cc=GC/1.3.2 | misc=
-1	-1.000	ERR	ERR	ERR	ERR	ERR	ERR	ERR	ERR	opt=-O4,p -opt nopropagation | inline=-inline auto,deferred | pool=-pragma "pool_data on" | str=-str reuse,readonly | fpc=-fp_contract off | lang=-lang=c++ | cc=GC/1.3.2 | misc=
-1	-1.000	ERR	ERR	ERR	ERR	ERR	ERR	ERR	ERR	opt=-O4,p -opt nolifetimes | inline=-inline auto,deferred | pool=-pragma "pool_data on" | str=-str reuse,readonly | fpc=-fp_contract off | lang=-lang=c++ | cc=GC/1.3.2 | misc=
-1	-1.000	ERR	ERR	ERR	ERR	ERR	ERR	ERR	ERR	opt=-O4,p -opt nocse | inline=-inline auto,deferred | pool=-pragma "pool_data on" | str=-str reuse,readonly | fpc=-fp_contract off | lang=-lang=c++ | cc=GC/1.3.2 | misc=
-1	-1.000	ERR	ERR	ERR	ERR	ERR	ERR	ERR	ERR	opt=-O4,p -opt noloop | inline=-inline auto,deferred | pool=-pragma "pool_data on" | str=-str reuse,readonly | fpc=-fp_contract off | lang=-lang=c++ | cc=GC/1.3.2 | misc=
-1	-1.000	ERR	ERR	ERR	ERR	ERR	ERR	ERR	ERR	opt=-O4,s | inline=-inline auto | pool=-pragma "pool_data on" | str=-str reuse,readonly | fpc=-fp_contract off | lang=-lang=c++ | cc=GC/1.3.2 | misc=
-1	-1.000	ERR	ERR	ERR	ERR	ERR	ERR	ERR	ERR	opt=-O4,s | inline=-inline off | pool=-pragma "pool_data on" | str=-str reuse,readonly | fpc=-fp_contract off | lang=-lang=c++ | cc=GC/1.3.2 | misc=
-1	-1.000	ERR	ERR	ERR	ERR	ERR	ERR	ERR	ERR	opt=-O4,s | inline=-inline deferred | pool=-pragma "pool_data on" | str=-str reuse,readonly | fpc=-fp_contract off | lang=-lang=c++ | cc=GC/1.3.2 | misc=
-1	-1.000	ERR	ERR	ERR	ERR	ERR	ERR	ERR	ERR	opt=-O4,s | inline=-inline all | pool=-pragma "pool_data on" | str=-str reuse,readonly | fpc=-fp_contract off | lang=-lang=c++ | cc=GC/1.3.2 | misc=
-1	-1.000	ERR	ERR	ERR	ERR	ERR	ERR	ERR	ERR	opt=-O4,s | inline=-inline smart | pool=-pragma "pool_data on" | str=-str reuse,readonly | fpc=-fp_contract off | lang=-lang=c++ | cc=GC/1.3.2 | misc=
-1	-1.000	ERR	ERR	ERR	ERR	ERR	ERR	ERR	ERR	opt=-O4,s | inline=-inline auto,deferred | pool= | str=-str reuse,readonly | fpc=-fp_contract off | lang=-lang=c++ | cc=GC/1.3.2 | misc=
-1	-1.000	ERR	ERR	ERR	ERR	ERR	ERR	ERR	ERR	opt=-O4,s | inline=-inline auto,deferred | pool=-pragma "pool_data on" | str=-str readonly | fpc=-fp_contract off | lang=-lang=c++ | cc=GC/1.3.2 | misc=
-1	-1.000	ERR	ERR	ERR	ERR	ERR	ERR	ERR	ERR	opt=-O4,s | inline=-inline auto,deferred | pool=-pragma "pool_data on" | str=-str reuse | fpc=-fp_contract off | lang=-lang=c++ | cc=GC/1.3.2 | misc=
-1	-1.000	ERR	ERR	ERR	ERR	ERR	ERR	ERR	ERR	opt=-O4,s | inline=-inline auto,deferred | pool=-pragma "pool_data on" | str=-str noreuse | fpc=-fp_contract off | lang=-lang=c++ | cc=GC/1.3.2 | misc=
-1	-1.000	ERR	ERR	ERR	ERR	ERR	ERR	ERR	ERR	opt=-O4,s | inline=-inline auto,deferred | pool=-pragma "pool_data on" | str=-str reuse,readonly | fpc=-fp_contract on | lang=-lang=c++ | cc=GC/1.3.2 | misc=
14	341.643	85.119	1	89.021	0	86.928	6	80.574	7	opt=-O4,s | inline=-inline auto,deferred | pool=-pragma "pool_data on" | str=-str reuse,readonly | fpc=-fp_contract off | lang=-lang=c | cc=GC/1.3.2 | misc=
14	341.643	85.119	1	89.021	0	86.928	6	80.574	7	opt=-O4,s | inline=-inline auto,deferred | pool=-pragma "pool_data on" | str=-str reuse,readonly | fpc=-fp_contract off | lang=-lang=c | cc=GC/1.2.5 | misc=
14	341.643	85.119	1	89.021	0	86.928	6	80.574	7	opt=-O4,s | inline=-inline auto,deferred | pool=-pragma "pool_data on" | str=-str reuse,readonly | fpc=-fp_contract off | lang=-lang=c | cc=GC/2.5 | misc=
14	341.643	85.119	1	89.021	0	86.928	6	80.574	7	opt=-O4,s | inline=-inline auto,deferred | pool=-pragma "pool_data on" | str=-str reuse,readonly | fpc=-fp_contract off | lang=-lang=c | cc=GC/3.0a3 | misc=
14	341.643	85.119	1	89.021	0	86.928	6	80.574	7	opt=-O4,s | inline=-inline auto,deferred | pool=-pragma "pool_data on" | str=-str reuse,readonly | fpc=-fp_contract off | lang=-lang=c | cc=GC/1.1 | misc=
14	341.643	85.119	1	89.021	0	86.928	6	80.574	7	opt=-O4,s | inline=-inline auto,deferred | pool=-pragma "pool_data on" | str=-str reuse,readonly | fpc=-fp_contract off | lang=-lang=c | cc=GC/3.0a5 | misc=
14	341.426	84.948	1	88.920	0	86.983	6	80.574	7	opt=-O4,s | inline=-inline auto,deferred | pool=-pragma "pool_data on" | str=-str reuse,readonly | fpc=-fp_contract off | lang=-lang=c | cc=GC/1.3.2 | misc=-pragma "opt_propagation off"
14	336.192	84.449	1	88.443	0	84.842	6	78.458	7	opt=-O4,s | inline=-inline auto,deferred | pool=-pragma "pool_data on" | str=-str reuse,readonly | fpc=-fp_contract off | lang=-lang=c | cc=GC/1.3.2 | misc=-pragma "opt_common_subs off"
10	252.443	58.990	1	66.763	0	62.592	5	64.098	4	opt=-O4,s | inline=-inline auto,deferred | pool=-pragma "pool_data on" | str=-str reuse,readonly | fpc=-fp_contract off | lang=-lang=c | cc=GC/1.3.2 | misc=-pragma "scheduling off"
14	341.434	84.948	1	88.983	0	86.928	6	80.574	7	opt=-O4,s | inline=-inline auto,deferred | pool=-pragma "pool_data on" | str=-str reuse,readonly | fpc=-fp_contract off | lang=-lang=c | cc=GC/1.3.2 | misc=-pragma "opt_dead_assignments off"
14	340.066	85.119	1	87.613	0	86.849	6	80.485	7	opt=-O4,s | inline=-inline auto,deferred | pool=-pragma "pool_data on" | str=-str reuse,readonly | fpc=-fp_contract off | lang=-lang=c | cc=GC/1.3.2 | misc=-pragma "opt_lifetimes off"
10	322.811	81.383	1	84.223	0	83.176	6	74.029	3	opt=-O4,s | inline=-inline auto,deferred | pool=-pragma "pool_data on" | str=-str reuse,readonly | fpc=-fp_contract off | lang=-lang=c | cc=GC/1.3.2 | misc=-pragma "peephole off"
10	235.288	53.034	1	63.540	0	61.543	5	57.171	4	opt=-O2,p | inline=-inline auto,deferred | pool=-pragma "pool_data on" | str=-str reuse,readonly | fpc=-fp_contract off | lang=-lang=c | cc=GC/1.3.2 | misc=
10	252.710	58.885	1	67.135	0	62.592	5	64.098	4	opt=-O3,s | inline=-inline auto,deferred | pool=-pragma "pool_data on" | str=-str reuse,readonly | fpc=-fp_contract off | lang=-lang=c | cc=GC/1.3.2 | misc=
10	283.419	67.139	1	71.402	0	69.290	5	75.587	4	opt=-O3,p | inline=-inline auto,deferred | pool=-pragma "pool_data on" | str=-str reuse,readonly | fpc=-fp_contract off | lang=-lang=c | cc=GC/1.3.2 | misc=
33	387.285	97.833	6	97.991	3	95.781	11	95.680	13	opt=-O4,p | inline=-inline auto,deferred | pool=-pragma "pool_data on" | str=-str reuse,readonly | fpc=-fp_contract off | lang=-lang=c | cc=GC/1.3.2 | misc=
28	379.946	97.014	4	97.456	3	91.943	10	93.533	11	opt=-O4,p -opt nocse | inline=-inline auto,deferred | pool=-pragma "pool_data on" | str=-str reuse,readonly | fpc=-fp_contract off | lang=-lang=c | cc=GC/1.3.2 | misc=
20	381.334	97.184	2	97.225	2	94.243	9	92.681	7	opt=-O4,p -opt nopropagation | inline=-inline auto,deferred | pool=-pragma "pool_data on" | str=-str reuse,readonly | fpc=-fp_contract off | lang=-lang=c | cc=GC/1.3.2 | misc=
10	283.533	67.122	1	71.374	0	69.539	5	75.499	4	opt=-O4,p -opt noschedule | inline=-inline auto,deferred | pool=-pragma "pool_data on" | str=-str reuse,readonly | fpc=-fp_contract off | lang=-lang=c | cc=GC/1.3.2 | misc=
32	384.476	97.833	6	96.338	3	95.437	10	94.868	13	opt=-O4,p -opt nolifetimes | inline=-inline auto,deferred | pool=-pragma "pool_data on" | str=-str reuse,readonly | fpc=-fp_contract off | lang=-lang=c | cc=GC/1.3.2 | misc=
27	379.913	95.251	4	97.391	3	94.096	10	93.174	10	opt=-O4,p -opt noloop | inline=-inline auto,deferred | pool=-pragma "pool_data on" | str=-str reuse,readonly | fpc=-fp_contract off | lang=-lang=c | cc=GC/1.3.2 | misc=
11	358.666	90.818	2	91.723	0	91.273	6	84.851	3	opt=-O4,p -opt nopeephole | inline=-inline auto,deferred | pool=-pragma "pool_data on" | str=-str reuse,readonly | fpc=-fp_contract off | lang=-lang=c | cc=GC/1.3.2 | misc=
27	317.068	62.993	4	96.022	2	85.757	10	72.296	11	opt=-O4,p | inline=-inline off | pool=-pragma "pool_data on" | str=-str reuse,readonly | fpc=-fp_contract off | lang=-lang=c | cc=GC/1.3.2 | misc=
29	360.779	87.036	4	97.991	3	94.851	10	80.901	12	opt=-O4,p | inline=-inline smart | pool=-pragma "pool_data on" | str=-str reuse,readonly | fpc=-fp_contract off | lang=-lang=c | cc=GC/1.3.2 | misc=
29	360.784	87.041	4	97.991	3	94.851	10	80.901	12	opt=-O4,p | inline=-inline deferred | pool=-pragma "pool_data on" | str=-str reuse,readonly | fpc=-fp_contract off | lang=-lang=c | cc=GC/1.3.2 | misc=
33	387.280	97.828	6	97.991	3	95.781	11	95.680	13	opt=-O4,p | inline=-inline all | pool=-pragma "pool_data on" | str=-str reuse,readonly | fpc=-fp_contract off | lang=-lang=c | cc=GC/1.3.2 | misc=
33	385.049	95.597	6	97.991	3	95.781	11	95.680	13	opt=-O4,p | inline=-inline auto,deferred | pool= | str=-str reuse,readonly | fpc=-fp_contract off | lang=-lang=c | cc=GC/1.3.2 | misc=
33	387.280	97.828	6	97.991	3	95.781	11	95.680	13	opt=-O4,p | inline=-inline auto,deferred | pool=-pragma "pool_data on" | str=-str reuse | fpc=-fp_contract off | lang=-lang=c | cc=GC/1.3.2 | misc=
-1	-1.000	ERR	ERR	ERR	ERR	ERR	ERR	ERR	ERR	opt=-O4,p | inline=-inline auto,deferred | pool=-pragma "pool_data on" | str=-str reuse,readonly | fpc=-fp_contract on | lang=-lang=c++ | cc=GC/1.3.2 | misc=
28	380.012	97.014	4	97.456	3	92.008	10	93.533	11	opt=-O4,p | inline=-inline auto,deferred | pool=-pragma "pool_data on" | str=-str reuse,readonly | fpc=-fp_contract on | lang=-lang=c | cc=GC/1.3.2 | misc=-pragma "opt_common_subs off"
10	283.601	67.122	1	71.374	0	69.607	5	75.499	4	opt=-O4,p | inline=-inline auto,deferred | pool=-pragma "pool_data on" | str=-str reuse,readonly | fpc=-fp_contract on | lang=-lang=c | cc=GC/1.3.2 | misc=-pragma "scheduling off"
11	358.741	90.818	2	91.723	0	91.349	6	84.851	3	opt=-O4,p | inline=-inline auto,deferred | pool=-pragma "pool_data on" | str=-str reuse,readonly | fpc=-fp_contract on | lang=-lang=c | cc=GC/1.3.2 | misc=-pragma "peephole off"
32	384.551	97.833	6	96.338	3	95.512	10	94.868	13	opt=-O4,p | inline=-inline auto,deferred | pool=-pragma "pool_data on" | str=-str reuse,readonly | fpc=-fp_contract on | lang=-lang=c | cc=GC/1.3.2 | misc=-pragma "opt_lifetimes off"
10	235.360	53.034	1	63.540	0	61.616	5	57.171	4	opt=-O2,p | inline=-inline auto,deferred | pool=-pragma "pool_data on" | str=-str reuse,readonly | fpc=-fp_contract on | lang=-lang=c | cc=GC/1.3.2 | misc=
10	252.782	58.885	1	67.135	0	62.664	5	64.098	4	opt=-O3,s | inline=-inline auto,deferred | pool=-pragma "pool_data on" | str=-str reuse,readonly | fpc=-fp_contract on | lang=-lang=c | cc=GC/1.3.2 | misc=
10	283.488	67.139	1	71.402	0	69.359	5	75.587	4	opt=-O3,p | inline=-inline auto,deferred | pool=-pragma "pool_data on" | str=-str reuse,readonly | fpc=-fp_contract on | lang=-lang=c | cc=GC/1.3.2 | misc=
14	341.718	85.119	1	89.021	0	87.004	6	80.574	7	opt=-O4,s | inline=-inline auto,deferred | pool=-pragma "pool_data on" | str=-str reuse,readonly | fpc=-fp_contract on | lang=-lang=c | cc=GC/1.3.2 | misc=
10	283.601	67.122	1	71.374	0	69.607	5	75.499	4	opt=-O4,p -opt noschedule | inline=-inline auto,deferred | pool=-pragma "pool_data on" | str=-str reuse,readonly | fpc=-fp_contract on | lang=-lang=c | cc=GC/1.3.2 | misc=
28	380.012	97.014	4	97.456	3	92.008	10	93.533	11	opt=-O4,p -opt nocse | inline=-inline auto,deferred | pool=-pragma "pool_data on" | str=-str reuse,readonly | fpc=-fp_contract on | lang=-lang=c | cc=GC/1.3.2 | misc=
32	384.551	97.833	6	96.338	3	95.512	10	94.868	13	opt=-O4,p -opt nolifetimes | inline=-inline auto,deferred | pool=-pragma "pool_data on" | str=-str reuse,readonly | fpc=-fp_contract on | lang=-lang=c | cc=GC/1.3.2 | misc=
11	358.741	90.818	2	91.723	0	91.349	6	84.851	3	opt=-O4,p -opt nopeephole | inline=-inline auto,deferred | pool=-pragma "pool_data on" | str=-str reuse,readonly | fpc=-fp_contract on | lang=-lang=c | cc=GC/1.3.2 | misc=
20	381.409	97.184	2	97.225	2	94.319	9	92.681	7	opt=-O4,p -opt nopropagation | inline=-inline auto,deferred | pool=-pragma "pool_data on" | str=-str reuse,readonly | fpc=-fp_contract on | lang=-lang=c | cc=GC/1.3.2 | misc=
27	379.989	95.251	4	97.391	3	94.172	10	93.174	10	opt=-O4,p -opt noloop | inline=-inline auto,deferred | pool=-pragma "pool_data on" | str=-str reuse,readonly | fpc=-fp_contract on | lang=-lang=c | cc=GC/1.3.2 | misc=
29	360.854	87.036	4	97.991	3	94.927	10	80.901	12	opt=-O4,p | inline=-inline smart | pool=-pragma "pool_data on" | str=-str reuse,readonly | fpc=-fp_contract on | lang=-lang=c | cc=GC/1.3.2 | misc=
27	317.144	62.993	4	96.022	2	85.833	10	72.296	11	opt=-O4,p | inline=-inline off | pool=-pragma "pool_data on" | str=-str reuse,readonly | fpc=-fp_contract on | lang=-lang=c | cc=GC/1.3.2 | misc=
29	360.860	87.041	4	97.991	3	94.927	10	80.901	12	opt=-O4,p | inline=-inline deferred | pool=-pragma "pool_data on" | str=-str reuse,readonly | fpc=-fp_contract on | lang=-lang=c | cc=GC/1.3.2 | misc=
33	387.356	97.828	6	97.991	3	95.857	11	95.680	13	opt=-O4,p | inline=-inline all | pool=-pragma "pool_data on" | str=-str reuse,readonly | fpc=-fp_contract on | lang=-lang=c | cc=GC/1.3.2 | misc=
33	385.125	95.597	6	97.991	3	95.857	11	95.680	13	opt=-O4,p | inline=-inline auto,deferred | pool= | str=-str reuse,readonly | fpc=-fp_contract on | lang=-lang=c | cc=GC/1.3.2 | misc=
10	221.195	46.510	1	63.540	0	61.616	5	49.530	4	opt=-O2,p | inline=-inline smart | pool= | str=-str noreuse | fpc=-fp_contract on | lang=-lang=c | cc=GC/1.1 | misc=-pragma "scheduling off"
10	235.730	50.716	1	67.135	0	62.041	5	55.838	4	opt=-O3,s | inline=-inline smart | pool= | str=-str noreuse | fpc=-fp_contract on | lang=-lang=c | cc=GC/1.1 | misc=-pragma "scheduling off"
10	263.848	58.885	1	71.402	0	68.439	5	65.121	4	opt=-O3,p | inline=-inline smart | pool= | str=-str noreuse | fpc=-fp_contract on | lang=-lang=c | cc=GC/1.1 | misc=-pragma "scheduling off"
10	258.875	58.949	1	70.925	0	65.714	5	63.287	4	opt=-O4,p -opt nocse | inline=-inline smart | pool= | str=-str noreuse | fpc=-fp_contract on | lang=-lang=c | cc=GC/1.1 | misc=-pragma "scheduling off"
8	252.738	58.173	1	69.294	0	66.301	5	58.969	2	opt=-O4,p -opt nopeephole | inline=-inline smart | pool= | str=-str noreuse | fpc=-fp_contract on | lang=-lang=c | cc=GC/1.1 | misc=-pragma "scheduling off"
10	235.463	50.821	1	66.763	0	62.041	5	55.838	4	opt=-O4,s | inline=-inline smart | pool= | str=-str noreuse | fpc=-fp_contract on | lang=-lang=c | cc=GC/1.1 | misc=-pragma "scheduling off"
10	259.874	58.320	1	70.857	0	67.860	5	62.837	4	opt=-O4,p -opt noloop | inline=-inline smart | pool= | str=-str noreuse | fpc=-fp_contract on | lang=-lang=c | cc=GC/1.1 | misc=-pragma "scheduling off"
10	263.962	58.867	1	71.374	0	68.688	5	65.033	4	opt=-O4,p | inline=-inline smart | pool= | str=-str noreuse | fpc=-fp_contract on | lang=-lang=c | cc=GC/1.1 | misc=-pragma "scheduling off"
10	263.962	58.867	1	71.374	0	68.688	5	65.033	4	opt=-O4,p -opt noschedule | inline=-inline smart | pool= | str=-str noreuse | fpc=-fp_contract on | lang=-lang=c | cc=GC/1.1 | misc=-pragma "scheduling off"
10	262.391	58.863	1	71.395	0	68.173	5	63.960	4	opt=-O4,p -opt nopropagation | inline=-inline smart | pool= | str=-str noreuse | fpc=-fp_contract on | lang=-lang=c | cc=GC/1.1 | misc=-pragma "scheduling off"
10	261.863	58.867	1	69.974	0	68.275	5	64.747	4	opt=-O4,p -opt nolifetimes | inline=-inline smart | pool= | str=-str noreuse | fpc=-fp_contract on | lang=-lang=c | cc=GC/1.1 | misc=-pragma "scheduling off"
10	282.981	66.501	1	71.374	0	69.607	5	75.499	4	opt=-O4,p | inline=-inline auto | pool= | str=-str noreuse | fpc=-fp_contract on | lang=-lang=c | cc=GC/1.1 | misc=-pragma "scheduling off"
10	236.282	44.135	1	70.176	0	63.753	5	58.218	4	opt=-O4,p | inline=-inline off | pool= | str=-str noreuse | fpc=-fp_contract on | lang=-lang=c | cc=GC/1.1 | misc=-pragma "scheduling off"
10	282.981	66.501	1	71.374	0	69.607	5	75.499	4	opt=-O4,p | inline=-inline auto,deferred | pool= | str=-str noreuse | fpc=-fp_contract on | lang=-lang=c | cc=GC/1.1 | misc=-pragma "scheduling off"
10	263.962	58.867	1	71.374	0	68.688	5	65.033	4	opt=-O4,p | inline=-inline deferred | pool= | str=-str noreuse | fpc=-fp_contract on | lang=-lang=c | cc=GC/1.1 | misc=-pragma "scheduling off"
10	282.981	66.501	1	71.374	0	69.607	5	75.499	4	opt=-O4,p | inline=-inline all | pool= | str=-str noreuse | fpc=-fp_contract on | lang=-lang=c | cc=GC/1.1 | misc=-pragma "scheduling off"
10	283.601	67.122	1	71.374	0	69.607	5	75.499	4	opt=-O4,p | inline=-inline auto | pool=-pragma "pool_data on" | str=-str reuse,readonly | fpc=-fp_contract on | lang=-lang=c | cc=GC/1.1 | misc=-pragma "scheduling off"
10	283.533	67.122	1	71.374	0	69.539	5	75.499	4	opt=-O4,p | inline=-inline auto | pool=-pragma "pool_data on" | str=-str noreuse | fpc=-fp_contract off | lang=-lang=c | cc=GC/1.1 | misc=-pragma "scheduling off"
-1	-1.000	ERR	ERR	ERR	ERR	ERR	ERR	ERR	ERR	opt=-O4,p | inline=-inline auto | pool=-pragma "pool_data on" | str=-str noreuse | fpc=-fp_contract on | lang=-lang=c++ | cc=GC/1.1 | misc=-pragma "scheduling off"
-1	-1.000	ERR	ERR	ERR	ERR	ERR	ERR	ERR	ERR	opt=-O4,p | inline=-inline smart | pool= | str=-str noreuse | fpc=-fp_contract on | lang=-lang=c++ | cc=GC/2.5 | misc=-pragma "opt_common_subs off"
-1	-1.000	ERR	ERR	ERR	ERR	ERR	ERR	ERR	ERR	opt=-O4,s | inline=-inline smart | pool= | str=-str noreuse | fpc=-fp_contract on | lang=-lang=c++ | cc=GC/2.5 | misc=-pragma "opt_common_subs off"
-1	-1.000	ERR	ERR	ERR	ERR	ERR	ERR	ERR	ERR	opt=-O2,p | inline=-inline smart | pool= | str=-str noreuse | fpc=-fp_contract on | lang=-lang=c++ | cc=GC/2.5 | misc=-pragma "opt_common_subs off"
-1	-1.000	ERR	ERR	ERR	ERR	ERR	ERR	ERR	ERR	opt=-O3,p | inline=-inline smart | pool= | str=-str noreuse | fpc=-fp_contract on | lang=-lang=c++ | cc=GC/2.5 | misc=-pragma "opt_common_subs off"
-1	-1.000	ERR	ERR	ERR	ERR	ERR	ERR	ERR	ERR	opt=-O4,p -opt nolifetimes | inline=-inline smart | pool= | str=-str noreuse | fpc=-fp_contract on | lang=-lang=c++ | cc=GC/2.5 | misc=-pragma "opt_common_subs off"
-1	-1.000	ERR	ERR	ERR	ERR	ERR	ERR	ERR	ERR	opt=-O4,p -opt noloop | inline=-inline smart | pool= | str=-str noreuse | fpc=-fp_contract on | lang=-lang=c++ | cc=GC/2.5 | misc=-pragma "opt_common_subs off"
-1	-1.000	ERR	ERR	ERR	ERR	ERR	ERR	ERR	ERR	opt=-O4,p -opt nocse | inline=-inline smart | pool= | str=-str noreuse | fpc=-fp_contract on | lang=-lang=c++ | cc=GC/2.5 | misc=-pragma "opt_common_subs off"
-1	-1.000	ERR	ERR	ERR	ERR	ERR	ERR	ERR	ERR	opt=-O3,s | inline=-inline smart | pool= | str=-str noreuse | fpc=-fp_contract on | lang=-lang=c++ | cc=GC/2.5 | misc=-pragma "opt_common_subs off"
-1	-1.000	ERR	ERR	ERR	ERR	ERR	ERR	ERR	ERR	opt=-O4,p -opt nopeephole | inline=-inline smart | pool= | str=-str noreuse | fpc=-fp_contract on | lang=-lang=c++ | cc=GC/2.5 | misc=-pragma "opt_common_subs off"
-1	-1.000	ERR	ERR	ERR	ERR	ERR	ERR	ERR	ERR	opt=-O4,p -opt noschedule | inline=-inline smart | pool= | str=-str noreuse | fpc=-fp_contract on | lang=-lang=c++ | cc=GC/2.5 | misc=-pragma "opt_common_subs off"
-1	-1.000	ERR	ERR	ERR	ERR	ERR	ERR	ERR	ERR	opt=-O4,p -opt nopropagation | inline=-inline smart | pool= | str=-str noreuse | fpc=-fp_contract on | lang=-lang=c++ | cc=GC/2.5 | misc=-pragma "opt_common_subs off"
-1	-1.000	ERR	ERR	ERR	ERR	ERR	ERR	ERR	ERR	opt=-O4,p -opt nopeephole | inline=-inline auto | pool= | str=-str noreuse | fpc=-fp_contract on | lang=-lang=c++ | cc=GC/2.5 | misc=-pragma "opt_common_subs off"
-1	-1.000	ERR	ERR	ERR	ERR	ERR	ERR	ERR	ERR	opt=-O4,p -opt nopeephole | inline=-inline auto,deferred | pool= | str=-str noreuse | fpc=-fp_contract on | lang=-lang=c++ | cc=GC/2.5 | misc=-pragma "opt_common_subs off"
-1	-1.000	ERR	ERR	ERR	ERR	ERR	ERR	ERR	ERR	opt=-O4,p -opt nopeephole | inline=-inline off | pool= | str=-str noreuse | fpc=-fp_contract on | lang=-lang=c++ | cc=GC/2.5 | misc=-pragma "opt_common_subs off"
-1	-1.000	ERR	ERR	ERR	ERR	ERR	ERR	ERR	ERR	opt=-O4,p -opt nopeephole | inline=-inline all | pool= | str=-str noreuse | fpc=-fp_contract on | lang=-lang=c++ | cc=GC/2.5 | misc=-pragma "opt_common_subs off"
-1	-1.000	ERR	ERR	ERR	ERR	ERR	ERR	ERR	ERR	opt=-O4,p -opt nopeephole | inline=-inline deferred | pool= | str=-str noreuse | fpc=-fp_contract on | lang=-lang=c++ | cc=GC/2.5 | misc=-pragma "opt_common_subs off"
-1	-1.000	ERR	ERR	ERR	ERR	ERR	ERR	ERR	ERR	opt=-O4,p -opt nopeephole | inline=-inline smart | pool=-pragma "pool_data on" | str=-str noreuse | fpc=-fp_contract on | lang=-lang=c++ | cc=GC/2.5 | misc=-pragma "opt_common_subs off"
-1	-1.000	ERR	ERR	ERR	ERR	ERR	ERR	ERR	ERR	opt=-O4,p -opt nopeephole | inline=-inline smart | pool= | str=-str reuse | fpc=-fp_contract on | lang=-lang=c++ | cc=GC/2.5 | misc=-pragma "opt_common_subs off"
-1	-1.000	ERR	ERR	ERR	ERR	ERR	ERR	ERR	ERR	opt=-O4,p -opt nopeephole | inline=-inline smart | pool= | str=-str reuse,readonly | fpc=-fp_contract on | lang=-lang=c++ | cc=GC/2.5 | misc=-pragma "opt_common_subs off"
-1	-1.000	ERR	ERR	ERR	ERR	ERR	ERR	ERR	ERR	opt=-O4,p -opt nopeephole | inline=-inline smart | pool= | str=-str readonly | fpc=-fp_contract on | lang=-lang=c++ | cc=GC/2.5 | misc=-pragma "opt_common_subs off"
-1	-1.000	ERR	ERR	ERR	ERR	ERR	ERR	ERR	ERR	opt=-O4,p -opt nopeephole | inline=-inline smart | pool= | str=-str noreuse | fpc=-fp_contract off | lang=-lang=c++ | cc=GC/2.5 | misc=-pragma "opt_common_subs off"
11	327.084	79.893	2	91.187	0	86.999	6	69.005	3	opt=-O4,p -opt nopeephole | inline=-inline smart | pool= | str=-str noreuse | fpc=-fp_contract on | lang=-lang=c | cc=GC/2.5 | misc=-pragma "opt_common_subs off"
11	327.084	79.893	2	91.187	0	86.999	6	69.005	3	opt=-O4,p -opt nopeephole | inline=-inline smart | pool= | str=-str noreuse | fpc=-fp_contract on | lang=-lang=c | cc=GC/1.3.2 | misc=-pragma "opt_common_subs off"
11	327.084	79.893	2	91.187	0	86.999	6	69.005	3	opt=-O4,p -opt nopeephole | inline=-inline smart | pool= | str=-str noreuse | fpc=-fp_contract on | lang=-lang=c | cc=GC/1.1 | misc=-pragma "opt_common_subs off"
11	327.084	79.893	2	91.187	0	86.999	6	69.005	3	opt=-O4,p -opt nopeephole | inline=-inline smart | pool= | str=-str noreuse | fpc=-fp_contract on | lang=-lang=c | cc=GC/3.0a3 | misc=-pragma "opt_common_subs off"
11	327.084	79.893	2	91.187	0	86.999	6	69.005	3	opt=-O4,p -opt nopeephole | inline=-inline smart | pool= | str=-str noreuse | fpc=-fp_contract on | lang=-lang=c | cc=GC/3.0a5 | misc=-pragma "opt_common_subs off"
11	327.084	79.893	2	91.187	0	86.999	6	69.005	3	opt=-O4,p -opt nopeephole | inline=-inline smart | pool= | str=-str noreuse | fpc=-fp_contract on | lang=-lang=c | cc=GC/1.2.5 | misc=-pragma "opt_common_subs off"
8	252.738	58.173	1	69.294	0	66.301	5	58.969	2	opt=-O4,p -opt nopeephole | inline=-inline smart | pool= | str=-str noreuse | fpc=-fp_contract on | lang=-lang=c | cc=GC/2.5 | misc=-pragma "scheduling off"
10	329.860	79.613	1	91.370	0	89.491	6	69.385	3	opt=-O4,p -opt nopeephole | inline=-inline smart | pool= | str=-str noreuse | fpc=-fp_contract on | lang=-lang=c | cc=GC/2.5 | misc=-pragma "opt_propagation off"
11	333.205	80.085	2	91.723	0	90.430	6	70.968	3	opt=-O4,p -opt nopeephole | inline=-inline smart | pool= | str=-str noreuse | fpc=-fp_contract on | lang=-lang=c | cc=GC/2.5 | misc=
11	333.232	80.119	2	91.715	0	90.430	6	70.968	3	opt=-O4,p -opt nopeephole | inline=-inline smart | pool= | str=-str noreuse | fpc=-fp_contract on | lang=-lang=c | cc=GC/2.5 | misc=-pragma "opt_dead_assignments off"
11	333.205	80.085	2	91.723	0	90.430	6	70.968	3	opt=-O4,p -opt nopeephole | inline=-inline smart | pool= | str=-str noreuse | fpc=-fp_contract on | lang=-lang=c | cc=GC/2.5 | misc=-pragma "peephole off"
11	331.117	80.085	2	90.320	0	90.113	6	70.600	3	opt=-O4,p -opt nopeephole | inline=-inline smart | pool= | str=-str noreuse | fpc=-fp_contract on | lang=-lang=c | cc=GC/2.5 | misc=-pragma "opt_lifetimes off"
10	221.195	46.510	1	63.540	0	61.616	5	49.530	4	opt=-O2,p | inline=-inline smart | pool= | str=-str noreuse | fpc=-fp_contract on | lang=-lang=c | cc=GC/2.5 | misc=-pragma "opt_dead_assignments off"
10	235.872	50.858	1	67.135	0	62.041	5	55.838	4	opt=-O3,s | inline=-inline smart | pool= | str=-str noreuse | fpc=-fp_contract on | lang=-lang=c | cc=GC/2.5 | misc=-pragma "opt_dead_assignments off"
14	317.777	74.108	1	88.983	0	86.374	6	68.312	7	opt=-O4,s | inline=-inline smart | pool= | str=-str noreuse | fpc=-fp_contract on | lang=-lang=c | cc=GC/2.5 | misc=-pragma "opt_dead_assignments off"
10	263.990	59.027	1	71.402	0	68.439	5	65.121	4	opt=-O3,p | inline=-inline smart | pool= | str=-str noreuse | fpc=-fp_contract on | lang=-lang=c | cc=GC/2.5 | misc=-pragma "opt_dead_assignments off"
19	354.635	85.324	2	97.225	2	93.389	8	78.698	7	opt=-O4,p -opt nopropagation | inline=-inline smart | pool= | str=-str noreuse | fpc=-fp_contract on | lang=-lang=c | cc=GC/2.5 | misc=-pragma "opt_dead_assignments off"
26	352.785	85.495	3	97.449	3	91.079	9	78.763	11	opt=-O4,p -opt nocse | inline=-inline smart | pool= | str=-str noreuse | fpc=-fp_contract on | lang=-lang=c | cc=GC/2.5 | misc=-pragma "opt_dead_assignments off"
10	264.171	59.014	1	71.436	0	68.688	5	65.033	4	opt=-O4,p -opt noschedule | inline=-inline smart | pool= | str=-str noreuse | fpc=-fp_contract on | lang=-lang=c | cc=GC/2.5 | misc=-pragma "opt_dead_assignments off"
28	356.569	85.556	4	96.342	3	94.583	9	80.089	12	opt=-O4,p -opt nolifetimes | inline=-inline smart | pool= | str=-str noreuse | fpc=-fp_contract on | lang=-lang=c | cc=GC/2.5 | misc=-pragma "opt_dead_assignments off"
25	353.912	84.518	3	97.353	3	93.663	10	78.378	9	opt=-O4,p -opt noloop | inline=-inline smart | pool= | str=-str noreuse | fpc=-fp_contract on | lang=-lang=c | cc=GC/2.5 | misc=-pragma "opt_dead_assignments off"
33	387.147	97.657	6	97.953	3	95.857	11	95.680	13	opt=-O4,p | inline=-inline auto | pool=-pragma "pool_data on" | str=-str noreuse | fpc=-fp_contract on | lang=-lang=c | cc=GC/2.5 | misc=-pragma "opt_dead_assignments off"
33	387.147	97.657	6	97.953	3	95.857	11	95.680	13	opt=-O4,p | inline=-inline auto | pool=-pragma "pool_data on" | str=-str reuse,readonly | fpc=-fp_contract on | lang=-lang=c | cc=GC/2.5 | misc=-pragma "opt_dead_assignments off"
33	387.071	97.657	6	97.953	3	95.781	11	95.680	13	opt=-O4,p | inline=-inline auto | pool=-pragma "pool_data on" | str=-str noreuse | fpc=-fp_contract off | lang=-lang=c | cc=GC/2.5 | misc=-pragma "opt_dead_assignments off"
-1	-1.000	ERR	ERR	ERR	ERR	ERR	ERR	ERR	ERR	opt=-O4,p | inline=-inline auto | pool=-pragma "pool_data on" | str=-str noreuse | fpc=-fp_contract on | lang=-lang=c++ | cc=GC/2.5 | misc=-pragma "opt_dead_assignments off"
28	380.006	97.008	4	97.456	3	92.008	10	93.533	11	opt=-O4,p | inline=-inline auto | pool=-pragma "pool_data on" | str=-str noreuse | fpc=-fp_contract on | lang=-lang=c | cc=GC/2.5 | misc=-pragma "opt_common_subs off"
20	381.404	97.179	2	97.225	2	94.319	9	92.681	7	opt=-O4,p | inline=-inline auto | pool=-pragma "pool_data on" | str=-str noreuse | fpc=-fp_contract on | lang=-lang=c | cc=GC/2.5 | misc=-pragma "opt_propagation off"
10	235.360	53.034	1	63.540	0	61.616	5	57.171	4	opt=-O2,p | inline=-inline auto | pool=-pragma "pool_data on" | str=-str noreuse | fpc=-fp_contract on | lang=-lang=c | cc=GC/2.5 | misc=
10	252.782	58.885	1	67.135	0	62.664	5	64.098	4	opt=-O3,s | inline=-inline auto | pool=-pragma "pool_data on" | str=-str noreuse | fpc=-fp_contract on | lang=-lang=c | cc=GC/2.5 | misc=
10	283.488	67.139	1	71.402	0	69.359	5	75.587	4	opt=-O3,p | inline=-inline auto | pool=-pragma "pool_data on" | str=-str noreuse | fpc=-fp_contract on | lang=-lang=c | cc=GC/2.5 | misc=
14	341.713	85.113	1	89.021	0	87.004	6	80.574	7	opt=-O4,s | inline=-inline auto | pool=-pragma "pool_data on" | str=-str noreuse | fpc=-fp_contract on | lang=-lang=c | cc=GC/2.5 | misc=
28	380.006	97.008	4	97.456	3	92.008	10	93.533	11	opt=-O4,p -opt nocse | inline=-inline auto | pool=-pragma "pool_data on" | str=-str noreuse | fpc=-fp_contract on | lang=-lang=c | cc=GC/2.5 | misc=
20	381.404	97.179	2	97.225	2	94.319	9	92.681	7	opt=-O4,p -opt nopropagation | inline=-inline auto | pool=-pragma "pool_data on" | str=-str noreuse | fpc=-fp_contract on | lang=-lang=c | cc=GC/2.5 | misc=
11	358.736	90.813	2	91.723	0	91.349	6	84.851	3	opt=-O4,p -opt nopeephole | inline=-inline auto | pool=-pragma "pool_data on" | str=-str noreuse | fpc=-fp_contract on | lang=-lang=c | cc=GC/2.5 | misc=
32	384.546	97.828	6	96.338	3	95.512	10	94.868	13	opt=-O4,p -opt nolifetimes | inline=-inline auto | pool=-pragma "pool_data on" | str=-str noreuse | fpc=-fp_contract on | lang=-lang=c | cc=GC/2.5 | misc=
10	283.601	67.122	1	71.374	0	69.607	5	75.499	4	opt=-O4,p -opt noschedule | inline=-inline auto | pool=-pragma "pool_data on" | str=-str noreuse | fpc=-fp_contract on | lang=-lang=c | cc=GC/2.5 | misc=
27	379.983	95.246	4	97.391	3	94.172	10	93.174	10	opt=-O4,p -opt noloop | inline=-inline auto | pool=-pragma "pool_data on" | str=-str noreuse | fpc=-fp_contract on | lang=-lang=c | cc=GC/2.5 | misc=
29	360.854	87.036	4	97.991	3	94.927	10	80.901	12	opt=-O4,p | inline=-inline smart | pool=-pragma "pool_data on" | str=-str noreuse | fpc=-fp_contract on | lang=-lang=c | cc=GC/2.5 | misc=
27	317.144	62.993	4	96.022	2	85.833	10	72.296	11	opt=-O4,p | inline=-inline off | pool=-pragma "pool_data on" | str=-str noreuse | fpc=-fp_contract on | lang=-lang=c | cc=GC/2.5 | misc=
29	360.854	87.036	4	97.991	3	94.927	10	80.901	12	opt=-O4,p | inline=-inline deferred | pool=-pragma "pool_data on" | str=-str noreuse | fpc=-fp_contract on | lang=-lang=c | cc=GC/2.5 | misc=
33	385.125	95.597	6	97.991	3	95.857	11	95.680	13	opt=-O4,p | inline=-inline auto | pool= | str=-str noreuse | fpc=-fp_contract on | lang=-lang=c | cc=GC/2.5 | misc=
33	387.280	97.828	6	97.991	3	95.781	11	95.680	13	opt=-O4,p | inline=-inline auto | pool=-pragma "pool_data on" | str=-str noreuse | fpc=-fp_contract off | lang=-lang=c | cc=GC/2.5 | misc=
-1	-1.000	ERR	ERR	ERR	ERR	ERR	ERR	ERR	ERR	opt=-O4,p | inline=-inline auto | pool=-pragma "pool_data on" | str=-str noreuse | fpc=-fp_contract on | lang=-lang=c++ | cc=GC/2.5 | misc=
-1	-1.000	ERR	ERR	ERR	ERR	ERR	ERR	ERR	ERR	opt=-O4,p | inline=-inline auto,deferred | pool=-pragma "pool_data on" | str=-str reuse | fpc=-fp_contract off | lang=-lang=c++ | cc=GC/1.2.5 | misc=
-1	-1.000	ERR	ERR	ERR	ERR	ERR	ERR	ERR	ERR	opt=-O4,p -opt nopropagation | inline=-inline auto,deferred | pool=-pragma "pool_data on" | str=-str reuse | fpc=-fp_contract off | lang=-lang=c++ | cc=GC/1.2.5 | misc=
-1	-1.000	ERR	ERR	ERR	ERR	ERR	ERR	ERR	ERR	opt=-O4,p -opt noschedule | inline=-inline auto,deferred | pool=-pragma "pool_data on" | str=-str reuse | fpc=-fp_contract off | lang=-lang=c++ | cc=GC/1.2.5 | misc=
-1	-1.000	ERR	ERR	ERR	ERR	ERR	ERR	ERR	ERR	opt=-O3,s | inline=-inline auto,deferred | pool=-pragma "pool_data on" | str=-str reuse | fpc=-fp_contract off | lang=-lang=c++ | cc=GC/1.2.5 | misc=
-1	-1.000	ERR	ERR	ERR	ERR	ERR	ERR	ERR	ERR	opt=-O4,p -opt nopeephole | inline=-inline auto,deferred | pool=-pragma "pool_data on" | str=-str reuse | fpc=-fp_contract off | lang=-lang=c++ | cc=GC/1.2.5 | misc=
-1	-1.000	ERR	ERR	ERR	ERR	ERR	ERR	ERR	ERR	opt=-O4,p -opt nocse | inline=-inline auto,deferred | pool=-pragma "pool_data on" | str=-str reuse | fpc=-fp_contract off | lang=-lang=c++ | cc=GC/1.2.5 | misc=
-1	-1.000	ERR	ERR	ERR	ERR	ERR	ERR	ERR	ERR	opt=-O3,p | inline=-inline auto,deferred | pool=-pragma "pool_data on" | str=-str reuse | fpc=-fp_contract off | lang=-lang=c++ | cc=GC/1.2.5 | misc=
-1	-1.000	ERR	ERR	ERR	ERR	ERR	ERR	ERR	ERR	opt=-O4,p -opt noloop | inline=-inline auto,deferred | pool=-pragma "pool_data on" | str=-str reuse | fpc=-fp_contract off | lang=-lang=c++ | cc=GC/1.2.5 | misc=
-1	-1.000	ERR	ERR	ERR	ERR	ERR	ERR	ERR	ERR	opt=-O4,s | inline=-inline auto,deferred | pool=-pragma "pool_data on" | str=-str reuse | fpc=-fp_contract off | lang=-lang=c++ | cc=GC/1.2.5 | misc=
-1	-1.000	ERR	ERR	ERR	ERR	ERR	ERR	ERR	ERR	opt=-O4,p -opt nolifetimes | inline=-inline auto,deferred | pool=-pragma "pool_data on" | str=-str reuse | fpc=-fp_contract off | lang=-lang=c++ | cc=GC/1.2.5 | misc=
-1	-1.000	ERR	ERR	ERR	ERR	ERR	ERR	ERR	ERR	opt=-O2,p | inline=-inline auto,deferred | pool=-pragma "pool_data on" | str=-str reuse | fpc=-fp_contract off | lang=-lang=c++ | cc=GC/1.2.5 | misc=
-1	-1.000	ERR	ERR	ERR	ERR	ERR	ERR	ERR	ERR	opt=-O4,p -opt noschedule | inline=-inline auto | pool=-pragma "pool_data on" | str=-str reuse | fpc=-fp_contract off | lang=-lang=c++ | cc=GC/1.2.5 | misc=
-1	-1.000	ERR	ERR	ERR	ERR	ERR	ERR	ERR	ERR	opt=-O4,p -opt noschedule | inline=-inline deferred | pool=-pragma "pool_data on" | str=-str reuse | fpc=-fp_contract off | lang=-lang=c++ | cc=GC/1.2.5 | misc=
-1	-1.000	ERR	ERR	ERR	ERR	ERR	ERR	ERR	ERR	opt=-O4,p -opt noschedule | inline=-inline smart | pool=-pragma "pool_data on" | str=-str reuse | fpc=-fp_contract off | lang=-lang=c++ | cc=GC/1.2.5 | misc=
-1	-1.000	ERR	ERR	ERR	ERR	ERR	ERR	ERR	ERR	opt=-O4,p -opt noschedule | inline=-inline off | pool=-pragma "pool_data on" | str=-str reuse | fpc=-fp_contract off | lang=-lang=c++ | cc=GC/1.2.5 | misc=
-1	-1.000	ERR	ERR	ERR	ERR	ERR	ERR	ERR	ERR	opt=-O4,p -opt noschedule | inline=-inline all | pool=-pragma "pool_data on" | str=-str reuse | fpc=-fp_contract off | lang=-lang=c++ | cc=GC/1.2.5 | misc=
-1	-1.000	ERR	ERR	ERR	ERR	ERR	ERR	ERR	ERR	opt=-O4,p -opt noschedule | inline=-inline auto,deferred | pool= | str=-str reuse | fpc=-fp_contract off | lang=-lang=c++ | cc=GC/1.2.5 | misc=
-1	-1.000	ERR	ERR	ERR	ERR	ERR	ERR	ERR	ERR	opt=-O4,p -opt noschedule | inline=-inline auto,deferred | pool=-pragma "pool_data on" | str=-str reuse,readonly | fpc=-fp_contract off | lang=-lang=c++ | cc=GC/1.2.5 | misc=
-1	-1.000	ERR	ERR	ERR	ERR	ERR	ERR	ERR	ERR	opt=-O4,p -opt noschedule | inline=-inline auto,deferred | pool=-pragma "pool_data on" | str=-str noreuse | fpc=-fp_contract off | lang=-lang=c++ | cc=GC/1.2.5 | misc=
-1	-1.000	ERR	ERR	ERR	ERR	ERR	ERR	ERR	ERR	opt=-O4,p -opt noschedule | inline=-inline auto,deferred | pool=-pragma "pool_data on" | str=-str readonly | fpc=-fp_contract off | lang=-lang=c++ | cc=GC/1.2.5 | misc=
-1	-1.000	ERR	ERR	ERR	ERR	ERR	ERR	ERR	ERR	opt=-O4,p -opt noschedule | inline=-inline auto,deferred | pool=-pragma "pool_data on" | str=-str reuse | fpc=-fp_contract on | lang=-lang=c++ | cc=GC/1.2.5 | misc=
10	283.533	67.122	1	71.374	0	69.539	5	75.499	4	opt=-O4,p -opt noschedule | inline=-inline auto,deferred | pool=-pragma "pool_data on" | str=-str reuse | fpc=-fp_contract off | lang=-lang=c | cc=GC/1.2.5 | misc=
10	283.533	67.122	1	71.374	0	69.539	5	75.499	4	opt=-O4,p -opt noschedule | inline=-inline auto,deferred | pool=-pragma "pool_data on" | str=-str reuse | fpc=-fp_contract off | lang=-lang=c | cc=GC/2.5 | misc=
10	283.533	67.122	1	71.374	0	69.539	5	75.499	4	opt=-O4,p -opt noschedule | inline=-inline auto,deferred | pool=-pragma "pool_data on" | str=-str reuse | fpc=-fp_contract off | lang=-lang=c | cc=GC/3.0a5 | misc=
10	283.533	67.122	1	71.374	0	69.539	5	75.499	4	opt=-O4,p -opt noschedule | inline=-inline auto,deferred | pool=-pragma "pool_data on" | str=-str reuse | fpc=-fp_contract off | lang=-lang=c | cc=GC/1.3.2 | misc=
10	283.533	67.122	1	71.374	0	69.539	5	75.499	4	opt=-O4,p -opt noschedule | inline=-inline auto,deferred | pool=-pragma "pool_data on" | str=-str reuse | fpc=-fp_contract off | lang=-lang=c | cc=GC/3.0a3 | misc=
10	283.533	67.122	1	71.374	0	69.539	5	75.499	4	opt=-O4,p -opt noschedule | inline=-inline auto,deferred | pool=-pragma "pool_data on" | str=-str reuse | fpc=-fp_contract off | lang=-lang=c | cc=GC/1.1 | misc=
10	281.153	66.503	1	71.395	0	69.116	5	74.139	4	opt=-O4,p -opt noschedule | inline=-inline auto,deferred | pool=-pragma "pool_data on" | str=-str reuse | fpc=-fp_contract off | lang=-lang=c | cc=GC/1.2.5 | misc=-pragma "opt_propagation off"
10	278.217	66.876	1	70.925	0	66.654	5	73.763	4	opt=-O4,p -opt noschedule | inline=-inline auto,deferred | pool=-pragma "pool_data on" | str=-str reuse | fpc=-fp_contract off | lang=-lang=c | cc=GC/1.2.5 | misc=-pragma "opt_common_subs off"
8	272.102	66.434	1	69.294	0	67.154	5	69.219	2	opt=-O4,p -opt noschedule | inline=-inline auto,deferred | pool=-pragma "pool_data on" | str=-str reuse | fpc=-fp_contract off | lang=-lang=c | cc=GC/1.2.5 | misc=-pragma "peephole off"
10	283.533	67.122	1	71.374	0	69.539	5	75.499	4	opt=-O4,p -opt noschedule | inline=-inline auto,deferred | pool=-pragma "pool_data on" | str=-str reuse | fpc=-fp_contract off | lang=-lang=c | cc=GC/1.2.5 | misc=-pragma "scheduling off"
10	281.434	67.122	1	69.974	0	69.125	5	75.212	4	opt=-O4,p -opt noschedule | inline=-inline auto,deferred | pool=-pragma "pool_data on" | str=-str reuse | fpc=-fp_contract off | lang=-lang=c | cc=GC/1.2.5 | misc=-pragma "opt_lifetimes off"
10	283.781	67.268	1	71.436	0	69.539	5	75.538	4	opt=-O4,p -opt noschedule | inline=-inline auto,deferred | pool=-pragma "pool_data on" | str=-str reuse | fpc=-fp_contract off | lang=-lang=c | cc=GC/1.2.5 | misc=-pragma "opt_dead_assignments off"
10	235.288	53.034	1	63.540	0	61.543	5	57.171	4	opt=-O2,p | inline=-inline auto,deferred | pool=-pragma "pool_data on" | str=-str reuse | fpc=-fp_contract off | lang=-lang=c | cc=GC/1.2.5 | misc=-pragma "opt_dead_assignments off"
10	252.891	59.027	1	67.135	0	62.592	5	64.137	4	opt=-O3,s | inline=-inline auto,deferred | pool=-pragma "pool_data on" | str=-str reuse | fpc=-fp_contract off | lang=-lang=c | cc=GC/1.2.5 | misc=-pragma "opt_dead_assignments off"
10	283.600	67.281	1	71.402	0	69.290	5	75.626	4	opt=-O3,p | inline=-inline auto,deferred | pool=-pragma "pool_data on" | str=-str reuse | fpc=-fp_contract off | lang=-lang=c | cc=GC/1.2.5 | misc=-pragma "opt_dead_assignments off"
20	381.328	97.179	2	97.225	2	94.243	9	92.681	7	opt=-O4,p -opt nopropagation | inline=-inline auto,deferred | pool=-pragma "pool_data on" | str=-str reuse | fpc=-fp_contract off | lang=-lang=c | cc=GC/1.2.5 | misc=-pragma "opt_dead_assignments off"
33	387.071	97.657	6	97.953	3	95.781	11	95.680	13	opt=-O4,p | inline=-inline auto,deferred | pool=-pragma "pool_data on" | str=-str reuse | fpc=-fp_contract off | lang=-lang=c | cc=GC/1.2.5 | misc=-pragma "opt_dead_assignments off"
14	341.429	84.943	1	88.983	0	86.928	6	80.574	7	opt=-O4,s | inline=-inline auto,deferred | pool=-pragma "pool_data on" | str=-str reuse | fpc=-fp_contract off | lang=-lang=c | cc=GC/1.2.5 | misc=-pragma "opt_dead_assignments off"
28	379.893	96.967	4	97.449	3	91.943	10	93.533	11	opt=-O4,p -opt nocse | inline=-inline auto,deferred | pool=-pragma "pool_data on" | str=-str reuse | fpc=-fp_contract off | lang=-lang=c | cc=GC/1.2.5 | misc=-pragma "opt_dead_assignments off"
32	384.303	97.657	6	96.342	3	95.437	10	94.868	13	opt=-O4,p -opt nolifetimes | inline=-inline auto,deferred | pool=-pragma "pool_data on" | str=-str reuse | fpc=-fp_contract off | lang=-lang=c | cc=GC/1.2.5 | misc=-pragma "opt_dead_assignments off"
27	379.699	95.075	4	97.353	3	94.096	10	93.174	10	opt=-O4,p -opt noloop | inline=-inline auto,deferred | pool=-pragma "pool_data on" | str=-str reuse | fpc=-fp_contract off | lang=-lang=c | cc=GC/1.2.5 | misc=-pragma "opt_dead_assignments off"
11	358.687	90.847	2	91.715	0	91.273	6	84.851	3	opt=-O4,p -opt nopeephole | inline=-inline auto,deferred | pool=-pragma "pool_data on" | str=-str reuse | fpc=-fp_contract off | lang=-lang=c | cc=GC/1.2.5 | misc=-pragma "opt_dead_assignments off"
29	360.570	86.865	4	97.953	3	94.851	10	80.901	12	opt=-O4,p | inline=-inline deferred | pool=-pragma "pool_data on" | str=-str reuse | fpc=-fp_contract off | lang=-lang=c | cc=GC/1.2.5 | misc=-pragma "opt_dead_assignments off"
27	317.065	63.027	4	95.985	2	85.757	10	72.296	11	opt=-O4,p | inline=-inline off | pool=-pragma "pool_data on" | str=-str reuse | fpc=-fp_contract off | lang=-lang=c | cc=GC/1.2.5 | misc=-pragma "opt_dead_assignments off"
29	360.570	86.865	4	97.953	3	94.851	10	80.901	12	opt=-O4,p | inline=-inline smart | pool=-pragma "pool_data on" | str=-str reuse | fpc=-fp_contract off | lang=-lang=c | cc=GC/1.2.5 | misc=-pragma "opt_dead_assignments off"
33	387.071	97.657	6	97.953	3	95.781	11	95.680	13	opt=-O4,p | inline=-inline all | pool=-pragma "pool_data on" | str=-str reuse | fpc=-fp_contract off | lang=-lang=c | cc=GC/1.2.5 | misc=-pragma "opt_dead_assignments off"
33	387.071	97.657	6	97.953	3	95.781	11	95.680	13	opt=-O4,p | inline=-inline auto | pool=-pragma "pool_data on" | str=-str reuse | fpc=-fp_contract off | lang=-lang=c | cc=GC/1.2.5 | misc=-pragma "opt_dead_assignments off"
33	384.840	95.426	6	97.953	3	95.781	11	95.680	13	opt=-O4,p | inline=-inline auto,deferred | pool= | str=-str reuse | fpc=-fp_contract off | lang=-lang=c | cc=GC/1.2.5 | misc=-pragma "opt_dead_assignments off"
33	387.077	97.663	6	97.953	3	95.781	11	95.680	13	opt=-O4,p | inline=-inline auto,deferred | pool=-pragma "pool_data on" | str=-str reuse,readonly | fpc=-fp_contract off | lang=-lang=c | cc=GC/1.2.5 | misc=-pragma "opt_dead_assignments off"
33	387.077	97.663	6	97.953	3	95.781	11	95.680	13	opt=-O4,p | inline=-inline auto,deferred | pool=-pragma "pool_data on" | str=-str readonly | fpc=-fp_contract off | lang=-lang=c | cc=GC/1.2.5 | misc=-pragma "opt_dead_assignments off"
33	387.071	97.657	6	97.953	3	95.781	11	95.680	13	opt=-O4,p | inline=-inline auto,deferred | pool=-pragma "pool_data on" | str=-str noreuse | fpc=-fp_contract off | lang=-lang=c | cc=GC/1.2.5 | misc=-pragma "opt_dead_assignments off"
-1	-1.000	ERR	ERR	ERR	ERR	ERR	ERR	ERR	ERR	opt=-O4,p | inline=-inline auto,deferred | pool=-pragma "pool_data on" | str=-str reuse,readonly | fpc=-fp_contract on | lang=-lang=c++ | cc=GC/1.2.5 | misc=-pragma "opt_dead_assignments off"
-1	-1.000	ERR	ERR	ERR	ERR	ERR	ERR	ERR	ERR	opt=-O4,p | inline=-inline auto | pool=-pragma "pool_data on" | str=-str reuse,readonly | fpc=-fp_contract off | lang=-lang=c++ | cc=GC/1.3.2 | misc=-pragma "opt_propagation off"
-1	-1.000	ERR	ERR	ERR	ERR	ERR	ERR	ERR	ERR	opt=-O4,s | inline=-inline auto | pool=-pragma "pool_data on" | str=-str reuse,readonly | fpc=-fp_contract off | lang=-lang=c++ | cc=GC/1.3.2 | misc=-pragma "opt_propagation off"
-1	-1.000	ERR	ERR	ERR	ERR	ERR	ERR	ERR	ERR	opt=-O3,p | inline=-inline auto | pool=-pragma "pool_data on" | str=-str reuse,readonly | fpc=-fp_contract off | lang=-lang=c++ | cc=GC/1.3.2 | misc=-pragma "opt_propagation off"
-1	-1.000	ERR	ERR	ERR	ERR	ERR	ERR	ERR	ERR	opt=-O3,s | inline=-inline auto | pool=-pragma "pool_data on" | str=-str reuse,readonly | fpc=-fp_contract off | lang=-lang=c++ | cc=GC/1.3.2 | misc=-pragma "opt_propagation off"
-1	-1.000	ERR	ERR	ERR	ERR	ERR	ERR	ERR	ERR	opt=-O2,p | inline=-inline auto | pool=-pragma "pool_data on" | str=-str reuse,readonly | fpc=-fp_contract off | lang=-lang=c++ | cc=GC/1.3.2 | misc=-pragma "opt_propagation off"
-1	-1.000	ERR	ERR	ERR	ERR	ERR	ERR	ERR	ERR	opt=-O4,p -opt noschedule | inline=-inline auto | pool=-pragma "pool_data on" | str=-str reuse,readonly | fpc=-fp_contract off | lang=-lang=c++ | cc=GC/1.3.2 | misc=-pragma "opt_propagation off"
-1	-1.000	ERR	ERR	ERR	ERR	ERR	ERR	ERR	ERR	opt=-O4,p -opt nopeephole | inline=-inline auto | pool=-pragma "pool_data on" | str=-str reuse,readonly | fpc=-fp_contract off | lang=-lang=c++ | cc=GC/1.3.2 | misc=-pragma "opt_propagation off"
-1	-1.000	ERR	ERR	ERR	ERR	ERR	ERR	ERR	ERR	opt=-O4,p -opt nocse | inline=-inline auto | pool=-pragma "pool_data on" | str=-str reuse,readonly | fpc=-fp_contract off | lang=-lang=c++ | cc=GC/1.3.2 | misc=-pragma "opt_propagation off"
-1	-1.000	ERR	ERR	ERR	ERR	ERR	ERR	ERR	ERR	opt=-O4,p -opt nolifetimes | inline=-inline auto | pool=-pragma "pool_data on" | str=-str reuse,readonly | fpc=-fp_contract off | lang=-lang=c++ | cc=GC/1.3.2 | misc=-pragma "opt_propagation off"
-1	-1.000	ERR	ERR	ERR	ERR	ERR	ERR	ERR	ERR	opt=-O4,p -opt noloop | inline=-inline auto | pool=-pragma "pool_data on" | str=-str reuse,readonly | fpc=-fp_contract off | lang=-lang=c++ | cc=GC/1.3.2 | misc=-pragma "opt_propagation off"
-1	-1.000	ERR	ERR	ERR	ERR	ERR	ERR	ERR	ERR	opt=-O4,p -opt nopropagation | inline=-inline auto | pool=-pragma "pool_data on" | str=-str reuse,readonly | fpc=-fp_contract off | lang=-lang=c++ | cc=GC/1.3.2 | misc=-pragma "opt_propagation off"
-1	-1.000	ERR	ERR	ERR	ERR	ERR	ERR	ERR	ERR	opt=-O3,p | inline=-inline smart | pool=-pragma "pool_data on" | str=-str reuse,readonly | fpc=-fp_contract off | lang=-lang=c++ | cc=GC/1.3.2 | misc=-pragma "opt_propagation off"
-1	-1.000	ERR	ERR	ERR	ERR	ERR	ERR	ERR	ERR	opt=-O3,p | inline=-inline deferred | pool=-pragma "pool_data on" | str=-str reuse,readonly | fpc=-fp_contract off | lang=-lang=c++ | cc=GC/1.3.2 | misc=-pragma "opt_propagation off"
-1	-1.000	ERR	ERR	ERR	ERR	ERR	ERR	ERR	ERR	opt=-O3,p | inline=-inline off | pool=-pragma "pool_data on" | str=-str reuse,readonly | fpc=-fp_contract off | lang=-lang=c++ | cc=GC/1.3.2 | misc=-pragma "opt_propagation off"
-1	-1.000	ERR	ERR	ERR	ERR	ERR	ERR	ERR	ERR	opt=-O3,p | inline=-inline auto,deferred | pool=-pragma "pool_data on" | str=-str reuse,readonly | fpc=-fp_contract off | lang=-lang=c++ | cc=GC/1.3.2 | misc=-pragma "opt_propagation off"
-1	-1.000	ERR	ERR	ERR	ERR	ERR	ERR	ERR	ERR	opt=-O3,p | inline=-inline all | pool=-pragma "pool_data on" | str=-str reuse,readonly | fpc=-fp_contract off | lang=-lang=c++ | cc=GC/1.3.2 | misc=-pragma "opt_propagation off"
-1	-1.000	ERR	ERR	ERR	ERR	ERR	ERR	ERR	ERR	opt=-O3,p | inline=-inline auto | pool= | str=-str reuse,readonly | fpc=-fp_contract off | lang=-lang=c++ | cc=GC/1.3.2 | misc=-pragma "opt_propagation off"
-1	-1.000	ERR	ERR	ERR	ERR	ERR	ERR	ERR	ERR	opt=-O3,p | inline=-inline auto | pool=-pragma "pool_data on" | str=-str reuse | fpc=-fp_contract off | lang=-lang=c++ | cc=GC/1.3.2 | misc=-pragma "opt_propagation off"
-1	-1.000	ERR	ERR	ERR	ERR	ERR	ERR	ERR	ERR	opt=-O3,p | inline=-inline auto | pool=-pragma "pool_data on" | str=-str readonly | fpc=-fp_contract off | lang=-lang=c++ | cc=GC/1.3.2 | misc=-pragma "opt_propagation off"
-1	-1.000	ERR	ERR	ERR	ERR	ERR	ERR	ERR	ERR	opt=-O3,p | inline=-inline auto | pool=-pragma "pool_data on" | str=-str noreuse | fpc=-fp_contract off | lang=-lang=c++ | cc=GC/1.3.2 | misc=-pragma "opt_propagation off"
-1	-1.000	ERR	ERR	ERR	ERR	ERR	ERR	ERR	ERR	opt=-O3,p | inline=-inline auto | pool=-pragma "pool_data on" | str=-str reuse,readonly | fpc=-fp_contract on | lang=-lang=c++ | cc=GC/1.3.2 | misc=-pragma "opt_propagation off"
10	281.208	66.393	1	71.330	0	69.116	5	74.368	4	opt=-O3,p | inline=-inline auto | pool=-pragma "pool_data on" | str=-str reuse,readonly | fpc=-fp_contract off | lang=-lang=c | cc=GC/1.3.2 | misc=-pragma "opt_propagation off"
10	281.208	66.393	1	71.330	0	69.116	5	74.368	4	opt=-O3,p | inline=-inline auto | pool=-pragma "pool_data on" | str=-str reuse,readonly | fpc=-fp_contract off | lang=-lang=c | cc=GC/2.5 | misc=-pragma "opt_propagation off"
10	281.208	66.393	1	71.330	0	69.116	5	74.368	4	opt=-O3,p | inline=-inline auto | pool=-pragma "pool_data on" | str=-str reuse,readonly | fpc=-fp_contract off | lang=-lang=c | cc=GC/3.0a3 | misc=-pragma "opt_propagation off"
10	281.208	66.393	1	71.330	0	69.116	5	74.368	4	opt=-O3,p | inline=-inline auto | pool=-pragma "pool_data on" | str=-str reuse,readonly | fpc=-fp_contract off | lang=-lang=c | cc=GC/1.1 | misc=-pragma "opt_propagation off"
10	281.208	66.393	1	71.330	0	69.116	5	74.368	4	opt=-O3,p | inline=-inline auto | pool=-pragma "pool_data on" | str=-str reuse,readonly | fpc=-fp_contract off | lang=-lang=c | cc=GC/3.0a5 | misc=-pragma "opt_propagation off"
10	281.208	66.393	1	71.330	0	69.116	5	74.368	4	opt=-O3,p | inline=-inline auto | pool=-pragma "pool_data on" | str=-str reuse,readonly | fpc=-fp_contract off | lang=-lang=c | cc=GC/1.2.5 | misc=-pragma "opt_propagation off"
10	283.419	67.139	1	71.402	0	69.290	5	75.587	4	opt=-O3,p | inline=-inline auto | pool=-pragma "pool_data on" | str=-str reuse,readonly | fpc=-fp_contract off | lang=-lang=c | cc=GC/1.3.2 | misc=-pragma "scheduling off"
10	278.390	66.770	1	71.053	0	66.842	5	73.725	4	opt=-O3,p | inline=-inline auto | pool=-pragma "pool_data on" | str=-str reuse,readonly | fpc=-fp_contract off | lang=-lang=c | cc=GC/1.3.2 | misc=-pragma "opt_common_subs off"
10	283.419	67.139	1	71.402	0	69.290	5	75.587	4	opt=-O3,p | inline=-inline auto | pool=-pragma "pool_data on" | str=-str reuse,readonly | fpc=-fp_contract off | lang=-lang=c | cc=GC/1.3.2 | misc=
10	282.249	67.139	1	70.799	0	69.021	5	75.290	4	opt=-O3,p | inline=-inline auto | pool=-pragma "pool_data on" | str=-str reuse,readonly | fpc=-fp_contract off | lang=-lang=c | cc=GC/1.3.2 | misc=-pragma "opt_lifetimes off"
10	283.600	67.281	1	71.402	0	69.290	5	75.626	4	opt=-O3,p | inline=-inline auto | pool=-pragma "pool_data on" | str=-str reuse,readonly | fpc=-fp_contract off | lang=-lang=c | cc=GC/1.3.2 | misc=-pragma "opt_dead_assignments off"
8	271.893	66.243	1	69.202	0	67.089	5	69.359	2	opt=-O3,p | inline=-inline auto | pool=-pragma "pool_data on" | str=-str reuse,readonly | fpc=-fp_contract off | lang=-lang=c | cc=GC/1.3.2 | misc=-pragma "peephole off"
10	252.891	59.027	1	67.135	0	62.592	5	64.137	4	opt=-O3,s | inline=-inline auto | pool=-pragma "pool_data on" | str=-str reuse,readonly | fpc=-fp_contract off | lang=-lang=c | cc=GC/1.3.2 | misc=-pragma "opt_dead_assignments off"
33	387.071	97.657	6	97.953	3	95.781	11	95.680	13	opt=-O4,p | inline=-inline auto | pool=-pragma "pool_data on" | str=-str reuse,readonly | fpc=-fp_contract off | lang=-lang=c | cc=GC/1.3.2 | misc=-pragma "opt_dead_assignments off"
10	235.288	53.034	1	63.540	0	61.543	5	57.171	4	opt=-O2,p | inline=-inline auto | pool=-pragma "pool_data on" | str=-str reuse,readonly | fpc=-fp_contract off | lang=-lang=c | cc=GC/1.3.2 | misc=-pragma "opt_dead_assignments off"
14	341.429	84.943	1	88.983	0	86.928	6	80.574	7	opt=-O4,s | inline=-inline auto | pool=-pragma "pool_data on" | str=-str reuse,readonly | fpc=-fp_contract off | lang=-lang=c | cc=GC/1.3.2 | misc=-pragma "opt_dead_assignments off"
11	358.687	90.847	2	91.715	0	91.273	6	84.851	3	opt=-O4,p -opt nopeephole | inline=-inline auto | pool=-pragma "pool_data on" | str=-str reuse,readonly | fpc=-fp_contract off | lang=-lang=c | cc=GC/1.3.2 | misc=-pragma "opt_dead_assignments off"
28	379.893	96.967	4	97.449	3	91.943	10	93.533	11	opt=-O4,p -opt nocse | inline=-inline auto | pool=-pragma "pool_data on" | str=-str reuse,readonly | fpc=-fp_contract off | lang=-lang=c | cc=GC/1.3.2 | misc=-pragma "opt_dead_assignments off"
27	379.699	95.075	4	97.353	3	94.096	10	93.174	10	opt=-O4,p -opt noloop | inline=-inline auto | pool=-pragma "pool_data on" | str=-str reuse,readonly | fpc=-fp_contract off | lang=-lang=c | cc=GC/1.3.2 | misc=-pragma "opt_dead_assignments off"
20	381.328	97.179	2	97.225	2	94.243	9	92.681	7	opt=-O4,p -opt nopropagation | inline=-inline auto | pool=-pragma "pool_data on" | str=-str reuse,readonly | fpc=-fp_contract off | lang=-lang=c | cc=GC/1.3.2 | misc=-pragma "opt_dead_assignments off"
32	384.303	97.657	6	96.342	3	95.437	10	94.868	13	opt=-O4,p -opt nolifetimes | inline=-inline auto | pool=-pragma "pool_data on" | str=-str reuse,readonly | fpc=-fp_contract off | lang=-lang=c | cc=GC/1.3.2 | misc=-pragma "opt_dead_assignments off"
10	283.781	67.268	1	71.436	0	69.539	5	75.538	4	opt=-O4,p -opt noschedule | inline=-inline auto | pool=-pragma "pool_data on" | str=-str reuse,readonly | fpc=-fp_contract off | lang=-lang=c | cc=GC/1.3.2 | misc=-pragma "opt_dead_assignments off"
29	360.576	86.870	4	97.953	3	94.851	10	80.901	12	opt=-O4,p | inline=-inline deferred | pool=-pragma "pool_data on" | str=-str reuse,readonly | fpc=-fp_contract off | lang=-lang=c | cc=GC/1.3.2 | misc=-pragma "opt_dead_assignments off"
33	387.077	97.663	6	97.953	3	95.781	11	95.680	13	opt=-O4,p | inline=-inline auto,deferred | pool=-pragma "pool_data on" | str=-str reuse,readonly | fpc=-fp_contract off | lang=-lang=c | cc=GC/1.3.2 | misc=-pragma "opt_dead_assignments off"
29	360.570	86.865	4	97.953	3	94.851	10	80.901	12	opt=-O4,p | inline=-inline smart | pool=-pragma "pool_data on" | str=-str reuse,readonly | fpc=-fp_contract off | lang=-lang=c | cc=GC/1.3.2 | misc=-pragma "opt_dead_assignments off"
33	387.071	97.657	6	97.953	3	95.781	11	95.680	13	opt=-O4,p | inline=-inline all | pool=-pragma "pool_data on" | str=-str reuse,readonly | fpc=-fp_contract off | lang=-lang=c | cc=GC/1.3.2 | misc=-pragma "opt_dead_assignments off"
27	317.065	63.027	4	95.985	2	85.757	10	72.296	11	opt=-O4,p | inline=-inline off | pool=-pragma "pool_data on" | str=-str reuse,readonly | fpc=-fp_contract off | lang=-lang=c | cc=GC/1.3.2 | misc=-pragma "opt_dead_assignments off"
33	384.840	95.426	6	97.953	3	95.781	11	95.680	13	opt=-O4,p | inline=-inline auto,deferred | pool= | str=-str reuse,readonly | fpc=-fp_contract off | lang=-lang=c | cc=GC/1.3.2 | misc=-pragma "opt_dead_assignments off"
33	387.071	97.657	6	97.953	3	95.781	11	95.680	13	opt=-O4,p | inline=-inline auto,deferred | pool=-pragma "pool_data on" | str=-str reuse | fpc=-fp_contract off | lang=-lang=c | cc=GC/1.3.2 | misc=-pragma "opt_dead_assignments off"
33	387.077	97.663	6	97.953	3	95.781	11	95.680	13	opt=-O4,p | inline=-inline auto,deferred | pool=-pragma "pool_data on" | str=-str readonly | fpc=-fp_contract off | lang=-lang=c | cc=GC/1.3.2 | misc=-pragma "opt_dead_assignments off"
33	387.071	97.657	6	97.953	3	95.781	11	95.680	13	opt=-O4,p | inline=-inline auto,deferred | pool=-pragma "pool_data on" | str=-str noreuse | fpc=-fp_contract off | lang=-lang=c | cc=GC/1.3.2 | misc=-pragma "opt_dead_assignments off"
-1	-1.000	ERR	ERR	ERR	ERR	ERR	ERR	ERR	ERR	opt=-O4,p | inline=-inline auto,deferred | pool=-pragma "pool_data on" | str=-str reuse,readonly | fpc=-fp_contract on | lang=-lang=c++ | cc=GC/1.3.2 | misc=-pragma "opt_dead_assignments off"
26	354.077	86.844	3	97.456	3	91.013	9	78.763	11	opt=-O4,p | inline=-inline smart | pool=-pragma "pool_data on" | str=-str readonly | fpc=-fp_contract off | lang=-lang=c | cc=GC/2.5 | misc=-pragma "opt_common_subs off"
10	232.515	51.348	1	66.763	0	60.517	5	53.887	4	opt=-O3,s | inline=-inline smart | pool=-pragma "pool_data on" | str=-str readonly | fpc=-fp_contract off | lang=-lang=c | cc=GC/2.5 | misc=-pragma "opt_common_subs off"
10	219.557	47.333	1	62.804	0	61.002	5	48.417	4	opt=-O2,p | inline=-inline smart | pool=-pragma "pool_data on" | str=-str readonly | fpc=-fp_contract off | lang=-lang=c | cc=GC/2.5 | misc=-pragma "opt_common_subs off"
10	259.741	59.518	1	71.053	0	65.922	5	63.248	4	opt=-O3,p | inline=-inline smart | pool=-pragma "pool_data on" | str=-str readonly | fpc=-fp_contract off | lang=-lang=c | cc=GC/2.5 | misc=-pragma "opt_common_subs off"
19	350.405	86.592	2	96.631	2	90.525	8	76.657	7	opt=-O4,p -opt nopropagation | inline=-inline smart | pool=-pragma "pool_data on" | str=-str readonly | fpc=-fp_contract off | lang=-lang=c | cc=GC/2.5 | misc=-pragma "opt_common_subs off"
26	351.669	86.844	3	95.791	3	91.017	9	78.018	11	opt=-O4,p -opt nolifetimes | inline=-inline smart | pool=-pragma "pool_data on" | str=-str readonly | fpc=-fp_contract off | lang=-lang=c | cc=GC/2.5 | misc=-pragma "opt_common_subs off"
26	354.077	86.844	3	97.456	3	91.013	9	78.763	11	opt=-O4,p -opt nocse | inline=-inline smart | pool=-pragma "pool_data on" | str=-str readonly | fpc=-fp_contract off | lang=-lang=c | cc=GC/2.5 | misc=-pragma "opt_common_subs off"
11	328.048	80.923	2	91.187	0	86.933	6	69.005	3	opt=-O4,p -opt nopeephole | inline=-inline smart | pool=-pragma "pool_data on" | str=-str readonly | fpc=-fp_contract off | lang=-lang=c | cc=GC/2.5 | misc=-pragma "opt_common_subs off"
23	349.386	85.806	2	96.103	3	90.596	9	76.881	9	opt=-O4,p -opt noloop | inline=-inline smart | pool=-pragma "pool_data on" | str=-str readonly | fpc=-fp_contract off | lang=-lang=c | cc=GC/2.5 | misc=-pragma "opt_common_subs off"
14	314.427	75.546	1	88.443	0	84.212	6	66.225	7	opt=-O4,s | inline=-inline smart | pool=-pragma "pool_data on" | str=-str readonly | fpc=-fp_contract off | lang=-lang=c | cc=GC/2.5 | misc=-pragma "opt_common_subs off"
10	259.569	59.623	1	70.925	0	65.734	5	63.287	4	opt=-O4,p -opt noschedule | inline=-inline smart | pool=-pragma "pool_data on" | str=-str readonly | fpc=-fp_contract off | lang=-lang=c | cc=GC/2.5 | misc=-pragma "opt_common_subs off"
25	312.609	62.802	3	95.488	2	83.857	9	70.462	11	opt=-O4,p | inline=-inline off | pool=-pragma "pool_data on" | str=-str readonly | fpc=-fp_contract off | lang=-lang=c | cc=GC/2.5 | misc=-pragma "opt_common_subs off"
28	379.941	97.008	4	97.456	3	91.943	10	93.533	11	opt=-O4,p | inline=-inline auto | pool=-pragma "pool_data on" | str=-str readonly | fpc=-fp_contract off | lang=-lang=c | cc=GC/2.5 | misc=-pragma "opt_common_subs off"
28	379.946	97.014	4	97.456	3	91.943	10	93.533	11	opt=-O4,p | inline=-inline auto,deferred | pool=-pragma "pool_data on" | str=-str readonly | fpc=-fp_contract off | lang=-lang=c | cc=GC/2.5 | misc=-pragma "opt_common_subs off"
26	354.082	86.850	3	97.456	3	91.013	9	78.763	11	opt=-O4,p | inline=-inline deferred | pool=-pragma "pool_data on" | str=-str readonly | fpc=-fp_contract off | lang=-lang=c | cc=GC/2.5 | misc=-pragma "opt_common_subs off"
28	379.941	97.008	4	97.456	3	91.943	10	93.533	11	opt=-O4,p | inline=-inline all | pool=-pragma "pool_data on" | str=-str readonly | fpc=-fp_contract off | lang=-lang=c | cc=GC/2.5 | misc=-pragma "opt_common_subs off"
28	378.011	95.078	4	97.456	3	91.943	10	93.533	11	opt=-O4,p | inline=-inline auto,deferred | pool= | str=-str readonly | fpc=-fp_contract off | lang=-lang=c | cc=GC/2.5 | misc=-pragma "opt_common_subs off"
28	379.946	97.014	4	97.456	3	91.943	10	93.533	11	opt=-O4,p | inline=-inline auto,deferred | pool=-pragma "pool_data on" | str=-str reuse,readonly | fpc=-fp_contract off | lang=-lang=c | cc=GC/2.5 | misc=-pragma "opt_common_subs off"
28	379.941	97.008	4	97.456	3	91.943	10	93.533	11	opt=-O4,p | inline=-inline auto,deferred | pool=-pragma "pool_data on" | str=-str reuse | fpc=-fp_contract off | lang=-lang=c | cc=GC/2.5 | misc=-pragma "opt_common_subs off"
28	379.941	97.008	4	97.456	3	91.943	10	93.533	11	opt=-O4,p | inline=-inline auto,deferred | pool=-pragma "pool_data on" | str=-str noreuse | fpc=-fp_contract off | lang=-lang=c | cc=GC/2.5 | misc=-pragma "opt_common_subs off"
28	380.012	97.014	4	97.456	3	92.008	10	93.533	11	opt=-O4,p | inline=-inline auto,deferred | pool=-pragma "pool_data on" | str=-str readonly | fpc=-fp_contract on | lang=-lang=c | cc=GC/2.5 | misc=-pragma "opt_common_subs off"
-1	-1.000	ERR	ERR	ERR	ERR	ERR	ERR	ERR	ERR	opt=-O4,p | inline=-inline auto,deferred | pool=-pragma "pool_data on" | str=-str readonly | fpc=-fp_contract on | lang=-lang=c++ | cc=GC/2.5 | misc=-pragma "opt_common_subs off"
28	380.012	97.014	4	97.456	3	92.008	10	93.533	11	opt=-O4,p | inline=-inline auto,deferred | pool=-pragma "pool_data on" | str=-str readonly | fpc=-fp_contract on | lang=-lang=c | cc=GC/3.0a3 | misc=-pragma "opt_common_subs off"
28	380.012	97.014	4	97.456	3	92.008	10	93.533	11	opt=-O4,p | inline=-inline auto,deferred | pool=-pragma "pool_data on" | str=-str readonly | fpc=-fp_contract on | lang=-lang=c | cc=GC/3.0a5 | misc=-pragma "opt_common_subs off"
32	384.551	97.833	6	96.338	3	95.512	10	94.868	13	opt=-O4,p | inline=-inline auto,deferred | pool=-pragma "pool_data on" | str=-str readonly | fpc=-fp_contract on | lang=-lang=c | cc=GC/2.5 | misc=-pragma "opt_lifetimes off"
11	358.741	90.818	2	91.723	0	91.349	6	84.851	3	opt=-O4,p | inline=-inline auto,deferred | pool=-pragma "pool_data on" | str=-str readonly | fpc=-fp_contract on | lang=-lang=c | cc=GC/2.5 | misc=-pragma "peephole off"
10	283.601	67.122	1	71.374	0	69.607	5	75.499	4	opt=-O4,p | inline=-inline auto,deferred | pool=-pragma "pool_data on" | str=-str readonly | fpc=-fp_contract on | lang=-lang=c | cc=GC/2.5 | misc=-pragma "scheduling off"
10	235.360	53.034	1	63.540	0	61.616	5	57.171	4	opt=-O2,p | inline=-inline auto,deferred | pool=-pragma "pool_data on" | str=-str readonly | fpc=-fp_contract on | lang=-lang=c | cc=GC/2.5 | misc=
10	252.782	58.885	1	67.135	0	62.664	5	64.098	4	opt=-O3,s | inline=-inline auto,deferred | pool=-pragma "pool_data on" | str=-str readonly | fpc=-fp_contract on | lang=-lang=c | cc=GC/2.5 | misc=
14	341.718	85.119	1	89.021	0	87.004	6	80.574	7	opt=-O4,s | inline=-inline auto,deferred | pool=-pragma "pool_data on" | str=-str readonly | fpc=-fp_contract on | lang=-lang=c | cc=GC/2.5 | misc=
10	283.488	67.139	1	71.402	0	69.359	5	75.587	4	opt=-O3,p | inline=-inline auto,deferred | pool=-pragma "pool_data on" | str=-str readonly | fpc=-fp_contract on | lang=-lang=c | cc=GC/2.5 | misc=
20	381.409	97.184	2	97.225	2	94.319	9	92.681	7	opt=-O4,p -opt nopropagation | inline=-inline auto,deferred | pool=-pragma "pool_data on" | str=-str readonly | fpc=-fp_contract on | lang=-lang=c | cc=GC/2.5 | misc=
10	283.601	67.122	1	71.374	0	69.607	5	75.499	4	opt=-O4,p -opt noschedule | inline=-inline auto,deferred | pool=-pragma "pool_data on" | str=-str readonly | fpc=-fp_contract on | lang=-lang=c | cc=GC/2.5 | misc=
11	358.741	90.818	2	91.723	0	91.349	6	84.851	3	opt=-O4,p -opt nopeephole | inline=-inline auto,deferred | pool=-pragma "pool_data on" | str=-str readonly | fpc=-fp_contract on | lang=-lang=c | cc=GC/2.5 | misc=
27	379.989	95.251	4	97.391	3	94.172	10	93.174	10	opt=-O4,p -opt noloop | inline=-inline auto,deferred | pool=-pragma "pool_data on" | str=-str readonly | fpc=-fp_contract on | lang=-lang=c | cc=GC/2.5 | misc=
28	380.012	97.014	4	97.456	3	92.008	10	93.533	11	opt=-O4,p -opt nocse | inline=-inline auto,deferred | pool=-pragma "pool_data on" | str=-str readonly | fpc=-fp_contract on | lang=-lang=c | cc=GC/2.5 | misc=
32	384.551	97.833	6	96.338	3	95.512	10	94.868	13	opt=-O4,p -opt nolifetimes | inline=-inline auto,deferred | pool=-pragma "pool_data on" | str=-str readonly | fpc=-fp_contract on | lang=-lang=c | cc=GC/2.5 | misc=
29	360.860	87.041	4	97.991	3	94.927	10	80.901	12	opt=-O4,p | inline=-inline deferred | pool=-pragma "pool_data on" | str=-str readonly | fpc=-fp_contract on | lang=-lang=c | cc=GC/2.5 | misc=
27	317.144	62.993	4	96.022	2	85.833	10	72.296	11	opt=-O4,p | inline=-inline off | pool=-pragma "pool_data on" | str=-str readonly | fpc=-fp_contract on | lang=-lang=c | cc=GC/2.5 | misc=
29	360.854	87.036	4	97.991	3	94.927	10	80.901	12	opt=-O4,p | inline=-inline smart | pool=-pragma "pool_data on" | str=-str readonly | fpc=-fp_contract on | lang=-lang=c | cc=GC/2.5 | misc=
33	385.125	95.597	6	97.991	3	95.857	11	95.680	13	opt=-O4,p | inline=-inline auto,deferred | pool= | str=-str readonly | fpc=-fp_contract on | lang=-lang=c | cc=GC/2.5 | misc=
33	387.285	97.833	6	97.991	3	95.781	11	95.680	13	opt=-O4,p | inline=-inline auto,deferred | pool=-pragma "pool_data on" | str=-str readonly | fpc=-fp_contract off | lang=-lang=c | cc=GC/2.5 | misc=
-1	-1.000	ERR	ERR	ERR	ERR	ERR	ERR	ERR	ERR	opt=-O4,p | inline=-inline auto,deferred | pool=-pragma "pool_data on" | str=-str readonly | fpc=-fp_contract on | lang=-lang=c++ | cc=GC/2.5 | misc=
8	213.319	45.288	1	61.137	0	59.974	5	46.919	2	opt=-O2,p | inline=-inline smart | pool= | str=-str reuse,readonly | fpc=-fp_contract on | lang=-lang=c | cc=GC/1.2.5 | misc=-pragma "peephole off"
8	227.794	48.460	1	64.946	0	61.265	5	53.122	2	opt=-O3,s | inline=-inline smart | pool= | str=-str reuse,readonly | fpc=-fp_contract on | lang=-lang=c | cc=GC/1.2.5 | misc=-pragma "peephole off"
8	252.529	57.982	1	69.202	0	66.236	5	59.109	2	opt=-O3,p | inline=-inline smart | pool= | str=-str reuse,readonly | fpc=-fp_contract on | lang=-lang=c | cc=GC/1.2.5 | misc=-pragma "peephole off"
10	301.502	71.895	1	84.223	0	82.721	6	62.663	3	opt=-O4,s | inline=-inline smart | pool= | str=-str reuse,readonly | fpc=-fp_contract on | lang=-lang=c | cc=GC/1.2.5 | misc=-pragma "peephole off"
11	327.084	79.893	2	91.187	0	86.999	6	69.005	3	opt=-O4,p -opt nocse | inline=-inline smart | pool= | str=-str reuse,readonly | fpc=-fp_contract on | lang=-lang=c | cc=GC/1.2.5 | misc=-pragma "peephole off"
10	329.860	79.613	1	91.370	0	89.491	6	69.385	3	opt=-O4,p -opt nopropagation | inline=-inline smart | pool= | str=-str reuse,readonly | fpc=-fp_contract on | lang=-lang=c | cc=GC/1.2.5 | misc=-pragma "peephole off"
11	331.117	80.085	2	90.320	0	90.113	6	70.600	3	opt=-O4,p -opt nolifetimes | inline=-inline smart | pool= | str=-str reuse,readonly | fpc=-fp_contract on | lang=-lang=c | cc=GC/1.2.5 | misc=-pragma "peephole off"
11	333.205	80.085	2	91.723	0	90.430	6	70.968	3	opt=-O4,p | inline=-inline smart | pool= | str=-str reuse,readonly | fpc=-fp_contract on | lang=-lang=c | cc=GC/1.2.5 | misc=-pragma "peephole off"
10	328.083	79.449	1	90.997	0	89.241	6	68.395	3	opt=-O4,p -opt noloop | inline=-inline smart | pool= | str=-str reuse,readonly | fpc=-fp_contract on | lang=-lang=c | cc=GC/1.2.5 | misc=-pragma "peephole off"
8	252.738	58.173	1	69.294	0	66.301	5	58.969	2	opt=-O4,p -opt noschedule | inline=-inline smart | pool= | str=-str reuse,readonly | fpc=-fp_contract on | lang=-lang=c | cc=GC/1.2.5 | misc=-pragma "peephole off"
11	333.205	80.085	2	91.723	0	90.430	6	70.968	3	opt=-O4,p -opt nopeephole | inline=-inline smart | pool= | str=-str reuse,readonly | fpc=-fp_contract on | lang=-lang=c | cc=GC/1.2.5 | misc=-pragma "peephole off"
11	294.916	59.557	2	89.764	0	82.198	6	63.396	3	opt=-O4,p | inline=-inline off | pool= | str=-str reuse,readonly | fpc=-fp_contract on | lang=-lang=c | cc=GC/1.2.5 | misc=-pragma "peephole off"
11	356.983	89.060	2	91.723	0	91.349	6	84.851	3	opt=-O4,p | inline=-inline auto | pool= | str=-str reuse,readonly | fpc=-fp_contract on | lang=-lang=c | cc=GC/1.2.5 | misc=-pragma "peephole off"
11	333.205	80.085	2	91.723	0	90.430	6	70.968	3	opt=-O4,p | inline=-inline deferred | pool= | str=-str reuse,readonly | fpc=-fp_contract on | lang=-lang=c | cc=GC/1.2.5 | misc=-pragma "peephole off"
11	356.983	89.060	2	91.723	0	91.349	6	84.851	3	opt=-O4,p | inline=-inline all | pool= | str=-str reuse,readonly | fpc=-fp_contract on | lang=-lang=c | cc=GC/1.2.5 | misc=-pragma "peephole off"
11	356.983	89.060	2	91.723	0	91.349	6	84.851	3	opt=-O4,p | inline=-inline auto,deferred | pool= | str=-str reuse,readonly | fpc=-fp_contract on | lang=-lang=c | cc=GC/1.2.5 | misc=-pragma "peephole off"
11	358.736	90.813	2	91.723	0	91.349	6	84.851	3	opt=-O4,p | inline=-inline auto | pool=-pragma "pool_data on" | str=-str reuse,readonly | fpc=-fp_contract on | lang=-lang=c | cc=GC/1.2.5 | misc=-pragma "peephole off"
11	358.736	90.813	2	91.723	0	91.349	6	84.851	3	opt=-O4,p | inline=-inline auto | pool=-pragma "pool_data on" | str=-str readonly | fpc=-fp_contract on | lang=-lang=c | cc=GC/1.2.5 | misc=-pragma "peephole off"
11	358.660	90.813	2	91.723	0	91.273	6	84.851	3	opt=-O4,p | inline=-inline auto | pool=-pragma "pool_data on" | str=-str reuse,readonly | fpc=-fp_contract off | lang=-lang=c | cc=GC/1.2.5 | misc=-pragma "peephole off"
-1	-1.000	ERR	ERR	ERR	ERR	ERR	ERR	ERR	ERR	opt=-O4,p | inline=-inline auto | pool=-pragma "pool_data on" | str=-str reuse,readonly | fpc=-fp_contract on | lang=-lang=c++ | cc=GC/1.2.5 | misc=-pragma "peephole off"
11	358.736	90.813	2	91.723	0	91.349	6	84.851	3	opt=-O4,p | inline=-inline auto | pool=-pragma "pool_data on" | str=-str reuse,readonly | fpc=-fp_contract on | lang=-lang=c | cc=GC/1.3.2 | misc=-pragma "peephole off"
11	358.736	90.813	2	91.723	0	91.349	6	84.851	3	opt=-O4,p | inline=-inline auto | pool=-pragma "pool_data on" | str=-str reuse,readonly | fpc=-fp_contract on | lang=-lang=c | cc=GC/2.5 | misc=-pragma "peephole off"
11	358.736	90.813	2	91.723	0	91.349	6	84.851	3	opt=-O4,p | inline=-inline auto | pool=-pragma "pool_data on" | str=-str reuse,readonly | fpc=-fp_contract on | lang=-lang=c | cc=GC/1.1 | misc=-pragma "peephole off"
11	358.736	90.813	2	91.723	0	91.349	6	84.851	3	opt=-O4,p | inline=-inline auto | pool=-pragma "pool_data on" | str=-str reuse,readonly | fpc=-fp_contract on | lang=-lang=c | cc=GC/3.0a3 | misc=-pragma "peephole off"
11	358.736	90.813	2	91.723	0	91.349	6	84.851	3	opt=-O4,p | inline=-inline auto | pool=-pragma "pool_data on" | str=-str reuse,readonly | fpc=-fp_contract on | lang=-lang=c | cc=GC/3.0a5 | misc=-pragma "peephole off"
28	380.006	97.008	4	97.456	3	92.008	10	93.533	11	opt=-O4,p | inline=-inline auto | pool=-pragma "pool_data on" | str=-str reuse,readonly | fpc=-fp_contract on | lang=-lang=c | cc=GC/1.2.5 | misc=-pragma "opt_common_subs off"
10	283.601	67.122	1	71.374	0	69.607	5	75.499	4	opt=-O4,p | inline=-inline auto | pool=-pragma "pool_data on" | str=-str reuse,readonly | fpc=-fp_contract on | lang=-lang=c | cc=GC/1.2.5 | misc=-pragma "scheduling off"
20	381.404	97.179	2	97.225	2	94.319	9	92.681	7	opt=-O4,p | inline=-inline auto | pool=-pragma "pool_data on" | str=-str reuse,readonly | fpc=-fp_contract on | lang=-lang=c | cc=GC/1.2.5 | misc=-pragma "opt_propagation off"
33	387.147	97.657	6	97.953	3	95.857	11	95.680	13	opt=-O4,p | inline=-inline auto | pool=-pragma "pool_data on" | str=-str reuse,readonly | fpc=-fp_contract on | lang=-lang=c | cc=GC/1.2.5 | misc=-pragma "opt_dead_assignments off"
10	235.360	53.034	1	63.540	0	61.616	5	57.171	4	opt=-O2,p | inline=-inline auto | pool=-pragma "pool_data on" | str=-str reuse,readonly | fpc=-fp_contract on | lang=-lang=c | cc=GC/1.2.5 | misc=
10	252.782	58.885	1	67.135	0	62.664	5	64.098	4	opt=-O3,s | inline=-inline auto | pool=-pragma "pool_data on" | str=-str reuse,readonly | fpc=-fp_contract on | lang=-lang=c | cc=GC/1.2.5 | misc=
14	341.713	85.113	1	89.021	0	87.004	6	80.574	7	opt=-O4,s | inline=-inline auto | pool=-pragma "pool_data on" | str=-str reuse,readonly | fpc=-fp_contract on | lang=-lang=c | cc=GC/1.2.5 | misc=
10	283.488	67.139	1	71.402	0	69.359	5	75.587	4	opt=-O3,p | inline=-inline auto | pool=-pragma "pool_data on" | str=-str reuse,readonly | fpc=-fp_contract on | lang=-lang=c | cc=GC/1.2.5 | misc=
11	358.736	90.813	2	91.723	0	91.349	6	84.851	3	opt=-O4,p -opt nopeephole | inline=-inline auto | pool=-pragma "pool_data on" | str=-str reuse,readonly | fpc=-fp_contract on | lang=-lang=c | cc=GC/1.2.5 | misc=
20	381.404	97.179	2	97.225	2	94.319	9	92.681	7	opt=-O4,p -opt nopropagation | inline=-inline auto | pool=-pragma "pool_data on" | str=-str reuse,readonly | fpc=-fp_contract on | lang=-lang=c | cc=GC/1.2.5 | misc=
28	380.006	97.008	4	97.456	3	92.008	10	93.533	11	opt=-O4,p -opt nocse | inline=-inline auto | pool=-pragma "pool_data on" | str=-str reuse,readonly | fpc=-fp_contract on | lang=-lang=c | cc=GC/1.2.5 | misc=
32	384.546	97.828	6	96.338	3	95.512	10	94.868	13	opt=-O4,p -opt nolifetimes | inline=-inline auto | pool=-pragma "pool_data on" | str=-str reuse,readonly | fpc=-fp_contract on | lang=-lang=c | cc=GC/1.2.5 | misc=
10	283.601	67.122	1	71.374	0	69.607	5	75.499	4	opt=-O4,p -opt noschedule | inline=-inline auto | pool=-pragma "pool_data on" | str=-str reuse,readonly | fpc=-fp_contract on | lang=-lang=c | cc=GC/1.2.5 | misc=
27	379.983	95.246	4	97.391	3	94.172	10	93.174	10	opt=-O4,p -opt noloop | inline=-inline auto | pool=-pragma "pool_data on" | str=-str reuse,readonly | fpc=-fp_contract on | lang=-lang=c | cc=GC/1.2.5 | misc=
-1	-1.000	ERR	ERR	ERR	ERR	ERR	ERR	ERR	ERR	opt=-O4,s | inline=-inline off | pool=-pragma "pool_data on" | str=-str readonly | fpc=-fp_contract off | lang=-lang=c++ | cc=GC/2.5 | misc=-pragma "opt_propagation off"
-1	-1.000	ERR	ERR	ERR	ERR	ERR	ERR	ERR	ERR	opt=-O3,s | inline=-inline off | pool=-pragma "pool_data on" | str=-str readonly | fpc=-fp_contract off | lang=-lang=c++ | cc=GC/2.5 | misc=-pragma "opt_propagation off"
-1	-1.000	ERR	ERR	ERR	ERR	ERR	ERR	ERR	ERR	opt=-O3,p | inline=-inline off | pool=-pragma "pool_data on" | str=-str readonly | fpc=-fp_contract off | lang=-lang=c++ | cc=GC/2.5 | misc=-pragma "opt_propagation off"
-1	-1.000	ERR	ERR	ERR	ERR	ERR	ERR	ERR	ERR	opt=-O4,p | inline=-inline off | pool=-pragma "pool_data on" | str=-str readonly | fpc=-fp_contract off | lang=-lang=c++ | cc=GC/2.5 | misc=-pragma "opt_propagation off"
-1	-1.000	ERR	ERR	ERR	ERR	ERR	ERR	ERR	ERR	opt=-O4,p -opt nopeephole | inline=-inline off | pool=-pragma "pool_data on" | str=-str readonly | fpc=-fp_contract off | lang=-lang=c++ | cc=GC/2.5 | misc=-pragma "opt_propagation off"
-1	-1.000	ERR	ERR	ERR	ERR	ERR	ERR	ERR	ERR	opt=-O4,p -opt noschedule | inline=-inline off | pool=-pragma "pool_data on" | str=-str readonly | fpc=-fp_contract off | lang=-lang=c++ | cc=GC/2.5 | misc=-pragma "opt_propagation off"
-1	-1.000	ERR	ERR	ERR	ERR	ERR	ERR	ERR	ERR	opt=-O2,p | inline=-inline off | pool=-pragma "pool_data on" | str=-str readonly | fpc=-fp_contract off | lang=-lang=c++ | cc=GC/2.5 | misc=-pragma "opt_propagation off"
-1	-1.000	ERR	ERR	ERR	ERR	ERR	ERR	ERR	ERR	opt=-O4,p -opt nolifetimes | inline=-inline off | pool=-pragma "pool_data on" | str=-str readonly | fpc=-fp_contract off | lang=-lang=c++ | cc=GC/2.5 | misc=-pragma "opt_propagation off"
-1	-1.000	ERR	ERR	ERR	ERR	ERR	ERR	ERR	ERR	opt=-O4,p -opt noloop | inline=-inline off | pool=-pragma "pool_data on" | str=-str readonly | fpc=-fp_contract off | lang=-lang=c++ | cc=GC/2.5 | misc=-pragma "opt_propagation off"
-1	-1.000	ERR	ERR	ERR	ERR	ERR	ERR	ERR	ERR	opt=-O4,p -opt nopropagation | inline=-inline off | pool=-pragma "pool_data on" | str=-str readonly | fpc=-fp_contract off | lang=-lang=c++ | cc=GC/2.5 | misc=-pragma "opt_propagation off"
-1	-1.000	ERR	ERR	ERR	ERR	ERR	ERR	ERR	ERR	opt=-O4,p -opt nocse | inline=-inline off | pool=-pragma "pool_data on" | str=-str readonly | fpc=-fp_contract off | lang=-lang=c++ | cc=GC/2.5 | misc=-pragma "opt_propagation off"
-1	-1.000	ERR	ERR	ERR	ERR	ERR	ERR	ERR	ERR	opt=-O4,p -opt nopeephole | inline=-inline auto | pool=-pragma "pool_data on" | str=-str readonly | fpc=-fp_contract off | lang=-lang=c++ | cc=GC/2.5 | misc=-pragma "opt_propagation off"
-1	-1.000	ERR	ERR	ERR	ERR	ERR	ERR	ERR	ERR	opt=-O4,p -opt nopeephole | inline=-inline auto,deferred | pool=-pragma "pool_data on" | str=-str readonly | fpc=-fp_contract off | lang=-lang=c++ | cc=GC/2.5 | misc=-pragma "opt_propagation off"
-1	-1.000	ERR	ERR	ERR	ERR	ERR	ERR	ERR	ERR	opt=-O4,p -opt nopeephole | inline=-inline smart | pool=-pragma "pool_data on" | str=-str readonly | fpc=-fp_contract off | lang=-lang=c++ | cc=GC/2.5 | misc=-pragma "opt_propagation off"
-1	-1.000	ERR	ERR	ERR	ERR	ERR	ERR	ERR	ERR	opt=-O4,p -opt nopeephole | inline=-inline deferred | pool=-pragma "pool_data on" | str=-str readonly | fpc=-fp_contract off | lang=-lang=c++ | cc=GC/2.5 | misc=-pragma "opt_propagation off"
-1	-1.000	ERR	ERR	ERR	ERR	ERR	ERR	ERR	ERR	opt=-O4,p -opt nopeephole | inline=-inline all | pool=-pragma "pool_data on" | str=-str readonly | fpc=-fp_contract off | lang=-lang=c++ | cc=GC/2.5 | misc=-pragma "opt_propagation off"
-1	-1.000	ERR	ERR	ERR	ERR	ERR	ERR	ERR	ERR	opt=-O4,p -opt nopeephole | inline=-inline off | pool= | str=-str readonly | fpc=-fp_contract off | lang=-lang=c++ | cc=GC/2.5 | misc=-pragma "opt_propagation off"
-1	-1.000	ERR	ERR	ERR	ERR	ERR	ERR	ERR	ERR	opt=-O4,p -opt nopeephole | inline=-inline off | pool=-pragma "pool_data on" | str=-str reuse,readonly | fpc=-fp_contract off | lang=-lang=c++ | cc=GC/2.5 | misc=-pragma "opt_propagation off"
-1	-1.000	ERR	ERR	ERR	ERR	ERR	ERR	ERR	ERR	opt=-O4,p -opt nopeephole | inline=-inline off | pool=-pragma "pool_data on" | str=-str reuse | fpc=-fp_contract off | lang=-lang=c++ | cc=GC/2.5 | misc=-pragma "opt_propagation off"
-1	-1.000	ERR	ERR	ERR	ERR	ERR	ERR	ERR	ERR	opt=-O4,p -opt nopeephole | inline=-inline off | pool=-pragma "pool_data on" | str=-str noreuse | fpc=-fp_contract off | lang=-lang=c++ | cc=GC/2.5 | misc=-pragma "opt_propagation off"
-1	-1.000	ERR	ERR	ERR	ERR	ERR	ERR	ERR	ERR	opt=-O4,p -opt nopeephole | inline=-inline off | pool=-pragma "pool_data on" | str=-str readonly | fpc=-fp_contract on | lang=-lang=c++ | cc=GC/2.5 | misc=-pragma "opt_propagation off"
10	292.614	59.734	1	89.412	0	81.292	6	62.177	3	opt=-O4,p -opt nopeephole | inline=-inline off | pool=-pragma "pool_data on" | str=-str readonly | fpc=-fp_contract off | lang=-lang=c | cc=GC/2.5 | misc=-pragma "opt_propagation off"
10	292.614	59.734	1	89.412	0	81.292	6	62.177	3	opt=-O4,p -opt nopeephole | inline=-inline off | pool=-pragma "pool_data on" | str=-str readonly | fpc=-fp_contract off | lang=-lang=c | cc=GC/1.3.2 | misc=-pragma "opt_propagation off"
10	292.614	59.734	1	89.412	0	81.292	6	62.177	3	opt=-O4,p -opt nopeephole | inline=-inline off | pool=-pragma "pool_data on" | str=-str readonly | fpc=-fp_contract off | lang=-lang=c | cc=GC/1.1 | misc=-pragma "opt_propagation off"
10	292.614	59.734	1	89.412	0	81.292	6	62.177	3	opt=-O4,p -opt nopeephole | inline=-inline off | pool=-pragma "pool_data on" | str=-str readonly | fpc=-fp_contract off | lang=-lang=c | cc=GC/3.0a3 | misc=-pragma "opt_propagation off"
10	292.614	59.734	1	89.412	0	81.292	6	62.177	3	opt=-O4,p -opt nopeephole | inline=-inline off | pool=-pragma "pool_data on" | str=-str readonly | fpc=-fp_contract off | lang=-lang=c | cc=GC/1.2.5 | misc=-pragma "opt_propagation off"
10	292.614	59.734	1	89.412	0	81.292	6	62.177	3	opt=-O4,p -opt nopeephole | inline=-inline off | pool=-pragma "pool_data on" | str=-str readonly | fpc=-fp_contract off | lang=-lang=c | cc=GC/3.0a5 | misc=-pragma "opt_propagation off"
11	291.690	60.396	2	89.229	0	80.393	6	61.672	3	opt=-O4,p -opt nopeephole | inline=-inline off | pool=-pragma "pool_data on" | str=-str readonly | fpc=-fp_contract off | lang=-lang=c | cc=GC/2.5 | misc=-pragma "opt_common_subs off"
11	295.870	60.587	2	89.764	0	82.123	6	63.396	3	opt=-O4,p -opt nopeephole | inline=-inline off | pool=-pragma "pool_data on" | str=-str readonly | fpc=-fp_contract off | lang=-lang=c | cc=GC/2.5 | misc=
8	225.637	43.613	1	68.094	0	61.631	5	52.298	2	opt=-O4,p -opt nopeephole | inline=-inline off | pool=-pragma "pool_data on" | str=-str readonly | fpc=-fp_contract off | lang=-lang=c | cc=GC/2.5 | misc=-pragma "scheduling off"
11	295.631	60.355	2	89.757	0	82.123	6	63.396	3	opt=-O4,p -opt nopeephole | inline=-inline off | pool=-pragma "pool_data on" | str=-str readonly | fpc=-fp_contract off | lang=-lang=c | cc=GC/2.5 | misc=-pragma "opt_dead_assignments off"
11	293.832	60.587	2	88.362	0	81.840	6	63.043	3	opt=-O4,p -opt nopeephole | inline=-inline off | pool=-pragma "pool_data on" | str=-str readonly | fpc=-fp_contract off | lang=-lang=c | cc=GC/2.5 | misc=-pragma "opt_lifetimes off"
11	295.870	60.587	2	89.764	0	82.123	6	63.396	3	opt=-O4,p -opt nopeephole | inline=-inline off | pool=-pragma "pool_data on" | str=-str readonly | fpc=-fp_contract off | lang=-lang=c | cc=GC/2.5 | misc=-pragma "peephole off"
10	208.735	41.783	1	62.960	0	57.657	5	46.335	4	opt=-O2,p | inline=-inline off | pool=-pragma "pool_data on" | str=-str readonly | fpc=-fp_contract off | lang=-lang=c | cc=GC/2.5 | misc=
10	219.955	44.127	1	66.609	0	57.848	5	51.371	4	opt=-O3,s | inline=-inline off | pool=-pragma "pool_data on" | str=-str readonly | fpc=-fp_contract off | lang=-lang=c | cc=GC/2.5 | misc=
10	236.208	44.437	1	70.205	0	63.384	5	58.182	4	opt=-O3,p | inline=-inline off | pool=-pragma "pool_data on" | str=-str readonly | fpc=-fp_contract off | lang=-lang=c | cc=GC/2.5 | misc=
25	312.609	62.802	3	95.488	2	83.857	9	70.462	11	opt=-O4,p -opt nocse | inline=-inline off | pool=-pragma "pool_data on" | str=-str readonly | fpc=-fp_contract off | lang=-lang=c | cc=GC/2.5 | misc=
14	291.059	62.296	1	87.717	0	78.430	6	62.616	7	opt=-O4,s | inline=-inline off | pool=-pragma "pool_data on" | str=-str readonly | fpc=-fp_contract off | lang=-lang=c | cc=GC/2.5 | misc=
27	317.068	62.993	4	96.022	2	85.757	10	72.296	11	opt=-O4,p | inline=-inline off | pool=-pragma "pool_data on" | str=-str readonly | fpc=-fp_contract off | lang=-lang=c | cc=GC/2.5 | misc=
18	312.795	62.604	2	95.256	1	84.634	8	70.302	7	opt=-O4,p -opt nopropagation | inline=-inline off | pool=-pragma "pool_data on" | str=-str readonly | fpc=-fp_contract off | lang=-lang=c | cc=GC/2.5 | misc=
10	236.887	44.809	1	70.176	0	63.684	5	58.218	4	opt=-O4,p -opt noschedule | inline=-inline off | pool=-pragma "pool_data on" | str=-str readonly | fpc=-fp_contract off | lang=-lang=c | cc=GC/2.5 | misc=
26	314.440	62.993	4	94.369	2	85.550	9	71.527	11	opt=-O4,p -opt nolifetimes | inline=-inline off | pool=-pragma "pool_data on" | str=-str readonly | fpc=-fp_contract off | lang=-lang=c | cc=GC/2.5 | misc=
24	314.199	62.221	3	95.422	2	85.537	10	71.019	9	opt=-O4,p -opt noloop | inline=-inline off | pool=-pragma "pool_data on" | str=-str readonly | fpc=-fp_contract off | lang=-lang=c | cc=GC/2.5 | misc=
29	360.779	87.036	4	97.991	3	94.851	10	80.901	12	opt=-O4,p | inline=-inline smart | pool=-pragma "pool_data on" | str=-str readonly | fpc=-fp_contract off | lang=-lang=c | cc=GC/2.5 | misc=
29	360.784	87.041	4	97.991	3	94.851	10	80.901	12	opt=-O4,p | inline=-inline deferred | pool=-pragma "pool_data on" | str=-str readonly | fpc=-fp_contract off | lang=-lang=c | cc=GC/2.5 | misc=
33	387.280	97.828	6	97.991	3	95.781	11	95.680	13	opt=-O4,p | inline=-inline all | pool=-pragma "pool_data on" | str=-str readonly | fpc=-fp_contract off | lang=-lang=c | cc=GC/2.5 | misc=
33	387.280	97.828	6	97.991	3	95.781	11	95.680	13	opt=-O4,p | inline=-inline auto | pool=-pragma "pool_data on" | str=-str readonly | fpc=-fp_contract off | lang=-lang=c | cc=GC/2.5 | misc=
33	385.049	95.597	6	97.991	3	95.781	11	95.680	13	opt=-O4,p | inline=-inline auto,deferred | pool= | str=-str readonly | fpc=-fp_contract off | lang=-lang=c | cc=GC/2.5 | misc=
33	387.280	97.828	6	97.991	3	95.781	11	95.680	13	opt=-O4,p | inline=-inline auto,deferred | pool=-pragma "pool_data on" | str=-str reuse | fpc=-fp_contract off | lang=-lang=c | cc=GC/2.5 | misc=
33	387.280	97.828	6	97.991	3	95.781	11	95.680	13	opt=-O4,p | inline=-inline auto,deferred | pool=-pragma "pool_data on" | str=-str noreuse | fpc=-fp_contract off | lang=-lang=c | cc=GC/2.5 | misc=
-1	-1.000	ERR	ERR	ERR	ERR	ERR	ERR	ERR	ERR	opt=-O4,p | inline=-inline off | pool=-pragma "pool_data on" | str=-str reuse,readonly | fpc=-fp_contract on | lang=-lang=c++ | cc=GC/2.5 | misc=-pragma "opt_dead_assignments off"
-1	-1.000	ERR	ERR	ERR	ERR	ERR	ERR	ERR	ERR	opt=-O4,p -opt nolifetimes | inline=-inline off | pool=-pragma "pool_data on" | str=-str reuse,readonly | fpc=-fp_contract on | lang=-lang=c++ | cc=GC/2.5 | misc=-pragma "opt_dead_assignments off"
-1	-1.000	ERR	ERR	ERR	ERR	ERR	ERR	ERR	ERR	opt=-O4,s | inline=-inline off | pool=-pragma "pool_data on" | str=-str reuse,readonly | fpc=-fp_contract on | lang=-lang=c++ | cc=GC/2.5 | misc=-pragma "opt_dead_assignments off"
-1	-1.000	ERR	ERR	ERR	ERR	ERR	ERR	ERR	ERR	opt=-O2,p | inline=-inline off | pool=-pragma "pool_data on" | str=-str reuse,readonly | fpc=-fp_contract on | lang=-lang=c++ | cc=GC/2.5 | misc=-pragma "opt_dead_assignments off"
-1	-1.000	ERR	ERR	ERR	ERR	ERR	ERR	ERR	ERR	opt=-O4,p -opt noschedule | inline=-inline off | pool=-pragma "pool_data on" | str=-str reuse,readonly | fpc=-fp_contract on | lang=-lang=c++ | cc=GC/2.5 | misc=-pragma "opt_dead_assignments off"
-1	-1.000	ERR	ERR	ERR	ERR	ERR	ERR	ERR	ERR	opt=-O3,p | inline=-inline off | pool=-pragma "pool_data on" | str=-str reuse,readonly | fpc=-fp_contract on | lang=-lang=c++ | cc=GC/2.5 | misc=-pragma "opt_dead_assignments off"
-1	-1.000	ERR	ERR	ERR	ERR	ERR	ERR	ERR	ERR	opt=-O4,p -opt nopropagation | inline=-inline off | pool=-pragma "pool_data on" | str=-str reuse,readonly | fpc=-fp_contract on | lang=-lang=c++ | cc=GC/2.5 | misc=-pragma "opt_dead_assignments off"
-1	-1.000	ERR	ERR	ERR	ERR	ERR	ERR	ERR	ERR	opt=-O4,p -opt noloop | inline=-inline off | pool=-pragma "pool_data on" | str=-str reuse,readonly | fpc=-fp_contract on | lang=-lang=c++ | cc=GC/2.5 | misc=-pragma "opt_dead_assignments off"
-1	-1.000	ERR	ERR	ERR	ERR	ERR	ERR	ERR	ERR	opt=-O3,s | inline=-inline off | pool=-pragma "pool_data on" | str=-str reuse,readonly | fpc=-fp_contract on | lang=-lang=c++ | cc=GC/2.5 | misc=-pragma "opt_dead_assignments off"
-1	-1.000	ERR	ERR	ERR	ERR	ERR	ERR	ERR	ERR	opt=-O4,p -opt nocse | inline=-inline off | pool=-pragma "pool_data on" | str=-str reuse,readonly | fpc=-fp_contract on | lang=-lang=c++ | cc=GC/2.5 | misc=-pragma "opt_dead_assignments off"
-1	-1.000	ERR	ERR	ERR	ERR	ERR	ERR	ERR	ERR	opt=-O4,p -opt nopeephole | inline=-inline off | pool=-pragma "pool_data on" | str=-str reuse,readonly | fpc=-fp_contract on | lang=-lang=c++ | cc=GC/2.5 | misc=-pragma "opt_dead_assignments off"
-1	-1.000	ERR	ERR	ERR	ERR	ERR	ERR	ERR	ERR	opt=-O3,s | inline=-inline auto | pool=-pragma "pool_data on" | str=-str reuse,readonly | fpc=-fp_contract on | lang=-lang=c++ | cc=GC/2.5 | misc=-pragma "opt_dead_assignments off"
-1	-1.000	ERR	ERR	ERR	ERR	ERR	ERR	ERR	ERR	opt=-O3,s | inline=-inline auto,deferred | pool=-pragma "pool_data on" | str=-str reuse,readonly | fpc=-fp_contract on | lang=-lang=c++ | cc=GC/2.5 | misc=-pragma "opt_dead_assignments off"
-1	-1.000	ERR	ERR	ERR	ERR	ERR	ERR	ERR	ERR	opt=-O3,s | inline=-inline smart | pool=-pragma "pool_data on" | str=-str reuse,readonly | fpc=-fp_contract on | lang=-lang=c++ | cc=GC/2.5 | misc=-pragma "opt_dead_assignments off"
-1	-1.000	ERR	ERR	ERR	ERR	ERR	ERR	ERR	ERR	opt=-O3,s | inline=-inline deferred | pool=-pragma "pool_data on" | str=-str reuse,readonly | fpc=-fp_contract on | lang=-lang=c++ | cc=GC/2.5 | misc=-pragma "opt_dead_assignments off"
-1	-1.000	ERR	ERR	ERR	ERR	ERR	ERR	ERR	ERR	opt=-O3,s | inline=-inline all | pool=-pragma "pool_data on" | str=-str reuse,readonly | fpc=-fp_contract on | lang=-lang=c++ | cc=GC/2.5 | misc=-pragma "opt_dead_assignments off"
-1	-1.000	ERR	ERR	ERR	ERR	ERR	ERR	ERR	ERR	opt=-O3,s | inline=-inline off | pool= | str=-str reuse,readonly | fpc=-fp_contract on | lang=-lang=c++ | cc=GC/2.5 | misc=-pragma "opt_dead_assignments off"
-1	-1.000	ERR	ERR	ERR	ERR	ERR	ERR	ERR	ERR	opt=-O3,s | inline=-inline off | pool=-pragma "pool_data on" | str=-str reuse | fpc=-fp_contract on | lang=-lang=c++ | cc=GC/2.5 | misc=-pragma "opt_dead_assignments off"
-1	-1.000	ERR	ERR	ERR	ERR	ERR	ERR	ERR	ERR	opt=-O3,s | inline=-inline off | pool=-pragma "pool_data on" | str=-str readonly | fpc=-fp_contract on | lang=-lang=c++ | cc=GC/2.5 | misc=-pragma "opt_dead_assignments off"
-1	-1.000	ERR	ERR	ERR	ERR	ERR	ERR	ERR	ERR	opt=-O3,s | inline=-inline off | pool=-pragma "pool_data on" | str=-str noreuse | fpc=-fp_contract on | lang=-lang=c++ | cc=GC/2.5 | misc=-pragma "opt_dead_assignments off"
-1	-1.000	ERR	ERR	ERR	ERR	ERR	ERR	ERR	ERR	opt=-O3,s | inline=-inline off | pool=-pragma "pool_data on" | str=-str reuse,readonly | fpc=-fp_contract off | lang=-lang=c++ | cc=GC/2.5 | misc=-pragma "opt_dead_assignments off"
10	220.162	44.261	1	66.609	0	57.920	5	51.371	4	opt=-O3,s | inline=-inline off | pool=-pragma "pool_data on" | str=-str reuse,readonly | fpc=-fp_contract on | lang=-lang=c | cc=GC/2.5 | misc=-pragma "opt_dead_assignments off"
10	220.162	44.261	1	66.609	0	57.920	5	51.371	4	opt=-O3,s | inline=-inline off | pool=-pragma "pool_data on" | str=-str reuse,readonly | fpc=-fp_contract on | lang=-lang=c | cc=GC/1.1 | misc=-pragma "opt_dead_assignments off"
10	220.162	44.261	1	66.609	0	57.920	5	51.371	4	opt=-O3,s | inline=-inline off | pool=-pragma "pool_data on" | str=-str reuse,readonly | fpc=-fp_contract on | lang=-lang=c | cc=GC/1.3.2 | misc=-pragma "opt_dead_assignments off"
10	220.162	44.261	1	66.609	0	57.920	5	51.371	4	opt=-O3,s | inline=-inline off | pool=-pragma "pool_data on" | str=-str reuse,readonly | fpc=-fp_contract on | lang=-lang=c | cc=GC/3.0a5 | misc=-pragma "opt_dead_assignments off"
10	220.162	44.261	1	66.609	0	57.920	5	51.371	4	opt=-O3,s | inline=-inline off | pool=-pragma "pool_data on" | str=-str reuse,readonly | fpc=-fp_contract on | lang=-lang=c | cc=GC/3.0a3 | misc=-pragma "opt_dead_assignments off"
10	220.162	44.261	1	66.609	0	57.920	5	51.371	4	opt=-O3,s | inline=-inline off | pool=-pragma "pool_data on" | str=-str reuse,readonly | fpc=-fp_contract on | lang=-lang=c | cc=GC/1.2.5 | misc=-pragma "opt_dead_assignments off"
10	220.028	44.127	1	66.609	0	57.920	5	51.371	4	opt=-O3,s | inline=-inline off | pool=-pragma "pool_data on" | str=-str reuse,readonly | fpc=-fp_contract on | lang=-lang=c | cc=GC/2.5 | misc=
10	219.983	44.165	1	66.526	0	57.920	5	51.371	4	opt=-O3,s | inline=-inline off | pool=-pragma "pool_data on" | str=-str reuse,readonly | fpc=-fp_contract on | lang=-lang=c | cc=GC/2.5 | misc=-pragma "opt_propagation off"
10	216.936	44.086	1	66.237	0	57.034	5	49.579	4	opt=-O3,s | inline=-inline off | pool=-pragma "pool_data on" | str=-str reuse,readonly | fpc=-fp_contract on | lang=-lang=c | cc=GC/2.5 | misc=-pragma "opt_common_subs off"
10	220.028	44.127	1	66.609	0	57.920	5	51.371	4	opt=-O3,s | inline=-inline off | pool=-pragma "pool_data on" | str=-str reuse,readonly | fpc=-fp_contract on | lang=-lang=c | cc=GC/2.5 | misc=-pragma "scheduling off"
8	214.134	43.234	1	64.418	0	57.329	5	49.153	2	opt=-O3,s | inline=-inline off | pool=-pragma "pool_data on" | str=-str reuse,readonly | fpc=-fp_contract on | lang=-lang=c | cc=GC/2.5 | misc=-pragma "peephole off"
10	219.328	44.127	1	65.970	0	57.789	5	51.442	4	opt=-O3,s | inline=-inline off | pool=-pragma "pool_data on" | str=-str reuse,readonly | fpc=-fp_contract on | lang=-lang=c | cc=GC/2.5 | misc=-pragma "opt_lifetimes off"
10	208.807	41.783	1	62.960	0	57.729	5	46.335	4	opt=-O2,p | inline=-inline off | pool=-pragma "pool_data on" | str=-str reuse,readonly | fpc=-fp_contract on | lang=-lang=c | cc=GC/2.5 | misc=-pragma "opt_dead_assignments off"
10	236.411	44.571	1	70.205	0	63.453	5	58.182	4	opt=-O3,p | inline=-inline off | pool=-pragma "pool_data on" | str=-str reuse,readonly | fpc=-fp_contract on | lang=-lang=c | cc=GC/2.5 | misc=-pragma "opt_dead_assignments off"
14	291.131	62.331	1	87.680	0	78.506	6	62.616	7	opt=-O4,s | inline=-inline off | pool=-pragma "pool_data on" | str=-str reuse,readonly | fpc=-fp_contract on | lang=-lang=c | cc=GC/2.5 | misc=-pragma "opt_dead_assignments off"
25	312.626	62.761	3	95.480	2	83.922	9	70.462	11	opt=-O4,p -opt nocse | inline=-inline off | pool=-pragma "pool_data on" | str=-str reuse,readonly | fpc=-fp_contract on | lang=-lang=c | cc=GC/2.5 | misc=-pragma "opt_dead_assignments off"
27	317.141	63.027	4	95.985	2	85.833	10	72.296	11	opt=-O4,p | inline=-inline off | pool=-pragma "pool_data on" | str=-str reuse,readonly | fpc=-fp_contract on | lang=-lang=c | cc=GC/2.5 | misc=-pragma "opt_dead_assignments off"
18	312.871	62.604	2	95.256	1	84.709	8	70.302	7	opt=-O4,p -opt nopropagation | inline=-inline off | pool=-pragma "pool_data on" | str=-str reuse,readonly | fpc=-fp_contract on | lang=-lang=c | cc=GC/2.5 | misc=-pragma "opt_dead_assignments off"
26	314.553	63.027	4	94.373	2	85.626	9	71.527	11	opt=-O4,p -opt nolifetimes | inline=-inline off | pool=-pragma "pool_data on" | str=-str reuse,readonly | fpc=-fp_contract on | lang=-lang=c | cc=GC/2.5 | misc=-pragma "opt_dead_assignments off"
11	295.707	60.355	2	89.757	0	82.198	6	63.396	3	opt=-O4,p -opt nopeephole | inline=-inline off | pool=-pragma "pool_data on" | str=-str reuse,readonly | fpc=-fp_contract on | lang=-lang=c | cc=GC/2.5 | misc=-pragma "opt_dead_assignments off"
10	237.152	44.943	1	70.239	0	63.753	5	58.218	4	opt=-O4,p -opt noschedule | inline=-inline off | pool=-pragma "pool_data on" | str=-str reuse,readonly | fpc=-fp_contract on | lang=-lang=c | cc=GC/2.5 | misc=-pragma "opt_dead_assignments off"
24	314.272	62.255	3	95.385	2	85.613	10	71.019	9	opt=-O4,p -opt noloop | inline=-inline off | pool=-pragma "pool_data on" | str=-str reuse,readonly | fpc=-fp_contract on | lang=-lang=c | cc=GC/2.5 | misc=-pragma "opt_dead_assignments off"
29	360.651	86.870	4	97.953	3	94.927	10	80.901	12	opt=-O4,p | inline=-inline deferred | pool=-pragma "pool_data on" | str=-str reuse,readonly | fpc=-fp_contract on | lang=-lang=c | cc=GC/2.5 | misc=-pragma "opt_dead_assignments off"
29	360.646	86.865	4	97.953	3	94.927	10	80.901	12	opt=-O4,p | inline=-inline smart | pool=-pragma "pool_data on" | str=-str reuse,readonly | fpc=-fp_contract on | lang=-lang=c | cc=GC/2.5 | misc=-pragma "opt_dead_assignments off"
33	387.147	97.657	6	97.953	3	95.857	11	95.680	13	opt=-O4,p | inline=-inline all | pool=-pragma "pool_data on" | str=-str reuse,readonly | fpc=-fp_contract on | lang=-lang=c | cc=GC/2.5 | misc=-pragma "opt_dead_assignments off"
33	384.916	95.426	6	97.953	3	95.857	11	95.680	13	opt=-O4,p | inline=-inline auto,deferred | pool= | str=-str reuse,readonly | fpc=-fp_contract on | lang=-lang=c | cc=GC/2.5 | misc=-pragma "opt_dead_assignments off"
10	221.123	46.510	1	63.540	0	61.543	5	49.530	4	opt=-O2,p | inline=-inline deferred | pool= | str=-str reuse,readonly | fpc=-fp_contract off | lang=-lang=c | cc=GC/3.0a3 | misc=-pragma "opt_lifetimes off"
10	235.032	50.716	1	66.496	0	61.806	5	56.014	4	opt=-O3,s | inline=-inline deferred | pool= | str=-str reuse,readonly | fpc=-fp_contract off | lang=-lang=c | cc=GC/3.0a3 | misc=-pragma "opt_lifetimes off"
10	262.610	58.885	1	70.799	0	68.102	5	64.824	4	opt=-O3,p | inline=-inline deferred | pool= | str=-str reuse,readonly | fpc=-fp_contract off | lang=-lang=c | cc=GC/3.0a3 | misc=-pragma "opt_lifetimes off"
14	316.334	74.279	1	87.613	0	86.219	6	68.223	7	opt=-O4,s | inline=-inline deferred | pool= | str=-str reuse,readonly | fpc=-fp_contract off | lang=-lang=c | cc=GC/3.0a3 | misc=-pragma "opt_lifetimes off"
10	261.794	58.867	1	69.974	0	68.206	5	64.747	4	opt=-O4,p -opt noschedule | inline=-inline deferred | pool= | str=-str reuse,readonly | fpc=-fp_contract off | lang=-lang=c | cc=GC/3.0a3 | misc=-pragma "opt_lifetimes off"
28	356.660	85.727	4	96.338	3	94.507	9	80.089	12	opt=-O4,p | inline=-inline deferred | pool= | str=-str reuse,readonly | fpc=-fp_contract off | lang=-lang=c | cc=GC/3.0a3 | misc=-pragma "opt_lifetimes off"
26	350.361	85.536	3	95.791	3	91.017	9	78.018	11	opt=-O4,p -opt nocse | inline=-inline deferred | pool= | str=-str reuse,readonly | fpc=-fp_contract off | lang=-lang=c | cc=GC/3.0a3 | misc=-pragma "opt_lifetimes off"
19	352.056	85.324	2	95.362	2	93.093	8	78.277	7	opt=-O4,p -opt nopropagation | inline=-inline deferred | pool= | str=-str reuse,readonly | fpc=-fp_contract off | lang=-lang=c | cc=GC/3.0a3 | misc=-pragma "opt_lifetimes off"
24	351.271	84.689	3	95.751	3	93.267	9	77.566	9	opt=-O4,p -opt noloop | inline=-inline deferred | pool= | str=-str reuse,readonly | fpc=-fp_contract off | lang=-lang=c | cc=GC/3.0a3 | misc=-pragma "opt_lifetimes off"
11	331.042	80.085	2	90.320	0	90.037	6	70.600	3	opt=-O4,p -opt nopeephole | inline=-inline deferred | pool= | str=-str reuse,readonly | fpc=-fp_contract off | lang=-lang=c | cc=GC/3.0a3 | misc=-pragma "opt_lifetimes off"
28	356.660	85.727	4	96.338	3	94.507	9	80.089	12	opt=-O4,p -opt nolifetimes | inline=-inline deferred | pool= | str=-str reuse,readonly | fpc=-fp_contract off | lang=-lang=c | cc=GC/3.0a3 | misc=-pragma "opt_lifetimes off"
32	382.239	95.597	6	96.338	3	95.437	10	94.868	13	opt=-O4,p | inline=-inline auto | pool= | str=-str reuse,readonly | fpc=-fp_contract off | lang=-lang=c | cc=GC/3.0a3 | misc=-pragma "opt_lifetimes off"
32	382.239	95.597	6	96.338	3	95.437	10	94.868	13	opt=-O4,p | inline=-inline auto,deferred | pool= | str=-str reuse,readonly | fpc=-fp_contract off | lang=-lang=c | cc=GC/3.0a3 | misc=-pragma "opt_lifetimes off"
28	356.660	85.727	4	96.338	3	94.507	9	80.089	12	opt=-O4,p | inline=-inline smart | pool= | str=-str reuse,readonly | fpc=-fp_contract off | lang=-lang=c | cc=GC/3.0a3 | misc=-pragma "opt_lifetimes off"
26	313.131	61.684	4	94.369	2	85.550	9	71.527	11	opt=-O4,p | inline=-inline off | pool= | str=-str reuse,readonly | fpc=-fp_contract off | lang=-lang=c | cc=GC/3.0a3 | misc=-pragma "opt_lifetimes off"
32	382.239	95.597	6	96.338	3	95.437	10	94.868	13	opt=-O4,p | inline=-inline all | pool= | str=-str reuse,readonly | fpc=-fp_contract off | lang=-lang=c | cc=GC/3.0a3 | misc=-pragma "opt_lifetimes off"
32	384.470	97.828	6	96.338	3	95.437	10	94.868	13	opt=-O4,p | inline=-inline auto | pool=-pragma "pool_data on" | str=-str reuse,readonly | fpc=-fp_contract off | lang=-lang=c | cc=GC/3.0a3 | misc=-pragma "opt_lifetimes off"
32	384.470	97.828	6	96.338	3	95.437	10	94.868	13	opt=-O4,p | inline=-inline auto | pool=-pragma "pool_data on" | str=-str reuse | fpc=-fp_contract off | lang=-lang=c | cc=GC/3.0a3 | misc=-pragma "opt_lifetimes off"
32	384.470	97.828	6	96.338	3	95.437	10	94.868	13	opt=-O4,p | inline=-inline auto | pool=-pragma "pool_data on" | str=-str noreuse | fpc=-fp_contract off | lang=-lang=c | cc=GC/3.0a3 | misc=-pragma "opt_lifetimes off"
32	384.470	97.828	6	96.338	3	95.437	10	94.868	13	opt=-O4,p | inline=-inline auto | pool=-pragma "pool_data on" | str=-str readonly | fpc=-fp_contract off | lang=-lang=c | cc=GC/3.0a3 | misc=-pragma "opt_lifetimes off"
32	384.546	97.828	6	96.338	3	95.512	10	94.868	13	opt=-O4,p | inline=-inline auto | pool=-pragma "pool_data on" | str=-str reuse,readonly | fpc=-fp_contract on | lang=-lang=c | cc=GC/3.0a3 | misc=-pragma "opt_lifetimes off"
-1	-1.000	ERR	ERR	ERR	ERR	ERR	ERR	ERR	ERR	opt=-O4,p | inline=-inline auto | pool=-pragma "pool_data on" | str=-str reuse,readonly | fpc=-fp_contract on | lang=-lang=c++ | cc=GC/3.0a3 | misc=-pragma "opt_lifetimes off"
32	384.546	97.828	6	96.338	3	95.512	10	94.868	13	opt=-O4,p | inline=-inline auto | pool=-pragma "pool_data on" | str=-str reuse,readonly | fpc=-fp_contract on | lang=-lang=c | cc=GC/2.5 | misc=-pragma "opt_lifetimes off"
32	384.546	97.828	6	96.338	3	95.512	10	94.868	13	opt=-O4,p | inline=-inline auto | pool=-pragma "pool_data on" | str=-str reuse,readonly | fpc=-fp_contract on | lang=-lang=c | cc=GC/3.0a5 | misc=-pragma "opt_lifetimes off"
32	384.546	97.828	6	96.338	3	95.512	10	94.868	13	opt=-O4,p | inline=-inline auto | pool=-pragma "pool_data on" | str=-str reuse,readonly | fpc=-fp_contract on | lang=-lang=c | cc=GC/1.3.2 | misc=-pragma "opt_lifetimes off"
32	384.546	97.828	6	96.338	3	95.512	10	94.868	13	opt=-O4,p | inline=-inline auto | pool=-pragma "pool_data on" | str=-str reuse,readonly | fpc=-fp_contract on | lang=-lang=c | cc=GC/1.1 | misc=-pragma "opt_lifetimes off"
28	380.006	97.008	4	97.456	3	92.008	10	93.533	11	opt=-O4,p | inline=-inline auto | pool=-pragma "pool_data on" | str=-str reuse,readonly | fpc=-fp_contract on | lang=-lang=c | cc=GC/3.0a3 | misc=-pragma "opt_common_subs off"
20	381.404	97.179	2	97.225	2	94.319	9	92.681	7	opt=-O4,p | inline=-inline auto | pool=-pragma "pool_data on" | str=-str reuse,readonly | fpc=-fp_contract on | lang=-lang=c | cc=GC/3.0a3 | misc=-pragma "opt_propagation off"
33	387.147	97.657	6	97.953	3	95.857	11	95.680	13	opt=-O4,p | inline=-inline auto | pool=-pragma "pool_data on" | str=-str reuse,readonly | fpc=-fp_contract on | lang=-lang=c | cc=GC/3.0a3 | misc=-pragma "opt_dead_assignments off"
10	235.360	53.034	1	63.540	0	61.616	5	57.171	4	opt=-O2,p | inline=-inline auto | pool=-pragma "pool_data on" | str=-str reuse,readonly | fpc=-fp_contract on | lang=-lang=c | cc=GC/3.0a3 | misc=
10	283.488	67.139	1	71.402	0	69.359	5	75.587	4	opt=-O3,p | inline=-inline auto | pool=-pragma "pool_data on" | str=-str reuse,readonly | fpc=-fp_contract on | lang=-lang=c | cc=GC/3.0a3 | misc=
10	252.782	58.885	1	67.135	0	62.664	5	64.098	4	opt=-O3,s | inline=-inline auto | pool=-pragma "pool_data on" | str=-str reuse,readonly | fpc=-fp_contract on | lang=-lang=c | cc=GC/3.0a3 | misc=
14	341.713	85.113	1	89.021	0	87.004	6	80.574	7	opt=-O4,s | inline=-inline auto | pool=-pragma "pool_data on" | str=-str reuse,readonly | fpc=-fp_contract on | lang=-lang=c | cc=GC/3.0a3 | misc=
11	358.736	90.813	2	91.723	0	91.349	6	84.851	3	opt=-O4,p -opt nopeephole | inline=-inline auto | pool=-pragma "pool_data on" | str=-str reuse,readonly | fpc=-fp_contract on | lang=-lang=c | cc=GC/3.0a3 | misc=
10	283.601	67.122	1	71.374	0	69.607	5	75.499	4	opt=-O4,p -opt noschedule | inline=-inline auto | pool=-pragma "pool_data on" | str=-str reuse,readonly | fpc=-fp_contract on | lang=-lang=c | cc=GC/3.0a3 | misc=
20	381.404	97.179	2	97.225	2	94.319	9	92.681	7	opt=-O4,p -opt nopropagation | inline=-inline auto | pool=-pragma "pool_data on" | str=-str reuse,readonly | fpc=-fp_contract on | lang=-lang=c | cc=GC/3.0a3 | misc=
27	379.983	95.246	4	97.391	3	94.172	10	93.174	10	opt=-O4,p -opt noloop | inline=-inline auto | pool=-pragma "pool_data on" | str=-str reuse,readonly | fpc=-fp_contract on | lang=-lang=c | cc=GC/3.0a3 | misc=
28	380.006	97.008	4	97.456	3	92.008	10	93.533	11	opt=-O4,p -opt nocse | inline=-inline auto | pool=-pragma "pool_data on" | str=-str reuse,readonly | fpc=-fp_contract on | lang=-lang=c | cc=GC/3.0a3 | misc=
32	384.546	97.828	6	96.338	3	95.512	10	94.868	13	opt=-O4,p -opt nolifetimes | inline=-inline auto | pool=-pragma "pool_data on" | str=-str reuse,readonly | fpc=-fp_contract on | lang=-lang=c | cc=GC/3.0a3 | misc=
29	360.854	87.036	4	97.991	3	94.927	10	80.901	12	opt=-O4,p | inline=-inline smart | pool=-pragma "pool_data on" | str=-str reuse,readonly | fpc=-fp_contract on | lang=-lang=c | cc=GC/3.0a3 | misc=
27	317.144	62.993	4	96.022	2	85.833	10	72.296	11	opt=-O4,p | inline=-inline off | pool=-pragma "pool_data on" | str=-str reuse,readonly | fpc=-fp_contract on | lang=-lang=c | cc=GC/3.0a3 | misc=
29	360.860	87.041	4	97.991	3	94.927	10	80.901	12	opt=-O4,p | inline=-inline deferred | pool=-pragma "pool_data on" | str=-str reuse,readonly | fpc=-fp_contract on | lang=-lang=c | cc=GC/3.0a3 | misc=
33	387.356	97.828	6	97.991	3	95.857	11	95.680	13	opt=-O4,p | inline=-inline all | pool=-pragma "pool_data on" | str=-str reuse,readonly | fpc=-fp_contract on | lang=-lang=c | cc=GC/3.0a3 | misc=
33	385.125	95.597	6	97.991	3	95.857	11	95.680	13	opt=-O4,p | inline=-inline auto,deferred | pool= | str=-str reuse,readonly | fpc=-fp_contract on | lang=-lang=c | cc=GC/3.0a3 | misc=
33	387.356	97.828	6	97.991	3	95.857	11	95.680	13	opt=-O4,p | inline=-inline auto,deferred | pool=-pragma "pool_data on" | str=-str reuse | fpc=-fp_contract on | lang=-lang=c | cc=GC/3.0a3 | misc=
33	387.285	97.833	6	97.991	3	95.781	11	95.680	13	opt=-O4,p | inline=-inline auto,deferred | pool=-pragma "pool_data on" | str=-str reuse,readonly | fpc=-fp_contract off | lang=-lang=c | cc=GC/3.0a3 | misc=
-1	-1.000	ERR	ERR	ERR	ERR	ERR	ERR	ERR	ERR	opt=-O4,p | inline=-inline auto,deferred | pool=-pragma "pool_data on" | str=-str reuse,readonly | fpc=-fp_contract on | lang=-lang=c++ | cc=GC/3.0a3 | misc=
20	381.409	97.184	2	97.225	2	94.319	9	92.681	7	opt=-O4,p | inline=-inline auto,deferred | pool=-pragma "pool_data on" | str=-str reuse,readonly | fpc=-fp_contract on | lang=-lang=c | cc=GC/3.0a3 | misc=-pragma "opt_propagation off"
28	380.012	97.014	4	97.456	3	92.008	10	93.533	11	opt=-O4,p | inline=-inline auto,deferred | pool=-pragma "pool_data on" | str=-str reuse,readonly | fpc=-fp_contract on | lang=-lang=c | cc=GC/3.0a3 | misc=-pragma "opt_common_subs off"
10	283.601	67.122	1	71.374	0	69.607	5	75.499	4	opt=-O4,p | inline=-inline auto,deferred | pool=-pragma "pool_data on" | str=-str reuse,readonly | fpc=-fp_contract on | lang=-lang=c | cc=GC/3.0a3 | misc=-pragma "scheduling off"
32	384.551	97.833	6	96.338	3	95.512	10	94.868	13	opt=-O4,p | inline=-inline auto,deferred | pool=-pragma "pool_data on" | str=-str reuse,readonly | fpc=-fp_contract on | lang=-lang=c | cc=GC/3.0a3 | misc=-pragma "opt_lifetimes off"
11	358.741	90.818	2	91.723	0	91.349	6	84.851	3	opt=-O4,p | inline=-inline auto,deferred | pool=-pragma "pool_data on" | str=-str reuse,readonly | fpc=-fp_contract on | lang=-lang=c | cc=GC/3.0a3 | misc=-pragma "peephole off"
10	235.360	53.034	1	63.540	0	61.616	5	57.171	4	opt=-O2,p | inline=-inline auto,deferred | pool=-pragma "pool_data on" | str=-str reuse,readonly | fpc=-fp_contract on | lang=-lang=c | cc=GC/3.0a3 | misc=
10	252.782	58.885	1	67.135	0	62.664	5	64.098	4	opt=-O3,s | inline=-inline auto,deferred | pool=-pragma "pool_data on" | str=-str reuse,readonly | fpc=-fp_contract on | lang=-lang=c | cc=GC/3.0a3 | misc=
10	283.488	67.139	1	71.402	0	69.359	5	75.587	4	opt=-O3,p | inline=-inline auto,deferred | pool=-pragma "pool_data on" | str=-str reuse,readonly | fpc=-fp_contract on | lang=-lang=c | cc=GC/3.0a3 | misc=
14	341.718	85.119	1	89.021	0	87.004	6	80.574	7	opt=-O4,s | inline=-inline auto,deferred | pool=-pragma "pool_data on" | str=-str reuse,readonly | fpc=-fp_contract on | lang=-lang=c | cc=GC/3.0a3 | misc=
28	380.012	97.014	4	97.456	3	92.008	10	93.533	11	opt=-O4,p -opt nocse | inline=-inline auto,deferred | pool=-pragma "pool_data on" | str=-str reuse,readonly | fpc=-fp_contract on | lang=-lang=c | cc=GC/3.0a3 | misc=
20	381.409	97.184	2	97.225	2	94.319	9	92.681	7	opt=-O4,p -opt nopropagation | inline=-inline auto,deferred | pool=-pragma "pool_data on" | str=-str reuse,readonly | fpc=-fp_contract on | lang=-lang=c | cc=GC/3.0a3 | misc=
32	384.551	97.833	6	96.338	3	95.512	10	94.868	13	opt=-O4,p -opt nolifetimes | inline=-inline auto,deferred | pool=-pragma "pool_data on" | str=-str reuse,readonly | fpc=-fp_contract on | lang=-lang=c | cc=GC/3.0a3 | misc=
11	358.741	90.818	2	91.723	0	91.349	6	84.851	3	opt=-O4,p -opt nopeephole | inline=-inline auto,deferred | pool=-pragma "pool_data on" | str=-str reuse,readonly | fpc=-fp_contract on | lang=-lang=c | cc=GC/3.0a3 | misc=
27	379.989	95.251	4	97.391	3	94.172	10	93.174	10	opt=-O4,p -opt noloop | inline=-inline auto,deferred | pool=-pragma "pool_data on" | str=-str reuse,readonly | fpc=-fp_contract on | lang=-lang=c | cc=GC/3.0a3 | misc=
10	283.601	67.122	1	71.374	0	69.607	5	75.499	4	opt=-O4,p -opt noschedule | inline=-inline auto,deferred | pool=-pragma "pool_data on" | str=-str reuse,readonly | fpc=-fp_contract on | lang=-lang=c | cc=GC/3.0a3 | misc=
-1	-1.000	ERR	ERR	ERR	ERR	ERR	ERR	ERR	ERR	opt=-O4,p | inline=-inline smart | pool= | str=-str reuse | fpc=-fp_contract off | lang=-lang=c++ | cc=GC/1.2.5 | misc=-pragma "opt_lifetimes off"
-1	-1.000	ERR	ERR	ERR	ERR	ERR	ERR	ERR	ERR	opt=-O4,s | inline=-inline smart | pool= | str=-str reuse | fpc=-fp_contract off | lang=-lang=c++ | cc=GC/1.2.5 | misc=-pragma "opt_lifetimes off"
-1	-1.000	ERR	ERR	ERR	ERR	ERR	ERR	ERR	ERR	opt=-O3,s | inline=-inline smart | pool= | str=-str reuse | fpc=-fp_contract off | lang=-lang=c++ | cc=GC/1.2.5 | misc=-pragma "opt_lifetimes off"
-1	-1.000	ERR	ERR	ERR	ERR	ERR	ERR	ERR	ERR	opt=-O3,p | inline=-inline smart | pool= | str=-str reuse | fpc=-fp_contract off | lang=-lang=c++ | cc=GC/1.2.5 | misc=-pragma "opt_lifetimes off"
-1	-1.000	ERR	ERR	ERR	ERR	ERR	ERR	ERR	ERR	opt=-O2,p | inline=-inline smart | pool= | str=-str reuse | fpc=-fp_contract off | lang=-lang=c++ | cc=GC/1.2.5 | misc=-pragma "opt_lifetimes off"
-1	-1.000	ERR	ERR	ERR	ERR	ERR	ERR	ERR	ERR	opt=-O4,p -opt noschedule | inline=-inline smart | pool= | str=-str reuse | fpc=-fp_contract off | lang=-lang=c++ | cc=GC/1.2.5 | misc=-pragma "opt_lifetimes off"
-1	-1.000	ERR	ERR	ERR	ERR	ERR	ERR	ERR	ERR	opt=-O4,p -opt nopeephole | inline=-inline smart | pool= | str=-str reuse | fpc=-fp_contract off | lang=-lang=c++ | cc=GC/1.2.5 | misc=-pragma "opt_lifetimes off"
-1	-1.000	ERR	ERR	ERR	ERR	ERR	ERR	ERR	ERR	opt=-O4,p -opt nolifetimes | inline=-inline smart | pool= | str=-str reuse | fpc=-fp_contract off | lang=-lang=c++ | cc=GC/1.2.5 | misc=-pragma "opt_lifetimes off"
-1	-1.000	ERR	ERR	ERR	ERR	ERR	ERR	ERR	ERR	opt=-O4,p -opt noloop | inline=-inline smart | pool= | str=-str reuse | fpc=-fp_contract off | lang=-lang=c++ | cc=GC/1.2.5 | misc=-pragma "opt_lifetimes off"
-1	-1.000	ERR	ERR	ERR	ERR	ERR	ERR	ERR	ERR	opt=-O4,p -opt nopropagation | inline=-inline smart | pool= | str=-str reuse | fpc=-fp_contract off | lang=-lang=c++ | cc=GC/1.2.5 | misc=-pragma "opt_lifetimes off"
-1	-1.000	ERR	ERR	ERR	ERR	ERR	ERR	ERR	ERR	opt=-O4,p -opt nocse | inline=-inline smart | pool= | str=-str reuse | fpc=-fp_contract off | lang=-lang=c++ | cc=GC/1.2.5 | misc=-pragma "opt_lifetimes off"
-1	-1.000	ERR	ERR	ERR	ERR	ERR	ERR	ERR	ERR	opt=-O4,p -opt noschedule | inline=-inline auto | pool= | str=-str reuse | fpc=-fp_contract off | lang=-lang=c++ | cc=GC/1.2.5 | misc=-pragma "opt_lifetimes off"
-1	-1.000	ERR	ERR	ERR	ERR	ERR	ERR	ERR	ERR	opt=-O4,p -opt noschedule | inline=-inline deferred | pool= | str=-str reuse | fpc=-fp_contract off | lang=-lang=c++ | cc=GC/1.2.5 | misc=-pragma "opt_lifetimes off"
-1	-1.000	ERR	ERR	ERR	ERR	ERR	ERR	ERR	ERR	opt=-O4,p -opt noschedule | inline=-inline off | pool= | str=-str reuse | fpc=-fp_contract off | lang=-lang=c++ | cc=GC/1.2.5 | misc=-pragma "opt_lifetimes off"
-1	-1.000	ERR	ERR	ERR	ERR	ERR	ERR	ERR	ERR	opt=-O4,p -opt noschedule | inline=-inline auto,deferred | pool= | str=-str reuse | fpc=-fp_contract off | lang=-lang=c++ | cc=GC/1.2.5 | misc=-pragma "opt_lifetimes off"
-1	-1.000	ERR	ERR	ERR	ERR	ERR	ERR	ERR	ERR	opt=-O4,p -opt noschedule | inline=-inline all | pool= | str=-str reuse | fpc=-fp_contract off | lang=-lang=c++ | cc=GC/1.2.5 | misc=-pragma "opt_lifetimes off"
-1	-1.000	ERR	ERR	ERR	ERR	ERR	ERR	ERR	ERR	opt=-O4,p -opt noschedule | inline=-inline smart | pool=-pragma "pool_data on" | str=-str reuse | fpc=-fp_contract off | lang=-lang=c++ | cc=GC/1.2.5 | misc=-pragma "opt_lifetimes off"
-1	-1.000	ERR	ERR	ERR	ERR	ERR	ERR	ERR	ERR	opt=-O4,p -opt noschedule | inline=-inline smart | pool= | str=-str reuse,readonly | fpc=-fp_contract off | lang=-lang=c++ | cc=GC/1.2.5 | misc=-pragma "opt_lifetimes off"
-1	-1.000	ERR	ERR	ERR	ERR	ERR	ERR	ERR	ERR	opt=-O4,p -opt noschedule | inline=-inline smart | pool= | str=-str readonly | fpc=-fp_contract off | lang=-lang=c++ | cc=GC/1.2.5 | misc=-pragma "opt_lifetimes off"
-1	-1.000	ERR	ERR	ERR	ERR	ERR	ERR	ERR	ERR	opt=-O4,p -opt noschedule | inline=-inline smart | pool= | str=-str noreuse | fpc=-fp_contract off | lang=-lang=c++ | cc=GC/1.2.5 | misc=-pragma "opt_lifetimes off"
-1	-1.000	ERR	ERR	ERR	ERR	ERR	ERR	ERR	ERR	opt=-O4,p -opt noschedule | inline=-inline smart | pool= | str=-str reuse | fpc=-fp_contract on | lang=-lang=c++ | cc=GC/1.2.5 | misc=-pragma "opt_lifetimes off"
10	261.794	58.867	1	69.974	0	68.206	5	64.747	4	opt=-O4,p -opt noschedule | inline=-inline smart | pool= | str=-str reuse | fpc=-fp_contract off | lang=-lang=c | cc=GC/1.2.5 | misc=-pragma "opt_lifetimes off"
10	261.794	58.867	1	69.974	0	68.206	5	64.747	4	opt=-O4,p -opt noschedule | inline=-inline smart | pool= | str=-str reuse | fpc=-fp_contract off | lang=-lang=c | cc=GC/1.1 | misc=-pragma "opt_lifetimes off"
10	261.794	58.867	1	69.974	0	68.206	5	64.747	4	opt=-O4,p -opt noschedule | inline=-inline smart | pool= | str=-str reuse | fpc=-fp_contract off | lang=-lang=c | cc=GC/2.5 | misc=-pragma "opt_lifetimes off"
10	261.794	58.867	1	69.974	0	68.206	5	64.747	4	opt=-O4,p -opt noschedule | inline=-inline smart | pool= | str=-str reuse | fpc=-fp_contract off | lang=-lang=c | cc=GC/3.0a3 | misc=-pragma "opt_lifetimes off"
10	261.794	58.867	1	69.974	0	68.206	5	64.747	4	opt=-O4,p -opt noschedule | inline=-inline smart | pool= | str=-str reuse | fpc=-fp_contract off | lang=-lang=c | cc=GC/1.3.2 | misc=-pragma "opt_lifetimes off"
10	261.794	58.867	1	69.974	0	68.206	5	64.747	4	opt=-O4,p -opt noschedule | inline=-inline smart | pool= | str=-str reuse | fpc=-fp_contract off | lang=-lang=c | cc=GC/3.0a5 | misc=-pragma "opt_lifetimes off"
10	258.895	58.949	1	70.925	0	65.734	5	63.287	4	opt=-O4,p -opt noschedule | inline=-inline smart | pool= | str=-str reuse | fpc=-fp_contract off | lang=-lang=c | cc=GC/1.2.5 | misc=-pragma "opt_common_subs off"
10	262.415	58.863	1	71.395	0	68.197	5	63.960	4	opt=-O4,p -opt noschedule | inline=-inline smart | pool= | str=-str reuse | fpc=-fp_contract off | lang=-lang=c | cc=GC/1.2.5 | misc=-pragma "opt_propagation off"
10	263.893	58.867	1	71.374	0	68.619	5	65.033	4	opt=-O4,p -opt noschedule | inline=-inline smart | pool= | str=-str reuse | fpc=-fp_contract off | lang=-lang=c | cc=GC/1.2.5 | misc=-pragma "scheduling off"
10	263.893	58.867	1	71.374	0	68.619	5	65.033	4	opt=-O4,p -opt noschedule | inline=-inline smart | pool= | str=-str reuse | fpc=-fp_contract off | lang=-lang=c | cc=GC/1.2.5 | misc=
8	252.675	58.173	1	69.294	0	66.238	5	58.969	2	opt=-O4,p -opt noschedule | inline=-inline smart | pool= | str=-str reuse | fpc=-fp_contract off | lang=-lang=c | cc=GC/1.2.5 | misc=-pragma "peephole off"
10	264.102	59.014	1	71.436	0	68.619	5	65.033	4	opt=-O4,p -opt noschedule | inline=-inline smart | pool= | str=-str reuse | fpc=-fp_contract off | lang=-lang=c | cc=GC/1.2.5 | misc=-pragma "opt_dead_assignments off"
10	235.800	50.858	1	67.135	0	61.968	5	55.838	4	opt=-O3,s | inline=-inline smart | pool= | str=-str reuse | fpc=-fp_contract off | lang=-lang=c | cc=GC/1.2.5 | misc=-pragma "opt_dead_assignments off"
10	221.123	46.510	1	63.540	0	61.543	5	49.530	4	opt=-O2,p | inline=-inline smart | pool= | str=-str reuse | fpc=-fp_contract off | lang=-lang=c | cc=GC/1.2.5 | misc=-pragma "opt_dead_assignments off"
10	263.922	59.027	1	71.402	0	68.371	5	65.121	4	opt=-O3,p | inline=-inline smart | pool= | str=-str reuse | fpc=-fp_contract off | lang=-lang=c | cc=GC/1.2.5 | misc=-pragma "opt_dead_assignments off"
29	359.262	85.556	4	97.953	3	94.851	10	80.901	12	opt=-O4,p | inline=-inline smart | pool= | str=-str reuse | fpc=-fp_contract off | lang=-lang=c | cc=GC/1.2.5 | misc=-pragma "opt_dead_assignments off"
19	354.560	85.324	2	97.225	2	93.313	8	78.698	7	opt=-O4,p -opt nopropagation | inline=-inline smart | pool= | str=-str reuse | fpc=-fp_contract off | lang=-lang=c | cc=GC/1.2.5 | misc=-pragma "opt_dead_assignments off"
14	317.702	74.108	1	88.983	0	86.298	6	68.312	7	opt=-O4,s | inline=-inline smart | pool= | str=-str reuse | fpc=-fp_contract off | lang=-lang=c | cc=GC/1.2.5 | misc=-pragma "opt_dead_assignments off"
11	333.156	80.119	2	91.715	0	90.354	6	70.968	3	opt=-O4,p -opt nopeephole | inline=-inline smart | pool= | str=-str reuse | fpc=-fp_contract off | lang=-lang=c | cc=GC/1.2.5 | misc=-pragma "opt_dead_assignments off"
26	352.720	85.495	3	97.449	3	91.013	9	78.763	11	opt=-O4,p -opt nocse | inline=-inline smart | pool= | str=-str reuse | fpc=-fp_contract off | lang=-lang=c | cc=GC/1.2.5 | misc=-pragma "opt_dead_assignments off"
28	356.493	85.556	4	96.342	3	94.507	9	80.089	12	opt=-O4,p -opt nolifetimes | inline=-inline smart | pool= | str=-str reuse | fpc=-fp_contract off | lang=-lang=c | cc=GC/1.2.5 | misc=-pragma "opt_dead_assignments off"
25	353.836	84.518	3	97.353	3	93.587	10	78.378	9	opt=-O4,p -opt noloop | inline=-inline smart | pool= | str=-str reuse | fpc=-fp_contract off | lang=-lang=c | cc=GC/1.2.5 | misc=-pragma "opt_dead_assignments off"
33	384.840	95.426	6	97.953	3	95.781	11	95.680	13	opt=-O4,p | inline=-inline auto | pool= | str=-str reuse | fpc=-fp_contract off | lang=-lang=c | cc=GC/1.2.5 | misc=-pragma "opt_dead_assignments off"
27	315.756	61.719	4	95.985	2	85.757	10	72.296	11	opt=-O4,p | inline=-inline off | pool= | str=-str reuse | fpc=-fp_contract off | lang=-lang=c | cc=GC/1.2.5 | misc=-pragma "opt_dead_assignments off"
29	359.262	85.556	4	97.953	3	94.851	10	80.901	12	opt=-O4,p | inline=-inline deferred | pool= | str=-str reuse | fpc=-fp_contract off | lang=-lang=c | cc=GC/1.2.5 | misc=-pragma "opt_dead_assignments off"
33	384.840	95.426	6	97.953	3	95.781	11	95.680	13	opt=-O4,p | inline=-inline all | pool= | str=-str reuse | fpc=-fp_contract off | lang=-lang=c | cc=GC/1.2.5 | misc=-pragma "opt_dead_assignments off"
33	387.071	97.657	6	97.953	3	95.781	11	95.680	13	opt=-O4,p | inline=-inline auto | pool=-pragma "pool_data on" | str=-str reuse,readonly | fpc=-fp_contract off | lang=-lang=c | cc=GC/1.2.5 | misc=-pragma "opt_dead_assignments off"
33	387.071	97.657	6	97.953	3	95.781	11	95.680	13	opt=-O4,p | inline=-inline auto | pool=-pragma "pool_data on" | str=-str noreuse | fpc=-fp_contract off | lang=-lang=c | cc=GC/1.2.5 | misc=-pragma "opt_dead_assignments off"
33	387.071	97.657	6	97.953	3	95.781	11	95.680	13	opt=-O4,p | inline=-inline auto | pool=-pragma "pool_data on" | str=-str readonly | fpc=-fp_contract off | lang=-lang=c | cc=GC/1.2.5 | misc=-pragma "opt_dead_assignments off"
-1	-1.000	ERR	ERR	ERR	ERR	ERR	ERR	ERR	ERR	opt=-O4,p | inline=-inline auto | pool=-pragma "pool_data on" | str=-str reuse | fpc=-fp_contract on | lang=-lang=c++ | cc=GC/1.2.5 | misc=-pragma "opt_dead_assignments off"
10	234.659	52.406	1	63.540	0	61.543	5	57.171	4	opt=-O2,p | inline=-inline all | pool= | str=-str reuse | fpc=-fp_contract off | lang=-lang=c | cc=GC/2.5 | misc=-pragma "scheduling off"
10	252.090	58.265	1	67.135	0	62.592	5	64.098	4	opt=-O3,s | inline=-inline all | pool= | str=-str reuse | fpc=-fp_contract off | lang=-lang=c | cc=GC/2.5 | misc=-pragma "scheduling off"
10	277.597	66.255	1	70.925	0	66.654	5	73.763	4	opt=-O4,p -opt nocse | inline=-inline all | pool= | str=-str reuse | fpc=-fp_contract off | lang=-lang=c | cc=GC/2.5 | misc=-pragma "scheduling off"
10	282.799	66.519	1	71.402	0	69.290	5	75.587	4	opt=-O3,p | inline=-inline all | pool= | str=-str reuse | fpc=-fp_contract off | lang=-lang=c | cc=GC/2.5 | misc=-pragma "scheduling off"
10	251.823	58.370	1	66.763	0	62.592	5	64.098	4	opt=-O4,s | inline=-inline all | pool= | str=-str reuse | fpc=-fp_contract off | lang=-lang=c | cc=GC/2.5 | misc=-pragma "scheduling off"
10	282.912	66.501	1	71.374	0	69.539	5	75.499	4	opt=-O4,p | inline=-inline all | pool= | str=-str reuse | fpc=-fp_contract off | lang=-lang=c | cc=GC/2.5 | misc=-pragma "scheduling off"
10	280.813	66.501	1	69.974	0	69.125	5	75.212	4	opt=-O4,p -opt nolifetimes | inline=-inline all | pool= | str=-str reuse | fpc=-fp_contract off | lang=-lang=c | cc=GC/2.5 | misc=-pragma "scheduling off"
10	280.724	66.074	1	71.395	0	69.116	5	74.139	4	opt=-O4,p -opt nopropagation | inline=-inline all | pool= | str=-str reuse | fpc=-fp_contract off | lang=-lang=c | cc=GC/2.5 | misc=-pragma "scheduling off"
8	271.482	65.814	1	69.294	0	67.154	5	69.219	2	opt=-O4,p -opt nopeephole | inline=-inline all | pool= | str=-str reuse | fpc=-fp_contract off | lang=-lang=c | cc=GC/2.5 | misc=-pragma "scheduling off"
10	277.442	64.970	1	70.857	0	68.301	5	73.314	4	opt=-O4,p -opt noloop | inline=-inline all | pool= | str=-str reuse | fpc=-fp_contract off | lang=-lang=c | cc=GC/2.5 | misc=-pragma "scheduling off"
10	282.912	66.501	1	71.374	0	69.539	5	75.499	4	opt=-O4,p -opt noschedule | inline=-inline all | pool= | str=-str reuse | fpc=-fp_contract off | lang=-lang=c | cc=GC/2.5 | misc=-pragma "scheduling off"
10	263.893	58.867	1	71.374	0	68.619	5	65.033	4	opt=-O4,p | inline=-inline smart | pool= | str=-str reuse | fpc=-fp_contract off | lang=-lang=c | cc=GC/2.5 | misc=-pragma "scheduling off"
10	236.213	44.135	1	70.176	0	63.684	5	58.218	4	opt=-O4,p | inline=-inline off | pool= | str=-str reuse | fpc=-fp_contract off | lang=-lang=c | cc=GC/2.5 | misc=-pragma "scheduling off"
10	282.912	66.501	1	71.374	0	69.539	5	75.499	4	opt=-O4,p | inline=-inline auto,deferred | pool= | str=-str reuse | fpc=-fp_contract off | lang=-lang=c | cc=GC/2.5 | misc=-pragma "scheduling off"
10	263.893	58.867	1	71.374	0	68.619	5	65.033	4	opt=-O4,p | inline=-inline deferred | pool= | str=-str reuse | fpc=-fp_contract off | lang=-lang=c | cc=GC/2.5 | misc=-pragma "scheduling off"
10	282.912	66.501	1	71.374	0	69.539	5	75.499	4	opt=-O4,p | inline=-inline auto | pool= | str=-str reuse | fpc=-fp_contract off | lang=-lang=c | cc=GC/2.5 | misc=-pragma "scheduling off"
10	283.533	67.122	1	71.374	0	69.539	5	75.499	4	opt=-O4,p | inline=-inline all | pool=-pragma "pool_data on" | str=-str reuse | fpc=-fp_contract off | lang=-lang=c | cc=GC/2.5 | misc=-pragma "scheduling off"
10	283.533	67.122	1	71.374	0	69.539	5	75.499	4	opt=-O4,p | inline=-inline all | pool=-pragma "pool_data on" | str=-str reuse,readonly | fpc=-fp_contract off | lang=-lang=c | cc=GC/2.5 | misc=-pragma "scheduling off"
10	283.533	67.122	1	71.374	0	69.539	5	75.499	4	opt=-O4,p | inline=-inline all | pool=-pragma "pool_data on" | str=-str noreuse | fpc=-fp_contract off | lang=-lang=c | cc=GC/2.5 | misc=-pragma "scheduling off"
10	283.533	67.122	1	71.374	0	69.539	5	75.499	4	opt=-O4,p | inline=-inline all | pool=-pragma "pool_data on" | str=-str readonly | fpc=-fp_contract off | lang=-lang=c | cc=GC/2.5 | misc=-pragma "scheduling off"
-1	-1.000	ERR	ERR	ERR	ERR	ERR	ERR	ERR	ERR	opt=-O4,p | inline=-inline all | pool=-pragma "pool_data on" | str=-str reuse | fpc=-fp_contract on | lang=-lang=c++ | cc=GC/2.5 | misc=-pragma "scheduling off"
10	283.601	67.122	1	71.374	0	69.607	5	75.499	4	opt=-O4,p | inline=-inline all | pool=-pragma "pool_data on" | str=-str reuse | fpc=-fp_contract on | lang=-lang=c | cc=GC/1.2.5 | misc=-pragma "scheduling off"
10	283.601	67.122	1	71.374	0	69.607	5	75.499	4	opt=-O4,p | inline=-inline all | pool=-pragma "pool_data on" | str=-str reuse | fpc=-fp_contract on | lang=-lang=c | cc=GC/1.3.2 | misc=-pragma "scheduling off"
10	283.601	67.122	1	71.374	0	69.607	5	75.499	4	opt=-O4,p | inline=-inline all | pool=-pragma "pool_data on" | str=-str reuse | fpc=-fp_contract on | lang=-lang=c | cc=GC/3.0a5 | misc=-pragma "scheduling off"
10	283.601	67.122	1	71.374	0	69.607	5	75.499	4	opt=-O4,p | inline=-inline all | pool=-pragma "pool_data on" | str=-str reuse | fpc=-fp_contract on | lang=-lang=c | cc=GC/1.1 | misc=-pragma "scheduling off"
10	283.601	67.122	1	71.374	0	69.607	5	75.499	4	opt=-O4,p | inline=-inline all | pool=-pragma "pool_data on" | str=-str reuse | fpc=-fp_contract on | lang=-lang=c | cc=GC/3.0a3 | misc=-pragma "scheduling off"
-1	-1.000	ERR	ERR	ERR	ERR	ERR	ERR	ERR	ERR	opt=-O4,p | inline=-inline off | pool=-pragma "pool_data on" | str=-str reuse,readonly | fpc=-fp_contract on | lang=-lang=c++ | cc=GC/1.3.2 | misc=-pragma "opt_common_subs off"
-1	-1.000	ERR	ERR	ERR	ERR	ERR	ERR	ERR	ERR	opt=-O4,s | inline=-inline off | pool=-pragma "pool_data on" | str=-str reuse,readonly | fpc=-fp_contract on | lang=-lang=c++ | cc=GC/1.3.2 | misc=-pragma "opt_common_subs off"
-1	-1.000	ERR	ERR	ERR	ERR	ERR	ERR	ERR	ERR	opt=-O2,p | inline=-inline off | pool=-pragma "pool_data on" | str=-str reuse,readonly | fpc=-fp_contract on | lang=-lang=c++ | cc=GC/1.3.2 | misc=-pragma "opt_common_subs off"
-1	-1.000	ERR	ERR	ERR	ERR	ERR	ERR	ERR	ERR	opt=-O4,p -opt nopeephole | inline=-inline off | pool=-pragma "pool_data on" | str=-str reuse,readonly | fpc=-fp_contract on | lang=-lang=c++ | cc=GC/1.3.2 | misc=-pragma "opt_common_subs off"
-1	-1.000	ERR	ERR	ERR	ERR	ERR	ERR	ERR	ERR	opt=-O3,s | inline=-inline off | pool=-pragma "pool_data on" | str=-str reuse,readonly | fpc=-fp_contract on | lang=-lang=c++ | cc=GC/1.3.2 | misc=-pragma "opt_common_subs off"
-1	-1.000	ERR	ERR	ERR	ERR	ERR	ERR	ERR	ERR	opt=-O4,p -opt noschedule | inline=-inline off | pool=-pragma "pool_data on" | str=-str reuse,readonly | fpc=-fp_contract on | lang=-lang=c++ | cc=GC/1.3.2 | misc=-pragma "opt_common_subs off"
-1	-1.000	ERR	ERR	ERR	ERR	ERR	ERR	ERR	ERR	opt=-O3,p | inline=-inline off | pool=-pragma "pool_data on" | str=-str reuse,readonly | fpc=-fp_contract on | lang=-lang=c++ | cc=GC/1.3.2 | misc=-pragma "opt_common_subs off"
-1	-1.000	ERR	ERR	ERR	ERR	ERR	ERR	ERR	ERR	opt=-O4,p -opt nolifetimes | inline=-inline off | pool=-pragma "pool_data on" | str=-str reuse,readonly | fpc=-fp_contract on | lang=-lang=c++ | cc=GC/1.3.2 | misc=-pragma "opt_common_subs off"
-1	-1.000	ERR	ERR	ERR	ERR	ERR	ERR	ERR	ERR	opt=-O4,p -opt nopropagation | inline=-inline off | pool=-pragma "pool_data on" | str=-str reuse,readonly | fpc=-fp_contract on | lang=-lang=c++ | cc=GC/1.3.2 | misc=-pragma "opt_common_subs off"
-1	-1.000	ERR	ERR	ERR	ERR	ERR	ERR	ERR	ERR	opt=-O4,p -opt noloop | inline=-inline off | pool=-pragma "pool_data on" | str=-str reuse,readonly | fpc=-fp_contract on | lang=-lang=c++ | cc=GC/1.3.2 | misc=-pragma "opt_common_subs off"
-1	-1.000	ERR	ERR	ERR	ERR	ERR	ERR	ERR	ERR	opt=-O4,p -opt nocse | inline=-inline off | pool=-pragma "pool_data on" | str=-str reuse,readonly | fpc=-fp_contract on | lang=-lang=c++ | cc=GC/1.3.2 | misc=-pragma "opt_common_subs off"
-1	-1.000	ERR	ERR	ERR	ERR	ERR	ERR	ERR	ERR	opt=-O3,s | inline=-inline smart | pool=-pragma "pool_data on" | str=-str reuse,readonly | fpc=-fp_contract on | lang=-lang=c++ | cc=GC/1.3.2 | misc=-pragma "opt_common_subs off"
-1	-1.000	ERR	ERR	ERR	ERR	ERR	ERR	ERR	ERR	opt=-O3,s | inline=-inline auto | pool=-pragma "pool_data on" | str=-str reuse,readonly | fpc=-fp_contract on | lang=-lang=c++ | cc=GC/1.3.2 | misc=-pragma "opt_common_subs off"
-1	-1.000	ERR	ERR	ERR	ERR	ERR	ERR	ERR	ERR	opt=-O3,s | inline=-inline deferred | pool=-pragma "pool_data on" | str=-str reuse,readonly | fpc=-fp_contract on | lang=-lang=c++ | cc=GC/1.3.2 | misc=-pragma "opt_common_subs off"
-1	-1.000	ERR	ERR	ERR	ERR	ERR	ERR	ERR	ERR	opt=-O3,s | inline=-inline auto,deferred | pool=-pragma "pool_data on" | str=-str reuse,readonly | fpc=-fp_contract on | lang=-lang=c++ | cc=GC/1.3.2 | misc=-pragma "opt_common_subs off"
-1	-1.000	ERR	ERR	ERR	ERR	ERR	ERR	ERR	ERR	opt=-O3,s | inline=-inline all | pool=-pragma "pool_data on" | str=-str reuse,readonly | fpc=-fp_contract on | lang=-lang=c++ | cc=GC/1.3.2 | misc=-pragma "opt_common_subs off"
-1	-1.000	ERR	ERR	ERR	ERR	ERR	ERR	ERR	ERR	opt=-O3,s | inline=-inline off | pool= | str=-str reuse,readonly | fpc=-fp_contract on | lang=-lang=c++ | cc=GC/1.3.2 | misc=-pragma "opt_common_subs off"
-1	-1.000	ERR	ERR	ERR	ERR	ERR	ERR	ERR	ERR	opt=-O3,s | inline=-inline off | pool=-pragma "pool_data on" | str=-str noreuse | fpc=-fp_contract on | lang=-lang=c++ | cc=GC/1.3.2 | misc=-pragma "opt_common_subs off"
-1	-1.000	ERR	ERR	ERR	ERR	ERR	ERR	ERR	ERR	opt=-O3,s | inline=-inline off | pool=-pragma "pool_data on" | str=-str readonly | fpc=-fp_contract on | lang=-lang=c++ | cc=GC/1.3.2 | misc=-pragma "opt_common_subs off"
-1	-1.000	ERR	ERR	ERR	ERR	ERR	ERR	ERR	ERR	opt=-O3,s | inline=-inline off | pool=-pragma "pool_data on" | str=-str reuse | fpc=-fp_contract on | lang=-lang=c++ | cc=GC/1.3.2 | misc=-pragma "opt_common_subs off"
-1	-1.000	ERR	ERR	ERR	ERR	ERR	ERR	ERR	ERR	opt=-O3,s | inline=-inline off | pool=-pragma "pool_data on" | str=-str reuse,readonly | fpc=-fp_contract off | lang=-lang=c++ | cc=GC/1.3.2 | misc=-pragma "opt_common_subs off"
10	216.936	44.086	1	66.237	0	57.034	5	49.579	4	opt=-O3,s | inline=-inline off | pool=-pragma "pool_data on" | str=-str reuse,readonly | fpc=-fp_contract on | lang=-lang=c | cc=GC/1.3.2 | misc=-pragma "opt_common_subs off"
10	216.936	44.086	1	66.237	0	57.034	5	49.579	4	opt=-O3,s | inline=-inline off | pool=-pragma "pool_data on" | str=-str reuse,readonly | fpc=-fp_contract on | lang=-lang=c | cc=GC/1.2.5 | misc=-pragma "opt_common_subs off"
10	216.936	44.086	1	66.237	0	57.034	5	49.579	4	opt=-O3,s | inline=-inline off | pool=-pragma "pool_data on" | str=-str reuse,readonly | fpc=-fp_contract on | lang=-lang=c | cc=GC/3.0a3 | misc=-pragma "opt_common_subs off"
10	216.936	44.086	1	66.237	0	57.034	5	49.579	4	opt=-O3,s | inline=-inline off | pool=-pragma "pool_data on" | str=-str reuse,readonly | fpc=-fp_contract on | lang=-lang=c | cc=GC/3.0a5 | misc=-pragma "opt_common_subs off"
10	216.936	44.086	1	66.237	0	57.034	5	49.579	4	opt=-O3,s | inline=-inline off | pool=-pragma "pool_data on" | str=-str reuse,readonly | fpc=-fp_contract on | lang=-lang=c | cc=GC/1.1 | misc=-pragma "opt_common_subs off"
10	220.028	44.127	1	66.609	0	57.920	5	51.371	4	opt=-O3,s | inline=-inline off | pool=-pragma "pool_data on" | str=-str reuse,readonly | fpc=-fp_contract on | lang=-lang=c | cc=GC/1.3.2 | misc=
10	220.028	44.127	1	66.609	0	57.920	5	51.371	4	opt=-O3,s | inline=-inline off | pool=-pragma "pool_data on" | str=-str reuse,readonly | fpc=-fp_contract on | lang=-lang=c | cc=GC/1.3.2 | misc=-pragma "scheduling off"
10	219.983	44.165	1	66.526	0	57.920	5	51.371	4	opt=-O3,s | inline=-inline off | pool=-pragma "pool_data on" | str=-str reuse,readonly | fpc=-fp_contract on | lang=-lang=c | cc=GC/1.3.2 | misc=-pragma "opt_propagation off"
10	219.328	44.127	1	65.970	0	57.789	5	51.442	4	opt=-O3,s | inline=-inline off | pool=-pragma "pool_data on" | str=-str reuse,readonly | fpc=-fp_contract on | lang=-lang=c | cc=GC/1.3.2 | misc=-pragma "opt_lifetimes off"
8	214.134	43.234	1	64.418	0	57.329	5	49.153	2	opt=-O3,s | inline=-inline off | pool=-pragma "pool_data on" | str=-str reuse,readonly | fpc=-fp_contract on | lang=-lang=c | cc=GC/1.3.2 | misc=-pragma "peephole off"
10	208.807	41.783	1	62.960	0	57.729	5	46.335	4	opt=-O2,p | inline=-inline off | pool=-pragma "pool_data on" | str=-str reuse,readonly | fpc=-fp_contract on | lang=-lang=c | cc=GC/1.3.2 | misc=-pragma "opt_dead_assignments off"
10	236.411	44.571	1	70.205	0	63.453	5	58.182	4	opt=-O3,p | inline=-inline off | pool=-pragma "pool_data on" | str=-str reuse,readonly | fpc=-fp_contract on | lang=-lang=c | cc=GC/1.3.2 | misc=-pragma "opt_dead_assignments off"
25	312.626	62.761	3	95.480	2	83.922	9	70.462	11	opt=-O4,p -opt nocse | inline=-inline off | pool=-pragma "pool_data on" | str=-str reuse,readonly | fpc=-fp_contract on | lang=-lang=c | cc=GC/1.3.2 | misc=-pragma "opt_dead_assignments off"
18	312.871	62.604	2	95.256	1	84.709	8	70.302	7	opt=-O4,p -opt nopropagation | inline=-inline off | pool=-pragma "pool_data on" | str=-str reuse,readonly | fpc=-fp_contract on | lang=-lang=c | cc=GC/1.3.2 | misc=-pragma "opt_dead_assignments off"
14	291.131	62.331	1	87.680	0	78.506	6	62.616	7	opt=-O4,s | inline=-inline off | pool=-pragma "pool_data on" | str=-str reuse,readonly | fpc=-fp_contract on | lang=-lang=c | cc=GC/1.3.2 | misc=-pragma "opt_dead_assignments off"
11	295.707	60.355	2	89.757	0	82.198	6	63.396	3	opt=-O4,p -opt nopeephole | inline=-inline off | pool=-pragma "pool_data on" | str=-str reuse,readonly | fpc=-fp_contract on | lang=-lang=c | cc=GC/1.3.2 | misc=-pragma "opt_dead_assignments off"
26	314.553	63.027	4	94.373	2	85.626	9	71.527	11	opt=-O4,p -opt nolifetimes | inline=-inline off | pool=-pragma "pool_data on" | str=-str reuse,readonly | fpc=-fp_contract on | lang=-lang=c | cc=GC/1.3.2 | misc=-pragma "opt_dead_assignments off"
27	317.141	63.027	4	95.985	2	85.833	10	72.296	11	opt=-O4,p | inline=-inline off | pool=-pragma "pool_data on" | str=-str reuse,readonly | fpc=-fp_contract on | lang=-lang=c | cc=GC/1.3.2 | misc=-pragma "opt_dead_assignments off"
24	314.272	62.255	3	95.385	2	85.613	10	71.019	9	opt=-O4,p -opt noloop | inline=-inline off | pool=-pragma "pool_data on" | str=-str reuse,readonly | fpc=-fp_contract on | lang=-lang=c | cc=GC/1.3.2 | misc=-pragma "opt_dead_assignments off"
10	237.152	44.943	1	70.239	0	63.753	5	58.218	4	opt=-O4,p -opt noschedule | inline=-inline off | pool=-pragma "pool_data on" | str=-str reuse,readonly | fpc=-fp_contract on | lang=-lang=c | cc=GC/1.3.2 | misc=-pragma "opt_dead_assignments off"
33	387.147	97.657	6	97.953	3	95.857	11	95.680	13	opt=-O4,p | inline=-inline auto | pool=-pragma "pool_data on" | str=-str reuse,readonly | fpc=-fp_contract on | lang=-lang=c | cc=GC/1.3.2 | misc=-pragma "opt_dead_assignments off"
29	360.646	86.865	4	97.953	3	94.927	10	80.901	12	opt=-O4,p | inline=-inline smart | pool=-pragma "pool_data on" | str=-str reuse,readonly | fpc=-fp_contract on | lang=-lang=c | cc=GC/1.3.2 | misc=-pragma "opt_dead_assignments off"
29	360.651	86.870	4	97.953	3	94.927	10	80.901	12	opt=-O4,p | inline=-inline deferred | pool=-pragma "pool_data on" | str=-str reuse,readonly | fpc=-fp_contract on | lang=-lang=c | cc=GC/1.3.2 | misc=-pragma "opt_dead_assignments off"
33	387.147	97.657	6	97.953	3	95.857	11	95.680	13	opt=-O4,p | inline=-inline all | pool=-pragma "pool_data on" | str=-str reuse,readonly | fpc=-fp_contract on | lang=-lang=c | cc=GC/1.3.2 | misc=-pragma "opt_dead_assignments off"
33	384.916	95.426	6	97.953	3	95.857	11	95.680	13	opt=-O4,p | inline=-inline auto,deferred | pool= | str=-str reuse,readonly | fpc=-fp_contract on | lang=-lang=c | cc=GC/1.3.2 | misc=-pragma "opt_dead_assignments off"
33	387.147	97.657	6	97.953	3	95.857	11	95.680	13	opt=-O4,p | inline=-inline auto,deferred | pool=-pragma "pool_data on" | str=-str noreuse | fpc=-fp_contract on | lang=-lang=c | cc=GC/1.3.2 | misc=-pragma "opt_dead_assignments off"
33	387.147	97.657	6	97.953	3	95.857	11	95.680	13	opt=-O4,p | inline=-inline auto,deferred | pool=-pragma "pool_data on" | str=-str reuse | fpc=-fp_contract on | lang=-lang=c | cc=GC/1.3.2 | misc=-pragma "opt_dead_assignments off"
-1	-1.000	ERR	ERR	ERR	ERR	ERR	ERR	ERR	ERR	opt=-O4,p | inline=-inline auto | pool= | str=-str noreuse | fpc=-fp_contract off | lang=-lang=c++ | cc=GC/3.0a3 | misc=-pragma "opt_propagation off"
-1	-1.000	ERR	ERR	ERR	ERR	ERR	ERR	ERR	ERR	opt=-O3,p | inline=-inline auto | pool= | str=-str noreuse | fpc=-fp_contract off | lang=-lang=c++ | cc=GC/3.0a3 | misc=-pragma "opt_propagation off"
-1	-1.000	ERR	ERR	ERR	ERR	ERR	ERR	ERR	ERR	opt=-O4,p -opt nopeephole | inline=-inline auto | pool= | str=-str noreuse | fpc=-fp_contract off | lang=-lang=c++ | cc=GC/3.0a3 | misc=-pragma "opt_propagation off"
-1	-1.000	ERR	ERR	ERR	ERR	ERR	ERR	ERR	ERR	opt=-O4,s | inline=-inline auto | pool= | str=-str noreuse | fpc=-fp_contract off | lang=-lang=c++ | cc=GC/3.0a3 | misc=-pragma "opt_propagation off"
-1	-1.000	ERR	ERR	ERR	ERR	ERR	ERR	ERR	ERR	opt=-O3,s | inline=-inline auto | pool= | str=-str noreuse | fpc=-fp_contract off | lang=-lang=c++ | cc=GC/3.0a3 | misc=-pragma "opt_propagation off"
-1	-1.000	ERR	ERR	ERR	ERR	ERR	ERR	ERR	ERR	opt=-O4,p -opt noloop | inline=-inline auto | pool= | str=-str noreuse | fpc=-fp_contract off | lang=-lang=c++ | cc=GC/3.0a3 | misc=-pragma "opt_propagation off"
-1	-1.000	ERR	ERR	ERR	ERR	ERR	ERR	ERR	ERR	opt=-O2,p | inline=-inline auto | pool= | str=-str noreuse | fpc=-fp_contract off | lang=-lang=c++ | cc=GC/3.0a3 | misc=-pragma "opt_propagation off"
-1	-1.000	ERR	ERR	ERR	ERR	ERR	ERR	ERR	ERR	opt=-O4,p -opt nocse | inline=-inline auto | pool= | str=-str noreuse | fpc=-fp_contract off | lang=-lang=c++ | cc=GC/3.0a3 | misc=-pragma "opt_propagation off"
-1	-1.000	ERR	ERR	ERR	ERR	ERR	ERR	ERR	ERR	opt=-O4,p -opt nolifetimes | inline=-inline auto | pool= | str=-str noreuse | fpc=-fp_contract off | lang=-lang=c++ | cc=GC/3.0a3 | misc=-pragma "opt_propagation off"
-1	-1.000	ERR	ERR	ERR	ERR	ERR	ERR	ERR	ERR	opt=-O4,p -opt noschedule | inline=-inline auto | pool= | str=-str noreuse | fpc=-fp_contract off | lang=-lang=c++ | cc=GC/3.0a3 | misc=-pragma "opt_propagation off"
-1	-1.000	ERR	ERR	ERR	ERR	ERR	ERR	ERR	ERR	opt=-O4,p -opt nopropagation | inline=-inline auto | pool= | str=-str noreuse | fpc=-fp_contract off | lang=-lang=c++ | cc=GC/3.0a3 | misc=-pragma "opt_propagation off"
-1	-1.000	ERR	ERR	ERR	ERR	ERR	ERR	ERR	ERR	opt=-O3,s | inline=-inline smart | pool= | str=-str noreuse | fpc=-fp_contract off | lang=-lang=c++ | cc=GC/3.0a3 | misc=-pragma "opt_propagation off"
-1	-1.000	ERR	ERR	ERR	ERR	ERR	ERR	ERR	ERR	opt=-O3,s | inline=-inline auto,deferred | pool= | str=-str noreuse | fpc=-fp_contract off | lang=-lang=c++ | cc=GC/3.0a3 | misc=-pragma "opt_propagation off"
-1	-1.000	ERR	ERR	ERR	ERR	ERR	ERR	ERR	ERR	opt=-O3,s | inline=-inline off | pool= | str=-str noreuse | fpc=-fp_contract off | lang=-lang=c++ | cc=GC/3.0a3 | misc=-pragma "opt_propagation off"
-1	-1.000	ERR	ERR	ERR	ERR	ERR	ERR	ERR	ERR	opt=-O3,s | inline=-inline deferred | pool= | str=-str noreuse | fpc=-fp_contract off | lang=-lang=c++ | cc=GC/3.0a3 | misc=-pragma "opt_propagation off"
-1	-1.000	ERR	ERR	ERR	ERR	ERR	ERR	ERR	ERR	opt=-O3,s | inline=-inline all | pool= | str=-str noreuse | fpc=-fp_contract off | lang=-lang=c++ | cc=GC/3.0a3 | misc=-pragma "opt_propagation off"
-1	-1.000	ERR	ERR	ERR	ERR	ERR	ERR	ERR	ERR	opt=-O3,s | inline=-inline auto | pool=-pragma "pool_data on" | str=-str noreuse | fpc=-fp_contract off | lang=-lang=c++ | cc=GC/3.0a3 | misc=-pragma "opt_propagation off"
-1	-1.000	ERR	ERR	ERR	ERR	ERR	ERR	ERR	ERR	opt=-O3,s | inline=-inline auto | pool= | str=-str reuse | fpc=-fp_contract off | lang=-lang=c++ | cc=GC/3.0a3 | misc=-pragma "opt_propagation off"
-1	-1.000	ERR	ERR	ERR	ERR	ERR	ERR	ERR	ERR	opt=-O3,s | inline=-inline auto | pool= | str=-str reuse,readonly | fpc=-fp_contract off | lang=-lang=c++ | cc=GC/3.0a3 | misc=-pragma "opt_propagation off"
-1	-1.000	ERR	ERR	ERR	ERR	ERR	ERR	ERR	ERR	opt=-O3,s | inline=-inline auto | pool= | str=-str readonly | fpc=-fp_contract off | lang=-lang=c++ | cc=GC/3.0a3 | misc=-pragma "opt_propagation off"
-1	-1.000	ERR	ERR	ERR	ERR	ERR	ERR	ERR	ERR	opt=-O3,s | inline=-inline auto | pool= | str=-str noreuse | fpc=-fp_contract on | lang=-lang=c++ | cc=GC/3.0a3 | misc=-pragma "opt_propagation off"
10	252.130	58.407	1	67.052	0	62.533	5	64.137	4	opt=-O3,s | inline=-inline auto | pool= | str=-str noreuse | fpc=-fp_contract off | lang=-lang=c | cc=GC/3.0a3 | misc=-pragma "opt_propagation off"
10	252.130	58.407	1	67.052	0	62.533	5	64.137	4	opt=-O3,s | inline=-inline auto | pool= | str=-str noreuse | fpc=-fp_contract off | lang=-lang=c | cc=GC/1.3.2 | misc=-pragma "opt_propagation off"
10	252.130	58.407	1	67.052	0	62.533	5	64.137	4	opt=-O3,s | inline=-inline auto | pool= | str=-str noreuse | fpc=-fp_contract off | lang=-lang=c | cc=GC/2.5 | misc=-pragma "opt_propagation off"
10	252.130	58.407	1	67.052	0	62.533	5	64.137	4	opt=-O3,s | inline=-inline auto | pool= | str=-str noreuse | fpc=-fp_contract off | lang=-lang=c | cc=GC/1.1 | misc=-pragma "opt_propagation off"
10	252.130	58.407	1	67.052	0	62.533	5	64.137	4	opt=-O3,s | inline=-inline auto | pool= | str=-str noreuse | fpc=-fp_contract off | lang=-lang=c | cc=GC/1.2.5 | misc=-pragma "opt_propagation off"
10	252.130	58.407	1	67.052	0	62.533	5	64.137	4	opt=-O3,s | inline=-inline auto | pool= | str=-str noreuse | fpc=-fp_contract off | lang=-lang=c | cc=GC/3.0a5 | misc=-pragma "opt_propagation off"
10	252.090	58.265	1	67.135	0	62.592	5	64.098	4	opt=-O3,s | inline=-inline auto | pool= | str=-str noreuse | fpc=-fp_contract off | lang=-lang=c | cc=GC/3.0a3 | misc=
10	252.090	58.265	1	67.135	0	62.592	5	64.098	4	opt=-O3,s | inline=-inline auto | pool= | str=-str noreuse | fpc=-fp_contract off | lang=-lang=c | cc=GC/3.0a3 | misc=-pragma "scheduling off"
10	252.271	58.407	1	67.135	0	62.592	5	64.137	4	opt=-O3,s | inline=-inline auto | pool= | str=-str noreuse | fpc=-fp_contract off | lang=-lang=c | cc=GC/3.0a3 | misc=-pragma "opt_dead_assignments off"
10	247.691	57.643	1	66.763	0	61.140	5	62.144	4	opt=-O3,s | inline=-inline auto | pool= | str=-str noreuse | fpc=-fp_contract off | lang=-lang=c | cc=GC/3.0a3 | misc=-pragma "opt_common_subs off"
8	243.966	56.016	1	64.946	0	61.836	5	61.168	2	opt=-O3,s | inline=-inline auto | pool= | str=-str noreuse | fpc=-fp_contract off | lang=-lang=c | cc=GC/3.0a3 | misc=-pragma "peephole off"
10	251.463	58.265	1	66.496	0	62.430	5	64.273	4	opt=-O3,s | inline=-inline auto | pool= | str=-str noreuse | fpc=-fp_contract off | lang=-lang=c | cc=GC/3.0a3 | misc=-pragma "opt_lifetimes off"
10	234.659	52.406	1	63.540	0	61.543	5	57.171	4	opt=-O2,p | inline=-inline auto | pool= | str=-str noreuse | fpc=-fp_contract off | lang=-lang=c | cc=GC/3.0a3 | misc=-pragma "opt_dead_assignments off"
14	339.587	83.101	1	88.983	0	86.928	6	80.574	7	opt=-O4,s | inline=-inline auto | pool= | str=-str noreuse | fpc=-fp_contract off | lang=-lang=c | cc=GC/3.0a3 | misc=-pragma "opt_dead_assignments off"
10	282.980	66.661	1	71.402	0	69.290	5	75.626	4	opt=-O3,p | inline=-inline auto | pool= | str=-str noreuse | fpc=-fp_contract off | lang=-lang=c | cc=GC/3.0a3 | misc=-pragma "opt_dead_assignments off"
20	379.111	94.962	2	97.225	2	94.243	9	92.681	7	opt=-O4,p -opt nopropagation | inline=-inline auto | pool= | str=-str noreuse | fpc=-fp_contract off | lang=-lang=c | cc=GC/3.0a3 | misc=-pragma "opt_dead_assignments off"
11	356.935	89.094	2	91.715	0	91.273	6	84.851	3	opt=-O4,p -opt nopeephole | inline=-inline auto | pool= | str=-str noreuse | fpc=-fp_contract off | lang=-lang=c | cc=GC/3.0a3 | misc=-pragma "opt_dead_assignments off"
33	384.840	95.426	6	97.953	3	95.781	11	95.680	13	opt=-O4,p | inline=-inline auto | pool= | str=-str noreuse | fpc=-fp_contract off | lang=-lang=c | cc=GC/3.0a3 | misc=-pragma "opt_dead_assignments off"
27	377.482	92.858	4	97.353	3	94.096	10	93.174	10	opt=-O4,p -opt noloop | inline=-inline auto | pool= | str=-str noreuse | fpc=-fp_contract off | lang=-lang=c | cc=GC/3.0a3 | misc=-pragma "opt_dead_assignments off"
10	283.161	66.648	1	71.436	0	69.539	5	75.538	4	opt=-O4,p -opt noschedule | inline=-inline auto | pool= | str=-str noreuse | fpc=-fp_contract off | lang=-lang=c | cc=GC/3.0a3 | misc=-pragma "opt_dead_assignments off"
28	377.962	95.037	4	97.449	3	91.943	10	93.533	11	opt=-O4,p -opt nocse | inline=-inline auto | pool= | str=-str noreuse | fpc=-fp_contract off | lang=-lang=c | cc=GC/3.0a3 | misc=-pragma "opt_dead_assignments off"
32	382.072	95.426	6	96.342	3	95.437	10	94.868	13	opt=-O4,p -opt nolifetimes | inline=-inline auto | pool= | str=-str noreuse | fpc=-fp_contract off | lang=-lang=c | cc=GC/3.0a3 | misc=-pragma "opt_dead_assignments off"
27	315.756	61.719	4	95.985	2	85.757	10	72.296	11	opt=-O4,p | inline=-inline off | pool= | str=-str noreuse | fpc=-fp_contract off | lang=-lang=c | cc=GC/3.0a3 | misc=-pragma "opt_dead_assignments off"
29	359.262	85.556	4	97.953	3	94.851	10	80.901	12	opt=-O4,p | inline=-inline smart | pool= | str=-str noreuse | fpc=-fp_contract off | lang=-lang=c | cc=GC/3.0a3 | misc=-pragma "opt_dead_assignments off"
33	384.840	95.426	6	97.953	3	95.781	11	95.680	13	opt=-O4,p | inline=-inline auto,deferred | pool= | str=-str noreuse | fpc=-fp_contract off | lang=-lang=c | cc=GC/3.0a3 | misc=-pragma "opt_dead_assignments off"
33	384.840	95.426	6	97.953	3	95.781	11	95.680	13	opt=-O4,p | inline=-inline all | pool= | str=-str noreuse | fpc=-fp_contract off | lang=-lang=c | cc=GC/3.0a3 | misc=-pragma "opt_dead_assignments off"
29	359.262	85.556	4	97.953	3	94.851	10	80.901	12	opt=-O4,p | inline=-inline deferred | pool= | str=-str noreuse | fpc=-fp_contract off | lang=-lang=c | cc=GC/3.0a3 | misc=-pragma "opt_dead_assignments off"
33	387.071	97.657	6	97.953	3	95.781	11	95.680	13	opt=-O4,p | inline=-inline auto | pool=-pragma "pool_data on" | str=-str noreuse | fpc=-fp_contract off | lang=-lang=c | cc=GC/3.0a3 | misc=-pragma "opt_dead_assignments off"
33	387.071	97.657	6	97.953	3	95.781	11	95.680	13	opt=-O4,p | inline=-inline auto | pool=-pragma "pool_data on" | str=-str reuse | fpc=-fp_contract off | lang=-lang=c | cc=GC/3.0a3 | misc=-pragma "opt_dead_assignments off"
33	387.071	97.657	6	97.953	3	95.781	11	95.680	13	opt=-O4,p | inline=-inline auto | pool=-pragma "pool_data on" | str=-str reuse,readonly | fpc=-fp_contract off | lang=-lang=c | cc=GC/3.0a3 | misc=-pragma "opt_dead_assignments off"
33	387.071	97.657	6	97.953	3	95.781	11	95.680	13	opt=-O4,p | inline=-inline auto | pool=-pragma "pool_data on" | str=-str readonly | fpc=-fp_contract off | lang=-lang=c | cc=GC/3.0a3 | misc=-pragma "opt_dead_assignments off"
-1	-1.000	ERR	ERR	ERR	ERR	ERR	ERR	ERR	ERR	opt=-O4,p | inline=-inline auto | pool=-pragma "pool_data on" | str=-str noreuse | fpc=-fp_contract on | lang=-lang=c++ | cc=GC/3.0a3 | misc=-pragma "opt_dead_assignments off"
33	385.049	95.597	6	97.991	3	95.781	11	95.680	13	opt=-O4,p | inline=-inline auto,deferred | pool= | str=-str reuse,readonly | fpc=-fp_contract off | lang=-lang=c | cc=GC/2.5 | misc=
10	234.659	52.406	1	63.540	0	61.543	5	57.171	4	opt=-O2,p | inline=-inline auto,deferred | pool= | str=-str reuse,readonly | fpc=-fp_contract off | lang=-lang=c | cc=GC/2.5 | misc=
10	252.090	58.265	1	67.135	0	62.592	5	64.098	4	opt=-O3,s | inline=-inline auto,deferred | pool= | str=-str reuse,readonly | fpc=-fp_contract off | lang=-lang=c | cc=GC/2.5 | misc=
10	282.799	66.519	1	71.402	0	69.290	5	75.587	4	opt=-O3,p | inline=-inline auto,deferred | pool= | str=-str reuse,readonly | fpc=-fp_contract off | lang=-lang=c | cc=GC/2.5 | misc=
14	339.796	83.272	1	89.021	0	86.928	6	80.574	7	opt=-O4,s | inline=-inline auto,deferred | pool= | str=-str reuse,readonly | fpc=-fp_contract off | lang=-lang=c | cc=GC/2.5 | misc=
10	282.912	66.501	1	71.374	0	69.539	5	75.499	4	opt=-O4,p -opt noschedule | inline=-inline auto,deferred | pool= | str=-str reuse,readonly | fpc=-fp_contract off | lang=-lang=c | cc=GC/2.5 | misc=
20	379.111	94.962	2	97.225	2	94.243	9	92.681	7	opt=-O4,p -opt nopropagation | inline=-inline auto,deferred | pool= | str=-str reuse,readonly | fpc=-fp_contract off | lang=-lang=c | cc=GC/2.5 | misc=
11	356.908	89.060	2	91.723	0	91.273	6	84.851	3	opt=-O4,p -opt nopeephole | inline=-inline auto,deferred | pool= | str=-str reuse,readonly | fpc=-fp_contract off | lang=-lang=c | cc=GC/2.5 | misc=
28	378.011	95.078	4	97.456	3	91.943	10	93.533	11	opt=-O4,p -opt nocse | inline=-inline auto,deferred | pool= | str=-str reuse,readonly | fpc=-fp_contract off | lang=-lang=c | cc=GC/2.5 | misc=
32	382.239	95.597	6	96.338	3	95.437	10	94.868	13	opt=-O4,p -opt nolifetimes | inline=-inline auto,deferred | pool= | str=-str reuse,readonly | fpc=-fp_contract off | lang=-lang=c | cc=GC/2.5 | misc=
27	377.690	93.029	4	97.391	3	94.096	10	93.174	10	opt=-O4,p -opt noloop | inline=-inline auto,deferred | pool= | str=-str reuse,readonly | fpc=-fp_contract off | lang=-lang=c | cc=GC/2.5 | misc=
29	359.470	85.727	4	97.991	3	94.851	10	80.901	12	opt=-O4,p | inline=-inline smart | pool= | str=-str reuse,readonly | fpc=-fp_contract off | lang=-lang=c | cc=GC/2.5 | misc=
27	315.760	61.684	4	96.022	2	85.757	10	72.296	11	opt=-O4,p | inline=-inline off | pool= | str=-str reuse,readonly | fpc=-fp_contract off | lang=-lang=c | cc=GC/2.5 | misc=
29	359.470	85.727	4	97.991	3	94.851	10	80.901	12	opt=-O4,p | inline=-inline deferred | pool= | str=-str reuse,readonly | fpc=-fp_contract off | lang=-lang=c | cc=GC/2.5 | misc=
33	385.049	95.597	6	97.991	3	95.781	11	95.680	13	opt=-O4,p | inline=-inline auto | pool= | str=-str reuse,readonly | fpc=-fp_contract off | lang=-lang=c | cc=GC/2.5 | misc=
33	385.049	95.597	6	97.991	3	95.781	11	95.680	13	opt=-O4,p | inline=-inline all | pool= | str=-str reuse,readonly | fpc=-fp_contract off | lang=-lang=c | cc=GC/2.5 | misc=
-1	-1.000	ERR	ERR	ERR	ERR	ERR	ERR	ERR	ERR	opt=-O4,p | inline=-inline all | pool=-pragma "pool_data on" | str=-str noreuse | fpc=-fp_contract off | lang=-lang=c++ | cc=GC/1.1 | misc=
-1	-1.000	ERR	ERR	ERR	ERR	ERR	ERR	ERR	ERR	opt=-O3,p | inline=-inline all | pool=-pragma "pool_data on" | str=-str noreuse | fpc=-fp_contract off | lang=-lang=c++ | cc=GC/1.1 | misc=
-1	-1.000	ERR	ERR	ERR	ERR	ERR	ERR	ERR	ERR	opt=-O4,s | inline=-inline all | pool=-pragma "pool_data on" | str=-str noreuse | fpc=-fp_contract off | lang=-lang=c++ | cc=GC/1.1 | misc=
-1	-1.000	ERR	ERR	ERR	ERR	ERR	ERR	ERR	ERR	opt=-O3,s | inline=-inline all | pool=-pragma "pool_data on" | str=-str noreuse | fpc=-fp_contract off | lang=-lang=c++ | cc=GC/1.1 | misc=
-1	-1.000	ERR	ERR	ERR	ERR	ERR	ERR	ERR	ERR	opt=-O2,p | inline=-inline all | pool=-pragma "pool_data on" | str=-str noreuse | fpc=-fp_contract off | lang=-lang=c++ | cc=GC/1.1 | misc=
-1	-1.000	ERR	ERR	ERR	ERR	ERR	ERR	ERR	ERR	opt=-O4,p -opt nocse | inline=-inline all | pool=-pragma "pool_data on" | str=-str noreuse | fpc=-fp_contract off | lang=-lang=c++ | cc=GC/1.1 | misc=
-1	-1.000	ERR	ERR	ERR	ERR	ERR	ERR	ERR	ERR	opt=-O4,p -opt nopropagation | inline=-inline all | pool=-pragma "pool_data on" | str=-str noreuse | fpc=-fp_contract off | lang=-lang=c++ | cc=GC/1.1 | misc=
-1	-1.000	ERR	ERR	ERR	ERR	ERR	ERR	ERR	ERR	opt=-O4,p -opt nolifetimes | inline=-inline all | pool=-pragma "pool_data on" | str=-str noreuse | fpc=-fp_contract off | lang=-lang=c++ | cc=GC/1.1 | misc=
-1	-1.000	ERR	ERR	ERR	ERR	ERR	ERR	ERR	ERR	opt=-O4,p -opt noschedule | inline=-inline all | pool=-pragma "pool_data on" | str=-str noreuse | fpc=-fp_contract off | lang=-lang=c++ | cc=GC/1.1 | misc=
-1	-1.000	ERR	ERR	ERR	ERR	ERR	ERR	ERR	ERR	opt=-O4,p -opt noloop | inline=-inline all | pool=-pragma "pool_data on" | str=-str noreuse | fpc=-fp_contract off | lang=-lang=c++ | cc=GC/1.1 | misc=
-1	-1.000	ERR	ERR	ERR	ERR	ERR	ERR	ERR	ERR	opt=-O4,p -opt nopeephole | inline=-inline all | pool=-pragma "pool_data on" | str=-str noreuse | fpc=-fp_contract off | lang=-lang=c++ | cc=GC/1.1 | misc=
-1	-1.000	ERR	ERR	ERR	ERR	ERR	ERR	ERR	ERR	opt=-O2,p | inline=-inline smart | pool=-pragma "pool_data on" | str=-str noreuse | fpc=-fp_contract off | lang=-lang=c++ | cc=GC/1.1 | misc=
-1	-1.000	ERR	ERR	ERR	ERR	ERR	ERR	ERR	ERR	opt=-O2,p | inline=-inline auto | pool=-pragma "pool_data on" | str=-str noreuse | fpc=-fp_contract off | lang=-lang=c++ | cc=GC/1.1 | misc=
-1	-1.000	ERR	ERR	ERR	ERR	ERR	ERR	ERR	ERR	opt=-O2,p | inline=-inline off | pool=-pragma "pool_data on" | str=-str noreuse | fpc=-fp_contract off | lang=-lang=c++ | cc=GC/1.1 | misc=
-1	-1.000	ERR	ERR	ERR	ERR	ERR	ERR	ERR	ERR	opt=-O2,p | inline=-inline deferred | pool=-pragma "pool_data on" | str=-str noreuse | fpc=-fp_contract off | lang=-lang=c++ | cc=GC/1.1 | misc=
-1	-1.000	ERR	ERR	ERR	ERR	ERR	ERR	ERR	ERR	opt=-O2,p | inline=-inline auto,deferred | pool=-pragma "pool_data on" | str=-str noreuse | fpc=-fp_contract off | lang=-lang=c++ | cc=GC/1.1 | misc=
-1	-1.000	ERR	ERR	ERR	ERR	ERR	ERR	ERR	ERR	opt=-O2,p | inline=-inline all | pool= | str=-str noreuse | fpc=-fp_contract off | lang=-lang=c++ | cc=GC/1.1 | misc=
-1	-1.000	ERR	ERR	ERR	ERR	ERR	ERR	ERR	ERR	opt=-O2,p | inline=-inline all | pool=-pragma "pool_data on" | str=-str reuse | fpc=-fp_contract off | lang=-lang=c++ | cc=GC/1.1 | misc=
-1	-1.000	ERR	ERR	ERR	ERR	ERR	ERR	ERR	ERR	opt=-O2,p | inline=-inline all | pool=-pragma "pool_data on" | str=-str reuse,readonly | fpc=-fp_contract off | lang=-lang=c++ | cc=GC/1.1 | misc=
-1	-1.000	ERR	ERR	ERR	ERR	ERR	ERR	ERR	ERR	opt=-O2,p | inline=-inline all | pool=-pragma "pool_data on" | str=-str readonly | fpc=-fp_contract off | lang=-lang=c++ | cc=GC/1.1 | misc=
-1	-1.000	ERR	ERR	ERR	ERR	ERR	ERR	ERR	ERR	opt=-O2,p | inline=-inline all | pool=-pragma "pool_data on" | str=-str noreuse | fpc=-fp_contract on | lang=-lang=c++ | cc=GC/1.1 | misc=
10	235.288	53.034	1	63.540	0	61.543	5	57.171	4	opt=-O2,p | inline=-inline all | pool=-pragma "pool_data on" | str=-str noreuse | fpc=-fp_contract off | lang=-lang=c | cc=GC/1.1 | misc=
10	235.288	53.034	1	63.540	0	61.543	5	57.171	4	opt=-O2,p | inline=-inline all | pool=-pragma "pool_data on" | str=-str noreuse | fpc=-fp_contract off | lang=-lang=c | cc=GC/2.5 | misc=
10	235.288	53.034	1	63.540	0	61.543	5	57.171	4	opt=-O2,p | inline=-inline all | pool=-pragma "pool_data on" | str=-str noreuse | fpc=-fp_contract off | lang=-lang=c | cc=GC/1.2.5 | misc=
10	235.288	53.034	1	63.540	0	61.543	5	57.171	4	opt=-O2,p | inline=-inline all | pool=-pragma "pool_data on" | str=-str noreuse | fpc=-fp_contract off | lang=-lang=c | cc=GC/1.3.2 | misc=
10	235.288	53.034	1	63.540	0	61.543	5	57.171	4	opt=-O2,p | inline=-inline all | pool=-pragma "pool_data on" | str=-str noreuse | fpc=-fp_contract off | lang=-lang=c | cc=GC/3.0a3 | misc=
10	235.288	53.034	1	63.540	0	61.543	5	57.171	4	opt=-O2,p | inline=-inline all | pool=-pragma "pool_data on" | str=-str noreuse | fpc=-fp_contract off | lang=-lang=c | cc=GC/3.0a5 | misc=
10	234.994	53.034	1	63.365	0	61.511	5	57.084	4	opt=-O2,p | inline=-inline all | pool=-pragma "pool_data on" | str=-str noreuse | fpc=-fp_contract off | lang=-lang=c | cc=GC/1.1 | misc=-pragma "opt_propagation off"
10	235.288	53.034	1	63.540	0	61.543	5	57.171	4	opt=-O2,p | inline=-inline all | pool=-pragma "pool_data on" | str=-str noreuse | fpc=-fp_contract off | lang=-lang=c | cc=GC/1.1 | misc=-pragma "scheduling off"
10	235.288	53.034	1	63.540	0	61.543	5	57.171	4	opt=-O2,p | inline=-inline all | pool=-pragma "pool_data on" | str=-str noreuse | fpc=-fp_contract off | lang=-lang=c | cc=GC/1.1 | misc=-pragma "opt_dead_assignments off"
10	232.165	52.473	1	62.804	0	61.002	5	55.886	4	opt=-O2,p | inline=-inline all | pool=-pragma "pool_data on" | str=-str noreuse | fpc=-fp_contract off | lang=-lang=c | cc=GC/1.1 | misc=-pragma "opt_common_subs off"
10	235.288	53.034	1	63.540	0	61.543	5	57.171	4	opt=-O2,p | inline=-inline all | pool=-pragma "pool_data on" | str=-str noreuse | fpc=-fp_contract off | lang=-lang=c | cc=GC/1.1 | misc=-pragma "opt_lifetimes off"
8	226.529	51.362	1	61.137	0	59.921	5	54.108	2	opt=-O2,p | inline=-inline all | pool=-pragma "pool_data on" | str=-str noreuse | fpc=-fp_contract off | lang=-lang=c | cc=GC/1.1 | misc=-pragma "peephole off"
10	252.710	58.885	1	67.135	0	62.592	5	64.098	4	opt=-O3,s | inline=-inline all | pool=-pragma "pool_data on" | str=-str noreuse | fpc=-fp_contract off | lang=-lang=c | cc=GC/1.1 | misc=
10	283.419	67.139	1	71.402	0	69.290	5	75.587	4	opt=-O3,p | inline=-inline all | pool=-pragma "pool_data on" | str=-str noreuse | fpc=-fp_contract off | lang=-lang=c | cc=GC/1.1 | misc=
14	341.637	85.113	1	89.021	0	86.928	6	80.574	7	opt=-O4,s | inline=-inline all | pool=-pragma "pool_data on" | str=-str noreuse | fpc=-fp_contract off | lang=-lang=c | cc=GC/1.1 | misc=
33	387.280	97.828	6	97.991	3	95.781	11	95.680	13	opt=-O4,p | inline=-inline all | pool=-pragma "pool_data on" | str=-str noreuse | fpc=-fp_contract off | lang=-lang=c | cc=GC/1.1 | misc=
20	381.328	97.179	2	97.225	2	94.243	9	92.681	7	opt=-O4,p -opt nopropagation | inline=-inline all | pool=-pragma "pool_data on" | str=-str noreuse | fpc=-fp_contract off | lang=-lang=c | cc=GC/1.1 | misc=
10	283.533	67.122	1	71.374	0	69.539	5	75.499	4	opt=-O4,p -opt noschedule | inline=-inline all | pool=-pragma "pool_data on" | str=-str noreuse | fpc=-fp_contract off | lang=-lang=c | cc=GC/1.1 | misc=
28	379.941	97.008	4	97.456	3	91.943	10	93.533	11	opt=-O4,p -opt nocse | inline=-inline all | pool=-pragma "pool_data on" | str=-str noreuse | fpc=-fp_contract off | lang=-lang=c | cc=GC/1.1 | misc=
27	379.907	95.246	4	97.391	3	94.096	10	93.174	10	opt=-O4,p -opt noloop | inline=-inline all | pool=-pragma "pool_data on" | str=-str noreuse | fpc=-fp_contract off | lang=-lang=c | cc=GC/1.1 | misc=
32	384.470	97.828	6	96.338	3	95.437	10	94.868	13	opt=-O4,p -opt nolifetimes | inline=-inline all | pool=-pragma "pool_data on" | str=-str noreuse | fpc=-fp_contract off | lang=-lang=c | cc=GC/1.1 | misc=
11	358.660	90.813	2	91.723	0	91.273	6	84.851	3	opt=-O4,p -opt nopeephole | inline=-inline all | pool=-pragma "pool_data on" | str=-str noreuse | fpc=-fp_contract off | lang=-lang=c | cc=GC/1.1 | misc=
29	360.779	87.036	4	97.991	3	94.851	10	80.901	12	opt=-O4,p | inline=-inline smart | pool=-pragma "pool_data on" | str=-str noreuse | fpc=-fp_contract off | lang=-lang=c | cc=GC/1.1 | misc=
29	360.779	87.036	4	97.991	3	94.851	10	80.901	12	opt=-O4,p | inline=-inline deferred | pool=-pragma "pool_data on" | str=-str noreuse | fpc=-fp_contract off | lang=-lang=c | cc=GC/1.1 | misc=
27	317.068	62.993	4	96.022	2	85.757	10	72.296	11	opt=-O4,p | inline=-inline off | pool=-pragma "pool_data on" | str=-str noreuse | fpc=-fp_contract off | lang=-lang=c | cc=GC/1.1 | misc=
33	387.280	97.828	6	97.991	3	95.781	11	95.680	13	opt=-O4,p | inline=-inline all | pool=-pragma "pool_data on" | str=-str reuse | fpc=-fp_contract off | lang=-lang=c | cc=GC/1.1 | misc=
33	387.280	97.828	6	97.991	3	95.781	11	95.680	13	opt=-O4,p | inline=-inline all | pool=-pragma "pool_data on" | str=-str readonly | fpc=-fp_contract off | lang=-lang=c | cc=GC/1.1 | misc=
33	387.280	97.828	6	97.991	3	95.781	11	95.680	13	opt=-O4,p | inline=-inline all | pool=-pragma "pool_data on" | str=-str reuse,readonly | fpc=-fp_contract off | lang=-lang=c | cc=GC/1.1 | misc=
-1	-1.000	ERR	ERR	ERR	ERR	ERR	ERR	ERR	ERR	opt=-O4,p | inline=-inline all | pool=-pragma "pool_data on" | str=-str noreuse | fpc=-fp_contract on | lang=-lang=c++ | cc=GC/1.1 | misc=
28	380.006	97.008	4	97.456	3	92.008	10	93.533	11	opt=-O4,p | inline=-inline all | pool=-pragma "pool_data on" | str=-str noreuse | fpc=-fp_contract on | lang=-lang=c | cc=GC/1.1 | misc=-pragma "opt_common_subs off"
20	381.404	97.179	2	97.225	2	94.319	9	92.681	7	opt=-O4,p | inline=-inline all | pool=-pragma "pool_data on" | str=-str noreuse | fpc=-fp_contract on | lang=-lang=c | cc=GC/1.1 | misc=-pragma "opt_propagation off"
10	283.601	67.122	1	71.374	0	69.607	5	75.499	4	opt=-O4,p | inline=-inline all | pool=-pragma "pool_data on" | str=-str noreuse | fpc=-fp_contract on | lang=-lang=c | cc=GC/1.1 | misc=-pragma "scheduling off"
32	384.546	97.828	6	96.338	3	95.512	10	94.868	13	opt=-O4,p | inline=-inline all | pool=-pragma "pool_data on" | str=-str noreuse | fpc=-fp_contract on | lang=-lang=c | cc=GC/1.1 | misc=-pragma "opt_lifetimes off"
11	358.736	90.813	2	91.723	0	91.349	6	84.851	3	opt=-O4,p | inline=-inline all | pool=-pragma "pool_data on" | str=-str noreuse | fpc=-fp_contract on | lang=-lang=c | cc=GC/1.1 | misc=-pragma "peephole off"
33	387.147	97.657	6	97.953	3	95.857	11	95.680	13	opt=-O4,p | inline=-inline all | pool=-pragma "pool_data on" | str=-str noreuse | fpc=-fp_contract on | lang=-lang=c | cc=GC/1.1 | misc=-pragma "opt_dead_assignments off"
10	235.360	53.034	1	63.540	0	61.616	5	57.171	4	opt=-O2,p | inline=-inline all | pool=-pragma "pool_data on" | str=-str noreuse | fpc=-fp_contract on | lang=-lang=c | cc=GC/1.1 | misc=
10	252.782	58.885	1	67.135	0	62.664	5	64.098	4	opt=-O3,s | inline=-inline all | pool=-pragma "pool_data on" | str=-str noreuse | fpc=-fp_contract on | lang=-lang=c | cc=GC/1.1 | misc=
28	380.006	97.008	4	97.456	3	92.008	10	93.533	11	opt=-O4,p -opt nocse | inline=-inline all | pool=-pragma "pool_data on" | str=-str noreuse | fpc=-fp_contract on | lang=-lang=c | cc=GC/1.1 | misc=
10	283.488	67.139	1	71.402	0	69.359	5	75.587	4	opt=-O3,p | inline=-inline all | pool=-pragma "pool_data on" | str=-str noreuse | fpc=-fp_contract on | lang=-lang=c | cc=GC/1.1 | misc=
14	341.713	85.113	1	89.021	0	87.004	6	80.574	7	opt=-O4,s | inline=-inline all | pool=-pragma "pool_data on" | str=-str noreuse | fpc=-fp_contract on | lang=-lang=c | cc=GC/1.1 | misc=
20	381.404	97.179	2	97.225	2	94.319	9	92.681	7	opt=-O4,p -opt nopropagation | inline=-inline all | pool=-pragma "pool_data on" | str=-str noreuse | fpc=-fp_contract on | lang=-lang=c | cc=GC/1.1 | misc=
11	358.736	90.813	2	91.723	0	91.349	6	84.851	3	opt=-O4,p -opt nopeephole | inline=-inline all | pool=-pragma "pool_data on" | str=-str noreuse | fpc=-fp_contract on | lang=-lang=c | cc=GC/1.1 | misc=
10	283.601	67.122	1	71.374	0	69.607	5	75.499	4	opt=-O4,p -opt noschedule | inline=-inline all | pool=-pragma "pool_data on" | str=-str noreuse | fpc=-fp_contract on | lang=-lang=c | cc=GC/1.1 | misc=
32	384.546	97.828	6	96.338	3	95.512	10	94.868	13	opt=-O4,p -opt nolifetimes | inline=-inline all | pool=-pragma "pool_data on" | str=-str noreuse | fpc=-fp_contract on | lang=-lang=c | cc=GC/1.1 | misc=
27	379.983	95.246	4	97.391	3	94.172	10	93.174	10	opt=-O4,p -opt noloop | inline=-inline all | pool=-pragma "pool_data on" | str=-str noreuse | fpc=-fp_contract on | lang=-lang=c | cc=GC/1.1 | misc=
8	226.529	51.362	1	61.137	0	59.921	5	54.108	2	opt=-O2,p | inline=-inline auto,deferred | pool=-pragma "pool_data on" | str=-str reuse | fpc=-fp_contract off | lang=-lang=c | cc=GC/3.0a3 | misc=-pragma "peephole off"
8	244.586	56.637	1	64.946	0	61.836	5	61.168	2	opt=-O3,s | inline=-inline auto,deferred | pool=-pragma "pool_data on" | str=-str reuse | fpc=-fp_contract off | lang=-lang=c | cc=GC/3.0a3 | misc=-pragma "peephole off"
8	271.893	66.243	1	69.202	0	67.089	5	69.359	2	opt=-O3,p | inline=-inline auto,deferred | pool=-pragma "pool_data on" | str=-str reuse | fpc=-fp_contract off | lang=-lang=c | cc=GC/3.0a3 | misc=-pragma "peephole off"
10	322.805	81.377	1	84.223	0	83.176	6	74.029	3	opt=-O4,s | inline=-inline auto,deferred | pool=-pragma "pool_data on" | str=-str reuse | fpc=-fp_contract off | lang=-lang=c | cc=GC/3.0a3 | misc=-pragma "peephole off"
11	358.660	90.813	2	91.723	0	91.273	6	84.851	3	opt=-O4,p | inline=-inline auto,deferred | pool=-pragma "pool_data on" | str=-str reuse | fpc=-fp_contract off | lang=-lang=c | cc=GC/3.0a3 | misc=-pragma "peephole off"
11	351.912	89.993	2	91.187	0	87.853	6	82.879	3	opt=-O4,p -opt nocse | inline=-inline auto,deferred | pool=-pragma "pool_data on" | str=-str reuse | fpc=-fp_contract off | lang=-lang=c | cc=GC/3.0a3 | misc=-pragma "peephole off"
8	272.102	66.434	1	69.294	0	67.154	5	69.219	2	opt=-O4,p -opt noschedule | inline=-inline auto,deferred | pool=-pragma "pool_data on" | str=-str reuse | fpc=-fp_contract off | lang=-lang=c | cc=GC/3.0a3 | misc=-pragma "peephole off"
10	354.810	90.096	1	91.370	0	90.335	6	83.009	3	opt=-O4,p -opt nopropagation | inline=-inline auto,deferred | pool=-pragma "pool_data on" | str=-str reuse | fpc=-fp_contract off | lang=-lang=c | cc=GC/3.0a3 | misc=-pragma "peephole off"
11	358.660	90.813	2	91.723	0	91.273	6	84.851	3	opt=-O4,p -opt nopeephole | inline=-inline auto,deferred | pool=-pragma "pool_data on" | str=-str reuse | fpc=-fp_contract off | lang=-lang=c | cc=GC/3.0a3 | misc=-pragma "peephole off"
11	356.572	90.813	2	90.320	0	90.957	6	84.483	3	opt=-O4,p -opt nolifetimes | inline=-inline auto,deferred | pool=-pragma "pool_data on" | str=-str reuse | fpc=-fp_contract off | lang=-lang=c | cc=GC/3.0a3 | misc=-pragma "peephole off"
10	352.251	89.180	1	90.997	0	89.778	6	82.296	3	opt=-O4,p -opt noloop | inline=-inline auto,deferred | pool=-pragma "pool_data on" | str=-str reuse | fpc=-fp_contract off | lang=-lang=c | cc=GC/3.0a3 | misc=-pragma "peephole off"
11	295.870	60.587	2	89.764	0	82.123	6	63.396	3	opt=-O4,p | inline=-inline off | pool=-pragma "pool_data on" | str=-str reuse | fpc=-fp_contract off | lang=-lang=c | cc=GC/3.0a3 | misc=-pragma "peephole off"
11	334.160	81.115	2	91.723	0	90.354	6	70.968	3	opt=-O4,p | inline=-inline smart | pool=-pragma "pool_data on" | str=-str reuse | fpc=-fp_contract off | lang=-lang=c | cc=GC/3.0a3 | misc=-pragma "peephole off"
11	358.660	90.813	2	91.723	0	91.273	6	84.851	3	opt=-O4,p | inline=-inline auto | pool=-pragma "pool_data on" | str=-str reuse | fpc=-fp_contract off | lang=-lang=c | cc=GC/3.0a3 | misc=-pragma "peephole off"
11	358.660	90.813	2	91.723	0	91.273	6	84.851	3	opt=-O4,p | inline=-inline all | pool=-pragma "pool_data on" | str=-str reuse | fpc=-fp_contract off | lang=-lang=c | cc=GC/3.0a3 | misc=-pragma "peephole off"
11	334.160	81.115	2	91.723	0	90.354	6	70.968	3	opt=-O4,p | inline=-inline deferred | pool=-pragma "pool_data on" | str=-str reuse | fpc=-fp_contract off | lang=-lang=c | cc=GC/3.0a3 | misc=-pragma "peephole off"
11	356.908	89.060	2	91.723	0	91.273	6	84.851	3	opt=-O4,p | inline=-inline auto,deferred | pool= | str=-str reuse | fpc=-fp_contract off | lang=-lang=c | cc=GC/3.0a3 | misc=-pragma "peephole off"
11	358.666	90.818	2	91.723	0	91.273	6	84.851	3	opt=-O4,p | inline=-inline auto,deferred | pool=-pragma "pool_data on" | str=-str reuse,readonly | fpc=-fp_contract off | lang=-lang=c | cc=GC/3.0a3 | misc=-pragma "peephole off"
11	358.660	90.813	2	91.723	0	91.273	6	84.851	3	opt=-O4,p | inline=-inline auto,deferred | pool=-pragma "pool_data on" | str=-str noreuse | fpc=-fp_contract off | lang=-lang=c | cc=GC/3.0a3 | misc=-pragma "peephole off"
11	358.666	90.818	2	91.723	0	91.273	6	84.851	3	opt=-O4,p | inline=-inline auto,deferred | pool=-pragma "pool_data on" | str=-str readonly | fpc=-fp_contract off | lang=-lang=c | cc=GC/3.0a3 | misc=-pragma "peephole off"
-1	-1.000	ERR	ERR	ERR	ERR	ERR	ERR	ERR	ERR	opt=-O4,p | inline=-inline auto,deferred | pool=-pragma "pool_data on" | str=-str reuse,readonly | fpc=-fp_contract on | lang=-lang=c++ | cc=GC/3.0a3 | misc=-pragma "peephole off"
11	358.741	90.818	2	91.723	0	91.349	6	84.851	3	opt=-O4,p | inline=-inline auto,deferred | pool=-pragma "pool_data on" | str=-str reuse,readonly | fpc=-fp_contract on | lang=-lang=c | cc=GC/3.0a5 | misc=-pragma "peephole off"
10	235.288	53.034	1	63.540	0	61.543	5	57.171	4	opt=-O2,p | inline=-inline all | pool=-pragma "pool_data on" | str=-str readonly | fpc=-fp_contract off | lang=-lang=c | cc=GC/3.0a3 | misc=-pragma "scheduling off"
10	252.710	58.885	1	67.135	0	62.592	5	64.098	4	opt=-O3,s | inline=-inline all | pool=-pragma "pool_data on" | str=-str readonly | fpc=-fp_contract off | lang=-lang=c | cc=GC/3.0a3 | misc=-pragma "scheduling off"
10	283.419	67.139	1	71.402	0	69.290	5	75.587	4	opt=-O3,p | inline=-inline all | pool=-pragma "pool_data on" | str=-str readonly | fpc=-fp_contract off | lang=-lang=c | cc=GC/3.0a3 | misc=-pragma "scheduling off"
10	252.443	58.990	1	66.763	0	62.592	5	64.098	4	opt=-O4,s | inline=-inline all | pool=-pragma "pool_data on" | str=-str readonly | fpc=-fp_contract off | lang=-lang=c | cc=GC/3.0a3 | misc=-pragma "scheduling off"
10	278.217	66.876	1	70.925	0	66.654	5	73.763	4	opt=-O4,p -opt nocse | inline=-inline all | pool=-pragma "pool_data on" | str=-str readonly | fpc=-fp_contract off | lang=-lang=c | cc=GC/3.0a3 | misc=-pragma "scheduling off"
8	272.102	66.434	1	69.294	0	67.154	5	69.219	2	opt=-O4,p -opt nopeephole | inline=-inline all | pool=-pragma "pool_data on" | str=-str readonly | fpc=-fp_contract off | lang=-lang=c | cc=GC/3.0a3 | misc=-pragma "scheduling off"
10	283.533	67.122	1	71.374	0	69.539	5	75.499	4	opt=-O4,p | inline=-inline all | pool=-pragma "pool_data on" | str=-str readonly | fpc=-fp_contract off | lang=-lang=c | cc=GC/3.0a3 | misc=-pragma "scheduling off"
10	283.533	67.122	1	71.374	0	69.539	5	75.499	4	opt=-O4,p -opt noschedule | inline=-inline all | pool=-pragma "pool_data on" | str=-str readonly | fpc=-fp_contract off | lang=-lang=c | cc=GC/3.0a3 | misc=-pragma "scheduling off"
10	281.153	66.503	1	71.395	0	69.116	5	74.139	4	opt=-O4,p -opt nopropagation | inline=-inline all | pool=-pragma "pool_data on" | str=-str readonly | fpc=-fp_contract off | lang=-lang=c | cc=GC/3.0a3 | misc=-pragma "scheduling off"
10	278.062	65.590	1	70.857	0	68.301	5	73.314	4	opt=-O4,p -opt noloop | inline=-inline all | pool=-pragma "pool_data on" | str=-str readonly | fpc=-fp_contract off | lang=-lang=c | cc=GC/3.0a3 | misc=-pragma "scheduling off"
10	281.434	67.122	1	69.974	0	69.125	5	75.212	4	opt=-O4,p -opt nolifetimes | inline=-inline all | pool=-pragma "pool_data on" | str=-str readonly | fpc=-fp_contract off | lang=-lang=c | cc=GC/3.0a3 | misc=-pragma "scheduling off"
10	264.567	59.541	1	71.374	0	68.619	5	65.033	4	opt=-O4,p | inline=-inline smart | pool=-pragma "pool_data on" | str=-str readonly | fpc=-fp_contract off | lang=-lang=c | cc=GC/3.0a3 | misc=-pragma "scheduling off"
10	264.567	59.541	1	71.374	0	68.619	5	65.033	4	opt=-O4,p | inline=-inline deferred | pool=-pragma "pool_data on" | str=-str readonly | fpc=-fp_contract off | lang=-lang=c | cc=GC/3.0a3 | misc=-pragma "scheduling off"
10	236.887	44.809	1	70.176	0	63.684	5	58.218	4	opt=-O4,p | inline=-inline off | pool=-pragma "pool_data on" | str=-str readonly | fpc=-fp_contract off | lang=-lang=c | cc=GC/3.0a3 | misc=-pragma "scheduling off"
10	283.533	67.122	1	71.374	0	69.539	5	75.499	4	opt=-O4,p | inline=-inline auto | pool=-pragma "pool_data on" | str=-str readonly | fpc=-fp_contract off | lang=-lang=c | cc=GC/3.0a3 | misc=-pragma "scheduling off"
10	283.533	67.122	1	71.374	0	69.539	5	75.499	4	opt=-O4,p | inline=-inline auto,deferred | pool=-pragma "pool_data on" | str=-str readonly | fpc=-fp_contract off | lang=-lang=c | cc=GC/3.0a3 | misc=-pragma "scheduling off"
10	282.912	66.501	1	71.374	0	69.539	5	75.499	4	opt=-O4,p | inline=-inline all | pool= | str=-str readonly | fpc=-fp_contract off | lang=-lang=c | cc=GC/3.0a3 | misc=-pragma "scheduling off"
10	283.533	67.122	1	71.374	0	69.539	5	75.499	4	opt=-O4,p | inline=-inline all | pool=-pragma "pool_data on" | str=-str reuse,readonly | fpc=-fp_contract off | lang=-lang=c | cc=GC/3.0a3 | misc=-pragma "scheduling off"
10	283.533	67.122	1	71.374	0	69.539	5	75.499	4	opt=-O4,p | inline=-inline all | pool=-pragma "pool_data on" | str=-str reuse | fpc=-fp_contract off | lang=-lang=c | cc=GC/3.0a3 | misc=-pragma "scheduling off"
10	283.533	67.122	1	71.374	0	69.539	5	75.499	4	opt=-O4,p | inline=-inline all | pool=-pragma "pool_data on" | str=-str noreuse | fpc=-fp_contract off | lang=-lang=c | cc=GC/3.0a3 | misc=-pragma "scheduling off"
10	283.601	67.122	1	71.374	0	69.607	5	75.499	4	opt=-O4,p | inline=-inline all | pool=-pragma "pool_data on" | str=-str readonly | fpc=-fp_contract on | lang=-lang=c | cc=GC/3.0a3 | misc=-pragma "scheduling off"
-1	-1.000	ERR	ERR	ERR	ERR	ERR	ERR	ERR	ERR	opt=-O4,p | inline=-inline all | pool=-pragma "pool_data on" | str=-str readonly | fpc=-fp_contract on | lang=-lang=c++ | cc=GC/3.0a3 | misc=-pragma "scheduling off"
10	283.601	67.122	1	71.374	0	69.607	5	75.499	4	opt=-O4,p | inline=-inline all | pool=-pragma "pool_data on" | str=-str readonly | fpc=-fp_contract on | lang=-lang=c | cc=GC/1.2.5 | misc=-pragma "scheduling off"
10	283.601	67.122	1	71.374	0	69.607	5	75.499	4	opt=-O4,p | inline=-inline all | pool=-pragma "pool_data on" | str=-str readonly | fpc=-fp_contract on | lang=-lang=c | cc=GC/1.3.2 | misc=-pragma "scheduling off"
10	283.601	67.122	1	71.374	0	69.607	5	75.499	4	opt=-O4,p | inline=-inline all | pool=-pragma "pool_data on" | str=-str readonly | fpc=-fp_contract on | lang=-lang=c | cc=GC/2.5 | misc=-pragma "scheduling off"
10	283.601	67.122	1	71.374	0	69.607	5	75.499	4	opt=-O4,p | inline=-inline all | pool=-pragma "pool_data on" | str=-str readonly | fpc=-fp_contract on | lang=-lang=c | cc=GC/1.1 | misc=-pragma "scheduling off"
10	283.601	67.122	1	71.374	0	69.607	5	75.499	4	opt=-O4,p | inline=-inline all | pool=-pragma "pool_data on" | str=-str readonly | fpc=-fp_contract on | lang=-lang=c | cc=GC/3.0a5 | misc=-pragma "scheduling off"
20	381.404	97.179	2	97.225	2	94.319	9	92.681	7	opt=-O4,p | inline=-inline all | pool=-pragma "pool_data on" | str=-str readonly | fpc=-fp_contract on | lang=-lang=c | cc=GC/3.0a3 | misc=-pragma "opt_propagation off"
33	387.356	97.828	6	97.991	3	95.857	11	95.680	13	opt=-O4,p | inline=-inline all | pool=-pragma "pool_data on" | str=-str readonly | fpc=-fp_contract on | lang=-lang=c | cc=GC/3.0a3 | misc=
28	380.006	97.008	4	97.456	3	92.008	10	93.533	11	opt=-O4,p | inline=-inline all | pool=-pragma "pool_data on" | str=-str readonly | fpc=-fp_contract on | lang=-lang=c | cc=GC/3.0a3 | misc=-pragma "opt_common_subs off"
33	387.147	97.657	6	97.953	3	95.857	11	95.680	13	opt=-O4,p | inline=-inline all | pool=-pragma "pool_data on" | str=-str readonly | fpc=-fp_contract on | lang=-lang=c | cc=GC/3.0a3 | misc=-pragma "opt_dead_assignments off"
11	358.736	90.813	2	91.723	0	91.349	6	84.851	3	opt=-O4,p | inline=-inline all | pool=-pragma "pool_data on" | str=-str readonly | fpc=-fp_contract on | lang=-lang=c | cc=GC/3.0a3 | misc=-pragma "peephole off"
32	384.546	97.828	6	96.338	3	95.512	10	94.868	13	opt=-O4,p | inline=-inline all | pool=-pragma "pool_data on" | str=-str readonly | fpc=-fp_contract on | lang=-lang=c | cc=GC/3.0a3 | misc=-pragma "opt_lifetimes off"
10	235.360	53.034	1	63.540	0	61.616	5	57.171	4	opt=-O2,p | inline=-inline all | pool=-pragma "pool_data on" | str=-str readonly | fpc=-fp_contract on | lang=-lang=c | cc=GC/3.0a3 | misc=
14	341.713	85.113	1	89.021	0	87.004	6	80.574	7	opt=-O4,s | inline=-inline all | pool=-pragma "pool_data on" | str=-str readonly | fpc=-fp_contract on | lang=-lang=c | cc=GC/3.0a3 | misc=
10	252.782	58.885	1	67.135	0	62.664	5	64.098	4	opt=-O3,s | inline=-inline all | pool=-pragma "pool_data on" | str=-str readonly | fpc=-fp_contract on | lang=-lang=c | cc=GC/3.0a3 | misc=
20	381.404	97.179	2	97.225	2	94.319	9	92.681	7	opt=-O4,p -opt nopropagation | inline=-inline all | pool=-pragma "pool_data on" | str=-str readonly | fpc=-fp_contract on | lang=-lang=c | cc=GC/3.0a3 | misc=
11	358.736	90.813	2	91.723	0	91.349	6	84.851	3	opt=-O4,p -opt nopeephole | inline=-inline all | pool=-pragma "pool_data on" | str=-str readonly | fpc=-fp_contract on | lang=-lang=c | cc=GC/3.0a3 | misc=
28	380.006	97.008	4	97.456	3	92.008	10	93.533	11	opt=-O4,p -opt nocse | inline=-inline all | pool=-pragma "pool_data on" | str=-str readonly | fpc=-fp_contract on | lang=-lang=c | cc=GC/3.0a3 | misc=
27	379.983	95.246	4	97.391	3	94.172	10	93.174	10	opt=-O4,p -opt noloop | inline=-inline all | pool=-pragma "pool_data on" | str=-str readonly | fpc=-fp_contract on | lang=-lang=c | cc=GC/3.0a3 | misc=
10	283.488	67.139	1	71.402	0	69.359	5	75.587	4	opt=-O3,p | inline=-inline all | pool=-pragma "pool_data on" | str=-str readonly | fpc=-fp_contract on | lang=-lang=c | cc=GC/3.0a3 | misc=
32	384.546	97.828	6	96.338	3	95.512	10	94.868	13	opt=-O4,p -opt nolifetimes | inline=-inline all | pool=-pragma "pool_data on" | str=-str readonly | fpc=-fp_contract on | lang=-lang=c | cc=GC/3.0a3 | misc=
10	283.601	67.122	1	71.374	0	69.607	5	75.499	4	opt=-O4,p -opt noschedule | inline=-inline all | pool=-pragma "pool_data on" | str=-str readonly | fpc=-fp_contract on | lang=-lang=c | cc=GC/3.0a3 | misc=
29	360.854	87.036	4	97.991	3	94.927	10	80.901	12	opt=-O4,p | inline=-inline smart | pool=-pragma "pool_data on" | str=-str readonly | fpc=-fp_contract on | lang=-lang=c | cc=GC/3.0a3 | misc=
27	317.144	62.993	4	96.022	2	85.833	10	72.296	11	opt=-O4,p | inline=-inline off | pool=-pragma "pool_data on" | str=-str readonly | fpc=-fp_contract on | lang=-lang=c | cc=GC/3.0a3 | misc=
29	360.860	87.041	4	97.991	3	94.927	10	80.901	12	opt=-O4,p | inline=-inline deferred | pool=-pragma "pool_data on" | str=-str readonly | fpc=-fp_contract on | lang=-lang=c | cc=GC/3.0a3 | misc=
33	385.125	95.597	6	97.991	3	95.857	11	95.680	13	opt=-O4,p | inline=-inline auto,deferred | pool= | str=-str readonly | fpc=-fp_contract on | lang=-lang=c | cc=GC/3.0a3 | misc=
33	387.285	97.833	6	97.991	3	95.781	11	95.680	13	opt=-O4,p | inline=-inline auto,deferred | pool=-pragma "pool_data on" | str=-str readonly | fpc=-fp_contract off | lang=-lang=c | cc=GC/3.0a3 | misc=
-1	-1.000	ERR	ERR	ERR	ERR	ERR	ERR	ERR	ERR	opt=-O4,p | inline=-inline auto,deferred | pool=-pragma "pool_data on" | str=-str readonly | fpc=-fp_contract on | lang=-lang=c++ | cc=GC/3.0a3 | misc=
10	283.601	67.122	1	71.374	0	69.607	5	75.499	4	opt=-O4,p | inline=-inline auto,deferred | pool=-pragma "pool_data on" | str=-str readonly | fpc=-fp_contract on | lang=-lang=c | cc=GC/3.0a3 | misc=-pragma "scheduling off"
11	358.741	90.818	2	91.723	0	91.349	6	84.851	3	opt=-O4,p | inline=-inline auto,deferred | pool=-pragma "pool_data on" | str=-str readonly | fpc=-fp_contract on | lang=-lang=c | cc=GC/3.0a3 | misc=-pragma "peephole off"
32	384.551	97.833	6	96.338	3	95.512	10	94.868	13	opt=-O4,p | inline=-inline auto,deferred | pool=-pragma "pool_data on" | str=-str readonly | fpc=-fp_contract on | lang=-lang=c | cc=GC/3.0a3 | misc=-pragma "opt_lifetimes off"
14	341.718	85.119	1	89.021	0	87.004	6	80.574	7	opt=-O4,s | inline=-inline auto,deferred | pool=-pragma "pool_data on" | str=-str readonly | fpc=-fp_contract on | lang=-lang=c | cc=GC/3.0a3 | misc=
10	235.360	53.034	1	63.540	0	61.616	5	57.171	4	opt=-O2,p | inline=-inline auto,deferred | pool=-pragma "pool_data on" | str=-str readonly | fpc=-fp_contract on | lang=-lang=c | cc=GC/3.0a3 | misc=
10	252.782	58.885	1	67.135	0	62.664	5	64.098	4	opt=-O3,s | inline=-inline auto,deferred | pool=-pragma "pool_data on" | str=-str readonly | fpc=-fp_contract on | lang=-lang=c | cc=GC/3.0a3 | misc=
10	283.488	67.139	1	71.402	0	69.359	5	75.587	4	opt=-O3,p | inline=-inline auto,deferred | pool=-pragma "pool_data on" | str=-str readonly | fpc=-fp_contract on | lang=-lang=c | cc=GC/3.0a3 | misc=
28	380.012	97.014	4	97.456	3	92.008	10	93.533	11	opt=-O4,p -opt nocse | inline=-inline auto,deferred | pool=-pragma "pool_data on" | str=-str readonly | fpc=-fp_contract on | lang=-lang=c | cc=GC/3.0a3 | misc=
20	381.409	97.184	2	97.225	2	94.319	9	92.681	7	opt=-O4,p -opt nopropagation | inline=-inline auto,deferred | pool=-pragma "pool_data on" | str=-str readonly | fpc=-fp_contract on | lang=-lang=c | cc=GC/3.0a3 | misc=
11	358.741	90.818	2	91.723	0	91.349	6	84.851	3	opt=-O4,p -opt nopeephole | inline=-inline auto,deferred | pool=-pragma "pool_data on" | str=-str readonly | fpc=-fp_contract on | lang=-lang=c | cc=GC/3.0a3 | misc=
10	283.601	67.122	1	71.374	0	69.607	5	75.499	4	opt=-O4,p -opt noschedule | inline=-inline auto,deferred | pool=-pragma "pool_data on" | str=-str readonly | fpc=-fp_contract on | lang=-lang=c | cc=GC/3.0a3 | misc=
32	384.551	97.833	6	96.338	3	95.512	10	94.868	13	opt=-O4,p -opt nolifetimes | inline=-inline auto,deferred | pool=-pragma "pool_data on" | str=-str readonly | fpc=-fp_contract on | lang=-lang=c | cc=GC/3.0a3 | misc=
27	379.989	95.251	4	97.391	3	94.172	10	93.174	10	opt=-O4,p -opt noloop | inline=-inline auto,deferred | pool=-pragma "pool_data on" | str=-str readonly | fpc=-fp_contract on | lang=-lang=c | cc=GC/3.0a3 | misc=
-1	-1.000	ERR	ERR	ERR	ERR	ERR	ERR	ERR	ERR	opt=-O4,p | inline=-inline auto | pool= | str=-str readonly | fpc=-fp_contract on | lang=-lang=c++ | cc=GC/2.5 | misc=-pragma "peephole off"
-1	-1.000	ERR	ERR	ERR	ERR	ERR	ERR	ERR	ERR	opt=-O4,s | inline=-inline auto | pool= | str=-str readonly | fpc=-fp_contract on | lang=-lang=c++ | cc=GC/2.5 | misc=-pragma "peephole off"
-1	-1.000	ERR	ERR	ERR	ERR	ERR	ERR	ERR	ERR	opt=-O3,p | inline=-inline auto | pool= | str=-str readonly | fpc=-fp_contract on | lang=-lang=c++ | cc=GC/2.5 | misc=-pragma "peephole off"
-1	-1.000	ERR	ERR	ERR	ERR	ERR	ERR	ERR	ERR	opt=-O4,p -opt nopeephole | inline=-inline auto | pool= | str=-str readonly | fpc=-fp_contract on | lang=-lang=c++ | cc=GC/2.5 | misc=-pragma "peephole off"
-1	-1.000	ERR	ERR	ERR	ERR	ERR	ERR	ERR	ERR	opt=-O4,p -opt nocse | inline=-inline auto | pool= | str=-str readonly | fpc=-fp_contract on | lang=-lang=c++ | cc=GC/2.5 | misc=-pragma "peephole off"
-1	-1.000	ERR	ERR	ERR	ERR	ERR	ERR	ERR	ERR	opt=-O3,s | inline=-inline auto | pool= | str=-str readonly | fpc=-fp_contract on | lang=-lang=c++ | cc=GC/2.5 | misc=-pragma "peephole off"
-1	-1.000	ERR	ERR	ERR	ERR	ERR	ERR	ERR	ERR	opt=-O2,p | inline=-inline auto | pool= | str=-str readonly | fpc=-fp_contract on | lang=-lang=c++ | cc=GC/2.5 | misc=-pragma "peephole off"
-1	-1.000	ERR	ERR	ERR	ERR	ERR	ERR	ERR	ERR	opt=-O4,p -opt noschedule | inline=-inline auto | pool= | str=-str readonly | fpc=-fp_contract on | lang=-lang=c++ | cc=GC/2.5 | misc=-pragma "peephole off"
-1	-1.000	ERR	ERR	ERR	ERR	ERR	ERR	ERR	ERR	opt=-O4,p -opt noloop | inline=-inline auto | pool= | str=-str readonly | fpc=-fp_contract on | lang=-lang=c++ | cc=GC/2.5 | misc=-pragma "peephole off"
-1	-1.000	ERR	ERR	ERR	ERR	ERR	ERR	ERR	ERR	opt=-O4,p -opt nolifetimes | inline=-inline auto | pool= | str=-str readonly | fpc=-fp_contract on | lang=-lang=c++ | cc=GC/2.5 | misc=-pragma "peephole off"
-1	-1.000	ERR	ERR	ERR	ERR	ERR	ERR	ERR	ERR	opt=-O4,p -opt nopropagation | inline=-inline auto | pool= | str=-str readonly | fpc=-fp_contract on | lang=-lang=c++ | cc=GC/2.5 | misc=-pragma "peephole off"
-1	-1.000	ERR	ERR	ERR	ERR	ERR	ERR	ERR	ERR	opt=-O2,p | inline=-inline auto,deferred | pool= | str=-str readonly | fpc=-fp_contract on | lang=-lang=c++ | cc=GC/2.5 | misc=-pragma "peephole off"
-1	-1.000	ERR	ERR	ERR	ERR	ERR	ERR	ERR	ERR	opt=-O2,p | inline=-inline smart | pool= | str=-str readonly | fpc=-fp_contract on | lang=-lang=c++ | cc=GC/2.5 | misc=-pragma "peephole off"
-1	-1.000	ERR	ERR	ERR	ERR	ERR	ERR	ERR	ERR	opt=-O2,p | inline=-inline deferred | pool= | str=-str readonly | fpc=-fp_contract on | lang=-lang=c++ | cc=GC/2.5 | misc=-pragma "peephole off"
-1	-1.000	ERR	ERR	ERR	ERR	ERR	ERR	ERR	ERR	opt=-O2,p | inline=-inline off | pool= | str=-str readonly | fpc=-fp_contract on | lang=-lang=c++ | cc=GC/2.5 | misc=-pragma "peephole off"
-1	-1.000	ERR	ERR	ERR	ERR	ERR	ERR	ERR	ERR	opt=-O2,p | inline=-inline all | pool= | str=-str readonly | fpc=-fp_contract on | lang=-lang=c++ | cc=GC/2.5 | misc=-pragma "peephole off"
-1	-1.000	ERR	ERR	ERR	ERR	ERR	ERR	ERR	ERR	opt=-O2,p | inline=-inline auto | pool=-pragma "pool_data on" | str=-str readonly | fpc=-fp_contract on | lang=-lang=c++ | cc=GC/2.5 | misc=-pragma "peephole off"
-1	-1.000	ERR	ERR	ERR	ERR	ERR	ERR	ERR	ERR	opt=-O2,p | inline=-inline auto | pool= | str=-str reuse | fpc=-fp_contract on | lang=-lang=c++ | cc=GC/2.5 | misc=-pragma "peephole off"
-1	-1.000	ERR	ERR	ERR	ERR	ERR	ERR	ERR	ERR	opt=-O2,p | inline=-inline auto | pool= | str=-str reuse,readonly | fpc=-fp_contract on | lang=-lang=c++ | cc=GC/2.5 | misc=-pragma "peephole off"
-1	-1.000	ERR	ERR	ERR	ERR	ERR	ERR	ERR	ERR	opt=-O2,p | inline=-inline auto | pool= | str=-str noreuse | fpc=-fp_contract on | lang=-lang=c++ | cc=GC/2.5 | misc=-pragma "peephole off"
-1	-1.000	ERR	ERR	ERR	ERR	ERR	ERR	ERR	ERR	opt=-O2,p | inline=-inline auto | pool= | str=-str readonly | fpc=-fp_contract off | lang=-lang=c++ | cc=GC/2.5 | misc=-pragma "peephole off"
8	225.953	50.734	1	61.137	0	59.974	5	54.108	2	opt=-O2,p | inline=-inline auto | pool= | str=-str readonly | fpc=-fp_contract on | lang=-lang=c | cc=GC/2.5 | misc=-pragma "peephole off"
8	225.953	50.734	1	61.137	0	59.974	5	54.108	2	opt=-O2,p | inline=-inline auto | pool= | str=-str readonly | fpc=-fp_contract on | lang=-lang=c | cc=GC/1.3.2 | misc=-pragma "peephole off"
8	225.953	50.734	1	61.137	0	59.974	5	54.108	2	opt=-O2,p | inline=-inline auto | pool= | str=-str readonly | fpc=-fp_contract on | lang=-lang=c | cc=GC/3.0a3 | misc=-pragma "peephole off"
8	225.953	50.734	1	61.137	0	59.974	5	54.108	2	opt=-O2,p | inline=-inline auto | pool= | str=-str readonly | fpc=-fp_contract on | lang=-lang=c | cc=GC/1.2.5 | misc=-pragma "peephole off"
8	225.953	50.734	1	61.137	0	59.974	5	54.108	2	opt=-O2,p | inline=-inline auto | pool= | str=-str readonly | fpc=-fp_contract on | lang=-lang=c | cc=GC/3.0a5 | misc=-pragma "peephole off"
8	225.953	50.734	1	61.137	0	59.974	5	54.108	2	opt=-O2,p | inline=-inline auto | pool= | str=-str readonly | fpc=-fp_contract on | lang=-lang=c | cc=GC/1.1 | misc=-pragma "peephole off"
10	234.732	52.406	1	63.540	0	61.616	5	57.171	4	opt=-O2,p | inline=-inline auto | pool= | str=-str readonly | fpc=-fp_contract on | lang=-lang=c | cc=GC/2.5 | misc=
10	234.732	52.406	1	63.540	0	61.616	5	57.171	4	opt=-O2,p | inline=-inline auto | pool= | str=-str readonly | fpc=-fp_contract on | lang=-lang=c | cc=GC/2.5 | misc=-pragma "scheduling off"
10	231.712	52.051	1	62.804	0	60.972	5	55.886	4	opt=-O2,p | inline=-inline auto | pool= | str=-str readonly | fpc=-fp_contract on | lang=-lang=c | cc=GC/2.5 | misc=-pragma "opt_common_subs off"
10	234.732	52.406	1	63.540	0	61.616	5	57.171	4	opt=-O2,p | inline=-inline auto | pool= | str=-str readonly | fpc=-fp_contract on | lang=-lang=c | cc=GC/2.5 | misc=-pragma "opt_dead_assignments off"
10	234.438	52.406	1	63.365	0	61.583	5	57.084	4	opt=-O2,p | inline=-inline auto | pool= | str=-str readonly | fpc=-fp_contract on | lang=-lang=c | cc=GC/2.5 | misc=-pragma "opt_propagation off"
10	234.732	52.406	1	63.540	0	61.616	5	57.171	4	opt=-O2,p | inline=-inline auto | pool= | str=-str readonly | fpc=-fp_contract on | lang=-lang=c | cc=GC/2.5 | misc=-pragma "opt_lifetimes off"
10	252.162	58.265	1	67.135	0	62.664	5	64.098	4	opt=-O3,s | inline=-inline auto | pool= | str=-str readonly | fpc=-fp_contract on | lang=-lang=c | cc=GC/2.5 | misc=
10	282.867	66.519	1	71.402	0	69.359	5	75.587	4	opt=-O3,p | inline=-inline auto | pool= | str=-str readonly | fpc=-fp_contract on | lang=-lang=c | cc=GC/2.5 | misc=
28	378.076	95.078	4	97.456	3	92.008	10	93.533	11	opt=-O4,p -opt nocse | inline=-inline auto | pool= | str=-str readonly | fpc=-fp_contract on | lang=-lang=c | cc=GC/2.5 | misc=
14	339.871	83.272	1	89.021	0	87.004	6	80.574	7	opt=-O4,s | inline=-inline auto | pool= | str=-str readonly | fpc=-fp_contract on | lang=-lang=c | cc=GC/2.5 | misc=
33	385.125	95.597	6	97.991	3	95.857	11	95.680	13	opt=-O4,p | inline=-inline auto | pool= | str=-str readonly | fpc=-fp_contract on | lang=-lang=c | cc=GC/2.5 | misc=
10	282.981	66.501	1	71.374	0	69.607	5	75.499	4	opt=-O4,p -opt noschedule | inline=-inline auto | pool= | str=-str readonly | fpc=-fp_contract on | lang=-lang=c | cc=GC/2.5 | misc=
32	382.315	95.597	6	96.338	3	95.512	10	94.868	13	opt=-O4,p -opt nolifetimes | inline=-inline auto | pool= | str=-str readonly | fpc=-fp_contract on | lang=-lang=c | cc=GC/2.5 | misc=
11	356.983	89.060	2	91.723	0	91.349	6	84.851	3	opt=-O4,p -opt nopeephole | inline=-inline auto | pool= | str=-str readonly | fpc=-fp_contract on | lang=-lang=c | cc=GC/2.5 | misc=
20	379.187	94.962	2	97.225	2	94.319	9	92.681	7	opt=-O4,p -opt nopropagation | inline=-inline auto | pool= | str=-str readonly | fpc=-fp_contract on | lang=-lang=c | cc=GC/2.5 | misc=
27	377.766	93.029	4	97.391	3	94.172	10	93.174	10	opt=-O4,p -opt noloop | inline=-inline auto | pool= | str=-str readonly | fpc=-fp_contract on | lang=-lang=c | cc=GC/2.5 | misc=
29	359.546	85.727	4	97.991	3	94.927	10	80.901	12	opt=-O4,p | inline=-inline deferred | pool= | str=-str readonly | fpc=-fp_contract on | lang=-lang=c | cc=GC/2.5 | misc=
27	315.835	61.684	4	96.022	2	85.833	10	72.296	11	opt=-O4,p | inline=-inline off | pool= | str=-str readonly | fpc=-fp_contract on | lang=-lang=c | cc=GC/2.5 | misc=
33	385.125	95.597	6	97.991	3	95.857	11	95.680	13	opt=-O4,p | inline=-inline all | pool= | str=-str readonly | fpc=-fp_contract on | lang=-lang=c | cc=GC/2.5 | misc=
-1	-1.000	ERR	ERR	ERR	ERR	ERR	ERR	ERR	ERR	opt=-O4,p | inline=-inline auto | pool=-pragma "pool_data on" | str=-str readonly | fpc=-fp_contract on | lang=-lang=c++ | cc=GC/2.5 | misc=
10	283.601	67.122	1	71.374	0	69.607	5	75.499	4	opt=-O4,p | inline=-inline auto | pool=-pragma "pool_data on" | str=-str readonly | fpc=-fp_contract on | lang=-lang=c | cc=GC/2.5 | misc=-pragma "scheduling off"
20	381.404	97.179	2	97.225	2	94.319	9	92.681	7	opt=-O4,p | inline=-inline auto | pool=-pragma "pool_data on" | str=-str readonly | fpc=-fp_contract on | lang=-lang=c | cc=GC/2.5 | misc=-pragma "opt_propagation off"
32	384.546	97.828	6	96.338	3	95.512	10	94.868	13	opt=-O4,p | inline=-inline auto | pool=-pragma "pool_data on" | str=-str readonly | fpc=-fp_contract on | lang=-lang=c | cc=GC/2.5 | misc=-pragma "opt_lifetimes off"
11	358.736	90.813	2	91.723	0	91.349	6	84.851	3	opt=-O4,p | inline=-inline auto | pool=-pragma "pool_data on" | str=-str readonly | fpc=-fp_contract on | lang=-lang=c | cc=GC/2.5 | misc=-pragma "peephole off"
14	341.713	85.113	1	89.021	0	87.004	6	80.574	7	opt=-O4,s | inline=-inline auto | pool=-pragma "pool_data on" | str=-str readonly | fpc=-fp_contract on | lang=-lang=c | cc=GC/2.5 | misc=
10	252.782	58.885	1	67.135	0	62.664	5	64.098	4	opt=-O3,s | inline=-inline auto | pool=-pragma "pool_data on" | str=-str readonly | fpc=-fp_contract on | lang=-lang=c | cc=GC/2.5 | misc=
10	235.360	53.034	1	63.540	0	61.616	5	57.171	4	opt=-O2,p | inline=-inline auto | pool=-pragma "pool_data on" | str=-str readonly | fpc=-fp_contract on | lang=-lang=c | cc=GC/2.5 | misc=
10	283.488	67.139	1	71.402	0	69.359	5	75.587	4	opt=-O3,p | inline=-inline auto | pool=-pragma "pool_data on" | str=-str readonly | fpc=-fp_contract on | lang=-lang=c | cc=GC/2.5 | misc=
11	358.736	90.813	2	91.723	0	91.349	6	84.851	3	opt=-O4,p -opt nopeephole | inline=-inline auto | pool=-pragma "pool_data on" | str=-str readonly | fpc=-fp_contract on | lang=-lang=c | cc=GC/2.5 | misc=
32	384.546	97.828	6	96.338	3	95.512	10	94.868	13	opt=-O4,p -opt nolifetimes | inline=-inline auto | pool=-pragma "pool_data on" | str=-str readonly | fpc=-fp_contract on | lang=-lang=c | cc=GC/2.5 | misc=
10	283.601	67.122	1	71.374	0	69.607	5	75.499	4	opt=-O4,p -opt noschedule | inline=-inline auto | pool=-pragma "pool_data on" | str=-str readonly | fpc=-fp_contract on | lang=-lang=c | cc=GC/2.5 | misc=
20	381.404	97.179	2	97.225	2	94.319	9	92.681	7	opt=-O4,p -opt nopropagation | inline=-inline auto | pool=-pragma "pool_data on" | str=-str readonly | fpc=-fp_contract on | lang=-lang=c | cc=GC/2.5 | misc=
27	379.983	95.246	4	97.391	3	94.172	10	93.174	10	opt=-O4,p -opt noloop | inline=-inline auto | pool=-pragma "pool_data on" | str=-str readonly | fpc=-fp_contract on | lang=-lang=c | cc=GC/2.5 | misc=
28	380.006	97.008	4	97.456	3	92.008	10	93.533	11	opt=-O4,p -opt nocse | inline=-inline auto | pool=-pragma "pool_data on" | str=-str readonly | fpc=-fp_contract on | lang=-lang=c | cc=GC/2.5 | misc=
-1	-1.000	ERR	ERR	ERR	ERR	ERR	ERR	ERR	ERR	opt=-O4,s | inline=-inline smart | pool=-pragma "pool_data on" | str=-str reuse,readonly | fpc=-fp_contract off | lang=-lang=c++ | cc=GC/2.5 | misc=-pragma "opt_propagation off"
-1	-1.000	ERR	ERR	ERR	ERR	ERR	ERR	ERR	ERR	opt=-O4,p | inline=-inline smart | pool=-pragma "pool_data on" | str=-str reuse,readonly | fpc=-fp_contract off | lang=-lang=c++ | cc=GC/2.5 | misc=-pragma "opt_propagation off"
-1	-1.000	ERR	ERR	ERR	ERR	ERR	ERR	ERR	ERR	opt=-O4,p -opt nopeephole | inline=-inline smart | pool=-pragma "pool_data on" | str=-str reuse,readonly | fpc=-fp_contract off | lang=-lang=c++ | cc=GC/2.5 | misc=-pragma "opt_propagation off"
-1	-1.000	ERR	ERR	ERR	ERR	ERR	ERR	ERR	ERR	opt=-O3,s | inline=-inline smart | pool=-pragma "pool_data on" | str=-str reuse,readonly | fpc=-fp_contract off | lang=-lang=c++ | cc=GC/2.5 | misc=-pragma "opt_propagation off"
-1	-1.000	ERR	ERR	ERR	ERR	ERR	ERR	ERR	ERR	opt=-O4,p -opt nopropagation | inline=-inline smart | pool=-pragma "pool_data on" | str=-str reuse,readonly | fpc=-fp_contract off | lang=-lang=c++ | cc=GC/2.5 | misc=-pragma "opt_propagation off"
-1	-1.000	ERR	ERR	ERR	ERR	ERR	ERR	ERR	ERR	opt=-O4,p -opt nocse | inline=-inline smart | pool=-pragma "pool_data on" | str=-str reuse,readonly | fpc=-fp_contract off | lang=-lang=c++ | cc=GC/2.5 | misc=-pragma "opt_propagation off"
-1	-1.000	ERR	ERR	ERR	ERR	ERR	ERR	ERR	ERR	opt=-O2,p | inline=-inline smart | pool=-pragma "pool_data on" | str=-str reuse,readonly | fpc=-fp_contract off | lang=-lang=c++ | cc=GC/2.5 | misc=-pragma "opt_propagation off"
-1	-1.000	ERR	ERR	ERR	ERR	ERR	ERR	ERR	ERR	opt=-O4,p -opt nolifetimes | inline=-inline smart | pool=-pragma "pool_data on" | str=-str reuse,readonly | fpc=-fp_contract off | lang=-lang=c++ | cc=GC/2.5 | misc=-pragma "opt_propagation off"
-1	-1.000	ERR	ERR	ERR	ERR	ERR	ERR	ERR	ERR	opt=-O3,p | inline=-inline smart | pool=-pragma "pool_data on" | str=-str reuse,readonly | fpc=-fp_contract off | lang=-lang=c++ | cc=GC/2.5 | misc=-pragma "opt_propagation off"
-1	-1.000	ERR	ERR	ERR	ERR	ERR	ERR	ERR	ERR	opt=-O4,p -opt noloop | inline=-inline smart | pool=-pragma "pool_data on" | str=-str reuse,readonly | fpc=-fp_contract off | lang=-lang=c++ | cc=GC/2.5 | misc=-pragma "opt_propagation off"
-1	-1.000	ERR	ERR	ERR	ERR	ERR	ERR	ERR	ERR	opt=-O4,p -opt noschedule | inline=-inline smart | pool=-pragma "pool_data on" | str=-str reuse,readonly | fpc=-fp_contract off | lang=-lang=c++ | cc=GC/2.5 | misc=-pragma "opt_propagation off"
-1	-1.000	ERR	ERR	ERR	ERR	ERR	ERR	ERR	ERR	opt=-O4,p -opt nolifetimes | inline=-inline auto | pool=-pragma "pool_data on" | str=-str reuse,readonly | fpc=-fp_contract off | lang=-lang=c++ | cc=GC/2.5 | misc=-pragma "opt_propagation off"
-1	-1.000	ERR	ERR	ERR	ERR	ERR	ERR	ERR	ERR	opt=-O4,p -opt nolifetimes | inline=-inline off | pool=-pragma "pool_data on" | str=-str reuse,readonly | fpc=-fp_contract off | lang=-lang=c++ | cc=GC/2.5 | misc=-pragma "opt_propagation off"
-1	-1.000	ERR	ERR	ERR	ERR	ERR	ERR	ERR	ERR	opt=-O4,p -opt nolifetimes | inline=-inline auto,deferred | pool=-pragma "pool_data on" | str=-str reuse,readonly | fpc=-fp_contract off | lang=-lang=c++ | cc=GC/2.5 | misc=-pragma "opt_propagation off"
-1	-1.000	ERR	ERR	ERR	ERR	ERR	ERR	ERR	ERR	opt=-O4,p -opt nolifetimes | inline=-inline deferred | pool=-pragma "pool_data on" | str=-str reuse,readonly | fpc=-fp_contract off | lang=-lang=c++ | cc=GC/2.5 | misc=-pragma "opt_propagation off"
-1	-1.000	ERR	ERR	ERR	ERR	ERR	ERR	ERR	ERR	opt=-O4,p -opt nolifetimes | inline=-inline all | pool=-pragma "pool_data on" | str=-str reuse,readonly | fpc=-fp_contract off | lang=-lang=c++ | cc=GC/2.5 | misc=-pragma "opt_propagation off"
-1	-1.000	ERR	ERR	ERR	ERR	ERR	ERR	ERR	ERR	opt=-O4,p -opt nolifetimes | inline=-inline smart | pool= | str=-str reuse,readonly | fpc=-fp_contract off | lang=-lang=c++ | cc=GC/2.5 | misc=-pragma "opt_propagation off"
-1	-1.000	ERR	ERR	ERR	ERR	ERR	ERR	ERR	ERR	opt=-O4,p -opt nolifetimes | inline=-inline smart | pool=-pragma "pool_data on" | str=-str readonly | fpc=-fp_contract off | lang=-lang=c++ | cc=GC/2.5 | misc=-pragma "opt_propagation off"
-1	-1.000	ERR	ERR	ERR	ERR	ERR	ERR	ERR	ERR	opt=-O4,p -opt nolifetimes | inline=-inline smart | pool=-pragma "pool_data on" | str=-str reuse | fpc=-fp_contract off | lang=-lang=c++ | cc=GC/2.5 | misc=-pragma "opt_propagation off"
-1	-1.000	ERR	ERR	ERR	ERR	ERR	ERR	ERR	ERR	opt=-O4,p -opt nolifetimes | inline=-inline smart | pool=-pragma "pool_data on" | str=-str noreuse | fpc=-fp_contract off | lang=-lang=c++ | cc=GC/2.5 | misc=-pragma "opt_propagation off"
-1	-1.000	ERR	ERR	ERR	ERR	ERR	ERR	ERR	ERR	opt=-O4,p -opt nolifetimes | inline=-inline smart | pool=-pragma "pool_data on" | str=-str reuse,readonly | fpc=-fp_contract on | lang=-lang=c++ | cc=GC/2.5 | misc=-pragma "opt_propagation off"
19	353.365	86.633	2	95.362	2	93.093	8	78.277	7	opt=-O4,p -opt nolifetimes | inline=-inline smart | pool=-pragma "pool_data on" | str=-str reuse,readonly | fpc=-fp_contract off | lang=-lang=c | cc=GC/2.5 | misc=-pragma "opt_propagation off"
19	353.365	86.633	2	95.362	2	93.093	8	78.277	7	opt=-O4,p -opt nolifetimes | inline=-inline smart | pool=-pragma "pool_data on" | str=-str reuse,readonly | fpc=-fp_contract off | lang=-lang=c | cc=GC/1.2.5 | misc=-pragma "opt_propagation off"
19	353.365	86.633	2	95.362	2	93.093	8	78.277	7	opt=-O4,p -opt nolifetimes | inline=-inline smart | pool=-pragma "pool_data on" | str=-str reuse,readonly | fpc=-fp_contract off | lang=-lang=c | cc=GC/1.3.2 | misc=-pragma "opt_propagation off"
19	353.365	86.633	2	95.362	2	93.093	8	78.277	7	opt=-O4,p -opt nolifetimes | inline=-inline smart | pool=-pragma "pool_data on" | str=-str reuse,readonly | fpc=-fp_contract off | lang=-lang=c | cc=GC/1.1 | misc=-pragma "opt_propagation off"
19	353.365	86.633	2	95.362	2	93.093	8	78.277	7	opt=-O4,p -opt nolifetimes | inline=-inline smart | pool=-pragma "pool_data on" | str=-str reuse,readonly | fpc=-fp_contract off | lang=-lang=c | cc=GC/3.0a5 | misc=-pragma "opt_propagation off"
19	353.365	86.633	2	95.362	2	93.093	8	78.277	7	opt=-O4,p -opt nolifetimes | inline=-inline smart | pool=-pragma "pool_data on" | str=-str reuse,readonly | fpc=-fp_contract off | lang=-lang=c | cc=GC/3.0a3 | misc=-pragma "opt_propagation off"
26	351.669	86.844	3	95.791	3	91.017	9	78.018	11	opt=-O4,p -opt nolifetimes | inline=-inline smart | pool=-pragma "pool_data on" | str=-str reuse,readonly | fpc=-fp_contract off | lang=-lang=c | cc=GC/2.5 | misc=-pragma "opt_common_subs off"
28	357.969	87.036	4	96.338	3	94.507	9	80.089	12	opt=-O4,p -opt nolifetimes | inline=-inline smart | pool=-pragma "pool_data on" | str=-str reuse,readonly | fpc=-fp_contract off | lang=-lang=c | cc=GC/2.5 | misc=
11	332.072	81.115	2	90.320	0	90.037	6	70.600	3	opt=-O4,p -opt nolifetimes | inline=-inline smart | pool=-pragma "pool_data on" | str=-str reuse,readonly | fpc=-fp_contract off | lang=-lang=c | cc=GC/2.5 | misc=-pragma "peephole off"
28	357.802	86.865	4	96.342	3	94.507	9	80.089	12	opt=-O4,p -opt nolifetimes | inline=-inline smart | pool=-pragma "pool_data on" | str=-str reuse,readonly | fpc=-fp_contract off | lang=-lang=c | cc=GC/2.5 | misc=-pragma "opt_dead_assignments off"
28	357.969	87.036	4	96.338	3	94.507	9	80.089	12	opt=-O4,p -opt nolifetimes | inline=-inline smart | pool=-pragma "pool_data on" | str=-str reuse,readonly | fpc=-fp_contract off | lang=-lang=c | cc=GC/2.5 | misc=-pragma "opt_lifetimes off"
10	262.468	59.541	1	69.974	0	68.206	5	64.747	4	opt=-O4,p -opt nolifetimes | inline=-inline smart | pool=-pragma "pool_data on" | str=-str reuse,readonly | fpc=-fp_contract off | lang=-lang=c | cc=GC/2.5 | misc=-pragma "scheduling off"
10	221.796	47.183	1	63.540	0	61.543	5	49.530	4	opt=-O2,p | inline=-inline smart | pool=-pragma "pool_data on" | str=-str reuse,readonly | fpc=-fp_contract off | lang=-lang=c | cc=GC/2.5 | misc=
10	236.331	51.389	1	67.135	0	61.968	5	55.838	4	opt=-O3,s | inline=-inline smart | pool=-pragma "pool_data on" | str=-str reuse,readonly | fpc=-fp_contract off | lang=-lang=c | cc=GC/2.5 | misc=
10	264.453	59.559	1	71.402	0	68.371	5	65.121	4	opt=-O3,p | inline=-inline smart | pool=-pragma "pool_data on" | str=-str reuse,readonly | fpc=-fp_contract off | lang=-lang=c | cc=GC/2.5 | misc=
14	319.219	75.587	1	89.021	0	86.298	6	68.312	7	opt=-O4,s | inline=-inline smart | pool=-pragma "pool_data on" | str=-str reuse,readonly | fpc=-fp_contract off | lang=-lang=c | cc=GC/2.5 | misc=
26	354.077	86.844	3	97.456	3	91.013	9	78.763	11	opt=-O4,p -opt nocse | inline=-inline smart | pool=-pragma "pool_data on" | str=-str reuse,readonly | fpc=-fp_contract off | lang=-lang=c | cc=GC/2.5 | misc=
11	334.160	81.115	2	91.723	0	90.354	6	70.968	3	opt=-O4,p -opt nopeephole | inline=-inline smart | pool=-pragma "pool_data on" | str=-str reuse,readonly | fpc=-fp_contract off | lang=-lang=c | cc=GC/2.5 | misc=
19	355.868	86.633	2	97.225	2	93.313	8	78.698	7	opt=-O4,p -opt nopropagation | inline=-inline smart | pool=-pragma "pool_data on" | str=-str reuse,readonly | fpc=-fp_contract off | lang=-lang=c | cc=GC/2.5 | misc=
10	264.567	59.541	1	71.374	0	68.619	5	65.033	4	opt=-O4,p -opt noschedule | inline=-inline smart | pool=-pragma "pool_data on" | str=-str reuse,readonly | fpc=-fp_contract off | lang=-lang=c | cc=GC/2.5 | misc=
25	355.353	85.997	3	97.391	3	93.587	10	78.378	9	opt=-O4,p -opt noloop | inline=-inline smart | pool=-pragma "pool_data on" | str=-str reuse,readonly | fpc=-fp_contract off | lang=-lang=c | cc=GC/2.5 | misc=
29	360.779	87.036	4	97.991	3	94.851	10	80.901	12	opt=-O4,p | inline=-inline smart | pool=-pragma "pool_data on" | str=-str reuse,readonly | fpc=-fp_contract off | lang=-lang=c | cc=GC/2.5 | misc=
27	317.068	62.993	4	96.022	2	85.757	10	72.296	11	opt=-O4,p | inline=-inline off | pool=-pragma "pool_data on" | str=-str reuse,readonly | fpc=-fp_contract off | lang=-lang=c | cc=GC/2.5 | misc=
29	360.784	87.041	4	97.991	3	94.851	10	80.901	12	opt=-O4,p | inline=-inline deferred | pool=-pragma "pool_data on" | str=-str reuse,readonly | fpc=-fp_contract off | lang=-lang=c | cc=GC/2.5 | misc=
33	387.280	97.828	6	97.991	3	95.781	11	95.680	13	opt=-O4,p | inline=-inline auto | pool=-pragma "pool_data on" | str=-str reuse,readonly | fpc=-fp_contract off | lang=-lang=c | cc=GC/2.5 | misc=
33	387.280	97.828	6	97.991	3	95.781	11	95.680	13	opt=-O4,p | inline=-inline all | pool=-pragma "pool_data on" | str=-str reuse,readonly | fpc=-fp_contract off | lang=-lang=c | cc=GC/2.5 | misc=
10	235.288	53.034	1	63.540	0	61.543	5	57.171	4	opt=-O2,p | inline=-inline auto,deferred | pool=-pragma "pool_data on" | str=-str reuse,readonly | fpc=-fp_contract off | lang=-lang=c | cc=GC/3.0a3 | misc=-pragma "opt_lifetimes off"
10	282.249	67.139	1	70.799	0	69.021	5	75.290	4	opt=-O3,p | inline=-inline auto,deferred | pool=-pragma "pool_data on" | str=-str reuse,readonly | fpc=-fp_contract off | lang=-lang=c | cc=GC/3.0a3 | misc=-pragma "opt_lifetimes off"
10	252.084	58.885	1	66.496	0	62.430	5	64.273	4	opt=-O3,s | inline=-inline auto,deferred | pool=-pragma "pool_data on" | str=-str reuse,readonly | fpc=-fp_contract off | lang=-lang=c | cc=GC/3.0a3 | misc=-pragma "opt_lifetimes off"
14	340.066	85.119	1	87.613	0	86.849	6	80.485	7	opt=-O4,s | inline=-inline auto,deferred | pool=-pragma "pool_data on" | str=-str reuse,readonly | fpc=-fp_contract off | lang=-lang=c | cc=GC/3.0a3 | misc=-pragma "opt_lifetimes off"
20	378.830	97.184	2	95.362	2	94.023	9	92.261	7	opt=-O4,p -opt nopropagation | inline=-inline auto,deferred | pool=-pragma "pool_data on" | str=-str reuse,readonly | fpc=-fp_contract off | lang=-lang=c | cc=GC/3.0a3 | misc=-pragma "opt_lifetimes off"
11	356.578	90.818	2	90.320	0	90.957	6	84.483	3	opt=-O4,p -opt nopeephole | inline=-inline auto,deferred | pool=-pragma "pool_data on" | str=-str reuse,readonly | fpc=-fp_contract off | lang=-lang=c | cc=GC/3.0a3 | misc=-pragma "opt_lifetimes off"
32	384.476	97.833	6	96.338	3	95.437	10	94.868	13	opt=-O4,p | inline=-inline auto,deferred | pool=-pragma "pool_data on" | str=-str reuse,readonly | fpc=-fp_contract off | lang=-lang=c | cc=GC/3.0a3 | misc=-pragma "opt_lifetimes off"
32	384.476	97.833	6	96.338	3	95.437	10	94.868	13	opt=-O4,p -opt nolifetimes | inline=-inline auto,deferred | pool=-pragma "pool_data on" | str=-str reuse,readonly | fpc=-fp_contract off | lang=-lang=c | cc=GC/3.0a3 | misc=-pragma "opt_lifetimes off"
28	377.539	97.014	4	95.791	3	91.946	10	92.788	11	opt=-O4,p -opt nocse | inline=-inline auto,deferred | pool=-pragma "pool_data on" | str=-str reuse,readonly | fpc=-fp_contract off | lang=-lang=c | cc=GC/3.0a3 | misc=-pragma "opt_lifetimes off"
10	281.434	67.122	1	69.974	0	69.125	5	75.212	4	opt=-O4,p -opt noschedule | inline=-inline auto,deferred | pool=-pragma "pool_data on" | str=-str reuse,readonly | fpc=-fp_contract off | lang=-lang=c | cc=GC/3.0a3 | misc=-pragma "opt_lifetimes off"
26	377.140	95.251	4	95.751	3	93.776	9	92.362	10	opt=-O4,p -opt noloop | inline=-inline auto,deferred | pool=-pragma "pool_data on" | str=-str reuse,readonly | fpc=-fp_contract off | lang=-lang=c | cc=GC/3.0a3 | misc=-pragma "opt_lifetimes off"
28	357.969	87.036	4	96.338	3	94.507	9	80.089	12	opt=-O4,p | inline=-inline smart | pool=-pragma "pool_data on" | str=-str reuse,readonly | fpc=-fp_contract off | lang=-lang=c | cc=GC/3.0a3 | misc=-pragma "opt_lifetimes off"
26	314.440	62.993	4	94.369	2	85.550	9	71.527	11	opt=-O4,p | inline=-inline off | pool=-pragma "pool_data on" | str=-str reuse,readonly | fpc=-fp_contract off | lang=-lang=c | cc=GC/3.0a3 | misc=-pragma "opt_lifetimes off"
28	357.975	87.041	4	96.338	3	94.507	9	80.089	12	opt=-O4,p | inline=-inline deferred | pool=-pragma "pool_data on" | str=-str reuse,readonly | fpc=-fp_contract off | lang=-lang=c | cc=GC/3.0a3 | misc=-pragma "opt_lifetimes off"
32	384.470	97.828	6	96.338	3	95.437	10	94.868	13	opt=-O4,p | inline=-inline all | pool=-pragma "pool_data on" | str=-str reuse,readonly | fpc=-fp_contract off | lang=-lang=c | cc=GC/3.0a3 | misc=-pragma "opt_lifetimes off"
32	384.470	97.828	6	96.338	3	95.437	10	94.868	13	opt=-O4,p | inline=-inline auto,deferred | pool=-pragma "pool_data on" | str=-str reuse | fpc=-fp_contract off | lang=-lang=c | cc=GC/3.0a3 | misc=-pragma "opt_lifetimes off"
32	384.470	97.828	6	96.338	3	95.437	10	94.868	13	opt=-O4,p | inline=-inline auto,deferred | pool=-pragma "pool_data on" | str=-str noreuse | fpc=-fp_contract off | lang=-lang=c | cc=GC/3.0a3 | misc=-pragma "opt_lifetimes off"
32	384.476	97.833	6	96.338	3	95.437	10	94.868	13	opt=-O4,p | inline=-inline auto,deferred | pool=-pragma "pool_data on" | str=-str readonly | fpc=-fp_contract off | lang=-lang=c | cc=GC/3.0a3 | misc=-pragma "opt_lifetimes off"
-1	-1.000	ERR	ERR	ERR	ERR	ERR	ERR	ERR	ERR	opt=-O4,p | inline=-inline auto,deferred | pool=-pragma "pool_data on" | str=-str reuse,readonly | fpc=-fp_contract on | lang=-lang=c++ | cc=GC/3.0a3 | misc=-pragma "opt_lifetimes off"
32	384.551	97.833	6	96.338	3	95.512	10	94.868	13	opt=-O4,p | inline=-inline auto,deferred | pool=-pragma "pool_data on" | str=-str reuse,readonly | fpc=-fp_contract on | lang=-lang=c | cc=GC/3.0a5 | misc=-pragma "opt_lifetimes off"
14	289.823	61.022	1	87.680	0	78.506	6	62.616	7	opt=-O4,s | inline=-inline off | pool= | str=-str reuse,readonly | fpc=-fp_contract on | lang=-lang=c | cc=GC/1.3.2 | misc=-pragma "opt_dead_assignments off"
27	315.832	61.719	4	95.985	2	85.833	10	72.296	11	opt=-O4,p | inline=-inline off | pool= | str=-str reuse,readonly | fpc=-fp_contract on | lang=-lang=c | cc=GC/1.3.2 | misc=-pragma "opt_dead_assignments off"
10	208.134	41.109	1	62.960	0	57.729	5	46.335	4	opt=-O2,p | inline=-inline off | pool= | str=-str reuse,readonly | fpc=-fp_contract on | lang=-lang=c | cc=GC/1.3.2 | misc=-pragma "opt_dead_assignments off"
10	219.488	43.587	1	66.609	0	57.920	5	51.371	4	opt=-O3,s | inline=-inline off | pool= | str=-str reuse,readonly | fpc=-fp_contract on | lang=-lang=c | cc=GC/1.3.2 | misc=-pragma "opt_dead_assignments off"
10	235.737	43.898	1	70.205	0	63.453	5	58.182	4	opt=-O3,p | inline=-inline off | pool= | str=-str reuse,readonly | fpc=-fp_contract on | lang=-lang=c | cc=GC/1.3.2 | misc=-pragma "opt_dead_assignments off"
11	294.677	59.325	2	89.757	0	82.198	6	63.396	3	opt=-O4,p -opt nopeephole | inline=-inline off | pool= | str=-str reuse,readonly | fpc=-fp_contract on | lang=-lang=c | cc=GC/1.3.2 | misc=-pragma "opt_dead_assignments off"
18	311.562	61.295	2	95.256	1	84.709	8	70.302	7	opt=-O4,p -opt nopropagation | inline=-inline off | pool= | str=-str reuse,readonly | fpc=-fp_contract on | lang=-lang=c | cc=GC/1.3.2 | misc=-pragma "opt_dead_assignments off"
26	313.244	61.719	4	94.373	2	85.626	9	71.527	11	opt=-O4,p -opt nolifetimes | inline=-inline off | pool= | str=-str reuse,readonly | fpc=-fp_contract on | lang=-lang=c | cc=GC/1.3.2 | misc=-pragma "opt_dead_assignments off"
24	312.963	60.947	3	95.385	2	85.613	10	71.019	9	opt=-O4,p -opt noloop | inline=-inline off | pool= | str=-str reuse,readonly | fpc=-fp_contract on | lang=-lang=c | cc=GC/1.3.2 | misc=-pragma "opt_dead_assignments off"
10	236.479	44.269	1	70.239	0	63.753	5	58.218	4	opt=-O4,p -opt noschedule | inline=-inline off | pool= | str=-str reuse,readonly | fpc=-fp_contract on | lang=-lang=c | cc=GC/1.3.2 | misc=-pragma "opt_dead_assignments off"
25	311.317	61.452	3	95.480	2	83.922	9	70.462	11	opt=-O4,p -opt nocse | inline=-inline off | pool= | str=-str reuse,readonly | fpc=-fp_contract on | lang=-lang=c | cc=GC/1.3.2 | misc=-pragma "opt_dead_assignments off"
33	384.916	95.426	6	97.953	3	95.857	11	95.680	13	opt=-O4,p | inline=-inline auto | pool= | str=-str reuse,readonly | fpc=-fp_contract on | lang=-lang=c | cc=GC/1.3.2 | misc=-pragma "opt_dead_assignments off"
29	359.337	85.556	4	97.953	3	94.927	10	80.901	12	opt=-O4,p | inline=-inline smart | pool= | str=-str reuse,readonly | fpc=-fp_contract on | lang=-lang=c | cc=GC/1.3.2 | misc=-pragma "opt_dead_assignments off"
33	384.916	95.426	6	97.953	3	95.857	11	95.680	13	opt=-O4,p | inline=-inline all | pool= | str=-str reuse,readonly | fpc=-fp_contract on | lang=-lang=c | cc=GC/1.3.2 | misc=-pragma "opt_dead_assignments off"
29	359.337	85.556	4	97.953	3	94.927	10	80.901	12	opt=-O4,p | inline=-inline deferred | pool= | str=-str reuse,readonly | fpc=-fp_contract on | lang=-lang=c | cc=GC/1.3.2 | misc=-pragma "opt_dead_assignments off"
-1	-1.000	ERR	ERR	ERR	ERR	ERR	ERR	ERR	ERR	opt=-O4,p | inline=-inline auto | pool=-pragma "pool_data on" | str=-str reuse,readonly | fpc=-fp_contract on | lang=-lang=c++ | cc=GC/1.3.2 | misc=-pragma "opt_dead_assignments off"
33	387.147	97.657	6	97.953	3	95.857	11	95.680	13	opt=-O4,p | inline=-inline auto | pool=-pragma "pool_data on" | str=-str reuse,readonly | fpc=-fp_contract on | lang=-lang=c | cc=GC/3.0a5 | misc=-pragma "opt_dead_assignments off"
28	380.006	97.008	4	97.456	3	92.008	10	93.533	11	opt=-O4,p | inline=-inline auto | pool=-pragma "pool_data on" | str=-str reuse,readonly | fpc=-fp_contract on | lang=-lang=c | cc=GC/1.3.2 | misc=-pragma "opt_common_subs off"
20	381.404	97.179	2	97.225	2	94.319	9	92.681	7	opt=-O4,p | inline=-inline auto | pool=-pragma "pool_data on" | str=-str reuse,readonly | fpc=-fp_contract on | lang=-lang=c | cc=GC/1.3.2 | misc=-pragma "opt_propagation off"
10	283.601	67.122	1	71.374	0	69.607	5	75.499	4	opt=-O4,p | inline=-inline auto | pool=-pragma "pool_data on" | str=-str reuse,readonly | fpc=-fp_contract on | lang=-lang=c | cc=GC/1.3.2 | misc=-pragma "scheduling off"
14	341.713	85.113	1	89.021	0	87.004	6	80.574	7	opt=-O4,s | inline=-inline auto | pool=-pragma "pool_data on" | str=-str reuse,readonly | fpc=-fp_contract on | lang=-lang=c | cc=GC/1.3.2 | misc=
10	235.360	53.034	1	63.540	0	61.616	5	57.171	4	opt=-O2,p | inline=-inline auto | pool=-pragma "pool_data on" | str=-str reuse,readonly | fpc=-fp_contract on | lang=-lang=c | cc=GC/1.3.2 | misc=
10	252.782	58.885	1	67.135	0	62.664	5	64.098	4	opt=-O3,s | inline=-inline auto | pool=-pragma "pool_data on" | str=-str reuse,readonly | fpc=-fp_contract on | lang=-lang=c | cc=GC/1.3.2 | misc=
10	283.488	67.139	1	71.402	0	69.359	5	75.587	4	opt=-O3,p | inline=-inline auto | pool=-pragma "pool_data on" | str=-str reuse,readonly | fpc=-fp_contract on | lang=-lang=c | cc=GC/1.3.2 | misc=
28	380.006	97.008	4	97.456	3	92.008	10	93.533	11	opt=-O4,p -opt nocse | inline=-inline auto | pool=-pragma "pool_data on" | str=-str reuse,readonly | fpc=-fp_contract on | lang=-lang=c | cc=GC/1.3.2 | misc=
27	379.983	95.246	4	97.391	3	94.172	10	93.174	10	opt=-O4,p -opt noloop | inline=-inline auto | pool=-pragma "pool_data on" | str=-str reuse,readonly | fpc=-fp_contract on | lang=-lang=c | cc=GC/1.3.2 | misc=
20	381.404	97.179	2	97.225	2	94.319	9	92.681	7	opt=-O4,p -opt nopropagation | inline=-inline auto | pool=-pragma "pool_data on" | str=-str reuse,readonly | fpc=-fp_contract on | lang=-lang=c | cc=GC/1.3.2 | misc=
11	358.736	90.813	2	91.723	0	91.349	6	84.851	3	opt=-O4,p -opt nopeephole | inline=-inline auto | pool=-pragma "pool_data on" | str=-str reuse,readonly | fpc=-fp_contract on | lang=-lang=c | cc=GC/1.3.2 | misc=
32	384.546	97.828	6	96.338	3	95.512	10	94.868	13	opt=-O4,p -opt nolifetimes | inline=-inline auto | pool=-pragma "pool_data on" | str=-str reuse,readonly | fpc=-fp_contract on | lang=-lang=c | cc=GC/1.3.2 | misc=
10	283.601	67.122	1	71.374	0	69.607	5	75.499	4	opt=-O4,p -opt noschedule | inline=-inline auto | pool=-pragma "pool_data on" | str=-str reuse,readonly | fpc=-fp_contract on | lang=-lang=c | cc=GC/1.3.2 | misc=
8	225.953	50.734	1	61.137	0	59.974	5	54.108	2	opt=-O2,p | inline=-inline auto,deferred | pool= | str=-str reuse | fpc=-fp_contract on | lang=-lang=c | cc=GC/1.2.5 | misc=-pragma "peephole off"
8	244.019	56.016	1	64.946	0	61.888	5	61.168	2	opt=-O3,s | inline=-inline auto,deferred | pool= | str=-str reuse | fpc=-fp_contract on | lang=-lang=c | cc=GC/1.2.5 | misc=-pragma "peephole off"
8	271.336	65.623	1	69.202	0	67.152	5	69.359	2	opt=-O3,p | inline=-inline auto,deferred | pool= | str=-str reuse | fpc=-fp_contract on | lang=-lang=c | cc=GC/1.2.5 | misc=-pragma "peephole off"
10	321.319	79.816	1	84.223	0	83.251	6	74.029	3	opt=-O4,s | inline=-inline auto,deferred | pool= | str=-str reuse | fpc=-fp_contract on | lang=-lang=c | cc=GC/1.2.5 | misc=-pragma "peephole off"
10	352.955	88.165	1	91.370	0	90.410	6	83.009	3	opt=-O4,p -opt nopropagation | inline=-inline auto,deferred | pool= | str=-str reuse | fpc=-fp_contract on | lang=-lang=c | cc=GC/1.2.5 | misc=-pragma "peephole off"
11	356.983	89.060	2	91.723	0	91.349	6	84.851	3	opt=-O4,p -opt nopeephole | inline=-inline auto,deferred | pool= | str=-str reuse | fpc=-fp_contract on | lang=-lang=c | cc=GC/1.2.5 | misc=-pragma "peephole off"
10	350.588	87.441	1	90.997	0	89.854	6	82.296	3	opt=-O4,p -opt noloop | inline=-inline auto,deferred | pool= | str=-str reuse | fpc=-fp_contract on | lang=-lang=c | cc=GC/1.2.5 | misc=-pragma "peephole off"
11	354.896	89.060	2	90.320	0	91.032	6	84.483	3	opt=-O4,p -opt nolifetimes | inline=-inline auto,deferred | pool= | str=-str reuse | fpc=-fp_contract on | lang=-lang=c | cc=GC/1.2.5 | misc=-pragma "peephole off"
11	350.334	88.350	2	91.187	0	87.918	6	82.879	3	opt=-O4,p -opt nocse | inline=-inline auto,deferred | pool= | str=-str reuse | fpc=-fp_contract on | lang=-lang=c | cc=GC/1.2.5 | misc=-pragma "peephole off"
11	356.983	89.060	2	91.723	0	91.349	6	84.851	3	opt=-O4,p | inline=-inline auto,deferred | pool= | str=-str reuse | fpc=-fp_contract on | lang=-lang=c | cc=GC/1.2.5 | misc=-pragma "peephole off"
8	271.544	65.814	1	69.294	0	67.217	5	69.219	2	opt=-O4,p -opt noschedule | inline=-inline auto,deferred | pool= | str=-str reuse | fpc=-fp_contract on | lang=-lang=c | cc=GC/1.2.5 | misc=-pragma "peephole off"
11	333.205	80.085	2	91.723	0	90.430	6	70.968	3	opt=-O4,p | inline=-inline smart | pool= | str=-str reuse | fpc=-fp_contract on | lang=-lang=c | cc=GC/1.2.5 | misc=-pragma "peephole off"
11	294.916	59.557	2	89.764	0	82.198	6	63.396	3	opt=-O4,p | inline=-inline off | pool= | str=-str reuse | fpc=-fp_contract on | lang=-lang=c | cc=GC/1.2.5 | misc=-pragma "peephole off"
11	333.205	80.085	2	91.723	0	90.430	6	70.968	3	opt=-O4,p | inline=-inline deferred | pool= | str=-str reuse | fpc=-fp_contract on | lang=-lang=c | cc=GC/1.2.5 | misc=-pragma "peephole off"
11	356.983	89.060	2	91.723	0	91.349	6	84.851	3	opt=-O4,p | inline=-inline all | pool= | str=-str reuse | fpc=-fp_contract on | lang=-lang=c | cc=GC/1.2.5 | misc=-pragma "peephole off"
11	356.983	89.060	2	91.723	0	91.349	6	84.851	3	opt=-O4,p | inline=-inline auto | pool= | str=-str reuse | fpc=-fp_contract on | lang=-lang=c | cc=GC/1.2.5 | misc=-pragma "peephole off"
11	358.736	90.813	2	91.723	0	91.349	6	84.851	3	opt=-O4,p | inline=-inline auto,deferred | pool=-pragma "pool_data on" | str=-str reuse | fpc=-fp_contract on | lang=-lang=c | cc=GC/1.2.5 | misc=-pragma "peephole off"
11	358.736	90.813	2	91.723	0	91.349	6	84.851	3	opt=-O4,p | inline=-inline auto,deferred | pool=-pragma "pool_data on" | str=-str noreuse | fpc=-fp_contract on | lang=-lang=c | cc=GC/1.2.5 | misc=-pragma "peephole off"
11	358.666	90.818	2	91.723	0	91.273	6	84.851	3	opt=-O4,p | inline=-inline auto,deferred | pool=-pragma "pool_data on" | str=-str reuse,readonly | fpc=-fp_contract off | lang=-lang=c | cc=GC/1.2.5 | misc=-pragma "peephole off"
-1	-1.000	ERR	ERR	ERR	ERR	ERR	ERR	ERR	ERR	opt=-O4,p | inline=-inline auto,deferred | pool=-pragma "pool_data on" | str=-str reuse,readonly | fpc=-fp_contract on | lang=-lang=c++ | cc=GC/1.2.5 | misc=-pragma "peephole off"
-1	-1.000	ERR	ERR	ERR	ERR	ERR	ERR	ERR	ERR	opt=-O4,s | inline=-inline deferred | pool=-pragma "pool_data on" | str=-str reuse,readonly | fpc=-fp_contract on | lang=-lang=c++ | cc=GC/2.5 | misc=-pragma "opt_lifetimes off"
-1	-1.000	ERR	ERR	ERR	ERR	ERR	ERR	ERR	ERR	opt=-O4,p | inline=-inline deferred | pool=-pragma "pool_data on" | str=-str reuse,readonly | fpc=-fp_contract on | lang=-lang=c++ | cc=GC/2.5 | misc=-pragma "opt_lifetimes off"
-1	-1.000	ERR	ERR	ERR	ERR	ERR	ERR	ERR	ERR	opt=-O3,s | inline=-inline deferred | pool=-pragma "pool_data on" | str=-str reuse,readonly | fpc=-fp_contract on | lang=-lang=c++ | cc=GC/2.5 | misc=-pragma "opt_lifetimes off"
-1	-1.000	ERR	ERR	ERR	ERR	ERR	ERR	ERR	ERR	opt=-O4,p -opt nocse | inline=-inline deferred | pool=-pragma "pool_data on" | str=-str reuse,readonly | fpc=-fp_contract on | lang=-lang=c++ | cc=GC/2.5 | misc=-pragma "opt_lifetimes off"
-1	-1.000	ERR	ERR	ERR	ERR	ERR	ERR	ERR	ERR	opt=-O4,p -opt nolifetimes | inline=-inline deferred | pool=-pragma "pool_data on" | str=-str reuse,readonly | fpc=-fp_contract on | lang=-lang=c++ | cc=GC/2.5 | misc=-pragma "opt_lifetimes off"
-1	-1.000	ERR	ERR	ERR	ERR	ERR	ERR	ERR	ERR	opt=-O2,p | inline=-inline deferred | pool=-pragma "pool_data on" | str=-str reuse,readonly | fpc=-fp_contract on | lang=-lang=c++ | cc=GC/2.5 | misc=-pragma "opt_lifetimes off"
-1	-1.000	ERR	ERR	ERR	ERR	ERR	ERR	ERR	ERR	opt=-O4,p -opt nopeephole | inline=-inline deferred | pool=-pragma "pool_data on" | str=-str reuse,readonly | fpc=-fp_contract on | lang=-lang=c++ | cc=GC/2.5 | misc=-pragma "opt_lifetimes off"
-1	-1.000	ERR	ERR	ERR	ERR	ERR	ERR	ERR	ERR	opt=-O4,p -opt noschedule | inline=-inline deferred | pool=-pragma "pool_data on" | str=-str reuse,readonly | fpc=-fp_contract on | lang=-lang=c++ | cc=GC/2.5 | misc=-pragma "opt_lifetimes off"
-1	-1.000	ERR	ERR	ERR	ERR	ERR	ERR	ERR	ERR	opt=-O4,p -opt nopropagation | inline=-inline deferred | pool=-pragma "pool_data on" | str=-str reuse,readonly | fpc=-fp_contract on | lang=-lang=c++ | cc=GC/2.5 | misc=-pragma "opt_lifetimes off"
-1	-1.000	ERR	ERR	ERR	ERR	ERR	ERR	ERR	ERR	opt=-O4,p -opt noloop | inline=-inline deferred | pool=-pragma "pool_data on" | str=-str reuse,readonly | fpc=-fp_contract on | lang=-lang=c++ | cc=GC/2.5 | misc=-pragma "opt_lifetimes off"
-1	-1.000	ERR	ERR	ERR	ERR	ERR	ERR	ERR	ERR	opt=-O3,p | inline=-inline deferred | pool=-pragma "pool_data on" | str=-str reuse,readonly | fpc=-fp_contract on | lang=-lang=c++ | cc=GC/2.5 | misc=-pragma "opt_lifetimes off"
-1	-1.000	ERR	ERR	ERR	ERR	ERR	ERR	ERR	ERR	opt=-O4,p -opt nopeephole | inline=-inline smart | pool=-pragma "pool_data on" | str=-str reuse,readonly | fpc=-fp_contract on | lang=-lang=c++ | cc=GC/2.5 | misc=-pragma "opt_lifetimes off"
-1	-1.000	ERR	ERR	ERR	ERR	ERR	ERR	ERR	ERR	opt=-O4,p -opt nopeephole | inline=-inline off | pool=-pragma "pool_data on" | str=-str reuse,readonly | fpc=-fp_contract on | lang=-lang=c++ | cc=GC/2.5 | misc=-pragma "opt_lifetimes off"
-1	-1.000	ERR	ERR	ERR	ERR	ERR	ERR	ERR	ERR	opt=-O4,p -opt nopeephole | inline=-inline auto | pool=-pragma "pool_data on" | str=-str reuse,readonly | fpc=-fp_contract on | lang=-lang=c++ | cc=GC/2.5 | misc=-pragma "opt_lifetimes off"
-1	-1.000	ERR	ERR	ERR	ERR	ERR	ERR	ERR	ERR	opt=-O4,p -opt nopeephole | inline=-inline auto,deferred | pool=-pragma "pool_data on" | str=-str reuse,readonly | fpc=-fp_contract on | lang=-lang=c++ | cc=GC/2.5 | misc=-pragma "opt_lifetimes off"
-1	-1.000	ERR	ERR	ERR	ERR	ERR	ERR	ERR	ERR	opt=-O4,p -opt nopeephole | inline=-inline all | pool=-pragma "pool_data on" | str=-str reuse,readonly | fpc=-fp_contract on | lang=-lang=c++ | cc=GC/2.5 | misc=-pragma "opt_lifetimes off"
-1	-1.000	ERR	ERR	ERR	ERR	ERR	ERR	ERR	ERR	opt=-O4,p -opt nopeephole | inline=-inline deferred | pool= | str=-str reuse,readonly | fpc=-fp_contract on | lang=-lang=c++ | cc=GC/2.5 | misc=-pragma "opt_lifetimes off"
-1	-1.000	ERR	ERR	ERR	ERR	ERR	ERR	ERR	ERR	opt=-O4,p -opt nopeephole | inline=-inline deferred | pool=-pragma "pool_data on" | str=-str reuse | fpc=-fp_contract on | lang=-lang=c++ | cc=GC/2.5 | misc=-pragma "opt_lifetimes off"
-1	-1.000	ERR	ERR	ERR	ERR	ERR	ERR	ERR	ERR	opt=-O4,p -opt nopeephole | inline=-inline deferred | pool=-pragma "pool_data on" | str=-str readonly | fpc=-fp_contract on | lang=-lang=c++ | cc=GC/2.5 | misc=-pragma "opt_lifetimes off"
-1	-1.000	ERR	ERR	ERR	ERR	ERR	ERR	ERR	ERR	opt=-O4,p -opt nopeephole | inline=-inline deferred | pool=-pragma "pool_data on" | str=-str noreuse | fpc=-fp_contract on | lang=-lang=c++ | cc=GC/2.5 | misc=-pragma "opt_lifetimes off"
-1	-1.000	ERR	ERR	ERR	ERR	ERR	ERR	ERR	ERR	opt=-O4,p -opt nopeephole | inline=-inline deferred | pool=-pragma "pool_data on" | str=-str reuse,readonly | fpc=-fp_contract off | lang=-lang=c++ | cc=GC/2.5 | misc=-pragma "opt_lifetimes off"
11	332.153	81.120	2	90.320	0	90.113	6	70.600	3	opt=-O4,p -opt nopeephole | inline=-inline deferred | pool=-pragma "pool_data on" | str=-str reuse,readonly | fpc=-fp_contract on | lang=-lang=c | cc=GC/2.5 | misc=-pragma "opt_lifetimes off"
11	332.153	81.120	2	90.320	0	90.113	6	70.600	3	opt=-O4,p -opt nopeephole | inline=-inline deferred | pool=-pragma "pool_data on" | str=-str reuse,readonly | fpc=-fp_contract on | lang=-lang=c | cc=GC/1.2.5 | misc=-pragma "opt_lifetimes off"
11	332.153	81.120	2	90.320	0	90.113	6	70.600	3	opt=-O4,p -opt nopeephole | inline=-inline deferred | pool=-pragma "pool_data on" | str=-str reuse,readonly | fpc=-fp_contract on | lang=-lang=c | cc=GC/1.3.2 | misc=-pragma "opt_lifetimes off"
11	332.153	81.120	2	90.320	0	90.113	6	70.600	3	opt=-O4,p -opt nopeephole | inline=-inline deferred | pool=-pragma "pool_data on" | str=-str reuse,readonly | fpc=-fp_contract on | lang=-lang=c | cc=GC/3.0a3 | misc=-pragma "opt_lifetimes off"
11	332.153	81.120	2	90.320	0	90.113	6	70.600	3	opt=-O4,p -opt nopeephole | inline=-inline deferred | pool=-pragma "pool_data on" | str=-str reuse,readonly | fpc=-fp_contract on | lang=-lang=c | cc=GC/1.1 | misc=-pragma "opt_lifetimes off"
11	332.153	81.120	2	90.320	0	90.113	6	70.600	3	opt=-O4,p -opt nopeephole | inline=-inline deferred | pool=-pragma "pool_data on" | str=-str reuse,readonly | fpc=-fp_contract on | lang=-lang=c | cc=GC/3.0a5 | misc=-pragma "opt_lifetimes off"
11	328.119	80.929	2	91.187	0	86.999	6	69.005	3	opt=-O4,p -opt nopeephole | inline=-inline deferred | pool=-pragma "pool_data on" | str=-str reuse,readonly | fpc=-fp_contract on | lang=-lang=c | cc=GC/2.5 | misc=-pragma "opt_common_subs off"
11	334.241	81.120	2	91.723	0	90.430	6	70.968	3	opt=-O4,p -opt nopeephole | inline=-inline deferred | pool=-pragma "pool_data on" | str=-str reuse,readonly | fpc=-fp_contract on | lang=-lang=c | cc=GC/2.5 | misc=
8	253.411	58.847	1	69.294	0	66.301	5	58.969	2	opt=-O4,p -opt nopeephole | inline=-inline deferred | pool=-pragma "pool_data on" | str=-str reuse,readonly | fpc=-fp_contract on | lang=-lang=c | cc=GC/2.5 | misc=-pragma "scheduling off"
10	330.895	80.649	1	91.370	0	89.491	6	69.385	3	opt=-O4,p -opt nopeephole | inline=-inline deferred | pool=-pragma "pool_data on" | str=-str reuse,readonly | fpc=-fp_contract on | lang=-lang=c | cc=GC/2.5 | misc=-pragma "opt_propagation off"
11	334.241	81.120	2	91.723	0	90.430	6	70.968	3	opt=-O4,p -opt nopeephole | inline=-inline deferred | pool=-pragma "pool_data on" | str=-str reuse,readonly | fpc=-fp_contract on | lang=-lang=c | cc=GC/2.5 | misc=-pragma "peephole off"
11	334.268	81.154	2	91.715	0	90.430	6	70.968	3	opt=-O4,p -opt nopeephole | inline=-inline deferred | pool=-pragma "pool_data on" | str=-str reuse,readonly | fpc=-fp_contract on | lang=-lang=c | cc=GC/2.5 | misc=-pragma "opt_dead_assignments off"
10	236.546	51.531	1	67.135	0	62.041	5	55.838	4	opt=-O3,s | inline=-inline deferred | pool=-pragma "pool_data on" | str=-str reuse,readonly | fpc=-fp_contract on | lang=-lang=c | cc=GC/2.5 | misc=-pragma "opt_dead_assignments off"
10	221.868	47.183	1	63.540	0	61.616	5	49.530	4	opt=-O2,p | inline=-inline deferred | pool=-pragma "pool_data on" | str=-str reuse,readonly | fpc=-fp_contract on | lang=-lang=c | cc=GC/2.5 | misc=-pragma "opt_dead_assignments off"
10	264.664	59.701	1	71.402	0	68.439	5	65.121	4	opt=-O3,p | inline=-inline deferred | pool=-pragma "pool_data on" | str=-str reuse,readonly | fpc=-fp_contract on | lang=-lang=c | cc=GC/2.5 | misc=-pragma "opt_dead_assignments off"
14	319.092	75.422	1	88.983	0	86.374	6	68.312	7	opt=-O4,s | inline=-inline deferred | pool=-pragma "pool_data on" | str=-str reuse,readonly | fpc=-fp_contract on | lang=-lang=c | cc=GC/2.5 | misc=-pragma "opt_dead_assignments off"
19	355.950	86.638	2	97.225	2	93.389	8	78.698	7	opt=-O4,p -opt nopropagation | inline=-inline deferred | pool=-pragma "pool_data on" | str=-str reuse,readonly | fpc=-fp_contract on | lang=-lang=c | cc=GC/2.5 | misc=-pragma "opt_dead_assignments off"
10	264.845	59.687	1	71.436	0	68.688	5	65.033	4	opt=-O4,p -opt noschedule | inline=-inline deferred | pool=-pragma "pool_data on" | str=-str reuse,readonly | fpc=-fp_contract on | lang=-lang=c | cc=GC/2.5 | misc=-pragma "opt_dead_assignments off"
26	354.100	86.809	3	97.449	3	91.079	9	78.763	11	opt=-O4,p -opt nocse | inline=-inline deferred | pool=-pragma "pool_data on" | str=-str reuse,readonly | fpc=-fp_contract on | lang=-lang=c | cc=GC/2.5 | misc=-pragma "opt_dead_assignments off"
28	357.883	86.870	4	96.342	3	94.583	9	80.089	12	opt=-O4,p -opt nolifetimes | inline=-inline deferred | pool=-pragma "pool_data on" | str=-str reuse,readonly | fpc=-fp_contract on | lang=-lang=c | cc=GC/2.5 | misc=-pragma "opt_dead_assignments off"
25	355.226	85.832	3	97.353	3	93.663	10	78.378	9	opt=-O4,p -opt noloop | inline=-inline deferred | pool=-pragma "pool_data on" | str=-str reuse,readonly | fpc=-fp_contract on | lang=-lang=c | cc=GC/2.5 | misc=-pragma "opt_dead_assignments off"
-1	-1.000	ERR	ERR	ERR	ERR	ERR	ERR	ERR	ERR	opt=-O4,p | inline=-inline auto | pool= | str=-str reuse,readonly | fpc=-fp_contract on | lang=-lang=c++ | cc=GC/1.2.5 | misc=
-1	-1.000	ERR	ERR	ERR	ERR	ERR	ERR	ERR	ERR	opt=-O4,s | inline=-inline auto | pool= | str=-str reuse,readonly | fpc=-fp_contract on | lang=-lang=c++ | cc=GC/1.2.5 | misc=
-1	-1.000	ERR	ERR	ERR	ERR	ERR	ERR	ERR	ERR	opt=-O3,p | inline=-inline auto | pool= | str=-str reuse,readonly | fpc=-fp_contract on | lang=-lang=c++ | cc=GC/1.2.5 | misc=
-1	-1.000	ERR	ERR	ERR	ERR	ERR	ERR	ERR	ERR	opt=-O3,s | inline=-inline auto | pool= | str=-str reuse,readonly | fpc=-fp_contract on | lang=-lang=c++ | cc=GC/1.2.5 | misc=
-1	-1.000	ERR	ERR	ERR	ERR	ERR	ERR	ERR	ERR	opt=-O2,p | inline=-inline auto | pool= | str=-str reuse,readonly | fpc=-fp_contract on | lang=-lang=c++ | cc=GC/1.2.5 | misc=
-1	-1.000	ERR	ERR	ERR	ERR	ERR	ERR	ERR	ERR	opt=-O4,p -opt noschedule | inline=-inline auto | pool= | str=-str reuse,readonly | fpc=-fp_contract on | lang=-lang=c++ | cc=GC/1.2.5 | misc=
-1	-1.000	ERR	ERR	ERR	ERR	ERR	ERR	ERR	ERR	opt=-O4,p -opt nopeephole | inline=-inline auto | pool= | str=-str reuse,readonly | fpc=-fp_contract on | lang=-lang=c++ | cc=GC/1.2.5 | misc=
-1	-1.000	ERR	ERR	ERR	ERR	ERR	ERR	ERR	ERR	opt=-O4,p -opt nocse | inline=-inline auto | pool= | str=-str reuse,readonly | fpc=-fp_contract on | lang=-lang=c++ | cc=GC/1.2.5 | misc=
-1	-1.000	ERR	ERR	ERR	ERR	ERR	ERR	ERR	ERR	opt=-O4,p -opt nopropagation | inline=-inline auto | pool= | str=-str reuse,readonly | fpc=-fp_contract on | lang=-lang=c++ | cc=GC/1.2.5 | misc=
-1	-1.000	ERR	ERR	ERR	ERR	ERR	ERR	ERR	ERR	opt=-O4,p -opt nolifetimes | inline=-inline auto | pool= | str=-str reuse,readonly | fpc=-fp_contract on | lang=-lang=c++ | cc=GC/1.2.5 | misc=
-1	-1.000	ERR	ERR	ERR	ERR	ERR	ERR	ERR	ERR	opt=-O4,p -opt noloop | inline=-inline auto | pool= | str=-str reuse,readonly | fpc=-fp_contract on | lang=-lang=c++ | cc=GC/1.2.5 | misc=
-1	-1.000	ERR	ERR	ERR	ERR	ERR	ERR	ERR	ERR	opt=-O4,p -opt noloop | inline=-inline auto,deferred | pool= | str=-str reuse,readonly | fpc=-fp_contract on | lang=-lang=c++ | cc=GC/1.2.5 | misc=
-1	-1.000	ERR	ERR	ERR	ERR	ERR	ERR	ERR	ERR	opt=-O4,p -opt noloop | inline=-inline deferred | pool= | str=-str reuse,readonly | fpc=-fp_contract on | lang=-lang=c++ | cc=GC/1.2.5 | misc=
-1	-1.000	ERR	ERR	ERR	ERR	ERR	ERR	ERR	ERR	opt=-O4,p -opt noloop | inline=-inline smart | pool= | str=-str reuse,readonly | fpc=-fp_contract on | lang=-lang=c++ | cc=GC/1.2.5 | misc=
-1	-1.000	ERR	ERR	ERR	ERR	ERR	ERR	ERR	ERR	opt=-O4,p -opt noloop | inline=-inline all | pool= | str=-str reuse,readonly | fpc=-fp_contract on | lang=-lang=c++ | cc=GC/1.2.5 | misc=
-1	-1.000	ERR	ERR	ERR	ERR	ERR	ERR	ERR	ERR	opt=-O4,p -opt noloop | inline=-inline off | pool= | str=-str reuse,readonly | fpc=-fp_contract on | lang=-lang=c++ | cc=GC/1.2.5 | misc=
-1	-1.000	ERR	ERR	ERR	ERR	ERR	ERR	ERR	ERR	opt=-O4,p -opt noloop | inline=-inline auto | pool=-pragma "pool_data on" | str=-str reuse,readonly | fpc=-fp_contract on | lang=-lang=c++ | cc=GC/1.2.5 | misc=
-1	-1.000	ERR	ERR	ERR	ERR	ERR	ERR	ERR	ERR	opt=-O4,p -opt noloop | inline=-inline auto | pool= | str=-str readonly | fpc=-fp_contract on | lang=-lang=c++ | cc=GC/1.2.5 | misc=
-1	-1.000	ERR	ERR	ERR	ERR	ERR	ERR	ERR	ERR	opt=-O4,p -opt noloop | inline=-inline auto | pool= | str=-str reuse | fpc=-fp_contract on | lang=-lang=c++ | cc=GC/1.2.5 | misc=
-1	-1.000	ERR	ERR	ERR	ERR	ERR	ERR	ERR	ERR	opt=-O4,p -opt noloop | inline=-inline auto | pool= | str=-str noreuse | fpc=-fp_contract on | lang=-lang=c++ | cc=GC/1.2.5 | misc=
-1	-1.000	ERR	ERR	ERR	ERR	ERR	ERR	ERR	ERR	opt=-O4,p -opt noloop | inline=-inline auto | pool= | str=-str reuse,readonly | fpc=-fp_contract off | lang=-lang=c++ | cc=GC/1.2.5 | misc=
27	377.766	93.029	4	97.391	3	94.172	10	93.174	10	opt=-O4,p -opt noloop | inline=-inline auto | pool= | str=-str reuse,readonly | fpc=-fp_contract on | lang=-lang=c | cc=GC/1.2.5 | misc=
27	377.766	93.029	4	97.391	3	94.172	10	93.174	10	opt=-O4,p -opt noloop | inline=-inline auto | pool= | str=-str reuse,readonly | fpc=-fp_contract on | lang=-lang=c | cc=GC/2.5 | misc=
27	377.766	93.029	4	97.391	3	94.172	10	93.174	10	opt=-O4,p -opt noloop | inline=-inline auto | pool= | str=-str reuse,readonly | fpc=-fp_contract on | lang=-lang=c | cc=GC/1.3.2 | misc=
27	377.766	93.029	4	97.391	3	94.172	10	93.174	10	opt=-O4,p -opt noloop | inline=-inline auto | pool= | str=-str reuse,readonly | fpc=-fp_contract on | lang=-lang=c | cc=GC/1.1 | misc=
27	377.766	93.029	4	97.391	3	94.172	10	93.174	10	opt=-O4,p -opt noloop | inline=-inline auto | pool= | str=-str reuse,readonly | fpc=-fp_contract on | lang=-lang=c | cc=GC/3.0a5 | misc=
27	377.766	93.029	4	97.391	3	94.172	10	93.174	10	opt=-O4,p -opt noloop | inline=-inline auto | pool= | str=-str reuse,readonly | fpc=-fp_contract on | lang=-lang=c | cc=GC/3.0a3 | misc=
19	372.052	92.387	2	96.523	2	92.961	8	90.181	7	opt=-O4,p -opt noloop | inline=-inline auto | pool= | str=-str reuse,readonly | fpc=-fp_contract on | lang=-lang=c | cc=GC/1.2.5 | misc=-pragma "opt_propagation off"
10	277.511	64.970	1	70.857	0	68.370	5	73.314	4	opt=-O4,p -opt noloop | inline=-inline auto | pool= | str=-str reuse,readonly | fpc=-fp_contract on | lang=-lang=c | cc=GC/1.2.5 | misc=-pragma "scheduling off"
27	377.558	92.858	4	97.353	3	94.172	10	93.174	10	opt=-O4,p -opt noloop | inline=-inline auto | pool= | str=-str reuse,readonly | fpc=-fp_contract on | lang=-lang=c | cc=GC/1.2.5 | misc=-pragma "opt_dead_assignments off"
26	374.993	93.029	4	95.751	3	93.852	9	92.362	10	opt=-O4,p -opt noloop | inline=-inline auto | pool= | str=-str reuse,readonly | fpc=-fp_contract on | lang=-lang=c | cc=GC/1.2.5 | misc=-pragma "opt_lifetimes off"
10	350.588	87.441	1	90.997	0	89.854	6	82.296	3	opt=-O4,p -opt noloop | inline=-inline auto | pool= | str=-str reuse,readonly | fpc=-fp_contract on | lang=-lang=c | cc=GC/1.2.5 | misc=-pragma "peephole off"
23	369.628	91.792	2	96.103	3	91.171	9	90.561	9	opt=-O4,p -opt noloop | inline=-inline auto | pool= | str=-str reuse,readonly | fpc=-fp_contract on | lang=-lang=c | cc=GC/1.2.5 | misc=-pragma "opt_common_subs off"
10	234.732	52.406	1	63.540	0	61.616	5	57.171	4	opt=-O2,p | inline=-inline auto | pool= | str=-str reuse,readonly | fpc=-fp_contract on | lang=-lang=c | cc=GC/1.2.5 | misc=
10	252.162	58.265	1	67.135	0	62.664	5	64.098	4	opt=-O3,s | inline=-inline auto | pool= | str=-str reuse,readonly | fpc=-fp_contract on | lang=-lang=c | cc=GC/1.2.5 | misc=
10	282.867	66.519	1	71.402	0	69.359	5	75.587	4	opt=-O3,p | inline=-inline auto | pool= | str=-str reuse,readonly | fpc=-fp_contract on | lang=-lang=c | cc=GC/1.2.5 | misc=
28	378.076	95.078	4	97.456	3	92.008	10	93.533	11	opt=-O4,p -opt nocse | inline=-inline auto | pool= | str=-str reuse,readonly | fpc=-fp_contract on | lang=-lang=c | cc=GC/1.2.5 | misc=
14	339.871	83.272	1	89.021	0	87.004	6	80.574	7	opt=-O4,s | inline=-inline auto | pool= | str=-str reuse,readonly | fpc=-fp_contract on | lang=-lang=c | cc=GC/1.2.5 | misc=
32	382.315	95.597	6	96.338	3	95.512	10	94.868	13	opt=-O4,p -opt nolifetimes | inline=-inline auto | pool= | str=-str reuse,readonly | fpc=-fp_contract on | lang=-lang=c | cc=GC/1.2.5 | misc=
10	282.981	66.501	1	71.374	0	69.607	5	75.499	4	opt=-O4,p -opt noschedule | inline=-inline auto | pool= | str=-str reuse,readonly | fpc=-fp_contract on | lang=-lang=c | cc=GC/1.2.5 | misc=
33	385.125	95.597	6	97.991	3	95.857	11	95.680	13	opt=-O4,p | inline=-inline auto | pool= | str=-str reuse,readonly | fpc=-fp_contract on | lang=-lang=c | cc=GC/1.2.5 | misc=
11	356.983	89.060	2	91.723	0	91.349	6	84.851	3	opt=-O4,p -opt nopeephole | inline=-inline auto | pool= | str=-str reuse,readonly | fpc=-fp_contract on | lang=-lang=c | cc=GC/1.2.5 | misc=
20	379.187	94.962	2	97.225	2	94.319	9	92.681	7	opt=-O4,p -opt nopropagation | inline=-inline auto | pool= | str=-str reuse,readonly | fpc=-fp_contract on | lang=-lang=c | cc=GC/1.2.5 | misc=
27	315.835	61.684	4	96.022	2	85.833	10	72.296	11	opt=-O4,p | inline=-inline off | pool= | str=-str reuse,readonly | fpc=-fp_contract on | lang=-lang=c | cc=GC/1.2.5 | misc=
29	359.546	85.727	4	97.991	3	94.927	10	80.901	12	opt=-O4,p | inline=-inline deferred | pool= | str=-str reuse,readonly | fpc=-fp_contract on | lang=-lang=c | cc=GC/1.2.5 | misc=
33	385.125	95.597	6	97.991	3	95.857	11	95.680	13	opt=-O4,p | inline=-inline all | pool= | str=-str reuse,readonly | fpc=-fp_contract on | lang=-lang=c | cc=GC/1.2.5 | misc=
29	359.546	85.727	4	97.991	3	94.927	10	80.901	12	opt=-O4,p | inline=-inline smart | pool= | str=-str reuse,readonly | fpc=-fp_contract on | lang=-lang=c | cc=GC/1.2.5 | misc=
-1	-1.000	ERR	ERR	ERR	ERR	ERR	ERR	ERR	ERR	opt=-O4,p | inline=-inline auto | pool=-pragma "pool_data on" | str=-str reuse,readonly | fpc=-fp_contract on | lang=-lang=c++ | cc=GC/1.2.5 | misc=
10	206.779	41.888	1	62.224	0	57.339	5	45.328	4	opt=-O2,p | inline=-inline off | pool=-pragma "pool_data on" | str=-str reuse,readonly | fpc=-fp_contract on | lang=-lang=c | cc=GC/3.0a3 | misc=-pragma "opt_common_subs off"
10	233.096	44.396	1	69.855	0	62.373	5	56.472	4	opt=-O3,p | inline=-inline off | pool=-pragma "pool_data on" | str=-str reuse,readonly | fpc=-fp_contract on | lang=-lang=c | cc=GC/3.0a3 | misc=-pragma "opt_common_subs off"
14	287.399	62.255	1	87.139	0	77.247	6	60.758	7	opt=-O4,s | inline=-inline off | pool=-pragma "pool_data on" | str=-str reuse,readonly | fpc=-fp_contract on | lang=-lang=c | cc=GC/3.0a3 | misc=-pragma "opt_common_subs off"
25	312.674	62.802	3	95.488	2	83.922	9	70.462	11	opt=-O4,p | inline=-inline off | pool=-pragma "pool_data on" | str=-str reuse,readonly | fpc=-fp_contract on | lang=-lang=c | cc=GC/3.0a3 | misc=-pragma "opt_common_subs off"
11	291.756	60.396	2	89.229	0	80.459	6	61.672	3	opt=-O4,p -opt nopeephole | inline=-inline off | pool=-pragma "pool_data on" | str=-str reuse,readonly | fpc=-fp_contract on | lang=-lang=c | cc=GC/3.0a3 | misc=-pragma "opt_common_subs off"
25	310.295	62.802	3	93.822	2	83.908	9	69.762	11	opt=-O4,p -opt nolifetimes | inline=-inline off | pool=-pragma "pool_data on" | str=-str reuse,readonly | fpc=-fp_contract on | lang=-lang=c | cc=GC/3.0a3 | misc=-pragma "opt_common_subs off"
25	312.674	62.802	3	95.488	2	83.922	9	70.462	11	opt=-O4,p -opt nocse | inline=-inline off | pool=-pragma "pool_data on" | str=-str reuse,readonly | fpc=-fp_contract on | lang=-lang=c | cc=GC/3.0a3 | misc=-pragma "opt_common_subs off"
18	308.876	62.563	2	94.662	1	83.105	8	68.545	7	opt=-O4,p -opt nopropagation | inline=-inline off | pool=-pragma "pool_data on" | str=-str reuse,readonly | fpc=-fp_contract on | lang=-lang=c | cc=GC/3.0a3 | misc=-pragma "opt_common_subs off"
22	309.182	62.030	2	94.134	2	83.626	9	69.392	9	opt=-O4,p -opt noloop | inline=-inline off | pool=-pragma "pool_data on" | str=-str reuse,readonly | fpc=-fp_contract on | lang=-lang=c | cc=GC/3.0a3 | misc=-pragma "opt_common_subs off"
10	233.499	44.891	1	69.727	0	62.373	5	56.509	4	opt=-O4,p -opt noschedule | inline=-inline off | pool=-pragma "pool_data on" | str=-str reuse,readonly | fpc=-fp_contract on | lang=-lang=c | cc=GC/3.0a3 | misc=-pragma "opt_common_subs off"
26	354.148	86.850	3	97.456	3	91.079	9	78.763	11	opt=-O4,p | inline=-inline deferred | pool=-pragma "pool_data on" | str=-str reuse,readonly | fpc=-fp_contract on | lang=-lang=c | cc=GC/3.0a3 | misc=-pragma "opt_common_subs off"
26	354.142	86.844	3	97.456	3	91.079	9	78.763	11	opt=-O4,p | inline=-inline smart | pool=-pragma "pool_data on" | str=-str reuse,readonly | fpc=-fp_contract on | lang=-lang=c | cc=GC/3.0a3 | misc=-pragma "opt_common_subs off"
28	380.006	97.008	4	97.456	3	92.008	10	93.533	11	opt=-O4,p | inline=-inline all | pool=-pragma "pool_data on" | str=-str reuse,readonly | fpc=-fp_contract on | lang=-lang=c | cc=GC/3.0a3 | misc=-pragma "opt_common_subs off"
28	378.076	95.078	4	97.456	3	92.008	10	93.533	11	opt=-O4,p | inline=-inline auto,deferred | pool= | str=-str reuse,readonly | fpc=-fp_contract on | lang=-lang=c | cc=GC/3.0a3 | misc=-pragma "opt_common_subs off"
28	380.006	97.008	4	97.456	3	92.008	10	93.533	11	opt=-O4,p | inline=-inline auto,deferred | pool=-pragma "pool_data on" | str=-str noreuse | fpc=-fp_contract on | lang=-lang=c | cc=GC/3.0a3 | misc=-pragma "opt_common_subs off"
28	380.006	97.008	4	97.456	3	92.008	10	93.533	11	opt=-O4,p | inline=-inline auto,deferred | pool=-pragma "pool_data on" | str=-str reuse | fpc=-fp_contract on | lang=-lang=c | cc=GC/3.0a3 | misc=-pragma "opt_common_subs off"
28	379.946	97.014	4	97.456	3	91.943	10	93.533	11	opt=-O4,p | inline=-inline auto,deferred | pool=-pragma "pool_data on" | str=-str reuse,readonly | fpc=-fp_contract off | lang=-lang=c | cc=GC/3.0a3 | misc=-pragma "opt_common_subs off"
-1	-1.000	ERR	ERR	ERR	ERR	ERR	ERR	ERR	ERR	opt=-O4,p | inline=-inline auto,deferred | pool=-pragma "pool_data on" | str=-str reuse,readonly | fpc=-fp_contract on | lang=-lang=c++ | cc=GC/3.0a3 | misc=-pragma "opt_common_subs off"
28	380.012	97.014	4	97.456	3	92.008	10	93.533	11	opt=-O4,p | inline=-inline auto,deferred | pool=-pragma "pool_data on" | str=-str reuse,readonly | fpc=-fp_contract on | lang=-lang=c | cc=GC/3.0a5 | misc=-pragma "opt_common_subs off"
-1	-1.000	ERR	ERR	ERR	ERR	ERR	ERR	ERR	ERR	opt=-O4,p | inline=-inline auto,deferred | pool= | str=-str reuse,readonly | fpc=-fp_contract off | lang=-lang=c++ | cc=GC/3.0a3 | misc=-pragma "scheduling off"
-1	-1.000	ERR	ERR	ERR	ERR	ERR	ERR	ERR	ERR	opt=-O4,s | inline=-inline auto,deferred | pool= | str=-str reuse,readonly | fpc=-fp_contract off | lang=-lang=c++ | cc=GC/3.0a3 | misc=-pragma "scheduling off"
-1	-1.000	ERR	ERR	ERR	ERR	ERR	ERR	ERR	ERR	opt=-O3,p | inline=-inline auto,deferred | pool= | str=-str reuse,readonly | fpc=-fp_contract off | lang=-lang=c++ | cc=GC/3.0a3 | misc=-pragma "scheduling off"
-1	-1.000	ERR	ERR	ERR	ERR	ERR	ERR	ERR	ERR	opt=-O2,p | inline=-inline auto,deferred | pool= | str=-str reuse,readonly | fpc=-fp_contract off | lang=-lang=c++ | cc=GC/3.0a3 | misc=-pragma "scheduling off"
-1	-1.000	ERR	ERR	ERR	ERR	ERR	ERR	ERR	ERR	opt=-O4,p -opt nopeephole | inline=-inline auto,deferred | pool= | str=-str reuse,readonly | fpc=-fp_contract off | lang=-lang=c++ | cc=GC/3.0a3 | misc=-pragma "scheduling off"
-1	-1.000	ERR	ERR	ERR	ERR	ERR	ERR	ERR	ERR	opt=-O3,s | inline=-inline auto,deferred | pool= | str=-str reuse,readonly | fpc=-fp_contract off | lang=-lang=c++ | cc=GC/3.0a3 | misc=-pragma "scheduling off"
-1	-1.000	ERR	ERR	ERR	ERR	ERR	ERR	ERR	ERR	opt=-O4,p -opt noschedule | inline=-inline auto,deferred | pool= | str=-str reuse,readonly | fpc=-fp_contract off | lang=-lang=c++ | cc=GC/3.0a3 | misc=-pragma "scheduling off"
-1	-1.000	ERR	ERR	ERR	ERR	ERR	ERR	ERR	ERR	opt=-O4,p -opt nolifetimes | inline=-inline auto,deferred | pool= | str=-str reuse,readonly | fpc=-fp_contract off | lang=-lang=c++ | cc=GC/3.0a3 | misc=-pragma "scheduling off"
-1	-1.000	ERR	ERR	ERR	ERR	ERR	ERR	ERR	ERR	opt=-O4,p -opt noloop | inline=-inline auto,deferred | pool= | str=-str reuse,readonly | fpc=-fp_contract off | lang=-lang=c++ | cc=GC/3.0a3 | misc=-pragma "scheduling off"
-1	-1.000	ERR	ERR	ERR	ERR	ERR	ERR	ERR	ERR	opt=-O4,p -opt nopropagation | inline=-inline auto,deferred | pool= | str=-str reuse,readonly | fpc=-fp_contract off | lang=-lang=c++ | cc=GC/3.0a3 | misc=-pragma "scheduling off"
-1	-1.000	ERR	ERR	ERR	ERR	ERR	ERR	ERR	ERR	opt=-O4,p -opt nocse | inline=-inline auto,deferred | pool= | str=-str reuse,readonly | fpc=-fp_contract off | lang=-lang=c++ | cc=GC/3.0a3 | misc=-pragma "scheduling off"
-1	-1.000	ERR	ERR	ERR	ERR	ERR	ERR	ERR	ERR	opt=-O4,p | inline=-inline smart | pool= | str=-str reuse,readonly | fpc=-fp_contract off | lang=-lang=c++ | cc=GC/3.0a3 | misc=-pragma "scheduling off"
-1	-1.000	ERR	ERR	ERR	ERR	ERR	ERR	ERR	ERR	opt=-O4,p | inline=-inline auto | pool= | str=-str reuse,readonly | fpc=-fp_contract off | lang=-lang=c++ | cc=GC/3.0a3 | misc=-pragma "scheduling off"
-1	-1.000	ERR	ERR	ERR	ERR	ERR	ERR	ERR	ERR	opt=-O4,p | inline=-inline deferred | pool= | str=-str reuse,readonly | fpc=-fp_contract off | lang=-lang=c++ | cc=GC/3.0a3 | misc=-pragma "scheduling off"
-1	-1.000	ERR	ERR	ERR	ERR	ERR	ERR	ERR	ERR	opt=-O4,p | inline=-inline off | pool= | str=-str reuse,readonly | fpc=-fp_contract off | lang=-lang=c++ | cc=GC/3.0a3 | misc=-pragma "scheduling off"
-1	-1.000	ERR	ERR	ERR	ERR	ERR	ERR	ERR	ERR	opt=-O4,p | inline=-inline all | pool= | str=-str reuse,readonly | fpc=-fp_contract off | lang=-lang=c++ | cc=GC/3.0a3 | misc=-pragma "scheduling off"
-1	-1.000	ERR	ERR	ERR	ERR	ERR	ERR	ERR	ERR	opt=-O4,p | inline=-inline auto,deferred | pool=-pragma "pool_data on" | str=-str reuse,readonly | fpc=-fp_contract off | lang=-lang=c++ | cc=GC/3.0a3 | misc=-pragma "scheduling off"
-1	-1.000	ERR	ERR	ERR	ERR	ERR	ERR	ERR	ERR	opt=-O4,p | inline=-inline auto,deferred | pool= | str=-str reuse | fpc=-fp_contract off | lang=-lang=c++ | cc=GC/3.0a3 | misc=-pragma "scheduling off"
-1	-1.000	ERR	ERR	ERR	ERR	ERR	ERR	ERR	ERR	opt=-O4,p | inline=-inline auto,deferred | pool= | str=-str readonly | fpc=-fp_contract off | lang=-lang=c++ | cc=GC/3.0a3 | misc=-pragma "scheduling off"
-1	-1.000	ERR	ERR	ERR	ERR	ERR	ERR	ERR	ERR	opt=-O4,p | inline=-inline auto,deferred | pool= | str=-str noreuse | fpc=-fp_contract off | lang=-lang=c++ | cc=GC/3.0a3 | misc=-pragma "scheduling off"
-1	-1.000	ERR	ERR	ERR	ERR	ERR	ERR	ERR	ERR	opt=-O4,p | inline=-inline auto,deferred | pool= | str=-str reuse,readonly | fpc=-fp_contract on | lang=-lang=c++ | cc=GC/3.0a3 | misc=-pragma "scheduling off"
10	282.912	66.501	1	71.374	0	69.539	5	75.499	4	opt=-O4,p | inline=-inline auto,deferred | pool= | str=-str reuse,readonly | fpc=-fp_contract off | lang=-lang=c | cc=GC/3.0a3 | misc=-pragma "scheduling off"
10	282.912	66.501	1	71.374	0	69.539	5	75.499	4	opt=-O4,p | inline=-inline auto,deferred | pool= | str=-str reuse,readonly | fpc=-fp_contract off | lang=-lang=c | cc=GC/2.5 | misc=-pragma "scheduling off"
10	282.912	66.501	1	71.374	0	69.539	5	75.499	4	opt=-O4,p | inline=-inline auto,deferred | pool= | str=-str reuse,readonly | fpc=-fp_contract off | lang=-lang=c | cc=GC/1.3.2 | misc=-pragma "scheduling off"
10	282.912	66.501	1	71.374	0	69.539	5	75.499	4	opt=-O4,p | inline=-inline auto,deferred | pool= | str=-str reuse,readonly | fpc=-fp_contract off | lang=-lang=c | cc=GC/1.2.5 | misc=-pragma "scheduling off"
10	282.912	66.501	1	71.374	0	69.539	5	75.499	4	opt=-O4,p | inline=-inline auto,deferred | pool= | str=-str reuse,readonly | fpc=-fp_contract off | lang=-lang=c | cc=GC/1.1 | misc=-pragma "scheduling off"
10	282.912	66.501	1	71.374	0	69.539	5	75.499	4	opt=-O4,p | inline=-inline auto,deferred | pool= | str=-str reuse,readonly | fpc=-fp_contract off | lang=-lang=c | cc=GC/3.0a5 | misc=-pragma "scheduling off"
33	385.049	95.597	6	97.991	3	95.781	11	95.680	13	opt=-O4,p | inline=-inline auto,deferred | pool= | str=-str reuse,readonly | fpc=-fp_contract off | lang=-lang=c | cc=GC/3.0a3 | misc=
33	384.840	95.426	6	97.953	3	95.781	11	95.680	13	opt=-O4,p | inline=-inline auto,deferred | pool= | str=-str reuse,readonly | fpc=-fp_contract off | lang=-lang=c | cc=GC/3.0a3 | misc=-pragma "opt_dead_assignments off"
28	378.011	95.078	4	97.456	3	91.943	10	93.533	11	opt=-O4,p | inline=-inline auto,deferred | pool= | str=-str reuse,readonly | fpc=-fp_contract off | lang=-lang=c | cc=GC/3.0a3 | misc=-pragma "opt_common_subs off"
20	379.111	94.962	2	97.225	2	94.243	9	92.681	7	opt=-O4,p | inline=-inline auto,deferred | pool= | str=-str reuse,readonly | fpc=-fp_contract off | lang=-lang=c | cc=GC/3.0a3 | misc=-pragma "opt_propagation off"
11	356.908	89.060	2	91.723	0	91.273	6	84.851	3	opt=-O4,p | inline=-inline auto,deferred | pool= | str=-str reuse,readonly | fpc=-fp_contract off | lang=-lang=c | cc=GC/3.0a3 | misc=-pragma "peephole off"
14	339.796	83.272	1	89.021	0	86.928	6	80.574	7	opt=-O4,s | inline=-inline auto,deferred | pool= | str=-str reuse,readonly | fpc=-fp_contract off | lang=-lang=c | cc=GC/3.0a3 | misc=
10	234.659	52.406	1	63.540	0	61.543	5	57.171	4	opt=-O2,p | inline=-inline auto,deferred | pool= | str=-str reuse,readonly | fpc=-fp_contract off | lang=-lang=c | cc=GC/3.0a3 | misc=
10	252.090	58.265	1	67.135	0	62.592	5	64.098	4	opt=-O3,s | inline=-inline auto,deferred | pool= | str=-str reuse,readonly | fpc=-fp_contract off | lang=-lang=c | cc=GC/3.0a3 | misc=
10	282.799	66.519	1	71.402	0	69.290	5	75.587	4	opt=-O3,p | inline=-inline auto,deferred | pool= | str=-str reuse,readonly | fpc=-fp_contract off | lang=-lang=c | cc=GC/3.0a3 | misc=
10	282.912	66.501	1	71.374	0	69.539	5	75.499	4	opt=-O4,p -opt noschedule | inline=-inline auto,deferred | pool= | str=-str reuse,readonly | fpc=-fp_contract off | lang=-lang=c | cc=GC/3.0a3 | misc=
28	378.011	95.078	4	97.456	3	91.943	10	93.533	11	opt=-O4,p -opt nocse | inline=-inline auto,deferred | pool= | str=-str reuse,readonly | fpc=-fp_contract off | lang=-lang=c | cc=GC/3.0a3 | misc=
20	379.111	94.962	2	97.225	2	94.243	9	92.681	7	opt=-O4,p -opt nopropagation | inline=-inline auto,deferred | pool= | str=-str reuse,readonly | fpc=-fp_contract off | lang=-lang=c | cc=GC/3.0a3 | misc=
11	356.908	89.060	2	91.723	0	91.273	6	84.851	3	opt=-O4,p -opt nopeephole | inline=-inline auto,deferred | pool= | str=-str reuse,readonly | fpc=-fp_contract off | lang=-lang=c | cc=GC/3.0a3 | misc=
32	382.239	95.597	6	96.338	3	95.437	10	94.868	13	opt=-O4,p -opt nolifetimes | inline=-inline auto,deferred | pool= | str=-str reuse,readonly | fpc=-fp_contract off | lang=-lang=c | cc=GC/3.0a3 | misc=
27	377.690	93.029	4	97.391	3	94.096	10	93.174	10	opt=-O4,p -opt noloop | inline=-inline auto,deferred | pool= | str=-str reuse,readonly | fpc=-fp_contract off | lang=-lang=c | cc=GC/3.0a3 | misc=
29	359.470	85.727	4	97.991	3	94.851	10	80.901	12	opt=-O4,p | inline=-inline smart | pool= | str=-str reuse,readonly | fpc=-fp_contract off | lang=-lang=c | cc=GC/3.0a3 | misc=
29	359.470	85.727	4	97.991	3	94.851	10	80.901	12	opt=-O4,p | inline=-inline deferred | pool= | str=-str reuse,readonly | fpc=-fp_contract off | lang=-lang=c | cc=GC/3.0a3 | misc=
27	315.760	61.684	4	96.022	2	85.757	10	72.296	11	opt=-O4,p | inline=-inline off | pool= | str=-str reuse,readonly | fpc=-fp_contract off | lang=-lang=c | cc=GC/3.0a3 | misc=
33	385.049	95.597	6	97.991	3	95.781	11	95.680	13	opt=-O4,p | inline=-inline all | pool= | str=-str reuse,readonly | fpc=-fp_contract off | lang=-lang=c | cc=GC/3.0a3 | misc=
33	385.049	95.597	6	97.991	3	95.781	11	95.680	13	opt=-O4,p | inline=-inline auto | pool= | str=-str reuse,readonly | fpc=-fp_contract off | lang=-lang=c | cc=GC/3.0a3 | misc=
33	387.280	97.828	6	97.991	3	95.781	11	95.680	13	opt=-O4,p | inline=-inline auto,deferred | pool=-pragma "pool_data on" | str=-str reuse | fpc=-fp_contract off | lang=-lang=c | cc=GC/3.0a3 | misc=
33	387.280	97.828	6	97.991	3	95.781	11	95.680	13	opt=-O4,p | inline=-inline auto,deferred | pool=-pragma "pool_data on" | str=-str noreuse | fpc=-fp_contract off | lang=-lang=c | cc=GC/3.0a3 | misc=
-1	-1.000	ERR	ERR	ERR	ERR	ERR	ERR	ERR	ERR	opt=-O4,p | inline=-inline all | pool= | str=-str readonly | fpc=-fp_contract on | lang=-lang=c++ | cc=GC/1.1 | misc=-pragma "opt_lifetimes off"
-1	-1.000	ERR	ERR	ERR	ERR	ERR	ERR	ERR	ERR	opt=-O3,p | inline=-inline all | pool= | str=-str readonly | fpc=-fp_contract on | lang=-lang=c++ | cc=GC/1.1 | misc=-pragma "opt_lifetimes off"
-1	-1.000	ERR	ERR	ERR	ERR	ERR	ERR	ERR	ERR	opt=-O4,s | inline=-inline all | pool= | str=-str readonly | fpc=-fp_contract on | lang=-lang=c++ | cc=GC/1.1 | misc=-pragma "opt_lifetimes off"
-1	-1.000	ERR	ERR	ERR	ERR	ERR	ERR	ERR	ERR	opt=-O2,p | inline=-inline all | pool= | str=-str readonly | fpc=-fp_contract on | lang=-lang=c++ | cc=GC/1.1 | misc=-pragma "opt_lifetimes off"
-1	-1.000	ERR	ERR	ERR	ERR	ERR	ERR	ERR	ERR	opt=-O3,s | inline=-inline all | pool= | str=-str readonly | fpc=-fp_contract on | lang=-lang=c++ | cc=GC/1.1 | misc=-pragma "opt_lifetimes off"
-1	-1.000	ERR	ERR	ERR	ERR	ERR	ERR	ERR	ERR	opt=-O4,p -opt nolifetimes | inline=-inline all | pool= | str=-str readonly | fpc=-fp_contract on | lang=-lang=c++ | cc=GC/1.1 | misc=-pragma "opt_lifetimes off"
-1	-1.000	ERR	ERR	ERR	ERR	ERR	ERR	ERR	ERR	opt=-O4,p -opt nopropagation | inline=-inline all | pool= | str=-str readonly | fpc=-fp_contract on | lang=-lang=c++ | cc=GC/1.1 | misc=-pragma "opt_lifetimes off"
-1	-1.000	ERR	ERR	ERR	ERR	ERR	ERR	ERR	ERR	opt=-O4,p -opt noloop | inline=-inline all | pool= | str=-str readonly | fpc=-fp_contract on | lang=-lang=c++ | cc=GC/1.1 | misc=-pragma "opt_lifetimes off"
-1	-1.000	ERR	ERR	ERR	ERR	ERR	ERR	ERR	ERR	opt=-O4,p -opt nocse | inline=-inline all | pool= | str=-str readonly | fpc=-fp_contract on | lang=-lang=c++ | cc=GC/1.1 | misc=-pragma "opt_lifetimes off"
-1	-1.000	ERR	ERR	ERR	ERR	ERR	ERR	ERR	ERR	opt=-O4,p -opt nopeephole | inline=-inline all | pool= | str=-str readonly | fpc=-fp_contract on | lang=-lang=c++ | cc=GC/1.1 | misc=-pragma "opt_lifetimes off"
-1	-1.000	ERR	ERR	ERR	ERR	ERR	ERR	ERR	ERR	opt=-O4,p -opt noschedule | inline=-inline all | pool= | str=-str readonly | fpc=-fp_contract on | lang=-lang=c++ | cc=GC/1.1 | misc=-pragma "opt_lifetimes off"
-1	-1.000	ERR	ERR	ERR	ERR	ERR	ERR	ERR	ERR	opt=-O4,p | inline=-inline auto | pool= | str=-str readonly | fpc=-fp_contract on | lang=-lang=c++ | cc=GC/1.1 | misc=-pragma "opt_lifetimes off"
-1	-1.000	ERR	ERR	ERR	ERR	ERR	ERR	ERR	ERR	opt=-O4,p | inline=-inline smart | pool= | str=-str readonly | fpc=-fp_contract on | lang=-lang=c++ | cc=GC/1.1 | misc=-pragma "opt_lifetimes off"
-1	-1.000	ERR	ERR	ERR	ERR	ERR	ERR	ERR	ERR	opt=-O4,p | inline=-inline off | pool= | str=-str readonly | fpc=-fp_contract on | lang=-lang=c++ | cc=GC/1.1 | misc=-pragma "opt_lifetimes off"
-1	-1.000	ERR	ERR	ERR	ERR	ERR	ERR	ERR	ERR	opt=-O4,p | inline=-inline auto,deferred | pool= | str=-str readonly | fpc=-fp_contract on | lang=-lang=c++ | cc=GC/1.1 | misc=-pragma "opt_lifetimes off"
-1	-1.000	ERR	ERR	ERR	ERR	ERR	ERR	ERR	ERR	opt=-O4,p | inline=-inline deferred | pool= | str=-str readonly | fpc=-fp_contract on | lang=-lang=c++ | cc=GC/1.1 | misc=-pragma "opt_lifetimes off"
-1	-1.000	ERR	ERR	ERR	ERR	ERR	ERR	ERR	ERR	opt=-O4,p | inline=-inline all | pool=-pragma "pool_data on" | str=-str readonly | fpc=-fp_contract on | lang=-lang=c++ | cc=GC/1.1 | misc=-pragma "opt_lifetimes off"
-1	-1.000	ERR	ERR	ERR	ERR	ERR	ERR	ERR	ERR	opt=-O4,p | inline=-inline all | pool= | str=-str reuse | fpc=-fp_contract on | lang=-lang=c++ | cc=GC/1.1 | misc=-pragma "opt_lifetimes off"
-1	-1.000	ERR	ERR	ERR	ERR	ERR	ERR	ERR	ERR	opt=-O4,p | inline=-inline all | pool= | str=-str noreuse | fpc=-fp_contract on | lang=-lang=c++ | cc=GC/1.1 | misc=-pragma "opt_lifetimes off"
-1	-1.000	ERR	ERR	ERR	ERR	ERR	ERR	ERR	ERR	opt=-O4,p | inline=-inline all | pool= | str=-str reuse,readonly | fpc=-fp_contract on | lang=-lang=c++ | cc=GC/1.1 | misc=-pragma "opt_lifetimes off"
-1	-1.000	ERR	ERR	ERR	ERR	ERR	ERR	ERR	ERR	opt=-O4,p | inline=-inline all | pool= | str=-str readonly | fpc=-fp_contract off | lang=-lang=c++ | cc=GC/1.1 | misc=-pragma "opt_lifetimes off"
32	382.315	95.597	6	96.338	3	95.512	10	94.868	13	opt=-O4,p | inline=-inline all | pool= | str=-str readonly | fpc=-fp_contract on | lang=-lang=c | cc=GC/1.1 | misc=-pragma "opt_lifetimes off"
32	382.315	95.597	6	96.338	3	95.512	10	94.868	13	opt=-O4,p | inline=-inline all | pool= | str=-str readonly | fpc=-fp_contract on | lang=-lang=c | cc=GC/1.2.5 | misc=-pragma "opt_lifetimes off"
32	382.315	95.597	6	96.338	3	95.512	10	94.868	13	opt=-O4,p | inline=-inline all | pool= | str=-str readonly | fpc=-fp_contract on | lang=-lang=c | cc=GC/2.5 | misc=-pragma "opt_lifetimes off"
32	382.315	95.597	6	96.338	3	95.512	10	94.868	13	opt=-O4,p | inline=-inline all | pool= | str=-str readonly | fpc=-fp_contract on | lang=-lang=c | cc=GC/3.0a3 | misc=-pragma "opt_lifetimes off"
32	382.315	95.597	6	96.338	3	95.512	10	94.868	13	opt=-O4,p | inline=-inline all | pool= | str=-str readonly | fpc=-fp_contract on | lang=-lang=c | cc=GC/3.0a5 | misc=-pragma "opt_lifetimes off"
32	382.315	95.597	6	96.338	3	95.512	10	94.868	13	opt=-O4,p | inline=-inline all | pool= | str=-str readonly | fpc=-fp_contract on | lang=-lang=c | cc=GC/1.3.2 | misc=-pragma "opt_lifetimes off"
28	378.076	95.078	4	97.456	3	92.008	10	93.533	11	opt=-O4,p | inline=-inline all | pool= | str=-str readonly | fpc=-fp_contract on | lang=-lang=c | cc=GC/1.1 | misc=-pragma "opt_common_subs off"
20	379.187	94.962	2	97.225	2	94.319	9	92.681	7	opt=-O4,p | inline=-inline all | pool= | str=-str readonly | fpc=-fp_contract on | lang=-lang=c | cc=GC/1.1 | misc=-pragma "opt_propagation off"
33	385.125	95.597	6	97.991	3	95.857	11	95.680	13	opt=-O4,p | inline=-inline all | pool= | str=-str readonly | fpc=-fp_contract on | lang=-lang=c | cc=GC/1.1 | misc=
10	282.981	66.501	1	71.374	0	69.607	5	75.499	4	opt=-O4,p | inline=-inline all | pool= | str=-str readonly | fpc=-fp_contract on | lang=-lang=c | cc=GC/1.1 | misc=-pragma "scheduling off"
11	356.983	89.060	2	91.723	0	91.349	6	84.851	3	opt=-O4,p | inline=-inline all | pool= | str=-str readonly | fpc=-fp_contract on | lang=-lang=c | cc=GC/1.1 | misc=-pragma "peephole off"
14	339.871	83.272	1	89.021	0	87.004	6	80.574	7	opt=-O4,s | inline=-inline all | pool= | str=-str readonly | fpc=-fp_contract on | lang=-lang=c | cc=GC/1.1 | misc=
10	234.732	52.406	1	63.540	0	61.616	5	57.171	4	opt=-O2,p | inline=-inline all | pool= | str=-str readonly | fpc=-fp_contract on | lang=-lang=c | cc=GC/1.1 | misc=
10	252.162	58.265	1	67.135	0	62.664	5	64.098	4	opt=-O3,s | inline=-inline all | pool= | str=-str readonly | fpc=-fp_contract on | lang=-lang=c | cc=GC/1.1 | misc=
10	282.867	66.519	1	71.402	0	69.359	5	75.587	4	opt=-O3,p | inline=-inline all | pool= | str=-str readonly | fpc=-fp_contract on | lang=-lang=c | cc=GC/1.1 | misc=
10	282.981	66.501	1	71.374	0	69.607	5	75.499	4	opt=-O4,p -opt noschedule | inline=-inline all | pool= | str=-str readonly | fpc=-fp_contract on | lang=-lang=c | cc=GC/1.1 | misc=
11	356.983	89.060	2	91.723	0	91.349	6	84.851	3	opt=-O4,p -opt nopeephole | inline=-inline all | pool= | str=-str readonly | fpc=-fp_contract on | lang=-lang=c | cc=GC/1.1 | misc=
28	378.076	95.078	4	97.456	3	92.008	10	93.533	11	opt=-O4,p -opt nocse | inline=-inline all | pool= | str=-str readonly | fpc=-fp_contract on | lang=-lang=c | cc=GC/1.1 | misc=
20	379.187	94.962	2	97.225	2	94.319	9	92.681	7	opt=-O4,p -opt nopropagation | inline=-inline all | pool= | str=-str readonly | fpc=-fp_contract on | lang=-lang=c | cc=GC/1.1 | misc=
27	377.766	93.029	4	97.391	3	94.172	10	93.174	10	opt=-O4,p -opt noloop | inline=-inline all | pool= | str=-str readonly | fpc=-fp_contract on | lang=-lang=c | cc=GC/1.1 | misc=
32	382.315	95.597	6	96.338	3	95.512	10	94.868	13	opt=-O4,p -opt nolifetimes | inline=-inline all | pool= | str=-str readonly | fpc=-fp_contract on | lang=-lang=c | cc=GC/1.1 | misc=
29	359.546	85.727	4	97.991	3	94.927	10	80.901	12	opt=-O4,p | inline=-inline smart | pool= | str=-str readonly | fpc=-fp_contract on | lang=-lang=c | cc=GC/1.1 | misc=
27	315.835	61.684	4	96.022	2	85.833	10	72.296	11	opt=-O4,p | inline=-inline off | pool= | str=-str readonly | fpc=-fp_contract on | lang=-lang=c | cc=GC/1.1 | misc=
29	359.546	85.727	4	97.991	3	94.927	10	80.901	12	opt=-O4,p | inline=-inline deferred | pool= | str=-str readonly | fpc=-fp_contract on | lang=-lang=c | cc=GC/1.1 | misc=
33	385.125	95.597	6	97.991	3	95.857	11	95.680	13	opt=-O4,p | inline=-inline auto | pool= | str=-str readonly | fpc=-fp_contract on | lang=-lang=c | cc=GC/1.1 | misc=
-1	-1.000	ERR	ERR	ERR	ERR	ERR	ERR	ERR	ERR	opt=-O4,p | inline=-inline all | pool=-pragma "pool_data on" | str=-str readonly | fpc=-fp_contract on | lang=-lang=c++ | cc=GC/1.1 | misc=
33	387.356	97.828	6	97.991	3	95.857	11	95.680	13	opt=-O4,p | inline=-inline all | pool=-pragma "pool_data on" | str=-str readonly | fpc=-fp_contract on | lang=-lang=c | cc=GC/3.0a5 | misc=
28	380.006	97.008	4	97.456	3	92.008	10	93.533	11	opt=-O4,p | inline=-inline all | pool=-pragma "pool_data on" | str=-str readonly | fpc=-fp_contract on | lang=-lang=c | cc=GC/1.1 | misc=-pragma "opt_common_subs off"
20	381.404	97.179	2	97.225	2	94.319	9	92.681	7	opt=-O4,p | inline=-inline all | pool=-pragma "pool_data on" | str=-str readonly | fpc=-fp_contract on | lang=-lang=c | cc=GC/1.1 | misc=-pragma "opt_propagation off"
32	384.546	97.828	6	96.338	3	95.512	10	94.868	13	opt=-O4,p | inline=-inline all | pool=-pragma "pool_data on" | str=-str readonly | fpc=-fp_contract on | lang=-lang=c | cc=GC/1.1 | misc=-pragma "opt_lifetimes off"
11	358.736	90.813	2	91.723	0	91.349	6	84.851	3	opt=-O4,p | inline=-inline all | pool=-pragma "pool_data on" | str=-str readonly | fpc=-fp_contract on | lang=-lang=c | cc=GC/1.1 | misc=-pragma "peephole off"
33	387.147	97.657	6	97.953	3	95.857	11	95.680	13	opt=-O4,p | inline=-inline all | pool=-pragma "pool_data on" | str=-str readonly | fpc=-fp_contract on | lang=-lang=c | cc=GC/1.1 | misc=-pragma "opt_dead_assignments off"
10	235.360	53.034	1	63.540	0	61.616	5	57.171	4	opt=-O2,p | inline=-inline all | pool=-pragma "pool_data on" | str=-str readonly | fpc=-fp_contract on | lang=-lang=c | cc=GC/1.1 | misc=
10	252.782	58.885	1	67.135	0	62.664	5	64.098	4	opt=-O3,s | inline=-inline all | pool=-pragma "pool_data on" | str=-str readonly | fpc=-fp_contract on | lang=-lang=c | cc=GC/1.1 | misc=
10	283.488	67.139	1	71.402	0	69.359	5	75.587	4	opt=-O3,p | inline=-inline all | pool=-pragma "pool_data on" | str=-str readonly | fpc=-fp_contract on | lang=-lang=c | cc=GC/1.1 | misc=
14	341.713	85.113	1	89.021	0	87.004	6	80.574	7	opt=-O4,s | inline=-inline all | pool=-pragma "pool_data on" | str=-str readonly | fpc=-fp_contract on | lang=-lang=c | cc=GC/1.1 | misc=
28	380.006	97.008	4	97.456	3	92.008	10	93.533	11	opt=-O4,p -opt nocse | inline=-inline all | pool=-pragma "pool_data on" | str=-str readonly | fpc=-fp_contract on | lang=-lang=c | cc=GC/1.1 | misc=
11	358.736	90.813	2	91.723	0	91.349	6	84.851	3	opt=-O4,p -opt nopeephole | inline=-inline all | pool=-pragma "pool_data on" | str=-str readonly | fpc=-fp_contract on | lang=-lang=c | cc=GC/1.1 | misc=
10	283.601	67.122	1	71.374	0	69.607	5	75.499	4	opt=-O4,p -opt noschedule | inline=-inline all | pool=-pragma "pool_data on" | str=-str readonly | fpc=-fp_contract on | lang=-lang=c | cc=GC/1.1 | misc=
27	379.983	95.246	4	97.391	3	94.172	10	93.174	10	opt=-O4,p -opt noloop | inline=-inline all | pool=-pragma "pool_data on" | str=-str readonly | fpc=-fp_contract on | lang=-lang=c | cc=GC/1.1 | misc=
20	381.404	97.179	2	97.225	2	94.319	9	92.681	7	opt=-O4,p -opt nopropagation | inline=-inline all | pool=-pragma "pool_data on" | str=-str readonly | fpc=-fp_contract on | lang=-lang=c | cc=GC/1.1 | misc=
32	384.546	97.828	6	96.338	3	95.512	10	94.868	13	opt=-O4,p -opt nolifetimes | inline=-inline all | pool=-pragma "pool_data on" | str=-str readonly | fpc=-fp_contract on | lang=-lang=c | cc=GC/1.1 | misc=
-1	-1.000	ERR	ERR	ERR	ERR	ERR	ERR	ERR	ERR	opt=-O4,s | inline=-inline off | pool=-pragma "pool_data on" | str=-str noreuse | fpc=-fp_contract on | lang=-lang=c++ | cc=GC/1.2.5 | misc=-pragma "scheduling off"
-1	-1.000	ERR	ERR	ERR	ERR	ERR	ERR	ERR	ERR	opt=-O4,p | inline=-inline off | pool=-pragma "pool_data on" | str=-str noreuse | fpc=-fp_contract on | lang=-lang=c++ | cc=GC/1.2.5 | misc=-pragma "scheduling off"
-1	-1.000	ERR	ERR	ERR	ERR	ERR	ERR	ERR	ERR	opt=-O3,p | inline=-inline off | pool=-pragma "pool_data on" | str=-str noreuse | fpc=-fp_contract on | lang=-lang=c++ | cc=GC/1.2.5 | misc=-pragma "scheduling off"
-1	-1.000	ERR	ERR	ERR	ERR	ERR	ERR	ERR	ERR	opt=-O3,s | inline=-inline off | pool=-pragma "pool_data on" | str=-str noreuse | fpc=-fp_contract on | lang=-lang=c++ | cc=GC/1.2.5 | misc=-pragma "scheduling off"
-1	-1.000	ERR	ERR	ERR	ERR	ERR	ERR	ERR	ERR	opt=-O4,p -opt nopropagation | inline=-inline off | pool=-pragma "pool_data on" | str=-str noreuse | fpc=-fp_contract on | lang=-lang=c++ | cc=GC/1.2.5 | misc=-pragma "scheduling off"
-1	-1.000	ERR	ERR	ERR	ERR	ERR	ERR	ERR	ERR	opt=-O4,p -opt nopeephole | inline=-inline off | pool=-pragma "pool_data on" | str=-str noreuse | fpc=-fp_contract on | lang=-lang=c++ | cc=GC/1.2.5 | misc=-pragma "scheduling off"
-1	-1.000	ERR	ERR	ERR	ERR	ERR	ERR	ERR	ERR	opt=-O4,p -opt noschedule | inline=-inline off | pool=-pragma "pool_data on" | str=-str noreuse | fpc=-fp_contract on | lang=-lang=c++ | cc=GC/1.2.5 | misc=-pragma "scheduling off"
-1	-1.000	ERR	ERR	ERR	ERR	ERR	ERR	ERR	ERR	opt=-O4,p -opt nocse | inline=-inline off | pool=-pragma "pool_data on" | str=-str noreuse | fpc=-fp_contract on | lang=-lang=c++ | cc=GC/1.2.5 | misc=-pragma "scheduling off"
-1	-1.000	ERR	ERR	ERR	ERR	ERR	ERR	ERR	ERR	opt=-O4,p -opt noloop | inline=-inline off | pool=-pragma "pool_data on" | str=-str noreuse | fpc=-fp_contract on | lang=-lang=c++ | cc=GC/1.2.5 | misc=-pragma "scheduling off"
-1	-1.000	ERR	ERR	ERR	ERR	ERR	ERR	ERR	ERR	opt=-O4,p -opt nolifetimes | inline=-inline off | pool=-pragma "pool_data on" | str=-str noreuse | fpc=-fp_contract on | lang=-lang=c++ | cc=GC/1.2.5 | misc=-pragma "scheduling off"
-1	-1.000	ERR	ERR	ERR	ERR	ERR	ERR	ERR	ERR	opt=-O2,p | inline=-inline off | pool=-pragma "pool_data on" | str=-str noreuse | fpc=-fp_contract on | lang=-lang=c++ | cc=GC/1.2.5 | misc=-pragma "scheduling off"
-1	-1.000	ERR	ERR	ERR	ERR	ERR	ERR	ERR	ERR	opt=-O2,p | inline=-inline smart | pool=-pragma "pool_data on" | str=-str noreuse | fpc=-fp_contract on | lang=-lang=c++ | cc=GC/1.2.5 | misc=-pragma "scheduling off"
-1	-1.000	ERR	ERR	ERR	ERR	ERR	ERR	ERR	ERR	opt=-O2,p | inline=-inline auto | pool=-pragma "pool_data on" | str=-str noreuse | fpc=-fp_contract on | lang=-lang=c++ | cc=GC/1.2.5 | misc=-pragma "scheduling off"
-1	-1.000	ERR	ERR	ERR	ERR	ERR	ERR	ERR	ERR	opt=-O2,p | inline=-inline auto,deferred | pool=-pragma "pool_data on" | str=-str noreuse | fpc=-fp_contract on | lang=-lang=c++ | cc=GC/1.2.5 | misc=-pragma "scheduling off"
-1	-1.000	ERR	ERR	ERR	ERR	ERR	ERR	ERR	ERR	opt=-O2,p | inline=-inline deferred | pool=-pragma "pool_data on" | str=-str noreuse | fpc=-fp_contract on | lang=-lang=c++ | cc=GC/1.2.5 | misc=-pragma "scheduling off"
-1	-1.000	ERR	ERR	ERR	ERR	ERR	ERR	ERR	ERR	opt=-O2,p | inline=-inline all | pool=-pragma "pool_data on" | str=-str noreuse | fpc=-fp_contract on | lang=-lang=c++ | cc=GC/1.2.5 | misc=-pragma "scheduling off"
-1	-1.000	ERR	ERR	ERR	ERR	ERR	ERR	ERR	ERR	opt=-O2,p | inline=-inline off | pool= | str=-str noreuse | fpc=-fp_contract on | lang=-lang=c++ | cc=GC/1.2.5 | misc=-pragma "scheduling off"
-1	-1.000	ERR	ERR	ERR	ERR	ERR	ERR	ERR	ERR	opt=-O2,p | inline=-inline off | pool=-pragma "pool_data on" | str=-str reuse | fpc=-fp_contract on | lang=-lang=c++ | cc=GC/1.2.5 | misc=-pragma "scheduling off"
-1	-1.000	ERR	ERR	ERR	ERR	ERR	ERR	ERR	ERR	opt=-O2,p | inline=-inline off | pool=-pragma "pool_data on" | str=-str readonly | fpc=-fp_contract on | lang=-lang=c++ | cc=GC/1.2.5 | misc=-pragma "scheduling off"
-1	-1.000	ERR	ERR	ERR	ERR	ERR	ERR	ERR	ERR	opt=-O2,p | inline=-inline off | pool=-pragma "pool_data on" | str=-str reuse,readonly | fpc=-fp_contract on | lang=-lang=c++ | cc=GC/1.2.5 | misc=-pragma "scheduling off"
-1	-1.000	ERR	ERR	ERR	ERR	ERR	ERR	ERR	ERR	opt=-O2,p | inline=-inline off | pool=-pragma "pool_data on" | str=-str noreuse | fpc=-fp_contract off | lang=-lang=c++ | cc=GC/1.2.5 | misc=-pragma "scheduling off"
10	208.807	41.783	1	62.960	0	57.729	5	46.335	4	opt=-O2,p | inline=-inline off | pool=-pragma "pool_data on" | str=-str noreuse | fpc=-fp_contract on | lang=-lang=c | cc=GC/1.2.5 | misc=-pragma "scheduling off"
10	208.807	41.783	1	62.960	0	57.729	5	46.335	4	opt=-O2,p | inline=-inline off | pool=-pragma "pool_data on" | str=-str noreuse | fpc=-fp_contract on | lang=-lang=c | cc=GC/1.3.2 | misc=-pragma "scheduling off"
10	208.807	41.783	1	62.960	0	57.729	5	46.335	4	opt=-O2,p | inline=-inline off | pool=-pragma "pool_data on" | str=-str noreuse | fpc=-fp_contract on | lang=-lang=c | cc=GC/2.5 | misc=-pragma "scheduling off"
10	208.807	41.783	1	62.960	0	57.729	5	46.335	4	opt=-O2,p | inline=-inline off | pool=-pragma "pool_data on" | str=-str noreuse | fpc=-fp_contract on | lang=-lang=c | cc=GC/1.1 | misc=-pragma "scheduling off"
10	208.807	41.783	1	62.960	0	57.729	5	46.335	4	opt=-O2,p | inline=-inline off | pool=-pragma "pool_data on" | str=-str noreuse | fpc=-fp_contract on | lang=-lang=c | cc=GC/3.0a3 | misc=-pragma "scheduling off"
10	208.807	41.783	1	62.960	0	57.729	5	46.335	4	opt=-O2,p | inline=-inline off | pool=-pragma "pool_data on" | str=-str noreuse | fpc=-fp_contract on | lang=-lang=c | cc=GC/1.2.5 | misc=
10	208.536	41.687	1	62.785	0	57.729	5	46.335	4	opt=-O2,p | inline=-inline off | pool=-pragma "pool_data on" | str=-str noreuse | fpc=-fp_contract on | lang=-lang=c | cc=GC/1.2.5 | misc=-pragma "opt_propagation off"
10	208.807	41.783	1	62.960	0	57.729	5	46.335	4	opt=-O2,p | inline=-inline off | pool=-pragma "pool_data on" | str=-str noreuse | fpc=-fp_contract on | lang=-lang=c | cc=GC/1.2.5 | misc=-pragma "opt_lifetimes off"
10	208.807	41.783	1	62.960	0	57.729	5	46.335	4	opt=-O2,p | inline=-inline off | pool=-pragma "pool_data on" | str=-str noreuse | fpc=-fp_contract on | lang=-lang=c | cc=GC/1.2.5 | misc=-pragma "opt_dead_assignments off"
10	206.779	41.888	1	62.224	0	57.339	5	45.328	4	opt=-O2,p | inline=-inline off | pool=-pragma "pool_data on" | str=-str noreuse | fpc=-fp_contract on | lang=-lang=c | cc=GC/1.2.5 | misc=-pragma "opt_common_subs off"
8	201.728	41.081	1	60.555	0	56.432	5	43.660	2	opt=-O2,p | inline=-inline off | pool=-pragma "pool_data on" | str=-str noreuse | fpc=-fp_contract on | lang=-lang=c | cc=GC/1.2.5 | misc=-pragma "peephole off"
10	220.028	44.127	1	66.609	0	57.920	5	51.371	4	opt=-O3,s | inline=-inline off | pool=-pragma "pool_data on" | str=-str noreuse | fpc=-fp_contract on | lang=-lang=c | cc=GC/1.2.5 | misc=-pragma "scheduling off"
10	236.277	44.437	1	70.205	0	63.453	5	58.182	4	opt=-O3,p | inline=-inline off | pool=-pragma "pool_data on" | str=-str noreuse | fpc=-fp_contract on | lang=-lang=c | cc=GC/1.2.5 | misc=-pragma "scheduling off"
8	225.699	43.613	1	68.094	0	61.694	5	52.298	2	opt=-O4,p -opt nopeephole | inline=-inline off | pool=-pragma "pool_data on" | str=-str noreuse | fpc=-fp_contract on | lang=-lang=c | cc=GC/1.2.5 | misc=-pragma "scheduling off"
10	220.150	44.622	1	66.237	0	57.920	5	51.371	4	opt=-O4,s | inline=-inline off | pool=-pragma "pool_data on" | str=-str noreuse | fpc=-fp_contract on | lang=-lang=c | cc=GC/1.2.5 | misc=-pragma "scheduling off"
10	234.629	44.310	1	69.659	0	63.626	5	57.033	4	opt=-O4,p -opt noloop | inline=-inline off | pool=-pragma "pool_data on" | str=-str noreuse | fpc=-fp_contract on | lang=-lang=c | cc=GC/1.2.5 | misc=-pragma "scheduling off"
10	236.956	44.809	1	70.176	0	63.753	5	58.218	4	opt=-O4,p -opt noschedule | inline=-inline off | pool=-pragma "pool_data on" | str=-str noreuse | fpc=-fp_contract on | lang=-lang=c | cc=GC/1.2.5 | misc=-pragma "scheduling off"
10	236.956	44.809	1	70.176	0	63.753	5	58.218	4	opt=-O4,p | inline=-inline off | pool=-pragma "pool_data on" | str=-str noreuse | fpc=-fp_contract on | lang=-lang=c | cc=GC/1.2.5 | misc=-pragma "scheduling off"
10	234.874	44.809	1	68.776	0	63.340	5	57.948	4	opt=-O4,p -opt nolifetimes | inline=-inline off | pool=-pragma "pool_data on" | str=-str noreuse | fpc=-fp_contract on | lang=-lang=c | cc=GC/1.2.5 | misc=-pragma "scheduling off"
10	235.700	44.697	1	70.197	0	63.508	5	57.297	4	opt=-O4,p -opt nopropagation | inline=-inline off | pool=-pragma "pool_data on" | str=-str noreuse | fpc=-fp_contract on | lang=-lang=c | cc=GC/1.2.5 | misc=-pragma "scheduling off"
10	233.499	44.891	1	69.727	0	62.373	5	56.509	4	opt=-O4,p -opt nocse | inline=-inline off | pool=-pragma "pool_data on" | str=-str noreuse | fpc=-fp_contract on | lang=-lang=c | cc=GC/1.2.5 | misc=-pragma "scheduling off"
10	264.636	59.541	1	71.374	0	68.688	5	65.033	4	opt=-O4,p | inline=-inline smart | pool=-pragma "pool_data on" | str=-str noreuse | fpc=-fp_contract on | lang=-lang=c | cc=GC/1.2.5 | misc=-pragma "scheduling off"
10	264.636	59.541	1	71.374	0	68.688	5	65.033	4	opt=-O4,p | inline=-inline deferred | pool=-pragma "pool_data on" | str=-str noreuse | fpc=-fp_contract on | lang=-lang=c | cc=GC/1.2.5 | misc=-pragma "scheduling off"
10	283.601	67.122	1	71.374	0	69.607	5	75.499	4	opt=-O4,p | inline=-inline auto,deferred | pool=-pragma "pool_data on" | str=-str noreuse | fpc=-fp_contract on | lang=-lang=c | cc=GC/1.2.5 | misc=-pragma "scheduling off"
10	283.601	67.122	1	71.374	0	69.607	5	75.499	4	opt=-O4,p | inline=-inline all | pool=-pragma "pool_data on" | str=-str noreuse | fpc=-fp_contract on | lang=-lang=c | cc=GC/1.2.5 | misc=-pragma "scheduling off"
10	282.981	66.501	1	71.374	0	69.607	5	75.499	4	opt=-O4,p | inline=-inline auto | pool= | str=-str noreuse | fpc=-fp_contract on | lang=-lang=c | cc=GC/1.2.5 | misc=-pragma "scheduling off"
10	283.601	67.122	1	71.374	0	69.607	5	75.499	4	opt=-O4,p | inline=-inline auto | pool=-pragma "pool_data on" | str=-str readonly | fpc=-fp_contract on | lang=-lang=c | cc=GC/1.2.5 | misc=-pragma "scheduling off"
10	283.533	67.122	1	71.374	0	69.539	5	75.499	4	opt=-O4,p | inline=-inline auto | pool=-pragma "pool_data on" | str=-str noreuse | fpc=-fp_contract off | lang=-lang=c | cc=GC/1.2.5 | misc=-pragma "scheduling off"
-1	-1.000	ERR	ERR	ERR	ERR	ERR	ERR	ERR	ERR	opt=-O4,p | inline=-inline auto | pool=-pragma "pool_data on" | str=-str noreuse | fpc=-fp_contract on | lang=-lang=c++ | cc=GC/1.2.5 | misc=-pragma "scheduling off"
10	220.987	46.510	1	63.365	0	61.583	5	49.530	4	opt=-O2,p | inline=-inline deferred | pool= | str=-str noreuse | fpc=-fp_contract on | lang=-lang=c | cc=GC/3.0a5 | misc=-pragma "opt_propagation off"
10	235.731	50.858	1	67.052	0	61.982	5	55.838	4	opt=-O3,s | inline=-inline deferred | pool= | str=-str noreuse | fpc=-fp_contract on | lang=-lang=c | cc=GC/3.0a5 | misc=-pragma "opt_propagation off"
14	317.769	74.108	1	88.920	0	86.429	6	68.312	7	opt=-O4,s | inline=-inline deferred | pool= | str=-str noreuse | fpc=-fp_contract on | lang=-lang=c | cc=GC/3.0a5 | misc=-pragma "opt_propagation off"
10	262.445	58.754	1	71.330	0	68.173	5	64.188	4	opt=-O3,p | inline=-inline deferred | pool= | str=-str noreuse | fpc=-fp_contract on | lang=-lang=c | cc=GC/3.0a5 | misc=-pragma "opt_propagation off"
19	354.635	85.324	2	97.225	2	93.389	8	78.698	7	opt=-O4,p | inline=-inline deferred | pool= | str=-str noreuse | fpc=-fp_contract on | lang=-lang=c | cc=GC/3.0a5 | misc=-pragma "opt_propagation off"
10	262.391	58.863	1	71.395	0	68.173	5	63.960	4	opt=-O4,p -opt noschedule | inline=-inline deferred | pool= | str=-str noreuse | fpc=-fp_contract on | lang=-lang=c | cc=GC/3.0a5 | misc=-pragma "opt_propagation off"
19	349.161	85.283	2	96.631	2	90.591	8	76.657	7	opt=-O4,p -opt nocse | inline=-inline deferred | pool= | str=-str noreuse | fpc=-fp_contract on | lang=-lang=c | cc=GC/3.0a5 | misc=-pragma "opt_propagation off"
10	329.860	79.613	1	91.370	0	89.491	6	69.385	3	opt=-O4,p -opt nopeephole | inline=-inline deferred | pool= | str=-str noreuse | fpc=-fp_contract on | lang=-lang=c | cc=GC/3.0a5 | misc=-pragma "opt_propagation off"
19	354.635	85.324	2	97.225	2	93.389	8	78.698	7	opt=-O4,p -opt nopropagation | inline=-inline deferred | pool= | str=-str noreuse | fpc=-fp_contract on | lang=-lang=c | cc=GC/3.0a5 | misc=-pragma "opt_propagation off"
19	349.843	84.279	2	96.523	2	92.452	8	76.590	7	opt=-O4,p -opt noloop | inline=-inline deferred | pool= | str=-str noreuse | fpc=-fp_contract on | lang=-lang=c | cc=GC/3.0a5 | misc=-pragma "opt_propagation off"
19	352.132	85.324	2	95.362	2	93.169	8	78.277	7	opt=-O4,p -opt nolifetimes | inline=-inline deferred | pool= | str=-str noreuse | fpc=-fp_contract on | lang=-lang=c | cc=GC/3.0a5 | misc=-pragma "opt_propagation off"
20	379.187	94.962	2	97.225	2	94.319	9	92.681	7	opt=-O4,p | inline=-inline auto | pool= | str=-str noreuse | fpc=-fp_contract on | lang=-lang=c | cc=GC/3.0a5 | misc=-pragma "opt_propagation off"
18	311.562	61.295	2	95.256	1	84.709	8	70.302	7	opt=-O4,p | inline=-inline off | pool= | str=-str noreuse | fpc=-fp_contract on | lang=-lang=c | cc=GC/3.0a5 | misc=-pragma "opt_propagation off"
20	379.187	94.962	2	97.225	2	94.319	9	92.681	7	opt=-O4,p | inline=-inline all | pool= | str=-str noreuse | fpc=-fp_contract on | lang=-lang=c | cc=GC/3.0a5 | misc=-pragma "opt_propagation off"
20	379.187	94.962	2	97.225	2	94.319	9	92.681	7	opt=-O4,p | inline=-inline auto,deferred | pool= | str=-str noreuse | fpc=-fp_contract on | lang=-lang=c | cc=GC/3.0a5 | misc=-pragma "opt_propagation off"
20	381.404	97.179	2	97.225	2	94.319	9	92.681	7	opt=-O4,p | inline=-inline auto | pool=-pragma "pool_data on" | str=-str reuse,readonly | fpc=-fp_contract on | lang=-lang=c | cc=GC/3.0a5 | misc=-pragma "opt_propagation off"
20	381.404	97.179	2	97.225	2	94.319	9	92.681	7	opt=-O4,p | inline=-inline auto | pool=-pragma "pool_data on" | str=-str readonly | fpc=-fp_contract on | lang=-lang=c | cc=GC/3.0a5 | misc=-pragma "opt_propagation off"
20	381.328	97.179	2	97.225	2	94.243	9	92.681	7	opt=-O4,p | inline=-inline auto | pool=-pragma "pool_data on" | str=-str noreuse | fpc=-fp_contract off | lang=-lang=c | cc=GC/3.0a5 | misc=-pragma "opt_propagation off"
-1	-1.000	ERR	ERR	ERR	ERR	ERR	ERR	ERR	ERR	opt=-O4,p | inline=-inline auto | pool=-pragma "pool_data on" | str=-str noreuse | fpc=-fp_contract on | lang=-lang=c++ | cc=GC/3.0a5 | misc=-pragma "opt_propagation off"
-1	-1.000	ERR	ERR	ERR	ERR	ERR	ERR	ERR	ERR	opt=-O3,s | inline=-inline auto | pool= | str=-str reuse,readonly | fpc=-fp_contract off | lang=-lang=c++ | cc=GC/1.1 | misc=-pragma "opt_lifetimes off"
-1	-1.000	ERR	ERR	ERR	ERR	ERR	ERR	ERR	ERR	opt=-O4,s | inline=-inline auto | pool= | str=-str reuse,readonly | fpc=-fp_contract off | lang=-lang=c++ | cc=GC/1.1 | misc=-pragma "opt_lifetimes off"
-1	-1.000	ERR	ERR	ERR	ERR	ERR	ERR	ERR	ERR	opt=-O3,p | inline=-inline auto | pool= | str=-str reuse,readonly | fpc=-fp_contract off | lang=-lang=c++ | cc=GC/1.1 | misc=-pragma "opt_lifetimes off"
-1	-1.000	ERR	ERR	ERR	ERR	ERR	ERR	ERR	ERR	opt=-O4,p -opt nopeephole | inline=-inline auto | pool= | str=-str reuse,readonly | fpc=-fp_contract off | lang=-lang=c++ | cc=GC/1.1 | misc=-pragma "opt_lifetimes off"
-1	-1.000	ERR	ERR	ERR	ERR	ERR	ERR	ERR	ERR	opt=-O2,p | inline=-inline auto | pool= | str=-str reuse,readonly | fpc=-fp_contract off | lang=-lang=c++ | cc=GC/1.1 | misc=-pragma "opt_lifetimes off"
-1	-1.000	ERR	ERR	ERR	ERR	ERR	ERR	ERR	ERR	opt=-O4,p | inline=-inline auto | pool= | str=-str reuse,readonly | fpc=-fp_contract off | lang=-lang=c++ | cc=GC/1.1 | misc=-pragma "opt_lifetimes off"
-1	-1.000	ERR	ERR	ERR	ERR	ERR	ERR	ERR	ERR	opt=-O4,p -opt noschedule | inline=-inline auto | pool= | str=-str reuse,readonly | fpc=-fp_contract off | lang=-lang=c++ | cc=GC/1.1 | misc=-pragma "opt_lifetimes off"
-1	-1.000	ERR	ERR	ERR	ERR	ERR	ERR	ERR	ERR	opt=-O4,p -opt nopropagation | inline=-inline auto | pool= | str=-str reuse,readonly | fpc=-fp_contract off | lang=-lang=c++ | cc=GC/1.1 | misc=-pragma "opt_lifetimes off"
-1	-1.000	ERR	ERR	ERR	ERR	ERR	ERR	ERR	ERR	opt=-O4,p -opt nolifetimes | inline=-inline auto | pool= | str=-str reuse,readonly | fpc=-fp_contract off | lang=-lang=c++ | cc=GC/1.1 | misc=-pragma "opt_lifetimes off"
-1	-1.000	ERR	ERR	ERR	ERR	ERR	ERR	ERR	ERR	opt=-O4,p -opt noloop | inline=-inline auto | pool= | str=-str reuse,readonly | fpc=-fp_contract off | lang=-lang=c++ | cc=GC/1.1 | misc=-pragma "opt_lifetimes off"
-1	-1.000	ERR	ERR	ERR	ERR	ERR	ERR	ERR	ERR	opt=-O4,p -opt nocse | inline=-inline auto | pool= | str=-str reuse,readonly | fpc=-fp_contract off | lang=-lang=c++ | cc=GC/1.1 | misc=-pragma "opt_lifetimes off"
-1	-1.000	ERR	ERR	ERR	ERR	ERR	ERR	ERR	ERR	opt=-O4,p -opt nocse | inline=-inline smart | pool= | str=-str reuse,readonly | fpc=-fp_contract off | lang=-lang=c++ | cc=GC/1.1 | misc=-pragma "opt_lifetimes off"
-1	-1.000	ERR	ERR	ERR	ERR	ERR	ERR	ERR	ERR	opt=-O4,p -opt nocse | inline=-inline off | pool= | str=-str reuse,readonly | fpc=-fp_contract off | lang=-lang=c++ | cc=GC/1.1 | misc=-pragma "opt_lifetimes off"
-1	-1.000	ERR	ERR	ERR	ERR	ERR	ERR	ERR	ERR	opt=-O4,p -opt nocse | inline=-inline deferred | pool= | str=-str reuse,readonly | fpc=-fp_contract off | lang=-lang=c++ | cc=GC/1.1 | misc=-pragma "opt_lifetimes off"
-1	-1.000	ERR	ERR	ERR	ERR	ERR	ERR	ERR	ERR	opt=-O4,p -opt nocse | inline=-inline all | pool= | str=-str reuse,readonly | fpc=-fp_contract off | lang=-lang=c++ | cc=GC/1.1 | misc=-pragma "opt_lifetimes off"
-1	-1.000	ERR	ERR	ERR	ERR	ERR	ERR	ERR	ERR	opt=-O4,p -opt nocse | inline=-inline auto,deferred | pool= | str=-str reuse,readonly | fpc=-fp_contract off | lang=-lang=c++ | cc=GC/1.1 | misc=-pragma "opt_lifetimes off"
-1	-1.000	ERR	ERR	ERR	ERR	ERR	ERR	ERR	ERR	opt=-O4,p -opt nocse | inline=-inline auto | pool=-pragma "pool_data on" | str=-str reuse,readonly | fpc=-fp_contract off | lang=-lang=c++ | cc=GC/1.1 | misc=-pragma "opt_lifetimes off"
-1	-1.000	ERR	ERR	ERR	ERR	ERR	ERR	ERR	ERR	opt=-O4,p -opt nocse | inline=-inline auto | pool= | str=-str readonly | fpc=-fp_contract off | lang=-lang=c++ | cc=GC/1.1 | misc=-pragma "opt_lifetimes off"
-1	-1.000	ERR	ERR	ERR	ERR	ERR	ERR	ERR	ERR	opt=-O4,p -opt nocse | inline=-inline auto | pool= | str=-str noreuse | fpc=-fp_contract off | lang=-lang=c++ | cc=GC/1.1 | misc=-pragma "opt_lifetimes off"
-1	-1.000	ERR	ERR	ERR	ERR	ERR	ERR	ERR	ERR	opt=-O4,p -opt nocse | inline=-inline auto | pool= | str=-str reuse | fpc=-fp_contract off | lang=-lang=c++ | cc=GC/1.1 | misc=-pragma "opt_lifetimes off"
-1	-1.000	ERR	ERR	ERR	ERR	ERR	ERR	ERR	ERR	opt=-O4,p -opt nocse | inline=-inline auto | pool= | str=-str reuse,readonly | fpc=-fp_contract on | lang=-lang=c++ | cc=GC/1.1 | misc=-pragma "opt_lifetimes off"
28	375.603	95.078	4	95.791	3	91.946	10	92.788	11	opt=-O4,p -opt nocse | inline=-inline auto | pool= | str=-str reuse,readonly | fpc=-fp_contract off | lang=-lang=c | cc=GC/1.1 | misc=-pragma "opt_lifetimes off"
28	375.603	95.078	4	95.791	3	91.946	10	92.788	11	opt=-O4,p -opt nocse | inline=-inline auto | pool= | str=-str reuse,readonly | fpc=-fp_contract off | lang=-lang=c | cc=GC/3.0a3 | misc=-pragma "opt_lifetimes off"
28	375.603	95.078	4	95.791	3	91.946	10	92.788	11	opt=-O4,p -opt nocse | inline=-inline auto | pool= | str=-str reuse,readonly | fpc=-fp_contract off | lang=-lang=c | cc=GC/2.5 | misc=-pragma "opt_lifetimes off"
28	375.603	95.078	4	95.791	3	91.946	10	92.788	11	opt=-O4,p -opt nocse | inline=-inline auto | pool= | str=-str reuse,readonly | fpc=-fp_contract off | lang=-lang=c | cc=GC/1.2.5 | misc=-pragma "opt_lifetimes off"
28	375.603	95.078	4	95.791	3	91.946	10	92.788	11	opt=-O4,p -opt nocse | inline=-inline auto | pool= | str=-str reuse,readonly | fpc=-fp_contract off | lang=-lang=c | cc=GC/3.0a5 | misc=-pragma "opt_lifetimes off"
28	375.603	95.078	4	95.791	3	91.946	10	92.788	11	opt=-O4,p -opt nocse | inline=-inline auto | pool= | str=-str reuse,readonly | fpc=-fp_contract off | lang=-lang=c | cc=GC/1.3.2 | misc=-pragma "opt_lifetimes off"
20	373.320	94.593	2	96.631	2	91.455	9	90.640	7	opt=-O4,p -opt nocse | inline=-inline auto | pool= | str=-str reuse,readonly | fpc=-fp_contract off | lang=-lang=c | cc=GC/1.1 | misc=-pragma "opt_propagation off"
10	277.597	66.255	1	70.925	0	66.654	5	73.763	4	opt=-O4,p -opt nocse | inline=-inline auto | pool= | str=-str reuse,readonly | fpc=-fp_contract off | lang=-lang=c | cc=GC/1.1 | misc=-pragma "scheduling off"
28	378.011	95.078	4	97.456	3	91.943	10	93.533	11	opt=-O4,p -opt nocse | inline=-inline auto | pool= | str=-str reuse,readonly | fpc=-fp_contract off | lang=-lang=c | cc=GC/1.1 | misc=
28	378.011	95.078	4	97.456	3	91.943	10	93.533	11	opt=-O4,p -opt nocse | inline=-inline auto | pool= | str=-str reuse,readonly | fpc=-fp_contract off | lang=-lang=c | cc=GC/1.1 | misc=-pragma "opt_common_subs off"
28	377.962	95.037	4	97.449	3	91.943	10	93.533	11	opt=-O4,p -opt nocse | inline=-inline auto | pool= | str=-str reuse,readonly | fpc=-fp_contract off | lang=-lang=c | cc=GC/1.1 | misc=-pragma "opt_dead_assignments off"
11	350.269	88.350	2	91.187	0	87.853	6	82.879	3	opt=-O4,p -opt nocse | inline=-inline auto | pool= | str=-str reuse,readonly | fpc=-fp_contract off | lang=-lang=c | cc=GC/1.1 | misc=-pragma "peephole off"
10	234.659	52.406	1	63.540	0	61.543	5	57.171	4	opt=-O2,p | inline=-inline auto | pool= | str=-str reuse,readonly | fpc=-fp_contract off | lang=-lang=c | cc=GC/1.1 | misc=
10	252.090	58.265	1	67.135	0	62.592	5	64.098	4	opt=-O3,s | inline=-inline auto | pool= | str=-str reuse,readonly | fpc=-fp_contract off | lang=-lang=c | cc=GC/1.1 | misc=
14	339.796	83.272	1	89.021	0	86.928	6	80.574	7	opt=-O4,s | inline=-inline auto | pool= | str=-str reuse,readonly | fpc=-fp_contract off | lang=-lang=c | cc=GC/1.1 | misc=
10	282.799	66.519	1	71.402	0	69.290	5	75.587	4	opt=-O3,p | inline=-inline auto | pool= | str=-str reuse,readonly | fpc=-fp_contract off | lang=-lang=c | cc=GC/1.1 | misc=
11	356.908	89.060	2	91.723	0	91.273	6	84.851	3	opt=-O4,p -opt nopeephole | inline=-inline auto | pool= | str=-str reuse,readonly | fpc=-fp_contract off | lang=-lang=c | cc=GC/1.1 | misc=
10	282.912	66.501	1	71.374	0	69.539	5	75.499	4	opt=-O4,p -opt noschedule | inline=-inline auto | pool= | str=-str reuse,readonly | fpc=-fp_contract off | lang=-lang=c | cc=GC/1.1 | misc=
20	379.111	94.962	2	97.225	2	94.243	9	92.681	7	opt=-O4,p -opt nopropagation | inline=-inline auto | pool= | str=-str reuse,readonly | fpc=-fp_contract off | lang=-lang=c | cc=GC/1.1 | misc=
27	377.690	93.029	4	97.391	3	94.096	10	93.174	10	opt=-O4,p -opt noloop | inline=-inline auto | pool= | str=-str reuse,readonly | fpc=-fp_contract off | lang=-lang=c | cc=GC/1.1 | misc=
33	385.049	95.597	6	97.991	3	95.781	11	95.680	13	opt=-O4,p | inline=-inline auto | pool= | str=-str reuse,readonly | fpc=-fp_contract off | lang=-lang=c | cc=GC/1.1 | misc=
32	382.239	95.597	6	96.338	3	95.437	10	94.868	13	opt=-O4,p -opt nolifetimes | inline=-inline auto | pool= | str=-str reuse,readonly | fpc=-fp_contract off | lang=-lang=c | cc=GC/1.1 | misc=
27	315.760	61.684	4	96.022	2	85.757	10	72.296	11	opt=-O4,p | inline=-inline off | pool= | str=-str reuse,readonly | fpc=-fp_contract off | lang=-lang=c | cc=GC/1.1 | misc=
29	359.470	85.727	4	97.991	3	94.851	10	80.901	12	opt=-O4,p | inline=-inline smart | pool= | str=-str reuse,readonly | fpc=-fp_contract off | lang=-lang=c | cc=GC/1.1 | misc=
33	385.049	95.597	6	97.991	3	95.781	11	95.680	13	opt=-O4,p | inline=-inline auto,deferred | pool= | str=-str reuse,readonly | fpc=-fp_contract off | lang=-lang=c | cc=GC/1.1 | misc=
29	359.470	85.727	4	97.991	3	94.851	10	80.901	12	opt=-O4,p | inline=-inline deferred | pool= | str=-str reuse,readonly | fpc=-fp_contract off | lang=-lang=c | cc=GC/1.1 | misc=
33	385.049	95.597	6	97.991	3	95.781	11	95.680	13	opt=-O4,p | inline=-inline all | pool= | str=-str reuse,readonly | fpc=-fp_contract off | lang=-lang=c | cc=GC/1.1 | misc=
-1	-1.000	ERR	ERR	ERR	ERR	ERR	ERR	ERR	ERR	opt=-O4,p | inline=-inline auto | pool=-pragma "pool_data on" | str=-str reuse,readonly | fpc=-fp_contract on | lang=-lang=c++ | cc=GC/1.1 | misc=
28	380.006	97.008	4	97.456	3	92.008	10	93.533	11	opt=-O4,p | inline=-inline auto | pool=-pragma "pool_data on" | str=-str reuse,readonly | fpc=-fp_contract on | lang=-lang=c | cc=GC/1.1 | misc=-pragma "opt_common_subs off"
20	381.404	97.179	2	97.225	2	94.319	9	92.681	7	opt=-O4,p | inline=-inline auto | pool=-pragma "pool_data on" | str=-str reuse,readonly | fpc=-fp_contract on | lang=-lang=c | cc=GC/1.1 | misc=-pragma "opt_propagation off"
10	235.360	53.034	1	63.540	0	61.616	5	57.171	4	opt=-O2,p | inline=-inline auto | pool=-pragma "pool_data on" | str=-str reuse,readonly | fpc=-fp_contract on | lang=-lang=c | cc=GC/1.1 | misc=
10	252.782	58.885	1	67.135	0	62.664	5	64.098	4	opt=-O3,s | inline=-inline auto | pool=-pragma "pool_data on" | str=-str reuse,readonly | fpc=-fp_contract on | lang=-lang=c | cc=GC/1.1 | misc=
14	341.713	85.113	1	89.021	0	87.004	6	80.574	7	opt=-O4,s | inline=-inline auto | pool=-pragma "pool_data on" | str=-str reuse,readonly | fpc=-fp_contract on | lang=-lang=c | cc=GC/1.1 | misc=
10	283.488	67.139	1	71.402	0	69.359	5	75.587	4	opt=-O3,p | inline=-inline auto | pool=-pragma "pool_data on" | str=-str reuse,readonly | fpc=-fp_contract on | lang=-lang=c | cc=GC/1.1 | misc=
10	283.601	67.122	1	71.374	0	69.607	5	75.499	4	opt=-O4,p -opt noschedule | inline=-inline auto | pool=-pragma "pool_data on" | str=-str reuse,readonly | fpc=-fp_contract on | lang=-lang=c | cc=GC/1.1 | misc=
28	380.006	97.008	4	97.456	3	92.008	10	93.533	11	opt=-O4,p -opt nocse | inline=-inline auto | pool=-pragma "pool_data on" | str=-str reuse,readonly | fpc=-fp_contract on | lang=-lang=c | cc=GC/1.1 | misc=
20	381.404	97.179	2	97.225	2	94.319	9	92.681	7	opt=-O4,p -opt nopropagation | inline=-inline auto | pool=-pragma "pool_data on" | str=-str reuse,readonly | fpc=-fp_contract on | lang=-lang=c | cc=GC/1.1 | misc=
11	358.736	90.813	2	91.723	0	91.349	6	84.851	3	opt=-O4,p -opt nopeephole | inline=-inline auto | pool=-pragma "pool_data on" | str=-str reuse,readonly | fpc=-fp_contract on | lang=-lang=c | cc=GC/1.1 | misc=
32	384.546	97.828	6	96.338	3	95.512	10	94.868	13	opt=-O4,p -opt nolifetimes | inline=-inline auto | pool=-pragma "pool_data on" | str=-str reuse,readonly | fpc=-fp_contract on | lang=-lang=c | cc=GC/1.1 | misc=
27	379.983	95.246	4	97.391	3	94.172	10	93.174	10	opt=-O4,p -opt noloop | inline=-inline auto | pool=-pragma "pool_data on" | str=-str reuse,readonly | fpc=-fp_contract on | lang=-lang=c | cc=GC/1.1 | misc=
10	234.659	52.406	1	63.540	0	61.543	5	57.171	4	opt=-O2,p | inline=-inline auto | pool= | str=-str reuse,readonly | fpc=-fp_contract off | lang=-lang=c | cc=GC/1.3.2 | misc=-pragma "opt_lifetimes off"
10	251.463	58.265	1	66.496	0	62.430	5	64.273	4	opt=-O3,s | inline=-inline auto | pool= | str=-str reuse,readonly | fpc=-fp_contract off | lang=-lang=c | cc=GC/1.3.2 | misc=-pragma "opt_lifetimes off"
10	281.629	66.519	1	70.799	0	69.021	5	75.290	4	opt=-O3,p | inline=-inline auto | pool= | str=-str reuse,readonly | fpc=-fp_contract off | lang=-lang=c | cc=GC/1.3.2 | misc=-pragma "opt_lifetimes off"
14	338.219	83.272	1	87.613	0	86.849	6	80.485	7	opt=-O4,s | inline=-inline auto | pool= | str=-str reuse,readonly | fpc=-fp_contract off | lang=-lang=c | cc=GC/1.3.2 | misc=-pragma "opt_lifetimes off"
32	382.239	95.597	6	96.338	3	95.437	10	94.868	13	opt=-O4,p | inline=-inline auto | pool= | str=-str reuse,readonly | fpc=-fp_contract off | lang=-lang=c | cc=GC/1.3.2 | misc=-pragma "opt_lifetimes off"
11	354.820	89.060	2	90.320	0	90.957	6	84.483	3	opt=-O4,p -opt nopeephole | inline=-inline auto | pool= | str=-str reuse,readonly | fpc=-fp_contract off | lang=-lang=c | cc=GC/1.3.2 | misc=-pragma "opt_lifetimes off"
20	376.608	94.962	2	95.362	2	94.023	9	92.261	7	opt=-O4,p -opt nopropagation | inline=-inline auto | pool= | str=-str reuse,readonly | fpc=-fp_contract off | lang=-lang=c | cc=GC/1.3.2 | misc=-pragma "opt_lifetimes off"
32	382.239	95.597	6	96.338	3	95.437	10	94.868	13	opt=-O4,p -opt nolifetimes | inline=-inline auto | pool= | str=-str reuse,readonly | fpc=-fp_contract off | lang=-lang=c | cc=GC/1.3.2 | misc=-pragma "opt_lifetimes off"
26	374.917	93.029	4	95.751	3	93.776	9	92.362	10	opt=-O4,p -opt noloop | inline=-inline auto | pool= | str=-str reuse,readonly | fpc=-fp_contract off | lang=-lang=c | cc=GC/1.3.2 | misc=-pragma "opt_lifetimes off"
10	280.813	66.501	1	69.974	0	69.125	5	75.212	4	opt=-O4,p -opt noschedule | inline=-inline auto | pool= | str=-str reuse,readonly | fpc=-fp_contract off | lang=-lang=c | cc=GC/1.3.2 | misc=-pragma "opt_lifetimes off"
28	356.660	85.727	4	96.338	3	94.507	9	80.089	12	opt=-O4,p | inline=-inline smart | pool= | str=-str reuse,readonly | fpc=-fp_contract off | lang=-lang=c | cc=GC/1.3.2 | misc=-pragma "opt_lifetimes off"
28	356.660	85.727	4	96.338	3	94.507	9	80.089	12	opt=-O4,p | inline=-inline deferred | pool= | str=-str reuse,readonly | fpc=-fp_contract off | lang=-lang=c | cc=GC/1.3.2 | misc=-pragma "opt_lifetimes off"
26	313.131	61.684	4	94.369	2	85.550	9	71.527	11	opt=-O4,p | inline=-inline off | pool= | str=-str reuse,readonly | fpc=-fp_contract off | lang=-lang=c | cc=GC/1.3.2 | misc=-pragma "opt_lifetimes off"
32	382.239	95.597	6	96.338	3	95.437	10	94.868	13	opt=-O4,p | inline=-inline auto,deferred | pool= | str=-str reuse,readonly | fpc=-fp_contract off | lang=-lang=c | cc=GC/1.3.2 | misc=-pragma "opt_lifetimes off"
32	382.239	95.597	6	96.338	3	95.437	10	94.868	13	opt=-O4,p | inline=-inline all | pool= | str=-str reuse,readonly | fpc=-fp_contract off | lang=-lang=c | cc=GC/1.3.2 | misc=-pragma "opt_lifetimes off"
32	384.470	97.828	6	96.338	3	95.437	10	94.868	13	opt=-O4,p | inline=-inline auto | pool=-pragma "pool_data on" | str=-str reuse,readonly | fpc=-fp_contract off | lang=-lang=c | cc=GC/1.3.2 | misc=-pragma "opt_lifetimes off"
32	384.470	97.828	6	96.338	3	95.437	10	94.868	13	opt=-O4,p | inline=-inline auto | pool=-pragma "pool_data on" | str=-str reuse | fpc=-fp_contract off | lang=-lang=c | cc=GC/1.3.2 | misc=-pragma "opt_lifetimes off"
32	384.470	97.828	6	96.338	3	95.437	10	94.868	13	opt=-O4,p | inline=-inline auto | pool=-pragma "pool_data on" | str=-str noreuse | fpc=-fp_contract off | lang=-lang=c | cc=GC/1.3.2 | misc=-pragma "opt_lifetimes off"
32	384.470	97.828	6	96.338	3	95.437	10	94.868	13	opt=-O4,p | inline=-inline auto | pool=-pragma "pool_data on" | str=-str readonly | fpc=-fp_contract off | lang=-lang=c | cc=GC/1.3.2 | misc=-pragma "opt_lifetimes off"
-1	-1.000	ERR	ERR	ERR	ERR	ERR	ERR	ERR	ERR	opt=-O4,p | inline=-inline auto | pool=-pragma "pool_data on" | str=-str reuse,readonly | fpc=-fp_contract on | lang=-lang=c++ | cc=GC/1.3.2 | misc=-pragma "opt_lifetimes off"
-1	-1.000	ERR	ERR	ERR	ERR	ERR	ERR	ERR	ERR	opt=-O4,p | inline=-inline off | pool=-pragma "pool_data on" | str=-str reuse,readonly | fpc=-fp_contract on | lang=-lang=c++ | cc=GC/1.1 | misc=-pragma "opt_common_subs off"
-1	-1.000	ERR	ERR	ERR	ERR	ERR	ERR	ERR	ERR	opt=-O3,p | inline=-inline off | pool=-pragma "pool_data on" | str=-str reuse,readonly | fpc=-fp_contract on | lang=-lang=c++ | cc=GC/1.1 | misc=-pragma "opt_common_subs off"
-1	-1.000	ERR	ERR	ERR	ERR	ERR	ERR	ERR	ERR	opt=-O2,p | inline=-inline off | pool=-pragma "pool_data on" | str=-str reuse,readonly | fpc=-fp_contract on | lang=-lang=c++ | cc=GC/1.1 | misc=-pragma "opt_common_subs off"
-1	-1.000	ERR	ERR	ERR	ERR	ERR	ERR	ERR	ERR	opt=-O4,s | inline=-inline off | pool=-pragma "pool_data on" | str=-str reuse,readonly | fpc=-fp_contract on | lang=-lang=c++ | cc=GC/1.1 | misc=-pragma "opt_common_subs off"
-1	-1.000	ERR	ERR	ERR	ERR	ERR	ERR	ERR	ERR	opt=-O3,s | inline=-inline off | pool=-pragma "pool_data on" | str=-str reuse,readonly | fpc=-fp_contract on | lang=-lang=c++ | cc=GC/1.1 | misc=-pragma "opt_common_subs off"
-1	-1.000	ERR	ERR	ERR	ERR	ERR	ERR	ERR	ERR	opt=-O4,p -opt nolifetimes | inline=-inline off | pool=-pragma "pool_data on" | str=-str reuse,readonly | fpc=-fp_contract on | lang=-lang=c++ | cc=GC/1.1 | misc=-pragma "opt_common_subs off"
-1	-1.000	ERR	ERR	ERR	ERR	ERR	ERR	ERR	ERR	opt=-O4,p -opt nopropagation | inline=-inline off | pool=-pragma "pool_data on" | str=-str reuse,readonly | fpc=-fp_contract on | lang=-lang=c++ | cc=GC/1.1 | misc=-pragma "opt_common_subs off"
-1	-1.000	ERR	ERR	ERR	ERR	ERR	ERR	ERR	ERR	opt=-O4,p -opt nopeephole | inline=-inline off | pool=-pragma "pool_data on" | str=-str reuse,readonly | fpc=-fp_contract on | lang=-lang=c++ | cc=GC/1.1 | misc=-pragma "opt_common_subs off"
-1	-1.000	ERR	ERR	ERR	ERR	ERR	ERR	ERR	ERR	opt=-O4,p -opt nocse | inline=-inline off | pool=-pragma "pool_data on" | str=-str reuse,readonly | fpc=-fp_contract on | lang=-lang=c++ | cc=GC/1.1 | misc=-pragma "opt_common_subs off"
-1	-1.000	ERR	ERR	ERR	ERR	ERR	ERR	ERR	ERR	opt=-O4,p -opt noschedule | inline=-inline off | pool=-pragma "pool_data on" | str=-str reuse,readonly | fpc=-fp_contract on | lang=-lang=c++ | cc=GC/1.1 | misc=-pragma "opt_common_subs off"
-1	-1.000	ERR	ERR	ERR	ERR	ERR	ERR	ERR	ERR	opt=-O4,p -opt noloop | inline=-inline off | pool=-pragma "pool_data on" | str=-str reuse,readonly | fpc=-fp_contract on | lang=-lang=c++ | cc=GC/1.1 | misc=-pragma "opt_common_subs off"
-1	-1.000	ERR	ERR	ERR	ERR	ERR	ERR	ERR	ERR	opt=-O4,p -opt nopeephole | inline=-inline smart | pool=-pragma "pool_data on" | str=-str reuse,readonly | fpc=-fp_contract on | lang=-lang=c++ | cc=GC/1.1 | misc=-pragma "opt_common_subs off"
-1	-1.000	ERR	ERR	ERR	ERR	ERR	ERR	ERR	ERR	opt=-O4,p -opt nopeephole | inline=-inline auto,deferred | pool=-pragma "pool_data on" | str=-str reuse,readonly | fpc=-fp_contract on | lang=-lang=c++ | cc=GC/1.1 | misc=-pragma "opt_common_subs off"
-1	-1.000	ERR	ERR	ERR	ERR	ERR	ERR	ERR	ERR	opt=-O4,p -opt nopeephole | inline=-inline auto | pool=-pragma "pool_data on" | str=-str reuse,readonly | fpc=-fp_contract on | lang=-lang=c++ | cc=GC/1.1 | misc=-pragma "opt_common_subs off"
-1	-1.000	ERR	ERR	ERR	ERR	ERR	ERR	ERR	ERR	opt=-O4,p -opt nopeephole | inline=-inline deferred | pool=-pragma "pool_data on" | str=-str reuse,readonly | fpc=-fp_contract on | lang=-lang=c++ | cc=GC/1.1 | misc=-pragma "opt_common_subs off"
-1	-1.000	ERR	ERR	ERR	ERR	ERR	ERR	ERR	ERR	opt=-O4,p -opt nopeephole | inline=-inline all | pool=-pragma "pool_data on" | str=-str reuse,readonly | fpc=-fp_contract on | lang=-lang=c++ | cc=GC/1.1 | misc=-pragma "opt_common_subs off"
-1	-1.000	ERR	ERR	ERR	ERR	ERR	ERR	ERR	ERR	opt=-O4,p -opt nopeephole | inline=-inline off | pool= | str=-str reuse,readonly | fpc=-fp_contract on | lang=-lang=c++ | cc=GC/1.1 | misc=-pragma "opt_common_subs off"
-1	-1.000	ERR	ERR	ERR	ERR	ERR	ERR	ERR	ERR	opt=-O4,p -opt nopeephole | inline=-inline off | pool=-pragma "pool_data on" | str=-str reuse | fpc=-fp_contract on | lang=-lang=c++ | cc=GC/1.1 | misc=-pragma "opt_common_subs off"
-1	-1.000	ERR	ERR	ERR	ERR	ERR	ERR	ERR	ERR	opt=-O4,p -opt nopeephole | inline=-inline off | pool=-pragma "pool_data on" | str=-str readonly | fpc=-fp_contract on | lang=-lang=c++ | cc=GC/1.1 | misc=-pragma "opt_common_subs off"
-1	-1.000	ERR	ERR	ERR	ERR	ERR	ERR	ERR	ERR	opt=-O4,p -opt nopeephole | inline=-inline off | pool=-pragma "pool_data on" | str=-str noreuse | fpc=-fp_contract on | lang=-lang=c++ | cc=GC/1.1 | misc=-pragma "opt_common_subs off"
-1	-1.000	ERR	ERR	ERR	ERR	ERR	ERR	ERR	ERR	opt=-O4,p -opt nopeephole | inline=-inline off | pool=-pragma "pool_data on" | str=-str reuse,readonly | fpc=-fp_contract off | lang=-lang=c++ | cc=GC/1.1 | misc=-pragma "opt_common_subs off"
11	291.756	60.396	2	89.229	0	80.459	6	61.672	3	opt=-O4,p -opt nopeephole | inline=-inline off | pool=-pragma "pool_data on" | str=-str reuse,readonly | fpc=-fp_contract on | lang=-lang=c | cc=GC/1.1 | misc=-pragma "opt_common_subs off"
11	291.756	60.396	2	89.229	0	80.459	6	61.672	3	opt=-O4,p -opt nopeephole | inline=-inline off | pool=-pragma "pool_data on" | str=-str reuse,readonly | fpc=-fp_contract on | lang=-lang=c | cc=GC/2.5 | misc=-pragma "opt_common_subs off"
11	291.756	60.396	2	89.229	0	80.459	6	61.672	3	opt=-O4,p -opt nopeephole | inline=-inline off | pool=-pragma "pool_data on" | str=-str reuse,readonly | fpc=-fp_contract on | lang=-lang=c | cc=GC/1.2.5 | misc=-pragma "opt_common_subs off"
11	291.756	60.396	2	89.229	0	80.459	6	61.672	3	opt=-O4,p -opt nopeephole | inline=-inline off | pool=-pragma "pool_data on" | str=-str reuse,readonly | fpc=-fp_contract on | lang=-lang=c | cc=GC/1.3.2 | misc=-pragma "opt_common_subs off"
11	291.756	60.396	2	89.229	0	80.459	6	61.672	3	opt=-O4,p -opt nopeephole | inline=-inline off | pool=-pragma "pool_data on" | str=-str reuse,readonly | fpc=-fp_contract on | lang=-lang=c | cc=GC/3.0a5 | misc=-pragma "opt_common_subs off"
11	295.946	60.587	2	89.764	0	82.198	6	63.396	3	opt=-O4,p -opt nopeephole | inline=-inline off | pool=-pragma "pool_data on" | str=-str reuse,readonly | fpc=-fp_contract on | lang=-lang=c | cc=GC/1.1 | misc=
10	292.690	59.734	1	89.412	0	81.368	6	62.177	3	opt=-O4,p -opt nopeephole | inline=-inline off | pool=-pragma "pool_data on" | str=-str reuse,readonly | fpc=-fp_contract on | lang=-lang=c | cc=GC/1.1 | misc=-pragma "opt_propagation off"
8	225.699	43.613	1	68.094	0	61.694	5	52.298	2	opt=-O4,p -opt nopeephole | inline=-inline off | pool=-pragma "pool_data on" | str=-str reuse,readonly | fpc=-fp_contract on | lang=-lang=c | cc=GC/1.1 | misc=-pragma "scheduling off"
11	295.946	60.587	2	89.764	0	82.198	6	63.396	3	opt=-O4,p -opt nopeephole | inline=-inline off | pool=-pragma "pool_data on" | str=-str reuse,readonly | fpc=-fp_contract on | lang=-lang=c | cc=GC/1.1 | misc=-pragma "peephole off"
11	293.908	60.587	2	88.362	0	81.916	6	63.043	3	opt=-O4,p -opt nopeephole | inline=-inline off | pool=-pragma "pool_data on" | str=-str reuse,readonly | fpc=-fp_contract on | lang=-lang=c | cc=GC/1.1 | misc=-pragma "opt_lifetimes off"
11	295.707	60.355	2	89.757	0	82.198	6	63.396	3	opt=-O4,p -opt nopeephole | inline=-inline off | pool=-pragma "pool_data on" | str=-str reuse,readonly | fpc=-fp_contract on | lang=-lang=c | cc=GC/1.1 | misc=-pragma "opt_dead_assignments off"
10	208.807	41.783	1	62.960	0	57.729	5	46.335	4	opt=-O2,p | inline=-inline off | pool=-pragma "pool_data on" | str=-str reuse,readonly | fpc=-fp_contract on | lang=-lang=c | cc=GC/1.1 | misc=
10	220.028	44.127	1	66.609	0	57.920	5	51.371	4	opt=-O3,s | inline=-inline off | pool=-pragma "pool_data on" | str=-str reuse,readonly | fpc=-fp_contract on | lang=-lang=c | cc=GC/1.1 | misc=
10	236.277	44.437	1	70.205	0	63.453	5	58.182	4	opt=-O3,p | inline=-inline off | pool=-pragma "pool_data on" | str=-str reuse,readonly | fpc=-fp_contract on | lang=-lang=c | cc=GC/1.1 | misc=
14	291.135	62.296	1	87.717	0	78.506	6	62.616	7	opt=-O4,s | inline=-inline off | pool=-pragma "pool_data on" | str=-str reuse,readonly | fpc=-fp_contract on | lang=-lang=c | cc=GC/1.1 | misc=
25	312.674	62.802	3	95.488	2	83.922	9	70.462	11	opt=-O4,p -opt nocse | inline=-inline off | pool=-pragma "pool_data on" | str=-str reuse,readonly | fpc=-fp_contract on | lang=-lang=c | cc=GC/1.1 | misc=
18	312.871	62.604	2	95.256	1	84.709	8	70.302	7	opt=-O4,p -opt nopropagation | inline=-inline off | pool=-pragma "pool_data on" | str=-str reuse,readonly | fpc=-fp_contract on | lang=-lang=c | cc=GC/1.1 | misc=
10	236.956	44.809	1	70.176	0	63.753	5	58.218	4	opt=-O4,p -opt noschedule | inline=-inline off | pool=-pragma "pool_data on" | str=-str reuse,readonly | fpc=-fp_contract on | lang=-lang=c | cc=GC/1.1 | misc=
26	314.515	62.993	4	94.369	2	85.626	9	71.527	11	opt=-O4,p -opt nolifetimes | inline=-inline off | pool=-pragma "pool_data on" | str=-str reuse,readonly | fpc=-fp_contract on | lang=-lang=c | cc=GC/1.1 | misc=
24	314.275	62.221	3	95.422	2	85.613	10	71.019	9	opt=-O4,p -opt noloop | inline=-inline off | pool=-pragma "pool_data on" | str=-str reuse,readonly | fpc=-fp_contract on | lang=-lang=c | cc=GC/1.1 | misc=
10	235.288	53.034	1	63.540	0	61.543	5	57.171	4	opt=-O2,p | inline=-inline auto | pool=-pragma "pool_data on" | str=-str readonly | fpc=-fp_contract off | lang=-lang=c | cc=GC/2.5 | misc=
10	252.710	58.885	1	67.135	0	62.592	5	64.098	4	opt=-O3,s | inline=-inline auto | pool=-pragma "pool_data on" | str=-str readonly | fpc=-fp_contract off | lang=-lang=c | cc=GC/2.5 | misc=
10	283.419	67.139	1	71.402	0	69.290	5	75.587	4	opt=-O3,p | inline=-inline auto | pool=-pragma "pool_data on" | str=-str readonly | fpc=-fp_contract off | lang=-lang=c | cc=GC/2.5 | misc=
14	341.637	85.113	1	89.021	0	86.928	6	80.574	7	opt=-O4,s | inline=-inline auto | pool=-pragma "pool_data on" | str=-str readonly | fpc=-fp_contract off | lang=-lang=c | cc=GC/2.5 | misc=
10	283.533	67.122	1	71.374	0	69.539	5	75.499	4	opt=-O4,p -opt noschedule | inline=-inline auto | pool=-pragma "pool_data on" | str=-str readonly | fpc=-fp_contract off | lang=-lang=c | cc=GC/2.5 | misc=
28	379.941	97.008	4	97.456	3	91.943	10	93.533	11	opt=-O4,p -opt nocse | inline=-inline auto | pool=-pragma "pool_data on" | str=-str readonly | fpc=-fp_contract off | lang=-lang=c | cc=GC/2.5 | misc=
11	358.660	90.813	2	91.723	0	91.273	6	84.851	3	opt=-O4,p -opt nopeephole | inline=-inline auto | pool=-pragma "pool_data on" | str=-str readonly | fpc=-fp_contract off | lang=-lang=c | cc=GC/2.5 | misc=
27	379.907	95.246	4	97.391	3	94.096	10	93.174	10	opt=-O4,p -opt noloop | inline=-inline auto | pool=-pragma "pool_data on" | str=-str readonly | fpc=-fp_contract off | lang=-lang=c | cc=GC/2.5 | misc=
20	381.328	97.179	2	97.225	2	94.243	9	92.681	7	opt=-O4,p -opt nopropagation | inline=-inline auto | pool=-pragma "pool_data on" | str=-str readonly | fpc=-fp_contract off | lang=-lang=c | cc=GC/2.5 | misc=
32	384.470	97.828	6	96.338	3	95.437	10	94.868	13	opt=-O4,p -opt nolifetimes | inline=-inline auto | pool=-pragma "pool_data on" | str=-str readonly | fpc=-fp_contract off | lang=-lang=c | cc=GC/2.5 | misc=
-1	-1.000	ERR	ERR	ERR	ERR	ERR	ERR	ERR	ERR	opt=-O4,p | inline=-inline all | pool=-pragma "pool_data on" | str=-str reuse,readonly | fpc=-fp_contract on | lang=-lang=c++ | cc=GC/1.2.5 | misc=-pragma "opt_common_subs off"
-1	-1.000	ERR	ERR	ERR	ERR	ERR	ERR	ERR	ERR	opt=-O4,s | inline=-inline all | pool=-pragma "pool_data on" | str=-str reuse,readonly | fpc=-fp_contract on | lang=-lang=c++ | cc=GC/1.2.5 | misc=-pragma "opt_common_subs off"
-1	-1.000	ERR	ERR	ERR	ERR	ERR	ERR	ERR	ERR	opt=-O3,s | inline=-inline all | pool=-pragma "pool_data on" | str=-str reuse,readonly | fpc=-fp_contract on | lang=-lang=c++ | cc=GC/1.2.5 | misc=-pragma "opt_common_subs off"
-1	-1.000	ERR	ERR	ERR	ERR	ERR	ERR	ERR	ERR	opt=-O2,p | inline=-inline all | pool=-pragma "pool_data on" | str=-str reuse,readonly | fpc=-fp_contract on | lang=-lang=c++ | cc=GC/1.2.5 | misc=-pragma "opt_common_subs off"
-1	-1.000	ERR	ERR	ERR	ERR	ERR	ERR	ERR	ERR	opt=-O3,p | inline=-inline all | pool=-pragma "pool_data on" | str=-str reuse,readonly | fpc=-fp_contract on | lang=-lang=c++ | cc=GC/1.2.5 | misc=-pragma "opt_common_subs off"
-1	-1.000	ERR	ERR	ERR	ERR	ERR	ERR	ERR	ERR	opt=-O4,p -opt nopeephole | inline=-inline all | pool=-pragma "pool_data on" | str=-str reuse,readonly | fpc=-fp_contract on | lang=-lang=c++ | cc=GC/1.2.5 | misc=-pragma "opt_common_subs off"
-1	-1.000	ERR	ERR	ERR	ERR	ERR	ERR	ERR	ERR	opt=-O4,p -opt noschedule | inline=-inline all | pool=-pragma "pool_data on" | str=-str reuse,readonly | fpc=-fp_contract on | lang=-lang=c++ | cc=GC/1.2.5 | misc=-pragma "opt_common_subs off"
-1	-1.000	ERR	ERR	ERR	ERR	ERR	ERR	ERR	ERR	opt=-O4,p -opt nolifetimes | inline=-inline all | pool=-pragma "pool_data on" | str=-str reuse,readonly | fpc=-fp_contract on | lang=-lang=c++ | cc=GC/1.2.5 | misc=-pragma "opt_common_subs off"
-1	-1.000	ERR	ERR	ERR	ERR	ERR	ERR	ERR	ERR	opt=-O4,p -opt nocse | inline=-inline all | pool=-pragma "pool_data on" | str=-str reuse,readonly | fpc=-fp_contract on | lang=-lang=c++ | cc=GC/1.2.5 | misc=-pragma "opt_common_subs off"
-1	-1.000	ERR	ERR	ERR	ERR	ERR	ERR	ERR	ERR	opt=-O4,p -opt nopropagation | inline=-inline all | pool=-pragma "pool_data on" | str=-str reuse,readonly | fpc=-fp_contract on | lang=-lang=c++ | cc=GC/1.2.5 | misc=-pragma "opt_common_subs off"
-1	-1.000	ERR	ERR	ERR	ERR	ERR	ERR	ERR	ERR	opt=-O4,p -opt noloop | inline=-inline all | pool=-pragma "pool_data on" | str=-str reuse,readonly | fpc=-fp_contract on | lang=-lang=c++ | cc=GC/1.2.5 | misc=-pragma "opt_common_subs off"
-1	-1.000	ERR	ERR	ERR	ERR	ERR	ERR	ERR	ERR	opt=-O4,p -opt nopropagation | inline=-inline auto | pool=-pragma "pool_data on" | str=-str reuse,readonly | fpc=-fp_contract on | lang=-lang=c++ | cc=GC/1.2.5 | misc=-pragma "opt_common_subs off"
-1	-1.000	ERR	ERR	ERR	ERR	ERR	ERR	ERR	ERR	opt=-O4,p -opt nopropagation | inline=-inline smart | pool=-pragma "pool_data on" | str=-str reuse,readonly | fpc=-fp_contract on | lang=-lang=c++ | cc=GC/1.2.5 | misc=-pragma "opt_common_subs off"
-1	-1.000	ERR	ERR	ERR	ERR	ERR	ERR	ERR	ERR	opt=-O4,p -opt nopropagation | inline=-inline off | pool=-pragma "pool_data on" | str=-str reuse,readonly | fpc=-fp_contract on | lang=-lang=c++ | cc=GC/1.2.5 | misc=-pragma "opt_common_subs off"
-1	-1.000	ERR	ERR	ERR	ERR	ERR	ERR	ERR	ERR	opt=-O4,p -opt nopropagation | inline=-inline auto,deferred | pool=-pragma "pool_data on" | str=-str reuse,readonly | fpc=-fp_contract on | lang=-lang=c++ | cc=GC/1.2.5 | misc=-pragma "opt_common_subs off"
-1	-1.000	ERR	ERR	ERR	ERR	ERR	ERR	ERR	ERR	opt=-O4,p -opt nopropagation | inline=-inline deferred | pool=-pragma "pool_data on" | str=-str reuse,readonly | fpc=-fp_contract on | lang=-lang=c++ | cc=GC/1.2.5 | misc=-pragma "opt_common_subs off"
-1	-1.000	ERR	ERR	ERR	ERR	ERR	ERR	ERR	ERR	opt=-O4,p -opt nopropagation | inline=-inline all | pool= | str=-str reuse,readonly | fpc=-fp_contract on | lang=-lang=c++ | cc=GC/1.2.5 | misc=-pragma "opt_common_subs off"
-1	-1.000	ERR	ERR	ERR	ERR	ERR	ERR	ERR	ERR	opt=-O4,p -opt nopropagation | inline=-inline all | pool=-pragma "pool_data on" | str=-str readonly | fpc=-fp_contract on | lang=-lang=c++ | cc=GC/1.2.5 | misc=-pragma "opt_common_subs off"
-1	-1.000	ERR	ERR	ERR	ERR	ERR	ERR	ERR	ERR	opt=-O4,p -opt nopropagation | inline=-inline all | pool=-pragma "pool_data on" | str=-str reuse | fpc=-fp_contract on | lang=-lang=c++ | cc=GC/1.2.5 | misc=-pragma "opt_common_subs off"
-1	-1.000	ERR	ERR	ERR	ERR	ERR	ERR	ERR	ERR	opt=-O4,p -opt nopropagation | inline=-inline all | pool=-pragma "pool_data on" | str=-str noreuse | fpc=-fp_contract on | lang=-lang=c++ | cc=GC/1.2.5 | misc=-pragma "opt_common_subs off"
-1	-1.000	ERR	ERR	ERR	ERR	ERR	ERR	ERR	ERR	opt=-O4,p -opt nopropagation | inline=-inline all | pool=-pragma "pool_data on" | str=-str reuse,readonly | fpc=-fp_contract off | lang=-lang=c++ | cc=GC/1.2.5 | misc=-pragma "opt_common_subs off"
20	375.302	96.510	2	96.631	2	91.521	9	90.640	7	opt=-O4,p -opt nopropagation | inline=-inline all | pool=-pragma "pool_data on" | str=-str reuse,readonly | fpc=-fp_contract on | lang=-lang=c | cc=GC/1.2.5 | misc=-pragma "opt_common_subs off"
20	375.302	96.510	2	96.631	2	91.521	9	90.640	7	opt=-O4,p -opt nopropagation | inline=-inline all | pool=-pragma "pool_data on" | str=-str reuse,readonly | fpc=-fp_contract on | lang=-lang=c | cc=GC/2.5 | misc=-pragma "opt_common_subs off"
20	375.302	96.510	2	96.631	2	91.521	9	90.640	7	opt=-O4,p -opt nopropagation | inline=-inline all | pool=-pragma "pool_data on" | str=-str reuse,readonly | fpc=-fp_contract on | lang=-lang=c | cc=GC/3.0a3 | misc=-pragma "opt_common_subs off"
20	375.302	96.510	2	96.631	2	91.521	9	90.640	7	opt=-O4,p -opt nopropagation | inline=-inline all | pool=-pragma "pool_data on" | str=-str reuse,readonly | fpc=-fp_contract on | lang=-lang=c | cc=GC/1.3.2 | misc=-pragma "opt_common_subs off"
20	375.302	96.510	2	96.631	2	91.521	9	90.640	7	opt=-O4,p -opt nopropagation | inline=-inline all | pool=-pragma "pool_data on" | str=-str reuse,readonly | fpc=-fp_contract on | lang=-lang=c | cc=GC/3.0a5 | misc=-pragma "opt_common_subs off"
20	375.302	96.510	2	96.631	2	91.521	9	90.640	7	opt=-O4,p -opt nopropagation | inline=-inline all | pool=-pragma "pool_data on" | str=-str reuse,readonly | fpc=-fp_contract on | lang=-lang=c | cc=GC/1.1 | misc=-pragma "opt_common_subs off"
20	381.404	97.179	2	97.225	2	94.319	9	92.681	7	opt=-O4,p -opt nopropagation | inline=-inline all | pool=-pragma "pool_data on" | str=-str reuse,readonly | fpc=-fp_contract on | lang=-lang=c | cc=GC/1.2.5 | misc=-pragma "opt_dead_assignments off"
10	281.129	66.503	1	71.395	0	69.092	5	74.139	4	opt=-O4,p -opt nopropagation | inline=-inline all | pool=-pragma "pool_data on" | str=-str reuse,readonly | fpc=-fp_contract on | lang=-lang=c | cc=GC/1.2.5 | misc=-pragma "scheduling off"
10	354.885	90.096	1	91.370	0	90.410	6	83.009	3	opt=-O4,p -opt nopropagation | inline=-inline all | pool=-pragma "pool_data on" | str=-str reuse,readonly | fpc=-fp_contract on | lang=-lang=c | cc=GC/1.2.5 | misc=-pragma "peephole off"
20	378.901	97.179	2	95.362	2	94.098	9	92.261	7	opt=-O4,p -opt nopropagation | inline=-inline all | pool=-pragma "pool_data on" | str=-str reuse,readonly | fpc=-fp_contract on | lang=-lang=c | cc=GC/1.2.5 | misc=-pragma "opt_lifetimes off"
20	381.404	97.179	2	97.225	2	94.319	9	92.681	7	opt=-O4,p -opt nopropagation | inline=-inline all | pool=-pragma "pool_data on" | str=-str reuse,readonly | fpc=-fp_contract on | lang=-lang=c | cc=GC/1.2.5 | misc=
20	381.404	97.179	2	97.225	2	94.319	9	92.681	7	opt=-O4,p -opt nopropagation | inline=-inline all | pool=-pragma "pool_data on" | str=-str reuse,readonly | fpc=-fp_contract on | lang=-lang=c | cc=GC/1.2.5 | misc=-pragma "opt_propagation off"
10	235.360	53.034	1	63.540	0	61.616	5	57.171	4	opt=-O2,p | inline=-inline all | pool=-pragma "pool_data on" | str=-str reuse,readonly | fpc=-fp_contract on | lang=-lang=c | cc=GC/1.2.5 | misc=
14	341.713	85.113	1	89.021	0	87.004	6	80.574	7	opt=-O4,s | inline=-inline all | pool=-pragma "pool_data on" | str=-str reuse,readonly | fpc=-fp_contract on | lang=-lang=c | cc=GC/1.2.5 | misc=
10	283.488	67.139	1	71.402	0	69.359	5	75.587	4	opt=-O3,p | inline=-inline all | pool=-pragma "pool_data on" | str=-str reuse,readonly | fpc=-fp_contract on | lang=-lang=c | cc=GC/1.2.5 | misc=
28	380.006	97.008	4	97.456	3	92.008	10	93.533	11	opt=-O4,p -opt nocse | inline=-inline all | pool=-pragma "pool_data on" | str=-str reuse,readonly | fpc=-fp_contract on | lang=-lang=c | cc=GC/1.2.5 | misc=
10	252.782	58.885	1	67.135	0	62.664	5	64.098	4	opt=-O3,s | inline=-inline all | pool=-pragma "pool_data on" | str=-str reuse,readonly | fpc=-fp_contract on | lang=-lang=c | cc=GC/1.2.5 | misc=
27	379.983	95.246	4	97.391	3	94.172	10	93.174	10	opt=-O4,p -opt noloop | inline=-inline all | pool=-pragma "pool_data on" | str=-str reuse,readonly | fpc=-fp_contract on | lang=-lang=c | cc=GC/1.2.5 | misc=
11	358.736	90.813	2	91.723	0	91.349	6	84.851	3	opt=-O4,p -opt nopeephole | inline=-inline all | pool=-pragma "pool_data on" | str=-str reuse,readonly | fpc=-fp_contract on | lang=-lang=c | cc=GC/1.2.5 | misc=
32	384.546	97.828	6	96.338	3	95.512	10	94.868	13	opt=-O4,p -opt nolifetimes | inline=-inline all | pool=-pragma "pool_data on" | str=-str reuse,readonly | fpc=-fp_contract on | lang=-lang=c | cc=GC/1.2.5 | misc=
10	283.601	67.122	1	71.374	0	69.607	5	75.499	4	opt=-O4,p -opt noschedule | inline=-inline all | pool=-pragma "pool_data on" | str=-str reuse,readonly | fpc=-fp_contract on | lang=-lang=c | cc=GC/1.2.5 | misc=
10	208.735	41.783	1	62.960	0	57.657	5	46.335	4	opt=-O2,p | inline=-inline off | pool=-pragma "pool_data on" | str=-str reuse,readonly | fpc=-fp_contract off | lang=-lang=c | cc=GC/2.5 | misc=-pragma "opt_lifetimes off"
10	219.256	44.127	1	65.970	0	57.717	5	51.442	4	opt=-O3,s | inline=-inline off | pool=-pragma "pool_data on" | str=-str reuse,readonly | fpc=-fp_contract off | lang=-lang=c | cc=GC/2.5 | misc=-pragma "opt_lifetimes off"
14	289.561	62.296	1	86.309	0	78.340	6	62.615	7	opt=-O4,s | inline=-inline off | pool=-pragma "pool_data on" | str=-str reuse,readonly | fpc=-fp_contract off | lang=-lang=c | cc=GC/2.5 | misc=-pragma "opt_lifetimes off"
10	235.142	44.437	1	69.601	0	63.205	5	57.899	4	opt=-O3,p | inline=-inline off | pool=-pragma "pool_data on" | str=-str reuse,readonly | fpc=-fp_contract off | lang=-lang=c | cc=GC/2.5 | misc=-pragma "opt_lifetimes off"
26	314.440	62.993	4	94.369	2	85.550	9	71.527	11	opt=-O4,p | inline=-inline off | pool=-pragma "pool_data on" | str=-str reuse,readonly | fpc=-fp_contract off | lang=-lang=c | cc=GC/2.5 | misc=-pragma "opt_lifetimes off"
26	314.440	62.993	4	94.369	2	85.550	9	71.527	11	opt=-O4,p -opt nolifetimes | inline=-inline off | pool=-pragma "pool_data on" | str=-str reuse,readonly | fpc=-fp_contract off | lang=-lang=c | cc=GC/2.5 | misc=-pragma "opt_lifetimes off"
10	234.805	44.809	1	68.776	0	63.271	5	57.948	4	opt=-O4,p -opt noschedule | inline=-inline off | pool=-pragma "pool_data on" | str=-str reuse,readonly | fpc=-fp_contract off | lang=-lang=c | cc=GC/2.5 | misc=-pragma "opt_lifetimes off"
25	310.229	62.802	3	93.822	2	83.843	9	69.762	11	opt=-O4,p -opt nocse | inline=-inline off | pool=-pragma "pool_data on" | str=-str reuse,readonly | fpc=-fp_contract off | lang=-lang=c | cc=GC/2.5 | misc=-pragma "opt_lifetimes off"
18	310.378	62.604	2	93.393	1	84.455	8	69.927	7	opt=-O4,p -opt nopropagation | inline=-inline off | pool=-pragma "pool_data on" | str=-str reuse,readonly | fpc=-fp_contract off | lang=-lang=c | cc=GC/2.5 | misc=-pragma "opt_lifetimes off"
23	311.496	62.221	3	93.782	2	85.241	9	70.252	9	opt=-O4,p -opt noloop | inline=-inline off | pool=-pragma "pool_data on" | str=-str reuse,readonly | fpc=-fp_contract off | lang=-lang=c | cc=GC/2.5 | misc=-pragma "opt_lifetimes off"
11	293.832	60.587	2	88.362	0	81.840	6	63.043	3	opt=-O4,p -opt nopeephole | inline=-inline off | pool=-pragma "pool_data on" | str=-str reuse,readonly | fpc=-fp_contract off | lang=-lang=c | cc=GC/2.5 | misc=-pragma "opt_lifetimes off"
28	357.969	87.036	4	96.338	3	94.507	9	80.089	12	opt=-O4,p | inline=-inline smart | pool=-pragma "pool_data on" | str=-str reuse,readonly | fpc=-fp_contract off | lang=-lang=c | cc=GC/2.5 | misc=-pragma "opt_lifetimes off"
28	357.975	87.041	4	96.338	3	94.507	9	80.089	12	opt=-O4,p | inline=-inline deferred | pool=-pragma "pool_data on" | str=-str reuse,readonly | fpc=-fp_contract off | lang=-lang=c | cc=GC/2.5 | misc=-pragma "opt_lifetimes off"
32	384.470	97.828	6	96.338	3	95.437	10	94.868	13	opt=-O4,p | inline=-inline all | pool=-pragma "pool_data on" | str=-str reuse,readonly | fpc=-fp_contract off | lang=-lang=c | cc=GC/2.5 | misc=-pragma "opt_lifetimes off"
32	384.476	97.833	6	96.338	3	95.437	10	94.868	13	opt=-O4,p | inline=-inline auto,deferred | pool=-pragma "pool_data on" | str=-str reuse,readonly | fpc=-fp_contract off | lang=-lang=c | cc=GC/2.5 | misc=-pragma "opt_lifetimes off"
32	384.470	97.828	6	96.338	3	95.437	10	94.868	13	opt=-O4,p | inline=-inline auto | pool=-pragma "pool_data on" | str=-str reuse,readonly | fpc=-fp_contract off | lang=-lang=c | cc=GC/2.5 | misc=-pragma "opt_lifetimes off"
32	382.239	95.597	6	96.338	3	95.437	10	94.868	13	opt=-O4,p | inline=-inline auto,deferred | pool= | str=-str reuse,readonly | fpc=-fp_contract off | lang=-lang=c | cc=GC/2.5 | misc=-pragma "opt_lifetimes off"
32	384.470	97.828	6	96.338	3	95.437	10	94.868	13	opt=-O4,p | inline=-inline auto,deferred | pool=-pragma "pool_data on" | str=-str reuse | fpc=-fp_contract off | lang=-lang=c | cc=GC/2.5 | misc=-pragma "opt_lifetimes off"
32	384.470	97.828	6	96.338	3	95.437	10	94.868	13	opt=-O4,p | inline=-inline auto,deferred | pool=-pragma "pool_data on" | str=-str noreuse | fpc=-fp_contract off | lang=-lang=c | cc=GC/2.5 | misc=-pragma "opt_lifetimes off"
32	384.476	97.833	6	96.338	3	95.437	10	94.868	13	opt=-O4,p | inline=-inline auto,deferred | pool=-pragma "pool_data on" | str=-str readonly | fpc=-fp_contract off | lang=-lang=c | cc=GC/2.5 | misc=-pragma "opt_lifetimes off"
-1	-1.000	ERR	ERR	ERR	ERR	ERR	ERR	ERR	ERR	opt=-O4,p | inline=-inline auto,deferred | pool=-pragma "pool_data on" | str=-str reuse,readonly | fpc=-fp_contract on | lang=-lang=c++ | cc=GC/2.5 | misc=-pragma "opt_lifetimes off"
-1	-1.000	ERR	ERR	ERR	ERR	ERR	ERR	ERR	ERR	opt=-O4,p | inline=-inline off | pool=-pragma "pool_data on" | str=-str reuse,readonly | fpc=-fp_contract on | lang=-lang=c++ | cc=GC/1.1 | misc=-pragma "scheduling off"
-1	-1.000	ERR	ERR	ERR	ERR	ERR	ERR	ERR	ERR	opt=-O3,p | inline=-inline off | pool=-pragma "pool_data on" | str=-str reuse,readonly | fpc=-fp_contract on | lang=-lang=c++ | cc=GC/1.1 | misc=-pragma "scheduling off"
-1	-1.000	ERR	ERR	ERR	ERR	ERR	ERR	ERR	ERR	opt=-O4,p -opt nolifetimes | inline=-inline off | pool=-pragma "pool_data on" | str=-str reuse,readonly | fpc=-fp_contract on | lang=-lang=c++ | cc=GC/1.1 | misc=-pragma "scheduling off"
-1	-1.000	ERR	ERR	ERR	ERR	ERR	ERR	ERR	ERR	opt=-O4,p -opt noschedule | inline=-inline off | pool=-pragma "pool_data on" | str=-str reuse,readonly | fpc=-fp_contract on | lang=-lang=c++ | cc=GC/1.1 | misc=-pragma "scheduling off"
-1	-1.000	ERR	ERR	ERR	ERR	ERR	ERR	ERR	ERR	opt=-O2,p | inline=-inline off | pool=-pragma "pool_data on" | str=-str reuse,readonly | fpc=-fp_contract on | lang=-lang=c++ | cc=GC/1.1 | misc=-pragma "scheduling off"
-1	-1.000	ERR	ERR	ERR	ERR	ERR	ERR	ERR	ERR	opt=-O4,s | inline=-inline off | pool=-pragma "pool_data on" | str=-str reuse,readonly | fpc=-fp_contract on | lang=-lang=c++ | cc=GC/1.1 | misc=-pragma "scheduling off"
-1	-1.000	ERR	ERR	ERR	ERR	ERR	ERR	ERR	ERR	opt=-O4,p -opt nopropagation | inline=-inline off | pool=-pragma "pool_data on" | str=-str reuse,readonly | fpc=-fp_contract on | lang=-lang=c++ | cc=GC/1.1 | misc=-pragma "scheduling off"
-1	-1.000	ERR	ERR	ERR	ERR	ERR	ERR	ERR	ERR	opt=-O4,p -opt noloop | inline=-inline off | pool=-pragma "pool_data on" | str=-str reuse,readonly | fpc=-fp_contract on | lang=-lang=c++ | cc=GC/1.1 | misc=-pragma "scheduling off"
-1	-1.000	ERR	ERR	ERR	ERR	ERR	ERR	ERR	ERR	opt=-O4,p -opt nopeephole | inline=-inline off | pool=-pragma "pool_data on" | str=-str reuse,readonly | fpc=-fp_contract on | lang=-lang=c++ | cc=GC/1.1 | misc=-pragma "scheduling off"
-1	-1.000	ERR	ERR	ERR	ERR	ERR	ERR	ERR	ERR	opt=-O4,p -opt nocse | inline=-inline off | pool=-pragma "pool_data on" | str=-str reuse,readonly | fpc=-fp_contract on | lang=-lang=c++ | cc=GC/1.1 | misc=-pragma "scheduling off"
-1	-1.000	ERR	ERR	ERR	ERR	ERR	ERR	ERR	ERR	opt=-O3,s | inline=-inline off | pool=-pragma "pool_data on" | str=-str reuse,readonly | fpc=-fp_contract on | lang=-lang=c++ | cc=GC/1.1 | misc=-pragma "scheduling off"
-1	-1.000	ERR	ERR	ERR	ERR	ERR	ERR	ERR	ERR	opt=-O4,p -opt nopropagation | inline=-inline smart | pool=-pragma "pool_data on" | str=-str reuse,readonly | fpc=-fp_contract on | lang=-lang=c++ | cc=GC/1.1 | misc=-pragma "scheduling off"
-1	-1.000	ERR	ERR	ERR	ERR	ERR	ERR	ERR	ERR	opt=-O4,p -opt nopropagation | inline=-inline auto,deferred | pool=-pragma "pool_data on" | str=-str reuse,readonly | fpc=-fp_contract on | lang=-lang=c++ | cc=GC/1.1 | misc=-pragma "scheduling off"
-1	-1.000	ERR	ERR	ERR	ERR	ERR	ERR	ERR	ERR	opt=-O4,p -opt nopropagation | inline=-inline deferred | pool=-pragma "pool_data on" | str=-str reuse,readonly | fpc=-fp_contract on | lang=-lang=c++ | cc=GC/1.1 | misc=-pragma "scheduling off"
-1	-1.000	ERR	ERR	ERR	ERR	ERR	ERR	ERR	ERR	opt=-O4,p -opt nopropagation | inline=-inline all | pool=-pragma "pool_data on" | str=-str reuse,readonly | fpc=-fp_contract on | lang=-lang=c++ | cc=GC/1.1 | misc=-pragma "scheduling off"
-1	-1.000	ERR	ERR	ERR	ERR	ERR	ERR	ERR	ERR	opt=-O4,p -opt nopropagation | inline=-inline auto | pool=-pragma "pool_data on" | str=-str reuse,readonly | fpc=-fp_contract on | lang=-lang=c++ | cc=GC/1.1 | misc=-pragma "scheduling off"
-1	-1.000	ERR	ERR	ERR	ERR	ERR	ERR	ERR	ERR	opt=-O4,p -opt nopropagation | inline=-inline off | pool= | str=-str reuse,readonly | fpc=-fp_contract on | lang=-lang=c++ | cc=GC/1.1 | misc=-pragma "scheduling off"
-1	-1.000	ERR	ERR	ERR	ERR	ERR	ERR	ERR	ERR	opt=-O4,p -opt nopropagation | inline=-inline off | pool=-pragma "pool_data on" | str=-str reuse | fpc=-fp_contract on | lang=-lang=c++ | cc=GC/1.1 | misc=-pragma "scheduling off"
-1	-1.000	ERR	ERR	ERR	ERR	ERR	ERR	ERR	ERR	opt=-O4,p -opt nopropagation | inline=-inline off | pool=-pragma "pool_data on" | str=-str readonly | fpc=-fp_contract on | lang=-lang=c++ | cc=GC/1.1 | misc=-pragma "scheduling off"
-1	-1.000	ERR	ERR	ERR	ERR	ERR	ERR	ERR	ERR	opt=-O4,p -opt nopropagation | inline=-inline off | pool=-pragma "pool_data on" | str=-str noreuse | fpc=-fp_contract on | lang=-lang=c++ | cc=GC/1.1 | misc=-pragma "scheduling off"
-1	-1.000	ERR	ERR	ERR	ERR	ERR	ERR	ERR	ERR	opt=-O4,p -opt nopropagation | inline=-inline off | pool=-pragma "pool_data on" | str=-str reuse,readonly | fpc=-fp_contract off | lang=-lang=c++ | cc=GC/1.1 | misc=-pragma "scheduling off"
10	235.700	44.697	1	70.197	0	63.508	5	57.297	4	opt=-O4,p -opt nopropagation | inline=-inline off | pool=-pragma "pool_data on" | str=-str reuse,readonly | fpc=-fp_contract on | lang=-lang=c | cc=GC/1.1 | misc=-pragma "scheduling off"
10	235.700	44.697	1	70.197	0	63.508	5	57.297	4	opt=-O4,p -opt nopropagation | inline=-inline off | pool=-pragma "pool_data on" | str=-str reuse,readonly | fpc=-fp_contract on | lang=-lang=c | cc=GC/1.2.5 | misc=-pragma "scheduling off"
10	235.700	44.697	1	70.197	0	63.508	5	57.297	4	opt=-O4,p -opt nopropagation | inline=-inline off | pool=-pragma "pool_data on" | str=-str reuse,readonly | fpc=-fp_contract on | lang=-lang=c | cc=GC/1.3.2 | misc=-pragma "scheduling off"
10	235.700	44.697	1	70.197	0	63.508	5	57.297	4	opt=-O4,p -opt nopropagation | inline=-inline off | pool=-pragma "pool_data on" | str=-str reuse,readonly | fpc=-fp_contract on | lang=-lang=c | cc=GC/3.0a3 | misc=-pragma "scheduling off"
10	235.700	44.697	1	70.197	0	63.508	5	57.297	4	opt=-O4,p -opt nopropagation | inline=-inline off | pool=-pragma "pool_data on" | str=-str reuse,readonly | fpc=-fp_contract on | lang=-lang=c | cc=GC/2.5 | misc=-pragma "scheduling off"
10	235.700	44.697	1	70.197	0	63.508	5	57.297	4	opt=-O4,p -opt nopropagation | inline=-inline off | pool=-pragma "pool_data on" | str=-str reuse,readonly | fpc=-fp_contract on | lang=-lang=c | cc=GC/3.0a5 | misc=-pragma "scheduling off"
18	308.876	62.563	2	94.662	1	83.105	8	68.545	7	opt=-O4,p -opt nopropagation | inline=-inline off | pool=-pragma "pool_data on" | str=-str reuse,readonly | fpc=-fp_contract on | lang=-lang=c | cc=GC/1.1 | misc=-pragma "opt_common_subs off"
18	312.871	62.604	2	95.256	1	84.709	8	70.302	7	opt=-O4,p -opt nopropagation | inline=-inline off | pool=-pragma "pool_data on" | str=-str reuse,readonly | fpc=-fp_contract on | lang=-lang=c | cc=GC/1.1 | misc=-pragma "opt_dead_assignments off"
18	312.871	62.604	2	95.256	1	84.709	8	70.302	7	opt=-O4,p -opt nopropagation | inline=-inline off | pool=-pragma "pool_data on" | str=-str reuse,readonly | fpc=-fp_contract on | lang=-lang=c | cc=GC/1.1 | misc=-pragma "opt_propagation off"
18	310.454	62.604	2	93.393	1	84.530	8	69.927	7	opt=-O4,p -opt nopropagation | inline=-inline off | pool=-pragma "pool_data on" | str=-str reuse,readonly | fpc=-fp_contract on | lang=-lang=c | cc=GC/1.1 | misc=-pragma "opt_lifetimes off"
10	292.690	59.734	1	89.412	0	81.368	6	62.177	3	opt=-O4,p -opt nopropagation | inline=-inline off | pool=-pragma "pool_data on" | str=-str reuse,readonly | fpc=-fp_contract on | lang=-lang=c | cc=GC/1.1 | misc=-pragma "peephole off"
-1	-1.000	ERR	ERR	ERR	ERR	ERR	ERR	ERR	ERR	opt=-O4,p | inline=-inline all | pool= | str=-str noreuse | fpc=-fp_contract off | lang=-lang=c++ | cc=GC/1.1 | misc=-pragma "opt_lifetimes off"
-1	-1.000	ERR	ERR	ERR	ERR	ERR	ERR	ERR	ERR	opt=-O3,s | inline=-inline all | pool= | str=-str noreuse | fpc=-fp_contract off | lang=-lang=c++ | cc=GC/1.1 | misc=-pragma "opt_lifetimes off"
-1	-1.000	ERR	ERR	ERR	ERR	ERR	ERR	ERR	ERR	opt=-O4,s | inline=-inline all | pool= | str=-str noreuse | fpc=-fp_contract off | lang=-lang=c++ | cc=GC/1.1 | misc=-pragma "opt_lifetimes off"
-1	-1.000	ERR	ERR	ERR	ERR	ERR	ERR	ERR	ERR	opt=-O4,p -opt noschedule | inline=-inline all | pool= | str=-str noreuse | fpc=-fp_contract off | lang=-lang=c++ | cc=GC/1.1 | misc=-pragma "opt_lifetimes off"
-1	-1.000	ERR	ERR	ERR	ERR	ERR	ERR	ERR	ERR	opt=-O3,p | inline=-inline all | pool= | str=-str noreuse | fpc=-fp_contract off | lang=-lang=c++ | cc=GC/1.1 | misc=-pragma "opt_lifetimes off"
-1	-1.000	ERR	ERR	ERR	ERR	ERR	ERR	ERR	ERR	opt=-O2,p | inline=-inline all | pool= | str=-str noreuse | fpc=-fp_contract off | lang=-lang=c++ | cc=GC/1.1 | misc=-pragma "opt_lifetimes off"
-1	-1.000	ERR	ERR	ERR	ERR	ERR	ERR	ERR	ERR	opt=-O4,p -opt nopeephole | inline=-inline all | pool= | str=-str noreuse | fpc=-fp_contract off | lang=-lang=c++ | cc=GC/1.1 | misc=-pragma "opt_lifetimes off"
-1	-1.000	ERR	ERR	ERR	ERR	ERR	ERR	ERR	ERR	opt=-O4,p -opt nocse | inline=-inline all | pool= | str=-str noreuse | fpc=-fp_contract off | lang=-lang=c++ | cc=GC/1.1 | misc=-pragma "opt_lifetimes off"
-1	-1.000	ERR	ERR	ERR	ERR	ERR	ERR	ERR	ERR	opt=-O4,p -opt nolifetimes | inline=-inline all | pool= | str=-str noreuse | fpc=-fp_contract off | lang=-lang=c++ | cc=GC/1.1 | misc=-pragma "opt_lifetimes off"
-1	-1.000	ERR	ERR	ERR	ERR	ERR	ERR	ERR	ERR	opt=-O4,p -opt noloop | inline=-inline all | pool= | str=-str noreuse | fpc=-fp_contract off | lang=-lang=c++ | cc=GC/1.1 | misc=-pragma "opt_lifetimes off"
-1	-1.000	ERR	ERR	ERR	ERR	ERR	ERR	ERR	ERR	opt=-O4,p -opt nopropagation | inline=-inline all | pool= | str=-str noreuse | fpc=-fp_contract off | lang=-lang=c++ | cc=GC/1.1 | misc=-pragma "opt_lifetimes off"
-1	-1.000	ERR	ERR	ERR	ERR	ERR	ERR	ERR	ERR	opt=-O4,p -opt nocse | inline=-inline smart | pool= | str=-str noreuse | fpc=-fp_contract off | lang=-lang=c++ | cc=GC/1.1 | misc=-pragma "opt_lifetimes off"
-1	-1.000	ERR	ERR	ERR	ERR	ERR	ERR	ERR	ERR	opt=-O4,p -opt nocse | inline=-inline auto,deferred | pool= | str=-str noreuse | fpc=-fp_contract off | lang=-lang=c++ | cc=GC/1.1 | misc=-pragma "opt_lifetimes off"
-1	-1.000	ERR	ERR	ERR	ERR	ERR	ERR	ERR	ERR	opt=-O4,p -opt nocse | inline=-inline deferred | pool= | str=-str noreuse | fpc=-fp_contract off | lang=-lang=c++ | cc=GC/1.1 | misc=-pragma "opt_lifetimes off"
-1	-1.000	ERR	ERR	ERR	ERR	ERR	ERR	ERR	ERR	opt=-O4,p -opt nocse | inline=-inline off | pool= | str=-str noreuse | fpc=-fp_contract off | lang=-lang=c++ | cc=GC/1.1 | misc=-pragma "opt_lifetimes off"
-1	-1.000	ERR	ERR	ERR	ERR	ERR	ERR	ERR	ERR	opt=-O4,p -opt nocse | inline=-inline all | pool=-pragma "pool_data on" | str=-str noreuse | fpc=-fp_contract off | lang=-lang=c++ | cc=GC/1.1 | misc=-pragma "opt_lifetimes off"
-1	-1.000	ERR	ERR	ERR	ERR	ERR	ERR	ERR	ERR	opt=-O4,p -opt nocse | inline=-inline all | pool= | str=-str readonly | fpc=-fp_contract off | lang=-lang=c++ | cc=GC/1.1 | misc=-pragma "opt_lifetimes off"
-1	-1.000	ERR	ERR	ERR	ERR	ERR	ERR	ERR	ERR	opt=-O4,p -opt nocse | inline=-inline all | pool= | str=-str reuse | fpc=-fp_contract off | lang=-lang=c++ | cc=GC/1.1 | misc=-pragma "opt_lifetimes off"
-1	-1.000	ERR	ERR	ERR	ERR	ERR	ERR	ERR	ERR	opt=-O4,p -opt nocse | inline=-inline all | pool= | str=-str noreuse | fpc=-fp_contract on | lang=-lang=c++ | cc=GC/1.1 | misc=-pragma "opt_lifetimes off"
28	375.603	95.078	4	95.791	3	91.946	10	92.788	11	opt=-O4,p -opt nocse | inline=-inline all | pool= | str=-str noreuse | fpc=-fp_contract off | lang=-lang=c | cc=GC/1.1 | misc=-pragma "opt_lifetimes off"
28	375.603	95.078	4	95.791	3	91.946	10	92.788	11	opt=-O4,p -opt nocse | inline=-inline all | pool= | str=-str noreuse | fpc=-fp_contract off | lang=-lang=c | cc=GC/2.5 | misc=-pragma "opt_lifetimes off"
28	375.603	95.078	4	95.791	3	91.946	10	92.788	11	opt=-O4,p -opt nocse | inline=-inline all | pool= | str=-str noreuse | fpc=-fp_contract off | lang=-lang=c | cc=GC/3.0a5 | misc=-pragma "opt_lifetimes off"
28	375.603	95.078	4	95.791	3	91.946	10	92.788	11	opt=-O4,p -opt nocse | inline=-inline all | pool= | str=-str noreuse | fpc=-fp_contract off | lang=-lang=c | cc=GC/1.2.5 | misc=-pragma "opt_lifetimes off"
28	375.603	95.078	4	95.791	3	91.946	10	92.788	11	opt=-O4,p -opt nocse | inline=-inline all | pool= | str=-str noreuse | fpc=-fp_contract off | lang=-lang=c | cc=GC/3.0a3 | misc=-pragma "opt_lifetimes off"
28	375.603	95.078	4	95.791	3	91.946	10	92.788	11	opt=-O4,p -opt nocse | inline=-inline all | pool= | str=-str noreuse | fpc=-fp_contract off | lang=-lang=c | cc=GC/1.3.2 | misc=-pragma "opt_lifetimes off"
20	373.320	94.593	2	96.631	2	91.455	9	90.640	7	opt=-O4,p -opt nocse | inline=-inline all | pool= | str=-str noreuse | fpc=-fp_contract off | lang=-lang=c | cc=GC/1.1 | misc=-pragma "opt_propagation off"
28	378.011	95.078	4	97.456	3	91.943	10	93.533	11	opt=-O4,p -opt nocse | inline=-inline all | pool= | str=-str noreuse | fpc=-fp_contract off | lang=-lang=c | cc=GC/1.1 | misc=
28	377.962	95.037	4	97.449	3	91.943	10	93.533	11	opt=-O4,p -opt nocse | inline=-inline all | pool= | str=-str noreuse | fpc=-fp_contract off | lang=-lang=c | cc=GC/1.1 | misc=-pragma "opt_dead_assignments off"
10	277.597	66.255	1	70.925	0	66.654	5	73.763	4	opt=-O4,p -opt nocse | inline=-inline all | pool= | str=-str noreuse | fpc=-fp_contract off | lang=-lang=c | cc=GC/1.1 | misc=-pragma "scheduling off"
28	378.011	95.078	4	97.456	3	91.943	10	93.533	11	opt=-O4,p -opt nocse | inline=-inline all | pool= | str=-str noreuse | fpc=-fp_contract off | lang=-lang=c | cc=GC/1.1 | misc=-pragma "opt_common_subs off"
11	350.269	88.350	2	91.187	0	87.853	6	82.879	3	opt=-O4,p -opt nocse | inline=-inline all | pool= | str=-str noreuse | fpc=-fp_contract off | lang=-lang=c | cc=GC/1.1 | misc=-pragma "peephole off"
10	234.659	52.406	1	63.540	0	61.543	5	57.171	4	opt=-O2,p | inline=-inline all | pool= | str=-str noreuse | fpc=-fp_contract off | lang=-lang=c | cc=GC/1.1 | misc=
10	282.799	66.519	1	71.402	0	69.290	5	75.587	4	opt=-O3,p | inline=-inline all | pool= | str=-str noreuse | fpc=-fp_contract off | lang=-lang=c | cc=GC/1.1 | misc=
10	252.090	58.265	1	67.135	0	62.592	5	64.098	4	opt=-O3,s | inline=-inline all | pool= | str=-str noreuse | fpc=-fp_contract off | lang=-lang=c | cc=GC/1.1 | misc=
14	339.796	83.272	1	89.021	0	86.928	6	80.574	7	opt=-O4,s | inline=-inline all | pool= | str=-str noreuse | fpc=-fp_contract off | lang=-lang=c | cc=GC/1.1 | misc=
10	282.912	66.501	1	71.374	0	69.539	5	75.499	4	opt=-O4,p -opt noschedule | inline=-inline all | pool= | str=-str noreuse | fpc=-fp_contract off | lang=-lang=c | cc=GC/1.1 | misc=
20	379.111	94.962	2	97.225	2	94.243	9	92.681	7	opt=-O4,p -opt nopropagation | inline=-inline all | pool= | str=-str noreuse | fpc=-fp_contract off | lang=-lang=c | cc=GC/1.1 | misc=
32	382.239	95.597	6	96.338	3	95.437	10	94.868	13	opt=-O4,p -opt nolifetimes | inline=-inline all | pool= | str=-str noreuse | fpc=-fp_contract off | lang=-lang=c | cc=GC/1.1 | misc=
11	356.908	89.060	2	91.723	0	91.273	6	84.851	3	opt=-O4,p -opt nopeephole | inline=-inline all | pool= | str=-str noreuse | fpc=-fp_contract off | lang=-lang=c | cc=GC/1.1 | misc=
27	377.690	93.029	4	97.391	3	94.096	10	93.174	10	opt=-O4,p -opt noloop | inline=-inline all | pool= | str=-str noreuse | fpc=-fp_contract off | lang=-lang=c | cc=GC/1.1 | misc=
14	286.025	60.947	1	87.139	0	77.181	6	60.758	7	opt=-O4,s | inline=-inline off | pool= | str=-str reuse | fpc=-fp_contract off | lang=-lang=c | cc=GC/1.2.5 | misc=-pragma "opt_common_subs off"
10	216.292	43.413	1	66.237	0	57.064	5	49.579	4	opt=-O3,s | inline=-inline off | pool= | str=-str reuse | fpc=-fp_contract off | lang=-lang=c | cc=GC/1.2.5 | misc=-pragma "opt_common_subs off"
10	232.442	43.723	1	69.855	0	62.393	5	56.472	4	opt=-O3,p | inline=-inline off | pool= | str=-str reuse | fpc=-fp_contract off | lang=-lang=c | cc=GC/1.2.5 | misc=-pragma "opt_common_subs off"
10	206.136	41.214	1	62.224	0	57.369	5	45.328	4	opt=-O2,p | inline=-inline off | pool= | str=-str reuse | fpc=-fp_contract off | lang=-lang=c | cc=GC/1.2.5 | misc=-pragma "opt_common_subs off"
25	311.300	61.493	3	95.488	2	83.857	9	70.462	11	opt=-O4,p | inline=-inline off | pool= | str=-str reuse | fpc=-fp_contract off | lang=-lang=c | cc=GC/1.2.5 | misc=-pragma "opt_common_subs off"
10	232.846	44.217	1	69.727	0	62.393	5	56.509	4	opt=-O4,p -opt noschedule | inline=-inline off | pool= | str=-str reuse | fpc=-fp_contract off | lang=-lang=c | cc=GC/1.2.5 | misc=-pragma "opt_common_subs off"
11	290.660	59.366	2	89.229	0	80.393	6	61.672	3	opt=-O4,p -opt nopeephole | inline=-inline off | pool= | str=-str reuse | fpc=-fp_contract off | lang=-lang=c | cc=GC/1.2.5 | misc=-pragma "opt_common_subs off"
18	307.502	61.254	2	94.662	1	83.040	8	68.545	7	opt=-O4,p -opt nopropagation | inline=-inline off | pool= | str=-str reuse | fpc=-fp_contract off | lang=-lang=c | cc=GC/1.2.5 | misc=-pragma "opt_common_subs off"
25	311.300	61.493	3	95.488	2	83.857	9	70.462	11	opt=-O4,p -opt nocse | inline=-inline off | pool= | str=-str reuse | fpc=-fp_contract off | lang=-lang=c | cc=GC/1.2.5 | misc=-pragma "opt_common_subs off"
22	307.808	60.721	2	94.134	2	83.561	9	69.392	9	opt=-O4,p -opt noloop | inline=-inline off | pool= | str=-str reuse | fpc=-fp_contract off | lang=-lang=c | cc=GC/1.2.5 | misc=-pragma "opt_common_subs off"
25	308.920	61.493	3	93.822	2	83.843	9	69.762	11	opt=-O4,p -opt nolifetimes | inline=-inline off | pool= | str=-str reuse | fpc=-fp_contract off | lang=-lang=c | cc=GC/1.2.5 | misc=-pragma "opt_common_subs off"
26	352.768	85.536	3	97.456	3	91.013	9	78.763	11	opt=-O4,p | inline=-inline smart | pool= | str=-str reuse | fpc=-fp_contract off | lang=-lang=c | cc=GC/1.2.5 | misc=-pragma "opt_common_subs off"
28	378.011	95.078	4	97.456	3	91.943	10	93.533	11	opt=-O4,p | inline=-inline auto | pool= | str=-str reuse | fpc=-fp_contract off | lang=-lang=c | cc=GC/1.2.5 | misc=-pragma "opt_common_subs off"
26	352.768	85.536	3	97.456	3	91.013	9	78.763	11	opt=-O4,p | inline=-inline deferred | pool= | str=-str reuse | fpc=-fp_contract off | lang=-lang=c | cc=GC/1.2.5 | misc=-pragma "opt_common_subs off"
28	378.011	95.078	4	97.456	3	91.943	10	93.533	11	opt=-O4,p | inline=-inline auto,deferred | pool= | str=-str reuse | fpc=-fp_contract off | lang=-lang=c | cc=GC/1.2.5 | misc=-pragma "opt_common_subs off"
28	378.011	95.078	4	97.456	3	91.943	10	93.533	11	opt=-O4,p | inline=-inline all | pool= | str=-str reuse | fpc=-fp_contract off | lang=-lang=c | cc=GC/1.2.5 | misc=-pragma "opt_common_subs off"
28	379.941	97.008	4	97.456	3	91.943	10	93.533	11	opt=-O4,p | inline=-inline auto | pool=-pragma "pool_data on" | str=-str reuse | fpc=-fp_contract off | lang=-lang=c | cc=GC/1.2.5 | misc=-pragma "opt_common_subs off"
28	379.941	97.008	4	97.456	3	91.943	10	93.533	11	opt=-O4,p | inline=-inline auto | pool=-pragma "pool_data on" | str=-str reuse,readonly | fpc=-fp_contract off | lang=-lang=c | cc=GC/1.2.5 | misc=-pragma "opt_common_subs off"
28	379.941	97.008	4	97.456	3	91.943	10	93.533	11	opt=-O4,p | inline=-inline auto | pool=-pragma "pool_data on" | str=-str readonly | fpc=-fp_contract off | lang=-lang=c | cc=GC/1.2.5 | misc=-pragma "opt_common_subs off"
28	379.941	97.008	4	97.456	3	91.943	10	93.533	11	opt=-O4,p | inline=-inline auto | pool=-pragma "pool_data on" | str=-str noreuse | fpc=-fp_contract off | lang=-lang=c | cc=GC/1.2.5 | misc=-pragma "opt_common_subs off"
-1	-1.000	ERR	ERR	ERR	ERR	ERR	ERR	ERR	ERR	opt=-O4,p | inline=-inline auto | pool=-pragma "pool_data on" | str=-str reuse | fpc=-fp_contract on | lang=-lang=c++ | cc=GC/1.2.5 | misc=-pragma "opt_common_subs off"
-1	-1.000	ERR	ERR	ERR	ERR	ERR	ERR	ERR	ERR	opt=-O4,p | inline=-inline auto | pool= | str=-str noreuse | fpc=-fp_contract on | lang=-lang=c++ | cc=GC/1.1 | misc=-pragma "opt_dead_assignments off"
-1	-1.000	ERR	ERR	ERR	ERR	ERR	ERR	ERR	ERR	opt=-O4,s | inline=-inline auto | pool= | str=-str noreuse | fpc=-fp_contract on | lang=-lang=c++ | cc=GC/1.1 | misc=-pragma "opt_dead_assignments off"
-1	-1.000	ERR	ERR	ERR	ERR	ERR	ERR	ERR	ERR	opt=-O3,p | inline=-inline auto | pool= | str=-str noreuse | fpc=-fp_contract on | lang=-lang=c++ | cc=GC/1.1 | misc=-pragma "opt_dead_assignments off"
-1	-1.000	ERR	ERR	ERR	ERR	ERR	ERR	ERR	ERR	opt=-O3,s | inline=-inline auto | pool= | str=-str noreuse | fpc=-fp_contract on | lang=-lang=c++ | cc=GC/1.1 | misc=-pragma "opt_dead_assignments off"
-1	-1.000	ERR	ERR	ERR	ERR	ERR	ERR	ERR	ERR	opt=-O2,p | inline=-inline auto | pool= | str=-str noreuse | fpc=-fp_contract on | lang=-lang=c++ | cc=GC/1.1 | misc=-pragma "opt_dead_assignments off"
-1	-1.000	ERR	ERR	ERR	ERR	ERR	ERR	ERR	ERR	opt=-O4,p -opt nopeephole | inline=-inline auto | pool= | str=-str noreuse | fpc=-fp_contract on | lang=-lang=c++ | cc=GC/1.1 | misc=-pragma "opt_dead_assignments off"
-1	-1.000	ERR	ERR	ERR	ERR	ERR	ERR	ERR	ERR	opt=-O4,p -opt nopropagation | inline=-inline auto | pool= | str=-str noreuse | fpc=-fp_contract on | lang=-lang=c++ | cc=GC/1.1 | misc=-pragma "opt_dead_assignments off"
-1	-1.000	ERR	ERR	ERR	ERR	ERR	ERR	ERR	ERR	opt=-O4,p -opt nolifetimes | inline=-inline auto | pool= | str=-str noreuse | fpc=-fp_contract on | lang=-lang=c++ | cc=GC/1.1 | misc=-pragma "opt_dead_assignments off"
-1	-1.000	ERR	ERR	ERR	ERR	ERR	ERR	ERR	ERR	opt=-O4,p -opt noschedule | inline=-inline auto | pool= | str=-str noreuse | fpc=-fp_contract on | lang=-lang=c++ | cc=GC/1.1 | misc=-pragma "opt_dead_assignments off"
-1	-1.000	ERR	ERR	ERR	ERR	ERR	ERR	ERR	ERR	opt=-O4,p -opt noloop | inline=-inline auto | pool= | str=-str noreuse | fpc=-fp_contract on | lang=-lang=c++ | cc=GC/1.1 | misc=-pragma "opt_dead_assignments off"
-1	-1.000	ERR	ERR	ERR	ERR	ERR	ERR	ERR	ERR	opt=-O4,p -opt nocse | inline=-inline auto | pool= | str=-str noreuse | fpc=-fp_contract on | lang=-lang=c++ | cc=GC/1.1 | misc=-pragma "opt_dead_assignments off"
-1	-1.000	ERR	ERR	ERR	ERR	ERR	ERR	ERR	ERR	opt=-O4,s | inline=-inline off | pool= | str=-str noreuse | fpc=-fp_contract on | lang=-lang=c++ | cc=GC/1.1 | misc=-pragma "opt_dead_assignments off"
-1	-1.000	ERR	ERR	ERR	ERR	ERR	ERR	ERR	ERR	opt=-O4,s | inline=-inline auto,deferred | pool= | str=-str noreuse | fpc=-fp_contract on | lang=-lang=c++ | cc=GC/1.1 | misc=-pragma "opt_dead_assignments off"
-1	-1.000	ERR	ERR	ERR	ERR	ERR	ERR	ERR	ERR	opt=-O4,s | inline=-inline smart | pool= | str=-str noreuse | fpc=-fp_contract on | lang=-lang=c++ | cc=GC/1.1 | misc=-pragma "opt_dead_assignments off"
-1	-1.000	ERR	ERR	ERR	ERR	ERR	ERR	ERR	ERR	opt=-O4,s | inline=-inline deferred | pool= | str=-str noreuse | fpc=-fp_contract on | lang=-lang=c++ | cc=GC/1.1 | misc=-pragma "opt_dead_assignments off"
-1	-1.000	ERR	ERR	ERR	ERR	ERR	ERR	ERR	ERR	opt=-O4,s | inline=-inline all | pool= | str=-str noreuse | fpc=-fp_contract on | lang=-lang=c++ | cc=GC/1.1 | misc=-pragma "opt_dead_assignments off"
-1	-1.000	ERR	ERR	ERR	ERR	ERR	ERR	ERR	ERR	opt=-O4,s | inline=-inline auto | pool=-pragma "pool_data on" | str=-str noreuse | fpc=-fp_contract on | lang=-lang=c++ | cc=GC/1.1 | misc=-pragma "opt_dead_assignments off"
-1	-1.000	ERR	ERR	ERR	ERR	ERR	ERR	ERR	ERR	opt=-O4,s | inline=-inline auto | pool= | str=-str reuse | fpc=-fp_contract on | lang=-lang=c++ | cc=GC/1.1 | misc=-pragma "opt_dead_assignments off"
-1	-1.000	ERR	ERR	ERR	ERR	ERR	ERR	ERR	ERR	opt=-O4,s | inline=-inline auto | pool= | str=-str reuse,readonly | fpc=-fp_contract on | lang=-lang=c++ | cc=GC/1.1 | misc=-pragma "opt_dead_assignments off"
-1	-1.000	ERR	ERR	ERR	ERR	ERR	ERR	ERR	ERR	opt=-O4,s | inline=-inline auto | pool= | str=-str readonly | fpc=-fp_contract on | lang=-lang=c++ | cc=GC/1.1 | misc=-pragma "opt_dead_assignments off"
-1	-1.000	ERR	ERR	ERR	ERR	ERR	ERR	ERR	ERR	opt=-O4,s | inline=-inline auto | pool= | str=-str noreuse | fpc=-fp_contract off | lang=-lang=c++ | cc=GC/1.1 | misc=-pragma "opt_dead_assignments off"
14	339.663	83.101	1	88.983	0	87.004	6	80.574	7	opt=-O4,s | inline=-inline auto | pool= | str=-str noreuse | fpc=-fp_contract on | lang=-lang=c | cc=GC/1.1 | misc=-pragma "opt_dead_assignments off"
14	339.663	83.101	1	88.983	0	87.004	6	80.574	7	opt=-O4,s | inline=-inline auto | pool= | str=-str noreuse | fpc=-fp_contract on | lang=-lang=c | cc=GC/1.2.5 | misc=-pragma "opt_dead_assignments off"
14	339.663	83.101	1	88.983	0	87.004	6	80.574	7	opt=-O4,s | inline=-inline auto | pool= | str=-str noreuse | fpc=-fp_contract on | lang=-lang=c | cc=GC/3.0a5 | misc=-pragma "opt_dead_assignments off"
14	339.663	83.101	1	88.983	0	87.004	6	80.574	7	opt=-O4,s | inline=-inline auto | pool= | str=-str noreuse | fpc=-fp_contract on | lang=-lang=c | cc=GC/2.5 | misc=-pragma "opt_dead_assignments off"
14	339.663	83.101	1	88.983	0	87.004	6	80.574	7	opt=-O4,s | inline=-inline auto | pool= | str=-str noreuse | fpc=-fp_contract on | lang=-lang=c | cc=GC/3.0a3 | misc=-pragma "opt_dead_assignments off"
14	339.663	83.101	1	88.983	0	87.004	6	80.574	7	opt=-O4,s | inline=-inline auto | pool= | str=-str noreuse | fpc=-fp_contract on | lang=-lang=c | cc=GC/1.3.2 | misc=-pragma "opt_dead_assignments off"
14	334.438	82.630	1	88.443	0	84.908	6	78.458	7	opt=-O4,s | inline=-inline auto | pool= | str=-str noreuse | fpc=-fp_contract on | lang=-lang=c | cc=GC/1.1 | misc=-pragma "opt_common_subs off"
14	339.654	83.101	1	88.920	0	87.059	6	80.574	7	opt=-O4,s | inline=-inline auto | pool= | str=-str noreuse | fpc=-fp_contract on | lang=-lang=c | cc=GC/1.1 | misc=-pragma "opt_propagation off"
14	339.871	83.272	1	89.021	0	87.004	6	80.574	7	opt=-O4,s | inline=-inline auto | pool= | str=-str noreuse | fpc=-fp_contract on | lang=-lang=c | cc=GC/1.1 | misc=
10	251.895	58.370	1	66.763	0	62.664	5	64.098	4	opt=-O4,s | inline=-inline auto | pool= | str=-str noreuse | fpc=-fp_contract on | lang=-lang=c | cc=GC/1.1 | misc=-pragma "scheduling off"
10	321.319	79.816	1	84.223	0	83.251	6	74.029	3	opt=-O4,s | inline=-inline auto | pool= | str=-str noreuse | fpc=-fp_contract on | lang=-lang=c | cc=GC/1.1 | misc=-pragma "peephole off"
14	338.295	83.272	1	87.613	0	86.925	6	80.485	7	opt=-O4,s | inline=-inline auto | pool= | str=-str noreuse | fpc=-fp_contract on | lang=-lang=c | cc=GC/1.1 | misc=-pragma "opt_lifetimes off"
10	234.732	52.406	1	63.540	0	61.616	5	57.171	4	opt=-O2,p | inline=-inline auto | pool= | str=-str noreuse | fpc=-fp_contract on | lang=-lang=c | cc=GC/1.1 | misc=
10	252.162	58.265	1	67.135	0	62.664	5	64.098	4	opt=-O3,s | inline=-inline auto | pool= | str=-str noreuse | fpc=-fp_contract on | lang=-lang=c | cc=GC/1.1 | misc=
10	282.867	66.519	1	71.402	0	69.359	5	75.587	4	opt=-O3,p | inline=-inline auto | pool= | str=-str noreuse | fpc=-fp_contract on | lang=-lang=c | cc=GC/1.1 | misc=
20	379.187	94.962	2	97.225	2	94.319	9	92.681	7	opt=-O4,p -opt nopropagation | inline=-inline auto | pool= | str=-str noreuse | fpc=-fp_contract on | lang=-lang=c | cc=GC/1.1 | misc=
10	282.981	66.501	1	71.374	0	69.607	5	75.499	4	opt=-O4,p -opt noschedule | inline=-inline auto | pool= | str=-str noreuse | fpc=-fp_contract on | lang=-lang=c | cc=GC/1.1 | misc=
28	378.076	95.078	4	97.456	3	92.008	10	93.533	11	opt=-O4,p -opt nocse | inline=-inline auto | pool= | str=-str noreuse | fpc=-fp_contract on | lang=-lang=c | cc=GC/1.1 | misc=
11	356.983	89.060	2	91.723	0	91.349	6	84.851	3	opt=-O4,p -opt nopeephole | inline=-inline auto | pool= | str=-str noreuse | fpc=-fp_contract on | lang=-lang=c | cc=GC/1.1 | misc=
32	382.315	95.597	6	96.338	3	95.512	10	94.868	13	opt=-O4,p -opt nolifetimes | inline=-inline auto | pool= | str=-str noreuse | fpc=-fp_contract on | lang=-lang=c | cc=GC/1.1 | misc=
27	377.766	93.029	4	97.391	3	94.172	10	93.174	10	opt=-O4,p -opt noloop | inline=-inline auto | pool= | str=-str noreuse | fpc=-fp_contract on | lang=-lang=c | cc=GC/1.1 | misc=
10	235.288	53.034	1	63.540	0	61.543	5	57.171	4	opt=-O2,p | inline=-inline auto,deferred | pool=-pragma "pool_data on" | str=-str reuse,readonly | fpc=-fp_contract off | lang=-lang=c | cc=GC/2.5 | misc=-pragma "opt_dead_assignments off"
10	252.891	59.027	1	67.135	0	62.592	5	64.137	4	opt=-O3,s | inline=-inline auto,deferred | pool=-pragma "pool_data on" | str=-str reuse,readonly | fpc=-fp_contract off | lang=-lang=c | cc=GC/2.5 | misc=-pragma "opt_dead_assignments off"
10	283.600	67.281	1	71.402	0	69.290	5	75.626	4	opt=-O3,p | inline=-inline auto,deferred | pool=-pragma "pool_data on" | str=-str reuse,readonly | fpc=-fp_contract off | lang=-lang=c | cc=GC/2.5 | misc=-pragma "opt_dead_assignments off"
28	379.898	96.973	4	97.449	3	91.943	10	93.533	11	opt=-O4,p -opt nocse | inline=-inline auto,deferred | pool=-pragma "pool_data on" | str=-str reuse,readonly | fpc=-fp_contract off | lang=-lang=c | cc=GC/2.5 | misc=-pragma "opt_dead_assignments off"
14	341.434	84.948	1	88.983	0	86.928	6	80.574	7	opt=-O4,s | inline=-inline auto,deferred | pool=-pragma "pool_data on" | str=-str reuse,readonly | fpc=-fp_contract off | lang=-lang=c | cc=GC/2.5 | misc=-pragma "opt_dead_assignments off"
20	381.334	97.184	2	97.225	2	94.243	9	92.681	7	opt=-O4,p -opt nopropagation | inline=-inline auto,deferred | pool=-pragma "pool_data on" | str=-str reuse,readonly | fpc=-fp_contract off | lang=-lang=c | cc=GC/2.5 | misc=-pragma "opt_dead_assignments off"
10	283.781	67.268	1	71.436	0	69.539	5	75.538	4	opt=-O4,p -opt noschedule | inline=-inline auto,deferred | pool=-pragma "pool_data on" | str=-str reuse,readonly | fpc=-fp_contract off | lang=-lang=c | cc=GC/2.5 | misc=-pragma "opt_dead_assignments off"
27	379.705	95.081	4	97.353	3	94.096	10	93.174	10	opt=-O4,p -opt noloop | inline=-inline auto,deferred | pool=-pragma "pool_data on" | str=-str reuse,readonly | fpc=-fp_contract off | lang=-lang=c | cc=GC/2.5 | misc=-pragma "opt_dead_assignments off"
11	358.693	90.852	2	91.715	0	91.273	6	84.851	3	opt=-O4,p -opt nopeephole | inline=-inline auto,deferred | pool=-pragma "pool_data on" | str=-str reuse,readonly | fpc=-fp_contract off | lang=-lang=c | cc=GC/2.5 | misc=-pragma "opt_dead_assignments off"
32	384.309	97.663	6	96.342	3	95.437	10	94.868	13	opt=-O4,p -opt nolifetimes | inline=-inline auto,deferred | pool=-pragma "pool_data on" | str=-str reuse,readonly | fpc=-fp_contract off | lang=-lang=c | cc=GC/2.5 | misc=-pragma "opt_dead_assignments off"
33	387.071	97.657	6	97.953	3	95.781	11	95.680	13	opt=-O4,p | inline=-inline auto | pool=-pragma "pool_data on" | str=-str reuse,readonly | fpc=-fp_contract off | lang=-lang=c | cc=GC/2.5 | misc=-pragma "opt_dead_assignments off"
27	317.065	63.027	4	95.985	2	85.757	10	72.296	11	opt=-O4,p | inline=-inline off | pool=-pragma "pool_data on" | str=-str reuse,readonly | fpc=-fp_contract off | lang=-lang=c | cc=GC/2.5 | misc=-pragma "opt_dead_assignments off"
29	360.576	86.870	4	97.953	3	94.851	10	80.901	12	opt=-O4,p | inline=-inline deferred | pool=-pragma "pool_data on" | str=-str reuse,readonly | fpc=-fp_contract off | lang=-lang=c | cc=GC/2.5 | misc=-pragma "opt_dead_assignments off"
29	360.570	86.865	4	97.953	3	94.851	10	80.901	12	opt=-O4,p | inline=-inline smart | pool=-pragma "pool_data on" | str=-str reuse,readonly | fpc=-fp_contract off | lang=-lang=c | cc=GC/2.5 | misc=-pragma "opt_dead_assignments off"
33	387.071	97.657	6	97.953	3	95.781	11	95.680	13	opt=-O4,p | inline=-inline all | pool=-pragma "pool_data on" | str=-str reuse,readonly | fpc=-fp_contract off | lang=-lang=c | cc=GC/2.5 | misc=-pragma "opt_dead_assignments off"
33	384.840	95.426	6	97.953	3	95.781	11	95.680	13	opt=-O4,p | inline=-inline auto,deferred | pool= | str=-str reuse,readonly | fpc=-fp_contract off | lang=-lang=c | cc=GC/2.5 | misc=-pragma "opt_dead_assignments off"
33	387.071	97.657	6	97.953	3	95.781	11	95.680	13	opt=-O4,p | inline=-inline auto,deferred | pool=-pragma "pool_data on" | str=-str noreuse | fpc=-fp_contract off | lang=-lang=c | cc=GC/2.5 | misc=-pragma "opt_dead_assignments off"
33	387.077	97.663	6	97.953	3	95.781	11	95.680	13	opt=-O4,p | inline=-inline auto,deferred | pool=-pragma "pool_data on" | str=-str readonly | fpc=-fp_contract off | lang=-lang=c | cc=GC/2.5 | misc=-pragma "opt_dead_assignments off"
33	387.071	97.657	6	97.953	3	95.781	11	95.680	13	opt=-O4,p | inline=-inline auto,deferred | pool=-pragma "pool_data on" | str=-str reuse | fpc=-fp_contract off | lang=-lang=c | cc=GC/2.5 | misc=-pragma "opt_dead_assignments off"
-1	-1.000	ERR	ERR	ERR	ERR	ERR	ERR	ERR	ERR	opt=-O4,p | inline=-inline off | pool=-pragma "pool_data on" | str=-str reuse | fpc=-fp_contract off | lang=-lang=c++ | cc=GC/1.3.2 | misc=-pragma "opt_dead_assignments off"
-1	-1.000	ERR	ERR	ERR	ERR	ERR	ERR	ERR	ERR	opt=-O3,p | inline=-inline off | pool=-pragma "pool_data on" | str=-str reuse | fpc=-fp_contract off | lang=-lang=c++ | cc=GC/1.3.2 | misc=-pragma "opt_dead_assignments off"
-1	-1.000	ERR	ERR	ERR	ERR	ERR	ERR	ERR	ERR	opt=-O4,s | inline=-inline off | pool=-pragma "pool_data on" | str=-str reuse | fpc=-fp_contract off | lang=-lang=c++ | cc=GC/1.3.2 | misc=-pragma "opt_dead_assignments off"
-1	-1.000	ERR	ERR	ERR	ERR	ERR	ERR	ERR	ERR	opt=-O3,s | inline=-inline off | pool=-pragma "pool_data on" | str=-str reuse | fpc=-fp_contract off | lang=-lang=c++ | cc=GC/1.3.2 | misc=-pragma "opt_dead_assignments off"
-1	-1.000	ERR	ERR	ERR	ERR	ERR	ERR	ERR	ERR	opt=-O4,p -opt nopeephole | inline=-inline off | pool=-pragma "pool_data on" | str=-str reuse | fpc=-fp_contract off | lang=-lang=c++ | cc=GC/1.3.2 | misc=-pragma "opt_dead_assignments off"
-1	-1.000	ERR	ERR	ERR	ERR	ERR	ERR	ERR	ERR	opt=-O4,p -opt noschedule | inline=-inline off | pool=-pragma "pool_data on" | str=-str reuse | fpc=-fp_contract off | lang=-lang=c++ | cc=GC/1.3.2 | misc=-pragma "opt_dead_assignments off"
-1	-1.000	ERR	ERR	ERR	ERR	ERR	ERR	ERR	ERR	opt=-O4,p -opt nolifetimes | inline=-inline off | pool=-pragma "pool_data on" | str=-str reuse | fpc=-fp_contract off | lang=-lang=c++ | cc=GC/1.3.2 | misc=-pragma "opt_dead_assignments off"
-1	-1.000	ERR	ERR	ERR	ERR	ERR	ERR	ERR	ERR	opt=-O2,p | inline=-inline off | pool=-pragma "pool_data on" | str=-str reuse | fpc=-fp_contract off | lang=-lang=c++ | cc=GC/1.3.2 | misc=-pragma "opt_dead_assignments off"
-1	-1.000	ERR	ERR	ERR	ERR	ERR	ERR	ERR	ERR	opt=-O4,p -opt nopropagation | inline=-inline off | pool=-pragma "pool_data on" | str=-str reuse | fpc=-fp_contract off | lang=-lang=c++ | cc=GC/1.3.2 | misc=-pragma "opt_dead_assignments off"
-1	-1.000	ERR	ERR	ERR	ERR	ERR	ERR	ERR	ERR	opt=-O4,p -opt noloop | inline=-inline off | pool=-pragma "pool_data on" | str=-str reuse | fpc=-fp_contract off | lang=-lang=c++ | cc=GC/1.3.2 | misc=-pragma "opt_dead_assignments off"
-1	-1.000	ERR	ERR	ERR	ERR	ERR	ERR	ERR	ERR	opt=-O4,p -opt nocse | inline=-inline off | pool=-pragma "pool_data on" | str=-str reuse | fpc=-fp_contract off | lang=-lang=c++ | cc=GC/1.3.2 | misc=-pragma "opt_dead_assignments off"
-1	-1.000	ERR	ERR	ERR	ERR	ERR	ERR	ERR	ERR	opt=-O4,p -opt nocse | inline=-inline smart | pool=-pragma "pool_data on" | str=-str reuse | fpc=-fp_contract off | lang=-lang=c++ | cc=GC/1.3.2 | misc=-pragma "opt_dead_assignments off"
-1	-1.000	ERR	ERR	ERR	ERR	ERR	ERR	ERR	ERR	opt=-O4,p -opt nocse | inline=-inline auto | pool=-pragma "pool_data on" | str=-str reuse | fpc=-fp_contract off | lang=-lang=c++ | cc=GC/1.3.2 | misc=-pragma "opt_dead_assignments off"
-1	-1.000	ERR	ERR	ERR	ERR	ERR	ERR	ERR	ERR	opt=-O4,p -opt nocse | inline=-inline auto,deferred | pool=-pragma "pool_data on" | str=-str reuse | fpc=-fp_contract off | lang=-lang=c++ | cc=GC/1.3.2 | misc=-pragma "opt_dead_assignments off"
-1	-1.000	ERR	ERR	ERR	ERR	ERR	ERR	ERR	ERR	opt=-O4,p -opt nocse | inline=-inline deferred | pool=-pragma "pool_data on" | str=-str reuse | fpc=-fp_contract off | lang=-lang=c++ | cc=GC/1.3.2 | misc=-pragma "opt_dead_assignments off"
-1	-1.000	ERR	ERR	ERR	ERR	ERR	ERR	ERR	ERR	opt=-O4,p -opt nocse | inline=-inline all | pool=-pragma "pool_data on" | str=-str reuse | fpc=-fp_contract off | lang=-lang=c++ | cc=GC/1.3.2 | misc=-pragma "opt_dead_assignments off"
-1	-1.000	ERR	ERR	ERR	ERR	ERR	ERR	ERR	ERR	opt=-O4,p -opt nocse | inline=-inline off | pool= | str=-str reuse | fpc=-fp_contract off | lang=-lang=c++ | cc=GC/1.3.2 | misc=-pragma "opt_dead_assignments off"
-1	-1.000	ERR	ERR	ERR	ERR	ERR	ERR	ERR	ERR	opt=-O4,p -opt nocse | inline=-inline off | pool=-pragma "pool_data on" | str=-str reuse,readonly | fpc=-fp_contract off | lang=-lang=c++ | cc=GC/1.3.2 | misc=-pragma "opt_dead_assignments off"
-1	-1.000	ERR	ERR	ERR	ERR	ERR	ERR	ERR	ERR	opt=-O4,p -opt nocse | inline=-inline off | pool=-pragma "pool_data on" | str=-str noreuse | fpc=-fp_contract off | lang=-lang=c++ | cc=GC/1.3.2 | misc=-pragma "opt_dead_assignments off"
-1	-1.000	ERR	ERR	ERR	ERR	ERR	ERR	ERR	ERR	opt=-O4,p -opt nocse | inline=-inline off | pool=-pragma "pool_data on" | str=-str readonly | fpc=-fp_contract off | lang=-lang=c++ | cc=GC/1.3.2 | misc=-pragma "opt_dead_assignments off"
-1	-1.000	ERR	ERR	ERR	ERR	ERR	ERR	ERR	ERR	opt=-O4,p -opt nocse | inline=-inline off | pool=-pragma "pool_data on" | str=-str reuse | fpc=-fp_contract on | lang=-lang=c++ | cc=GC/1.3.2 | misc=-pragma "opt_dead_assignments off"
25	312.560	62.761	3	95.480	2	83.857	9	70.462	11	opt=-O4,p -opt nocse | inline=-inline off | pool=-pragma "pool_data on" | str=-str reuse | fpc=-fp_contract off | lang=-lang=c | cc=GC/1.3.2 | misc=-pragma "opt_dead_assignments off"
25	312.560	62.761	3	95.480	2	83.857	9	70.462	11	opt=-O4,p -opt nocse | inline=-inline off | pool=-pragma "pool_data on" | str=-str reuse | fpc=-fp_contract off | lang=-lang=c | cc=GC/1.1 | misc=-pragma "opt_dead_assignments off"
25	312.560	62.761	3	95.480	2	83.857	9	70.462	11	opt=-O4,p -opt nocse | inline=-inline off | pool=-pragma "pool_data on" | str=-str reuse | fpc=-fp_contract off | lang=-lang=c | cc=GC/2.5 | misc=-pragma "opt_dead_assignments off"
25	312.560	62.761	3	95.480	2	83.857	9	70.462	11	opt=-O4,p -opt nocse | inline=-inline off | pool=-pragma "pool_data on" | str=-str reuse | fpc=-fp_contract off | lang=-lang=c | cc=GC/3.0a5 | misc=-pragma "opt_dead_assignments off"
25	312.560	62.761	3	95.480	2	83.857	9	70.462	11	opt=-O4,p -opt nocse | inline=-inline off | pool=-pragma "pool_data on" | str=-str reuse | fpc=-fp_contract off | lang=-lang=c | cc=GC/3.0a3 | misc=-pragma "opt_dead_assignments off"
25	312.560	62.761	3	95.480	2	83.857	9	70.462	11	opt=-O4,p -opt nocse | inline=-inline off | pool=-pragma "pool_data on" | str=-str reuse | fpc=-fp_contract off | lang=-lang=c | cc=GC/1.2.5 | misc=-pragma "opt_dead_assignments off"
18	308.811	62.563	2	94.662	1	83.040	8	68.545	7	opt=-O4,p -opt nocse | inline=-inline off | pool=-pragma "pool_data on" | str=-str reuse | fpc=-fp_contract off | lang=-lang=c | cc=GC/1.3.2 | misc=-pragma "opt_propagation off"
25	312.609	62.802	3	95.488	2	83.857	9	70.462	11	opt=-O4,p -opt nocse | inline=-inline off | pool=-pragma "pool_data on" | str=-str reuse | fpc=-fp_contract off | lang=-lang=c | cc=GC/1.3.2 | misc=
25	312.609	62.802	3	95.488	2	83.857	9	70.462	11	opt=-O4,p -opt nocse | inline=-inline off | pool=-pragma "pool_data on" | str=-str reuse | fpc=-fp_contract off | lang=-lang=c | cc=GC/1.3.2 | misc=-pragma "opt_common_subs off"
25	310.229	62.802	3	93.822	2	83.843	9	69.762	11	opt=-O4,p -opt nocse | inline=-inline off | pool=-pragma "pool_data on" | str=-str reuse | fpc=-fp_contract off | lang=-lang=c | cc=GC/1.3.2 | misc=-pragma "opt_lifetimes off"
11	291.690	60.396	2	89.229	0	80.393	6	61.672	3	opt=-O4,p -opt nocse | inline=-inline off | pool=-pragma "pool_data on" | str=-str reuse | fpc=-fp_contract off | lang=-lang=c | cc=GC/1.3.2 | misc=-pragma "peephole off"
10	233.519	44.891	1	69.727	0	62.393	5	56.509	4	opt=-O4,p -opt nocse | inline=-inline off | pool=-pragma "pool_data on" | str=-str reuse | fpc=-fp_contract off | lang=-lang=c | cc=GC/1.3.2 | misc=-pragma "scheduling off"
10	208.735	41.783	1	62.960	0	57.657	5	46.335	4	opt=-O2,p | inline=-inline off | pool=-pragma "pool_data on" | str=-str reuse | fpc=-fp_contract off | lang=-lang=c | cc=GC/1.3.2 | misc=
10	219.955	44.127	1	66.609	0	57.848	5	51.371	4	opt=-O3,s | inline=-inline off | pool=-pragma "pool_data on" | str=-str reuse | fpc=-fp_contract off | lang=-lang=c | cc=GC/1.3.2 | misc=
14	291.059	62.296	1	87.717	0	78.430	6	62.616	7	opt=-O4,s | inline=-inline off | pool=-pragma "pool_data on" | str=-str reuse | fpc=-fp_contract off | lang=-lang=c | cc=GC/1.3.2 | misc=
27	317.068	62.993	4	96.022	2	85.757	10	72.296	11	opt=-O4,p | inline=-inline off | pool=-pragma "pool_data on" | str=-str reuse | fpc=-fp_contract off | lang=-lang=c | cc=GC/1.3.2 | misc=
10	236.208	44.437	1	70.205	0	63.384	5	58.182	4	opt=-O3,p | inline=-inline off | pool=-pragma "pool_data on" | str=-str reuse | fpc=-fp_contract off | lang=-lang=c | cc=GC/1.3.2 | misc=
26	314.440	62.993	4	94.369	2	85.550	9	71.527	11	opt=-O4,p -opt nolifetimes | inline=-inline off | pool=-pragma "pool_data on" | str=-str reuse | fpc=-fp_contract off | lang=-lang=c | cc=GC/1.3.2 | misc=
24	314.199	62.221	3	95.422	2	85.537	10	71.019	9	opt=-O4,p -opt noloop | inline=-inline off | pool=-pragma "pool_data on" | str=-str reuse | fpc=-fp_contract off | lang=-lang=c | cc=GC/1.3.2 | misc=
18	312.795	62.604	2	95.256	1	84.634	8	70.302	7	opt=-O4,p -opt nopropagation | inline=-inline off | pool=-pragma "pool_data on" | str=-str reuse | fpc=-fp_contract off | lang=-lang=c | cc=GC/1.3.2 | misc=
10	236.887	44.809	1	70.176	0	63.684	5	58.218	4	opt=-O4,p -opt noschedule | inline=-inline off | pool=-pragma "pool_data on" | str=-str reuse | fpc=-fp_contract off | lang=-lang=c | cc=GC/1.3.2 | misc=
11	295.870	60.587	2	89.764	0	82.123	6	63.396	3	opt=-O4,p -opt nopeephole | inline=-inline off | pool=-pragma "pool_data on" | str=-str reuse | fpc=-fp_contract off | lang=-lang=c | cc=GC/1.3.2 | misc=
29	360.779	87.036	4	97.991	3	94.851	10	80.901	12	opt=-O4,p | inline=-inline smart | pool=-pragma "pool_data on" | str=-str reuse | fpc=-fp_contract off | lang=-lang=c | cc=GC/1.3.2 | misc=
29	360.779	87.036	4	97.991	3	94.851	10	80.901	12	opt=-O4,p | inline=-inline deferred | pool=-pragma "pool_data on" | str=-str reuse | fpc=-fp_contract off | lang=-lang=c | cc=GC/1.3.2 | misc=
33	387.280	97.828	6	97.991	3	95.781	11	95.680	13	opt=-O4,p | inline=-inline all | pool=-pragma "pool_data on" | str=-str reuse | fpc=-fp_contract off | lang=-lang=c | cc=GC/1.3.2 | misc=
33	385.049	95.597	6	97.991	3	95.781	11	95.680	13	opt=-O4,p | inline=-inline auto | pool= | str=-str reuse | fpc=-fp_contract off | lang=-lang=c | cc=GC/1.3.2 | misc=
14	316.409	74.279	1	87.613	0	86.295	6	68.223	7	opt=-O4,s | inline=-inline smart | pool= | str=-str noreuse | fpc=-fp_contract on | lang=-lang=c | cc=GC/3.0a5 | misc=-pragma "opt_lifetimes off"
10	221.195	46.510	1	63.540	0	61.616	5	49.530	4	opt=-O2,p | inline=-inline smart | pool= | str=-str noreuse | fpc=-fp_contract on | lang=-lang=c | cc=GC/3.0a5 | misc=-pragma "opt_lifetimes off"
10	235.104	50.716	1	66.496	0	61.879	5	56.014	4	opt=-O3,s | inline=-inline smart | pool= | str=-str noreuse | fpc=-fp_contract on | lang=-lang=c | cc=GC/3.0a5 | misc=-pragma "opt_lifetimes off"
10	262.679	58.885	1	70.799	0	68.171	5	64.824	4	opt=-O3,p | inline=-inline smart | pool= | str=-str noreuse | fpc=-fp_contract on | lang=-lang=c | cc=GC/3.0a5 | misc=-pragma "opt_lifetimes off"
11	331.117	80.085	2	90.320	0	90.113	6	70.600	3	opt=-O4,p -opt nopeephole | inline=-inline smart | pool= | str=-str noreuse | fpc=-fp_contract on | lang=-lang=c | cc=GC/3.0a5 | misc=-pragma "opt_lifetimes off"
26	350.426	85.536	3	95.791	3	91.082	9	78.018	11	opt=-O4,p -opt nocse | inline=-inline smart | pool= | str=-str noreuse | fpc=-fp_contract on | lang=-lang=c | cc=GC/3.0a5 | misc=-pragma "opt_lifetimes off"
19	352.132	85.324	2	95.362	2	93.169	8	78.277	7	opt=-O4,p -opt nopropagation | inline=-inline smart | pool= | str=-str noreuse | fpc=-fp_contract on | lang=-lang=c | cc=GC/3.0a5 | misc=-pragma "opt_lifetimes off"
10	261.863	58.867	1	69.974	0	68.275	5	64.747	4	opt=-O4,p -opt noschedule | inline=-inline smart | pool= | str=-str noreuse | fpc=-fp_contract on | lang=-lang=c | cc=GC/3.0a5 | misc=-pragma "opt_lifetimes off"
24	351.347	84.689	3	95.751	3	93.342	9	77.566	9	opt=-O4,p -opt noloop | inline=-inline smart | pool= | str=-str noreuse | fpc=-fp_contract on | lang=-lang=c | cc=GC/3.0a5 | misc=-pragma "opt_lifetimes off"
28	356.736	85.727	4	96.338	3	94.583	9	80.089	12	opt=-O4,p -opt nolifetimes | inline=-inline smart | pool= | str=-str noreuse | fpc=-fp_contract on | lang=-lang=c | cc=GC/3.0a5 | misc=-pragma "opt_lifetimes off"
26	313.207	61.684	4	94.369	2	85.626	9	71.527	11	opt=-O4,p | inline=-inline off | pool= | str=-str noreuse | fpc=-fp_contract on | lang=-lang=c | cc=GC/3.0a5 | misc=-pragma "opt_lifetimes off"
32	382.315	95.597	6	96.338	3	95.512	10	94.868	13	opt=-O4,p | inline=-inline auto | pool= | str=-str noreuse | fpc=-fp_contract on | lang=-lang=c | cc=GC/3.0a5 | misc=-pragma "opt_lifetimes off"
28	356.736	85.727	4	96.338	3	94.583	9	80.089	12	opt=-O4,p | inline=-inline deferred | pool= | str=-str noreuse | fpc=-fp_contract on | lang=-lang=c | cc=GC/3.0a5 | misc=-pragma "opt_lifetimes off"
32	382.315	95.597	6	96.338	3	95.512	10	94.868	13	opt=-O4,p | inline=-inline auto,deferred | pool= | str=-str noreuse | fpc=-fp_contract on | lang=-lang=c | cc=GC/3.0a5 | misc=-pragma "opt_lifetimes off"
32	382.315	95.597	6	96.338	3	95.512	10	94.868	13	opt=-O4,p | inline=-inline all | pool= | str=-str noreuse | fpc=-fp_contract on | lang=-lang=c | cc=GC/3.0a5 | misc=-pragma "opt_lifetimes off"
32	384.546	97.828	6	96.338	3	95.512	10	94.868	13	opt=-O4,p | inline=-inline auto | pool=-pragma "pool_data on" | str=-str readonly | fpc=-fp_contract on | lang=-lang=c | cc=GC/3.0a5 | misc=-pragma "opt_lifetimes off"
32	384.470	97.828	6	96.338	3	95.437	10	94.868	13	opt=-O4,p | inline=-inline auto | pool=-pragma "pool_data on" | str=-str noreuse | fpc=-fp_contract off | lang=-lang=c | cc=GC/3.0a5 | misc=-pragma "opt_lifetimes off"
-1	-1.000	ERR	ERR	ERR	ERR	ERR	ERR	ERR	ERR	opt=-O4,p | inline=-inline auto | pool=-pragma "pool_data on" | str=-str noreuse | fpc=-fp_contract on | lang=-lang=c++ | cc=GC/3.0a5 | misc=-pragma "opt_lifetimes off"
10	234.659	52.406	1	63.540	0	61.543	5	57.171	4	opt=-O2,p | inline=-inline auto,deferred | pool= | str=-str reuse,readonly | fpc=-fp_contract off | lang=-lang=c | cc=GC/3.0a3 | misc=-pragma "scheduling off"
10	252.090	58.265	1	67.135	0	62.592	5	64.098	4	opt=-O3,s | inline=-inline auto,deferred | pool= | str=-str reuse,readonly | fpc=-fp_contract off | lang=-lang=c | cc=GC/3.0a3 | misc=-pragma "scheduling off"
10	251.823	58.370	1	66.763	0	62.592	5	64.098	4	opt=-O4,s | inline=-inline auto,deferred | pool= | str=-str reuse,readonly | fpc=-fp_contract off | lang=-lang=c | cc=GC/3.0a3 | misc=-pragma "scheduling off"
10	282.799	66.519	1	71.402	0	69.290	5	75.587	4	opt=-O3,p | inline=-inline auto,deferred | pool= | str=-str reuse,readonly | fpc=-fp_contract off | lang=-lang=c | cc=GC/3.0a3 | misc=-pragma "scheduling off"
10	277.597	66.255	1	70.925	0	66.654	5	73.763	4	opt=-O4,p -opt nocse | inline=-inline auto,deferred | pool= | str=-str reuse,readonly | fpc=-fp_contract off | lang=-lang=c | cc=GC/3.0a3 | misc=-pragma "scheduling off"
10	280.724	66.074	1	71.395	0	69.116	5	74.139	4	opt=-O4,p -opt nopropagation | inline=-inline auto,deferred | pool= | str=-str reuse,readonly | fpc=-fp_contract off | lang=-lang=c | cc=GC/3.0a3 | misc=-pragma "scheduling off"
10	282.912	66.501	1	71.374	0	69.539	5	75.499	4	opt=-O4,p -opt noschedule | inline=-inline auto,deferred | pool= | str=-str reuse,readonly | fpc=-fp_contract off | lang=-lang=c | cc=GC/3.0a3 | misc=-pragma "scheduling off"
10	277.442	64.970	1	70.857	0	68.301	5	73.314	4	opt=-O4,p -opt noloop | inline=-inline auto,deferred | pool= | str=-str reuse,readonly | fpc=-fp_contract off | lang=-lang=c | cc=GC/3.0a3 | misc=-pragma "scheduling off"
8	271.482	65.814	1	69.294	0	67.154	5	69.219	2	opt=-O4,p -opt nopeephole | inline=-inline auto,deferred | pool= | str=-str reuse,readonly | fpc=-fp_contract off | lang=-lang=c | cc=GC/3.0a3 | misc=-pragma "scheduling off"
10	280.813	66.501	1	69.974	0	69.125	5	75.212	4	opt=-O4,p -opt nolifetimes | inline=-inline auto,deferred | pool= | str=-str reuse,readonly | fpc=-fp_contract off | lang=-lang=c | cc=GC/3.0a3 | misc=-pragma "scheduling off"
10	263.893	58.867	1	71.374	0	68.619	5	65.033	4	opt=-O4,p | inline=-inline smart | pool= | str=-str reuse,readonly | fpc=-fp_contract off | lang=-lang=c | cc=GC/3.0a3 | misc=-pragma "scheduling off"
10	236.213	44.135	1	70.176	0	63.684	5	58.218	4	opt=-O4,p | inline=-inline off | pool= | str=-str reuse,readonly | fpc=-fp_contract off | lang=-lang=c | cc=GC/3.0a3 | misc=-pragma "scheduling off"
10	282.912	66.501	1	71.374	0	69.539	5	75.499	4	opt=-O4,p | inline=-inline auto | pool= | str=-str reuse,readonly | fpc=-fp_contract off | lang=-lang=c | cc=GC/3.0a3 | misc=-pragma "scheduling off"
10	263.893	58.867	1	71.374	0	68.619	5	65.033	4	opt=-O4,p | inline=-inline deferred | pool= | str=-str reuse,readonly | fpc=-fp_contract off | lang=-lang=c | cc=GC/3.0a3 | misc=-pragma "scheduling off"
10	282.912	66.501	1	71.374	0	69.539	5	75.499	4	opt=-O4,p | inline=-inline all | pool= | str=-str reuse,readonly | fpc=-fp_contract off | lang=-lang=c | cc=GC/3.0a3 | misc=-pragma "scheduling off"
10	283.533	67.122	1	71.374	0	69.539	5	75.499	4	opt=-O4,p | inline=-inline auto,deferred | pool=-pragma "pool_data on" | str=-str reuse,readonly | fpc=-fp_contract off | lang=-lang=c | cc=GC/3.0a3 | misc=-pragma "scheduling off"
10	283.533	67.122	1	71.374	0	69.539	5	75.499	4	opt=-O4,p | inline=-inline auto,deferred | pool=-pragma "pool_data on" | str=-str noreuse | fpc=-fp_contract off | lang=-lang=c | cc=GC/3.0a3 | misc=-pragma "scheduling off"
10	283.533	67.122	1	71.374	0	69.539	5	75.499	4	opt=-O4,p | inline=-inline auto,deferred | pool=-pragma "pool_data on" | str=-str reuse | fpc=-fp_contract off | lang=-lang=c | cc=GC/3.0a3 | misc=-pragma "scheduling off"
-1	-1.000	ERR	ERR	ERR	ERR	ERR	ERR	ERR	ERR	opt=-O4,p | inline=-inline auto,deferred | pool=-pragma "pool_data on" | str=-str reuse,readonly | fpc=-fp_contract on | lang=-lang=c++ | cc=GC/3.0a3 | misc=-pragma "scheduling off"
10	283.601	67.122	1	71.374	0	69.607	5	75.499	4	opt=-O4,p | inline=-inline auto,deferred | pool=-pragma "pool_data on" | str=-str reuse,readonly | fpc=-fp_contract on | lang=-lang=c | cc=GC/3.0a5 | misc=-pragma "scheduling off"
-1	-1.000	ERR	ERR	ERR	ERR	ERR	ERR	ERR	ERR	opt=-O4,p | inline=-inline auto,deferred | pool=-pragma "pool_data on" | str=-str noreuse | fpc=-fp_contract on | lang=-lang=c++ | cc=GC/1.1 | misc=-pragma "opt_dead_assignments off"
-1	-1.000	ERR	ERR	ERR	ERR	ERR	ERR	ERR	ERR	opt=-O4,s | inline=-inline auto,deferred | pool=-pragma "pool_data on" | str=-str noreuse | fpc=-fp_contract on | lang=-lang=c++ | cc=GC/1.1 | misc=-pragma "opt_dead_assignments off"
-1	-1.000	ERR	ERR	ERR	ERR	ERR	ERR	ERR	ERR	opt=-O2,p | inline=-inline auto,deferred | pool=-pragma "pool_data on" | str=-str noreuse | fpc=-fp_contract on | lang=-lang=c++ | cc=GC/1.1 | misc=-pragma "opt_dead_assignments off"
-1	-1.000	ERR	ERR	ERR	ERR	ERR	ERR	ERR	ERR	opt=-O4,p -opt noschedule | inline=-inline auto,deferred | pool=-pragma "pool_data on" | str=-str noreuse | fpc=-fp_contract on | lang=-lang=c++ | cc=GC/1.1 | misc=-pragma "opt_dead_assignments off"
-1	-1.000	ERR	ERR	ERR	ERR	ERR	ERR	ERR	ERR	opt=-O3,s | inline=-inline auto,deferred | pool=-pragma "pool_data on" | str=-str noreuse | fpc=-fp_contract on | lang=-lang=c++ | cc=GC/1.1 | misc=-pragma "opt_dead_assignments off"
-1	-1.000	ERR	ERR	ERR	ERR	ERR	ERR	ERR	ERR	opt=-O3,p | inline=-inline auto,deferred | pool=-pragma "pool_data on" | str=-str noreuse | fpc=-fp_contract on | lang=-lang=c++ | cc=GC/1.1 | misc=-pragma "opt_dead_assignments off"
-1	-1.000	ERR	ERR	ERR	ERR	ERR	ERR	ERR	ERR	opt=-O4,p -opt nolifetimes | inline=-inline auto,deferred | pool=-pragma "pool_data on" | str=-str noreuse | fpc=-fp_contract on | lang=-lang=c++ | cc=GC/1.1 | misc=-pragma "opt_dead_assignments off"
-1	-1.000	ERR	ERR	ERR	ERR	ERR	ERR	ERR	ERR	opt=-O4,p -opt nocse | inline=-inline auto,deferred | pool=-pragma "pool_data on" | str=-str noreuse | fpc=-fp_contract on | lang=-lang=c++ | cc=GC/1.1 | misc=-pragma "opt_dead_assignments off"
-1	-1.000	ERR	ERR	ERR	ERR	ERR	ERR	ERR	ERR	opt=-O4,p -opt nopropagation | inline=-inline auto,deferred | pool=-pragma "pool_data on" | str=-str noreuse | fpc=-fp_contract on | lang=-lang=c++ | cc=GC/1.1 | misc=-pragma "opt_dead_assignments off"
-1	-1.000	ERR	ERR	ERR	ERR	ERR	ERR	ERR	ERR	opt=-O4,p -opt nopeephole | inline=-inline auto,deferred | pool=-pragma "pool_data on" | str=-str noreuse | fpc=-fp_contract on | lang=-lang=c++ | cc=GC/1.1 | misc=-pragma "opt_dead_assignments off"
-1	-1.000	ERR	ERR	ERR	ERR	ERR	ERR	ERR	ERR	opt=-O4,p -opt noloop | inline=-inline auto,deferred | pool=-pragma "pool_data on" | str=-str noreuse | fpc=-fp_contract on | lang=-lang=c++ | cc=GC/1.1 | misc=-pragma "opt_dead_assignments off"
-1	-1.000	ERR	ERR	ERR	ERR	ERR	ERR	ERR	ERR	opt=-O2,p | inline=-inline auto | pool=-pragma "pool_data on" | str=-str noreuse | fpc=-fp_contract on | lang=-lang=c++ | cc=GC/1.1 | misc=-pragma "opt_dead_assignments off"
-1	-1.000	ERR	ERR	ERR	ERR	ERR	ERR	ERR	ERR	opt=-O2,p | inline=-inline smart | pool=-pragma "pool_data on" | str=-str noreuse | fpc=-fp_contract on | lang=-lang=c++ | cc=GC/1.1 | misc=-pragma "opt_dead_assignments off"
-1	-1.000	ERR	ERR	ERR	ERR	ERR	ERR	ERR	ERR	opt=-O2,p | inline=-inline all | pool=-pragma "pool_data on" | str=-str noreuse | fpc=-fp_contract on | lang=-lang=c++ | cc=GC/1.1 | misc=-pragma "opt_dead_assignments off"
-1	-1.000	ERR	ERR	ERR	ERR	ERR	ERR	ERR	ERR	opt=-O2,p | inline=-inline deferred | pool=-pragma "pool_data on" | str=-str noreuse | fpc=-fp_contract on | lang=-lang=c++ | cc=GC/1.1 | misc=-pragma "opt_dead_assignments off"
-1	-1.000	ERR	ERR	ERR	ERR	ERR	ERR	ERR	ERR	opt=-O2,p | inline=-inline off | pool=-pragma "pool_data on" | str=-str noreuse | fpc=-fp_contract on | lang=-lang=c++ | cc=GC/1.1 | misc=-pragma "opt_dead_assignments off"
-1	-1.000	ERR	ERR	ERR	ERR	ERR	ERR	ERR	ERR	opt=-O2,p | inline=-inline auto,deferred | pool= | str=-str noreuse | fpc=-fp_contract on | lang=-lang=c++ | cc=GC/1.1 | misc=-pragma "opt_dead_assignments off"
-1	-1.000	ERR	ERR	ERR	ERR	ERR	ERR	ERR	ERR	opt=-O2,p | inline=-inline auto,deferred | pool=-pragma "pool_data on" | str=-str reuse | fpc=-fp_contract on | lang=-lang=c++ | cc=GC/1.1 | misc=-pragma "opt_dead_assignments off"
-1	-1.000	ERR	ERR	ERR	ERR	ERR	ERR	ERR	ERR	opt=-O2,p | inline=-inline auto,deferred | pool=-pragma "pool_data on" | str=-str reuse,readonly | fpc=-fp_contract on | lang=-lang=c++ | cc=GC/1.1 | misc=-pragma "opt_dead_assignments off"
-1	-1.000	ERR	ERR	ERR	ERR	ERR	ERR	ERR	ERR	opt=-O2,p | inline=-inline auto,deferred | pool=-pragma "pool_data on" | str=-str readonly | fpc=-fp_contract on | lang=-lang=c++ | cc=GC/1.1 | misc=-pragma "opt_dead_assignments off"
-1	-1.000	ERR	ERR	ERR	ERR	ERR	ERR	ERR	ERR	opt=-O2,p | inline=-inline auto,deferred | pool=-pragma "pool_data on" | str=-str noreuse | fpc=-fp_contract off | lang=-lang=c++ | cc=GC/1.1 | misc=-pragma "opt_dead_assignments off"
10	235.360	53.034	1	63.540	0	61.616	5	57.171	4	opt=-O2,p | inline=-inline auto,deferred | pool=-pragma "pool_data on" | str=-str noreuse | fpc=-fp_contract on | lang=-lang=c | cc=GC/1.1 | misc=-pragma "opt_dead_assignments off"
10	235.360	53.034	1	63.540	0	61.616	5	57.171	4	opt=-O2,p | inline=-inline auto,deferred | pool=-pragma "pool_data on" | str=-str noreuse | fpc=-fp_contract on | lang=-lang=c | cc=GC/2.5 | misc=-pragma "opt_dead_assignments off"
10	235.360	53.034	1	63.540	0	61.616	5	57.171	4	opt=-O2,p | inline=-inline auto,deferred | pool=-pragma "pool_data on" | str=-str noreuse | fpc=-fp_contract on | lang=-lang=c | cc=GC/1.2.5 | misc=-pragma "opt_dead_assignments off"
10	235.360	53.034	1	63.540	0	61.616	5	57.171	4	opt=-O2,p | inline=-inline auto,deferred | pool=-pragma "pool_data on" | str=-str noreuse | fpc=-fp_contract on | lang=-lang=c | cc=GC/1.3.2 | misc=-pragma "opt_dead_assignments off"
10	235.360	53.034	1	63.540	0	61.616	5	57.171	4	opt=-O2,p | inline=-inline auto,deferred | pool=-pragma "pool_data on" | str=-str noreuse | fpc=-fp_contract on | lang=-lang=c | cc=GC/3.0a3 | misc=-pragma "opt_dead_assignments off"
10	235.360	53.034	1	63.540	0	61.616	5	57.171	4	opt=-O2,p | inline=-inline auto,deferred | pool=-pragma "pool_data on" | str=-str noreuse | fpc=-fp_contract on | lang=-lang=c | cc=GC/3.0a5 | misc=-pragma "opt_dead_assignments off"
10	235.066	53.034	1	63.365	0	61.583	5	57.084	4	opt=-O2,p | inline=-inline auto,deferred | pool=-pragma "pool_data on" | str=-str noreuse | fpc=-fp_contract on | lang=-lang=c | cc=GC/1.1 | misc=-pragma "opt_propagation off"
10	232.134	52.473	1	62.804	0	60.972	5	55.886	4	opt=-O2,p | inline=-inline auto,deferred | pool=-pragma "pool_data on" | str=-str noreuse | fpc=-fp_contract on | lang=-lang=c | cc=GC/1.1 | misc=-pragma "opt_common_subs off"
10	235.360	53.034	1	63.540	0	61.616	5	57.171	4	opt=-O2,p | inline=-inline auto,deferred | pool=-pragma "pool_data on" | str=-str noreuse | fpc=-fp_contract on | lang=-lang=c | cc=GC/1.1 | misc=
10	235.360	53.034	1	63.540	0	61.616	5	57.171	4	opt=-O2,p | inline=-inline auto,deferred | pool=-pragma "pool_data on" | str=-str noreuse | fpc=-fp_contract on | lang=-lang=c | cc=GC/1.1 | misc=-pragma "scheduling off"
10	235.360	53.034	1	63.540	0	61.616	5	57.171	4	opt=-O2,p | inline=-inline auto,deferred | pool=-pragma "pool_data on" | str=-str noreuse | fpc=-fp_contract on | lang=-lang=c | cc=GC/1.1 | misc=-pragma "opt_lifetimes off"
8	226.581	51.362	1	61.137	0	59.974	5	54.108	2	opt=-O2,p | inline=-inline auto,deferred | pool=-pragma "pool_data on" | str=-str noreuse | fpc=-fp_contract on | lang=-lang=c | cc=GC/1.1 | misc=-pragma "peephole off"
10	252.964	59.027	1	67.135	0	62.664	5	64.137	4	opt=-O3,s | inline=-inline auto,deferred | pool=-pragma "pool_data on" | str=-str noreuse | fpc=-fp_contract on | lang=-lang=c | cc=GC/1.1 | misc=-pragma "opt_dead_assignments off"
10	283.669	67.281	1	71.402	0	69.359	5	75.626	4	opt=-O3,p | inline=-inline auto,deferred | pool=-pragma "pool_data on" | str=-str noreuse | fpc=-fp_contract on | lang=-lang=c | cc=GC/1.1 | misc=-pragma "opt_dead_assignments off"
14	341.505	84.943	1	88.983	0	87.004	6	80.574	7	opt=-O4,s | inline=-inline auto,deferred | pool=-pragma "pool_data on" | str=-str noreuse | fpc=-fp_contract on | lang=-lang=c | cc=GC/1.1 | misc=-pragma "opt_dead_assignments off"
33	387.147	97.657	6	97.953	3	95.857	11	95.680	13	opt=-O4,p | inline=-inline auto,deferred | pool=-pragma "pool_data on" | str=-str noreuse | fpc=-fp_contract on | lang=-lang=c | cc=GC/1.1 | misc=-pragma "opt_dead_assignments off"
28	379.958	96.967	4	97.449	3	92.008	10	93.533	11	opt=-O4,p -opt nocse | inline=-inline auto,deferred | pool=-pragma "pool_data on" | str=-str noreuse | fpc=-fp_contract on | lang=-lang=c | cc=GC/1.1 | misc=-pragma "opt_dead_assignments off"
10	283.850	67.268	1	71.436	0	69.607	5	75.538	4	opt=-O4,p -opt noschedule | inline=-inline auto,deferred | pool=-pragma "pool_data on" | str=-str noreuse | fpc=-fp_contract on | lang=-lang=c | cc=GC/1.1 | misc=-pragma "opt_dead_assignments off"
20	381.404	97.179	2	97.225	2	94.319	9	92.681	7	opt=-O4,p -opt nopropagation | inline=-inline auto,deferred | pool=-pragma "pool_data on" | str=-str noreuse | fpc=-fp_contract on | lang=-lang=c | cc=GC/1.1 | misc=-pragma "opt_dead_assignments off"
27	379.775	95.075	4	97.353	3	94.172	10	93.174	10	opt=-O4,p -opt noloop | inline=-inline auto,deferred | pool=-pragma "pool_data on" | str=-str noreuse | fpc=-fp_contract on | lang=-lang=c | cc=GC/1.1 | misc=-pragma "opt_dead_assignments off"
32	384.379	97.657	6	96.342	3	95.512	10	94.868	13	opt=-O4,p -opt nolifetimes | inline=-inline auto,deferred | pool=-pragma "pool_data on" | str=-str noreuse | fpc=-fp_contract on | lang=-lang=c | cc=GC/1.1 | misc=-pragma "opt_dead_assignments off"
11	358.763	90.847	2	91.715	0	91.349	6	84.851	3	opt=-O4,p -opt nopeephole | inline=-inline auto,deferred | pool=-pragma "pool_data on" | str=-str noreuse | fpc=-fp_contract on | lang=-lang=c | cc=GC/1.1 | misc=-pragma "opt_dead_assignments off"
29	360.646	86.865	4	97.953	3	94.927	10	80.901	12	opt=-O4,p | inline=-inline smart | pool=-pragma "pool_data on" | str=-str noreuse | fpc=-fp_contract on | lang=-lang=c | cc=GC/1.1 | misc=-pragma "opt_dead_assignments off"
27	317.141	63.027	4	95.985	2	85.833	10	72.296	11	opt=-O4,p | inline=-inline off | pool=-pragma "pool_data on" | str=-str noreuse | fpc=-fp_contract on | lang=-lang=c | cc=GC/1.1 | misc=-pragma "opt_dead_assignments off"
29	360.646	86.865	4	97.953	3	94.927	10	80.901	12	opt=-O4,p | inline=-inline deferred | pool=-pragma "pool_data on" | str=-str noreuse | fpc=-fp_contract on | lang=-lang=c | cc=GC/1.1 | misc=-pragma "opt_dead_assignments off"
33	384.916	95.426	6	97.953	3	95.857	11	95.680	13	opt=-O4,p | inline=-inline auto,deferred | pool= | str=-str noreuse | fpc=-fp_contract on | lang=-lang=c | cc=GC/1.1 | misc=-pragma "opt_dead_assignments off"
33	387.147	97.657	6	97.953	3	95.857	11	95.680	13	opt=-O4,p | inline=-inline auto,deferred | pool=-pragma "pool_data on" | str=-str reuse | fpc=-fp_contract on | lang=-lang=c | cc=GC/1.1 | misc=-pragma "opt_dead_assignments off"
-1	-1.000	ERR	ERR	ERR	ERR	ERR	ERR	ERR	ERR	opt=-O4,p | inline=-inline auto,deferred | pool=-pragma "pool_data on" | str=-str reuse,readonly | fpc=-fp_contract on | lang=-lang=c++ | cc=GC/1.1 | misc=-pragma "opt_dead_assignments off"
10	252.710	58.885	1	67.135	0	62.592	5	64.098	4	opt=-O3,s | inline=-inline auto | pool=-pragma "pool_data on" | str=-str reuse,readonly | fpc=-fp_contract off | lang=-lang=c | cc=GC/2.5 | misc=
10	235.288	53.034	1	63.540	0	61.543	5	57.171	4	opt=-O2,p | inline=-inline auto | pool=-pragma "pool_data on" | str=-str reuse,readonly | fpc=-fp_contract off | lang=-lang=c | cc=GC/2.5 | misc=
10	283.419	67.139	1	71.402	0	69.290	5	75.587	4	opt=-O3,p | inline=-inline auto | pool=-pragma "pool_data on" | str=-str reuse,readonly | fpc=-fp_contract off | lang=-lang=c | cc=GC/2.5 | misc=
14	341.637	85.113	1	89.021	0	86.928	6	80.574	7	opt=-O4,s | inline=-inline auto | pool=-pragma "pool_data on" | str=-str reuse,readonly | fpc=-fp_contract off | lang=-lang=c | cc=GC/2.5 | misc=
28	379.941	97.008	4	97.456	3	91.943	10	93.533	11	opt=-O4,p -opt nocse | inline=-inline auto | pool=-pragma "pool_data on" | str=-str reuse,readonly | fpc=-fp_contract off | lang=-lang=c | cc=GC/2.5 | misc=
20	381.328	97.179	2	97.225	2	94.243	9	92.681	7	opt=-O4,p -opt nopropagation | inline=-inline auto | pool=-pragma "pool_data on" | str=-str reuse,readonly | fpc=-fp_contract off | lang=-lang=c | cc=GC/2.5 | misc=
11	358.660	90.813	2	91.723	0	91.273	6	84.851	3	opt=-O4,p -opt nopeephole | inline=-inline auto | pool=-pragma "pool_data on" | str=-str reuse,readonly | fpc=-fp_contract off | lang=-lang=c | cc=GC/2.5 | misc=
27	379.907	95.246	4	97.391	3	94.096	10	93.174	10	opt=-O4,p -opt noloop | inline=-inline auto | pool=-pragma "pool_data on" | str=-str reuse,readonly | fpc=-fp_contract off | lang=-lang=c | cc=GC/2.5 | misc=
32	384.470	97.828	6	96.338	3	95.437	10	94.868	13	opt=-O4,p -opt nolifetimes | inline=-inline auto | pool=-pragma "pool_data on" | str=-str reuse,readonly | fpc=-fp_contract off | lang=-lang=c | cc=GC/2.5 | misc=
10	283.533	67.122	1	71.374	0	69.539	5	75.499	4	opt=-O4,p -opt noschedule | inline=-inline auto | pool=-pragma "pool_data on" | str=-str reuse,readonly | fpc=-fp_contract off | lang=-lang=c | cc=GC/2.5 | misc=
10	252.202	58.407	1	67.052	0	62.605	5	64.137	4	opt=-O3,s | inline=-inline all | pool= | str=-str readonly | fpc=-fp_contract on | lang=-lang=c | cc=GC/3.0a3 | misc=-pragma "opt_propagation off"
10	234.438	52.406	1	63.365	0	61.583	5	57.084	4	opt=-O2,p | inline=-inline all | pool= | str=-str readonly | fpc=-fp_contract on | lang=-lang=c | cc=GC/3.0a3 | misc=-pragma "opt_propagation off"
14	339.654	83.101	1	88.920	0	87.059	6	80.574	7	opt=-O4,s | inline=-inline all | pool= | str=-str readonly | fpc=-fp_contract on | lang=-lang=c | cc=GC/3.0a3 | misc=-pragma "opt_propagation off"
10	280.755	65.964	1	71.330	0	69.092	5	74.368	4	opt=-O3,p | inline=-inline all | pool= | str=-str readonly | fpc=-fp_contract on | lang=-lang=c | cc=GC/3.0a3 | misc=-pragma "opt_propagation off"
20	373.385	94.593	2	96.631	2	91.521	9	90.640	7	opt=-O4,p -opt nocse | inline=-inline all | pool= | str=-str readonly | fpc=-fp_contract on | lang=-lang=c | cc=GC/3.0a3 | misc=-pragma "opt_propagation off"
20	376.683	94.962	2	95.362	2	94.098	9	92.261	7	opt=-O4,p -opt nolifetimes | inline=-inline all | pool= | str=-str readonly | fpc=-fp_contract on | lang=-lang=c | cc=GC/3.0a3 | misc=-pragma "opt_propagation off"
20	379.187	94.962	2	97.225	2	94.319	9	92.681	7	opt=-O4,p | inline=-inline all | pool= | str=-str readonly | fpc=-fp_contract on | lang=-lang=c | cc=GC/3.0a3 | misc=-pragma "opt_propagation off"
10	280.700	66.074	1	71.395	0	69.092	5	74.139	4	opt=-O4,p -opt noschedule | inline=-inline all | pool= | str=-str readonly | fpc=-fp_contract on | lang=-lang=c | cc=GC/3.0a3 | misc=-pragma "opt_propagation off"
20	379.187	94.962	2	97.225	2	94.319	9	92.681	7	opt=-O4,p -opt nopropagation | inline=-inline all | pool= | str=-str readonly | fpc=-fp_contract on | lang=-lang=c | cc=GC/3.0a3 | misc=-pragma "opt_propagation off"
10	352.955	88.165	1	91.370	0	90.410	6	83.009	3	opt=-O4,p -opt nopeephole | inline=-inline all | pool= | str=-str readonly | fpc=-fp_contract on | lang=-lang=c | cc=GC/3.0a3 | misc=-pragma "opt_propagation off"
19	372.052	92.387	2	96.523	2	92.961	8	90.181	7	opt=-O4,p -opt noloop | inline=-inline all | pool= | str=-str readonly | fpc=-fp_contract on | lang=-lang=c | cc=GC/3.0a3 | misc=-pragma "opt_propagation off"
19	354.635	85.324	2	97.225	2	93.389	8	78.698	7	opt=-O4,p | inline=-inline smart | pool= | str=-str readonly | fpc=-fp_contract on | lang=-lang=c | cc=GC/3.0a3 | misc=-pragma "opt_propagation off"
18	311.562	61.295	2	95.256	1	84.709	8	70.302	7	opt=-O4,p | inline=-inline off | pool= | str=-str readonly | fpc=-fp_contract on | lang=-lang=c | cc=GC/3.0a3 | misc=-pragma "opt_propagation off"
20	379.187	94.962	2	97.225	2	94.319	9	92.681	7	opt=-O4,p | inline=-inline auto,deferred | pool= | str=-str readonly | fpc=-fp_contract on | lang=-lang=c | cc=GC/3.0a3 | misc=-pragma "opt_propagation off"
19	354.635	85.324	2	97.225	2	93.389	8	78.698	7	opt=-O4,p | inline=-inline deferred | pool= | str=-str readonly | fpc=-fp_contract on | lang=-lang=c | cc=GC/3.0a3 | misc=-pragma "opt_propagation off"
20	379.187	94.962	2	97.225	2	94.319	9	92.681	7	opt=-O4,p | inline=-inline auto | pool= | str=-str readonly | fpc=-fp_contract on | lang=-lang=c | cc=GC/3.0a3 | misc=-pragma "opt_propagation off"
20	381.404	97.179	2	97.225	2	94.319	9	92.681	7	opt=-O4,p | inline=-inline all | pool=-pragma "pool_data on" | str=-str reuse,readonly | fpc=-fp_contract on | lang=-lang=c | cc=GC/3.0a3 | misc=-pragma "opt_propagation off"
20	381.404	97.179	2	97.225	2	94.319	9	92.681	7	opt=-O4,p | inline=-inline all | pool=-pragma "pool_data on" | str=-str noreuse | fpc=-fp_contract on | lang=-lang=c | cc=GC/3.0a3 | misc=-pragma "opt_propagation off"
20	381.404	97.179	2	97.225	2	94.319	9	92.681	7	opt=-O4,p | inline=-inline all | pool=-pragma "pool_data on" | str=-str reuse | fpc=-fp_contract on | lang=-lang=c | cc=GC/3.0a3 | misc=-pragma "opt_propagation off"
20	381.328	97.179	2	97.225	2	94.243	9	92.681	7	opt=-O4,p | inline=-inline all | pool=-pragma "pool_data on" | str=-str readonly | fpc=-fp_contract off | lang=-lang=c | cc=GC/3.0a3 | misc=-pragma "opt_propagation off"
-1	-1.000	ERR	ERR	ERR	ERR	ERR	ERR	ERR	ERR	opt=-O4,p | inline=-inline all | pool=-pragma "pool_data on" | str=-str readonly | fpc=-fp_contract on | lang=-lang=c++ | cc=GC/3.0a3 | misc=-pragma "opt_propagation off"
20	381.404	97.179	2	97.225	2	94.319	9	92.681	7	opt=-O4,p | inline=-inline all | pool=-pragma "pool_data on" | str=-str readonly | fpc=-fp_contract on | lang=-lang=c | cc=GC/3.0a5 | misc=-pragma "opt_propagation off"
20	381.404	97.179	2	97.225	2	94.319	9	92.681	7	opt=-O4,p | inline=-inline all | pool=-pragma "pool_data on" | str=-str readonly | fpc=-fp_contract on | lang=-lang=c | cc=GC/2.5 | misc=-pragma "opt_propagation off"
20	381.404	97.179	2	97.225	2	94.319	9	92.681	7	opt=-O4,p | inline=-inline all | pool=-pragma "pool_data on" | str=-str readonly | fpc=-fp_contract on | lang=-lang=c | cc=GC/1.2.5 | misc=-pragma "opt_propagation off"
10	235.288	53.034	1	63.540	0	61.543	5	57.171	4	opt=-O2,p | inline=-inline auto,deferred | pool=-pragma "pool_data on" | str=-str readonly | fpc=-fp_contract off | lang=-lang=c | cc=GC/2.5 | misc=-pragma "opt_dead_assignments off"
10	252.891	59.027	1	67.135	0	62.592	5	64.137	4	opt=-O3,s | inline=-inline auto,deferred | pool=-pragma "pool_data on" | str=-str readonly | fpc=-fp_contract off | lang=-lang=c | cc=GC/2.5 | misc=-pragma "opt_dead_assignments off"
10	283.600	67.281	1	71.402	0	69.290	5	75.626	4	opt=-O3,p | inline=-inline auto,deferred | pool=-pragma "pool_data on" | str=-str readonly | fpc=-fp_contract off | lang=-lang=c | cc=GC/2.5 | misc=-pragma "opt_dead_assignments off"
14	341.434	84.948	1	88.983	0	86.928	6	80.574	7	opt=-O4,s | inline=-inline auto,deferred | pool=-pragma "pool_data on" | str=-str readonly | fpc=-fp_contract off | lang=-lang=c | cc=GC/2.5 | misc=-pragma "opt_dead_assignments off"
28	379.898	96.973	4	97.449	3	91.943	10	93.533	11	opt=-O4,p -opt nocse | inline=-inline auto,deferred | pool=-pragma "pool_data on" | str=-str readonly | fpc=-fp_contract off | lang=-lang=c | cc=GC/2.5 | misc=-pragma "opt_dead_assignments off"
20	381.334	97.184	2	97.225	2	94.243	9	92.681	7	opt=-O4,p -opt nopropagation | inline=-inline auto,deferred | pool=-pragma "pool_data on" | str=-str readonly | fpc=-fp_contract off | lang=-lang=c | cc=GC/2.5 | misc=-pragma "opt_dead_assignments off"
11	358.693	90.852	2	91.715	0	91.273	6	84.851	3	opt=-O4,p -opt nopeephole | inline=-inline auto,deferred | pool=-pragma "pool_data on" | str=-str readonly | fpc=-fp_contract off | lang=-lang=c | cc=GC/2.5 | misc=-pragma "opt_dead_assignments off"
10	283.781	67.268	1	71.436	0	69.539	5	75.538	4	opt=-O4,p -opt noschedule | inline=-inline auto,deferred | pool=-pragma "pool_data on" | str=-str readonly | fpc=-fp_contract off | lang=-lang=c | cc=GC/2.5 | misc=-pragma "opt_dead_assignments off"
27	379.705	95.081	4	97.353	3	94.096	10	93.174	10	opt=-O4,p -opt noloop | inline=-inline auto,deferred | pool=-pragma "pool_data on" | str=-str readonly | fpc=-fp_contract off | lang=-lang=c | cc=GC/2.5 | misc=-pragma "opt_dead_assignments off"
32	384.309	97.663	6	96.342	3	95.437	10	94.868	13	opt=-O4,p -opt nolifetimes | inline=-inline auto,deferred | pool=-pragma "pool_data on" | str=-str readonly | fpc=-fp_contract off | lang=-lang=c | cc=GC/2.5 | misc=-pragma "opt_dead_assignments off"
27	317.065	63.027	4	95.985	2	85.757	10	72.296	11	opt=-O4,p | inline=-inline off | pool=-pragma "pool_data on" | str=-str readonly | fpc=-fp_contract off | lang=-lang=c | cc=GC/2.5 | misc=-pragma "opt_dead_assignments off"
33	387.071	97.657	6	97.953	3	95.781	11	95.680	13	opt=-O4,p | inline=-inline auto | pool=-pragma "pool_data on" | str=-str readonly | fpc=-fp_contract off | lang=-lang=c | cc=GC/2.5 | misc=-pragma "opt_dead_assignments off"
29	360.570	86.865	4	97.953	3	94.851	10	80.901	12	opt=-O4,p | inline=-inline smart | pool=-pragma "pool_data on" | str=-str readonly | fpc=-fp_contract off | lang=-lang=c | cc=GC/2.5 | misc=-pragma "opt_dead_assignments off"
29	360.576	86.870	4	97.953	3	94.851	10	80.901	12	opt=-O4,p | inline=-inline deferred | pool=-pragma "pool_data on" | str=-str readonly | fpc=-fp_contract off | lang=-lang=c | cc=GC/2.5 | misc=-pragma "opt_dead_assignments off"
33	387.071	97.657	6	97.953	3	95.781	11	95.680	13	opt=-O4,p | inline=-inline all | pool=-pragma "pool_data on" | str=-str readonly | fpc=-fp_contract off | lang=-lang=c | cc=GC/2.5 | misc=-pragma "opt_dead_assignments off"
33	384.840	95.426	6	97.953	3	95.781	11	95.680	13	opt=-O4,p | inline=-inline auto,deferred | pool= | str=-str readonly | fpc=-fp_contract off | lang=-lang=c | cc=GC/2.5 | misc=-pragma "opt_dead_assignments off"
-1	-1.000	ERR	ERR	ERR	ERR	ERR	ERR	ERR	ERR	opt=-O4,p | inline=-inline auto,deferred | pool=-pragma "pool_data on" | str=-str readonly | fpc=-fp_contract on | lang=-lang=c++ | cc=GC/2.5 | misc=-pragma "opt_dead_assignments off"
-1	-1.000	ERR	ERR	ERR	ERR	ERR	ERR	ERR	ERR	opt=-O4,p | inline=-inline auto,deferred | pool=-pragma "pool_data on" | str=-str noreuse | fpc=-fp_contract off | lang=-lang=c++ | cc=GC/2.5 | misc=-pragma "opt_common_subs off"
-1	-1.000	ERR	ERR	ERR	ERR	ERR	ERR	ERR	ERR	opt=-O4,s | inline=-inline auto,deferred | pool=-pragma "pool_data on" | str=-str noreuse | fpc=-fp_contract off | lang=-lang=c++ | cc=GC/2.5 | misc=-pragma "opt_common_subs off"
-1	-1.000	ERR	ERR	ERR	ERR	ERR	ERR	ERR	ERR	opt=-O3,p | inline=-inline auto,deferred | pool=-pragma "pool_data on" | str=-str noreuse | fpc=-fp_contract off | lang=-lang=c++ | cc=GC/2.5 | misc=-pragma "opt_common_subs off"
-1	-1.000	ERR	ERR	ERR	ERR	ERR	ERR	ERR	ERR	opt=-O3,s | inline=-inline auto,deferred | pool=-pragma "pool_data on" | str=-str noreuse | fpc=-fp_contract off | lang=-lang=c++ | cc=GC/2.5 | misc=-pragma "opt_common_subs off"
-1	-1.000	ERR	ERR	ERR	ERR	ERR	ERR	ERR	ERR	opt=-O2,p | inline=-inline auto,deferred | pool=-pragma "pool_data on" | str=-str noreuse | fpc=-fp_contract off | lang=-lang=c++ | cc=GC/2.5 | misc=-pragma "opt_common_subs off"
-1	-1.000	ERR	ERR	ERR	ERR	ERR	ERR	ERR	ERR	opt=-O4,p -opt nolifetimes | inline=-inline auto,deferred | pool=-pragma "pool_data on" | str=-str noreuse | fpc=-fp_contract off | lang=-lang=c++ | cc=GC/2.5 | misc=-pragma "opt_common_subs off"
-1	-1.000	ERR	ERR	ERR	ERR	ERR	ERR	ERR	ERR	opt=-O4,p -opt nopropagation | inline=-inline auto,deferred | pool=-pragma "pool_data on" | str=-str noreuse | fpc=-fp_contract off | lang=-lang=c++ | cc=GC/2.5 | misc=-pragma "opt_common_subs off"
-1	-1.000	ERR	ERR	ERR	ERR	ERR	ERR	ERR	ERR	opt=-O4,p -opt noschedule | inline=-inline auto,deferred | pool=-pragma "pool_data on" | str=-str noreuse | fpc=-fp_contract off | lang=-lang=c++ | cc=GC/2.5 | misc=-pragma "opt_common_subs off"
-1	-1.000	ERR	ERR	ERR	ERR	ERR	ERR	ERR	ERR	opt=-O4,p -opt nopeephole | inline=-inline auto,deferred | pool=-pragma "pool_data on" | str=-str noreuse | fpc=-fp_contract off | lang=-lang=c++ | cc=GC/2.5 | misc=-pragma "opt_common_subs off"
-1	-1.000	ERR	ERR	ERR	ERR	ERR	ERR	ERR	ERR	opt=-O4,p -opt noloop | inline=-inline auto,deferred | pool=-pragma "pool_data on" | str=-str noreuse | fpc=-fp_contract off | lang=-lang=c++ | cc=GC/2.5 | misc=-pragma "opt_common_subs off"
-1	-1.000	ERR	ERR	ERR	ERR	ERR	ERR	ERR	ERR	opt=-O4,p -opt nocse | inline=-inline auto,deferred | pool=-pragma "pool_data on" | str=-str noreuse | fpc=-fp_contract off | lang=-lang=c++ | cc=GC/2.5 | misc=-pragma "opt_common_subs off"
-1	-1.000	ERR	ERR	ERR	ERR	ERR	ERR	ERR	ERR	opt=-O4,p -opt nolifetimes | inline=-inline smart | pool=-pragma "pool_data on" | str=-str noreuse | fpc=-fp_contract off | lang=-lang=c++ | cc=GC/2.5 | misc=-pragma "opt_common_subs off"
-1	-1.000	ERR	ERR	ERR	ERR	ERR	ERR	ERR	ERR	opt=-O4,p -opt nolifetimes | inline=-inline deferred | pool=-pragma "pool_data on" | str=-str noreuse | fpc=-fp_contract off | lang=-lang=c++ | cc=GC/2.5 | misc=-pragma "opt_common_subs off"
-1	-1.000	ERR	ERR	ERR	ERR	ERR	ERR	ERR	ERR	opt=-O4,p -opt nolifetimes | inline=-inline all | pool=-pragma "pool_data on" | str=-str noreuse | fpc=-fp_contract off | lang=-lang=c++ | cc=GC/2.5 | misc=-pragma "opt_common_subs off"
-1	-1.000	ERR	ERR	ERR	ERR	ERR	ERR	ERR	ERR	opt=-O4,p -opt nolifetimes | inline=-inline off | pool=-pragma "pool_data on" | str=-str noreuse | fpc=-fp_contract off | lang=-lang=c++ | cc=GC/2.5 | misc=-pragma "opt_common_subs off"
-1	-1.000	ERR	ERR	ERR	ERR	ERR	ERR	ERR	ERR	opt=-O4,p -opt nolifetimes | inline=-inline auto | pool=-pragma "pool_data on" | str=-str noreuse | fpc=-fp_contract off | lang=-lang=c++ | cc=GC/2.5 | misc=-pragma "opt_common_subs off"
-1	-1.000	ERR	ERR	ERR	ERR	ERR	ERR	ERR	ERR	opt=-O4,p -opt nolifetimes | inline=-inline auto,deferred | pool= | str=-str noreuse | fpc=-fp_contract off | lang=-lang=c++ | cc=GC/2.5 | misc=-pragma "opt_common_subs off"
-1	-1.000	ERR	ERR	ERR	ERR	ERR	ERR	ERR	ERR	opt=-O4,p -opt nolifetimes | inline=-inline auto,deferred | pool=-pragma "pool_data on" | str=-str reuse | fpc=-fp_contract off | lang=-lang=c++ | cc=GC/2.5 | misc=-pragma "opt_common_subs off"
-1	-1.000	ERR	ERR	ERR	ERR	ERR	ERR	ERR	ERR	opt=-O4,p -opt nolifetimes | inline=-inline auto,deferred | pool=-pragma "pool_data on" | str=-str readonly | fpc=-fp_contract off | lang=-lang=c++ | cc=GC/2.5 | misc=-pragma "opt_common_subs off"
-1	-1.000	ERR	ERR	ERR	ERR	ERR	ERR	ERR	ERR	opt=-O4,p -opt nolifetimes | inline=-inline auto,deferred | pool=-pragma "pool_data on" | str=-str reuse,readonly | fpc=-fp_contract off | lang=-lang=c++ | cc=GC/2.5 | misc=-pragma "opt_common_subs off"
-1	-1.000	ERR	ERR	ERR	ERR	ERR	ERR	ERR	ERR	opt=-O4,p -opt nolifetimes | inline=-inline auto,deferred | pool=-pragma "pool_data on" | str=-str noreuse | fpc=-fp_contract on | lang=-lang=c++ | cc=GC/2.5 | misc=-pragma "opt_common_subs off"
28	377.533	97.008	4	95.791	3	91.946	10	92.788	11	opt=-O4,p -opt nolifetimes | inline=-inline auto,deferred | pool=-pragma "pool_data on" | str=-str noreuse | fpc=-fp_contract off | lang=-lang=c | cc=GC/2.5 | misc=-pragma "opt_common_subs off"
28	377.533	97.008	4	95.791	3	91.946	10	92.788	11	opt=-O4,p -opt nolifetimes | inline=-inline auto,deferred | pool=-pragma "pool_data on" | str=-str noreuse | fpc=-fp_contract off | lang=-lang=c | cc=GC/1.3.2 | misc=-pragma "opt_common_subs off"
28	377.533	97.008	4	95.791	3	91.946	10	92.788	11	opt=-O4,p -opt nolifetimes | inline=-inline auto,deferred | pool=-pragma "pool_data on" | str=-str noreuse | fpc=-fp_contract off | lang=-lang=c | cc=GC/1.1 | misc=-pragma "opt_common_subs off"
28	377.533	97.008	4	95.791	3	91.946	10	92.788	11	opt=-O4,p -opt nolifetimes | inline=-inline auto,deferred | pool=-pragma "pool_data on" | str=-str noreuse | fpc=-fp_contract off | lang=-lang=c | cc=GC/1.2.5 | misc=-pragma "opt_common_subs off"
28	377.533	97.008	4	95.791	3	91.946	10	92.788	11	opt=-O4,p -opt nolifetimes | inline=-inline auto,deferred | pool=-pragma "pool_data on" | str=-str noreuse | fpc=-fp_contract off | lang=-lang=c | cc=GC/3.0a5 | misc=-pragma "opt_common_subs off"
28	377.533	97.008	4	95.791	3	91.946	10	92.788	11	opt=-O4,p -opt nolifetimes | inline=-inline auto,deferred | pool=-pragma "pool_data on" | str=-str noreuse | fpc=-fp_contract off | lang=-lang=c | cc=GC/3.0a3 | misc=-pragma "opt_common_subs off"
20	378.825	97.179	2	95.362	2	94.023	9	92.261	7	opt=-O4,p -opt nolifetimes | inline=-inline auto,deferred | pool=-pragma "pool_data on" | str=-str noreuse | fpc=-fp_contract off | lang=-lang=c | cc=GC/2.5 | misc=-pragma "opt_propagation off"
32	384.470	97.828	6	96.338	3	95.437	10	94.868	13	opt=-O4,p -opt nolifetimes | inline=-inline auto,deferred | pool=-pragma "pool_data on" | str=-str noreuse | fpc=-fp_contract off | lang=-lang=c | cc=GC/2.5 | misc=
10	281.434	67.122	1	69.974	0	69.125	5	75.212	4	opt=-O4,p -opt nolifetimes | inline=-inline auto,deferred | pool=-pragma "pool_data on" | str=-str noreuse | fpc=-fp_contract off | lang=-lang=c | cc=GC/2.5 | misc=-pragma "scheduling off"
32	384.303	97.657	6	96.342	3	95.437	10	94.868	13	opt=-O4,p -opt nolifetimes | inline=-inline auto,deferred | pool=-pragma "pool_data on" | str=-str noreuse | fpc=-fp_contract off | lang=-lang=c | cc=GC/2.5 | misc=-pragma "opt_dead_assignments off"
11	356.572	90.813	2	90.320	0	90.957	6	84.483	3	opt=-O4,p -opt nolifetimes | inline=-inline auto,deferred | pool=-pragma "pool_data on" | str=-str noreuse | fpc=-fp_contract off | lang=-lang=c | cc=GC/2.5 | misc=-pragma "peephole off"
32	384.470	97.828	6	96.338	3	95.437	10	94.868	13	opt=-O4,p -opt nolifetimes | inline=-inline auto,deferred | pool=-pragma "pool_data on" | str=-str noreuse | fpc=-fp_contract off | lang=-lang=c | cc=GC/2.5 | misc=-pragma "opt_lifetimes off"
10	235.288	53.034	1	63.540	0	61.543	5	57.171	4	opt=-O2,p | inline=-inline auto,deferred | pool=-pragma "pool_data on" | str=-str noreuse | fpc=-fp_contract off | lang=-lang=c | cc=GC/2.5 | misc=
10	252.710	58.885	1	67.135	0	62.592	5	64.098	4	opt=-O3,s | inline=-inline auto,deferred | pool=-pragma "pool_data on" | str=-str noreuse | fpc=-fp_contract off | lang=-lang=c | cc=GC/2.5 | misc=
10	283.419	67.139	1	71.402	0	69.290	5	75.587	4	opt=-O3,p | inline=-inline auto,deferred | pool=-pragma "pool_data on" | str=-str noreuse | fpc=-fp_contract off | lang=-lang=c | cc=GC/2.5 | misc=
14	341.637	85.113	1	89.021	0	86.928	6	80.574	7	opt=-O4,s | inline=-inline auto,deferred | pool=-pragma "pool_data on" | str=-str noreuse | fpc=-fp_contract off | lang=-lang=c | cc=GC/2.5 | misc=
28	379.941	97.008	4	97.456	3	91.943	10	93.533	11	opt=-O4,p -opt nocse | inline=-inline auto,deferred | pool=-pragma "pool_data on" | str=-str noreuse | fpc=-fp_contract off | lang=-lang=c | cc=GC/2.5 | misc=
10	283.533	67.122	1	71.374	0	69.539	5	75.499	4	opt=-O4,p -opt noschedule | inline=-inline auto,deferred | pool=-pragma "pool_data on" | str=-str noreuse | fpc=-fp_contract off | lang=-lang=c | cc=GC/2.5 | misc=
11	358.660	90.813	2	91.723	0	91.273	6	84.851	3	opt=-O4,p -opt nopeephole | inline=-inline auto,deferred | pool=-pragma "pool_data on" | str=-str noreuse | fpc=-fp_contract off | lang=-lang=c | cc=GC/2.5 | misc=
20	381.328	97.179	2	97.225	2	94.243	9	92.681	7	opt=-O4,p -opt nopropagation | inline=-inline auto,deferred | pool=-pragma "pool_data on" | str=-str noreuse | fpc=-fp_contract off | lang=-lang=c | cc=GC/2.5 | misc=
27	379.907	95.246	4	97.391	3	94.096	10	93.174	10	opt=-O4,p -opt noloop | inline=-inline auto,deferred | pool=-pragma "pool_data on" | str=-str noreuse | fpc=-fp_contract off | lang=-lang=c | cc=GC/2.5 | misc=
